reviewerID	user_id
A00046902LP5YSDV0VVNF	1
A0029274J35Q1MYNKUWO	2
A004507634IQ8TNQ3YTUI	3
A005011233SVRED9Q0VY0	4
A00676013IBZZQ3UYWK47	5
A00700212KB3K0MVESPIY	6
A00916831NKA63GSRONW	7
A0103849GBVWICKXD4T6	8
A01065372CU68QLNRVNPM	9
A0107455RVRPB9MY9CFV	10
A01685981QK9IX1Q16YZY	11
A02055972N4JENAU622IQ	12
A021943320Y3C5B58IY79	13
A022875323P4KQ6WNFXF4	14
A02752563I3MJ8X8ILTOC	15
A02758561DKGQBX8RL8O8	16
A02904661A62AP64S46MT	17
A02909442PFZD9KMXG00H	18
A0334855HN6E38CXWXZR	19
A03488112VAORYVH8LHW4	20
A03504219SV9C1QM1OM2	21
A036147939NFPC389VLK	22
A03650172AY6UYG32TU70	23
A036513549TVB6QSFK04	24
A037357115LCU92V2R0YR	25
A03830731XTTK5JYIFYL	26
A038510724QUZG0K4HFMG	27
A0387429WAPYLMI7N41V	28
A04335242IW56SNLG1NCL	29
A04392581M9OB4PQFJ4ZM	30
A04673051X8PCSPHE4E79	31
A0473259F6GQNBD88IYN	32
A04833171REPITHO9UFT9	33
A04900652RNHFA4SL5VXM	34
A04904273OLXHXFW1AQK2	35
A04970252MNRWV2RKDKAL	36
A05054573ECKO0N8PFJ78	37
A05496942WEOSVBIPWF78	38
A0551526AN90FRWIX3AN	39
A055760637EV7Z72T33OR	40
A05638902RUTI18VESIA4	41
A0568194OBVPX83FG8UU	42
A05720942NHLRE8CMI05R	43
A05829022JA8IHYVPY4F7	44
A058608498H4ON4LR346	45
A0607295133OZ2DIJW5P8	46
A0654491228OCL6EI65IE	47
A0679288292UX0L5BVERG	48
A07259711M15V5YYZG2MV	49
A077706524I8SJY7S44Q6	50
A08324222HTYZDE4L3F8Z	51
A08419242D7D5FVFEXGED	52
A0887921XF48L28U2RDZ	53
A09540221MN9V7FUHXIE4	54
A1002O7Q4BOWMM	55
A1004703RC79J9	56
A1009K34VLGGEF	57
A100H2245MF6NL	58
A100HBA52LVUO	59
A100L918633LUO	60
A100US3LDAJU51	61
A100WFKYVRPVX7	62
A100WO06OQR8BQ	63
A100ZQDV7L8PVV	64
A10170L2S5BFA4	65
A101GG7X49PK0A	66
A101QWW7PVEL5I	67
A101S9SSIL7I80	68
A101TN0086BI4Y	69
A101ZXAZ0EDQLW	70
A1027BOR2MECKT	71
A102BH7NOAGP6	72
A102EC3XGCBZ81	73
A102J5JG330YPA	74
A102K1A0L0A6HT	75
A102SPSNVRMF72	76
A102U8PNDGBQ38	77
A102YLCXDY4WA0	78
A1034232JP3IJV	79
A10359JZH03IKU	80
A10367AR7BPFG2	81
A103BJIOJSDJL1	82
A103EFN0LE0PPT	83
A103IPWS3THOX2	84
A103P5OR1KPLJA	85
A103S9T3N4VK3E	86
A103Z0ES8PS7IY	87
A10428971BH0TMIP7G2K7	88
A1047EDJ84IMAS	89
A104SG9QZ92UAH	90
A104SMF1MZLZ0Y	91
A104VS5N1BH2EP	92
A10584T58O3B5Y	93
A105CCKIWRGI3X	94
A105CINWZ176F8	95
A105L5EX9D0NH8	96
A105S56ODHGJEK	97
A105TOJ6LTVMBG	98
A1060TU3IGU2UJ	99
A1062DQZVVT5ZY	100
A1063RG4DO7UKB	101
A106APUVPWV166	102
A106BH43RXM880	103
A106K1RIUF902A	104
A106OB4LTXIB1G	105
A106P89VAC0TAV	106
A1076MH2WIWHS5	107
A1079CQTAUIX6J	108
A107ASYG6HHAM1	109
A107G5SI7TRLBN	110
A107MZDLLUULAS	111
A107MZZGZEW58W	112
A107S2K4ALFC6F	113
A1080BFG0A4OTI	114
A1086UFOXW96NA	115
A1086X5YV9M4QF	116
A10885J2DS1NQ6	117
A1088G6ANVAF91	118
A108M7R9UBH5LT	119
A108MHST7Z5OHW	120
A108PDEQ6WFNVG	121
A108XH6ZW0QBC7	122
A10914OYD4P3U4	123
A10938QNO7IYIB	124
A1098L5V7RG4J	125
A109ATPS02LA7V	126
A109C0JSWNPBCK	127
A109COLG9KN6WF	128
A109D6QQAD77HR	129
A109IW7TMOKOUG	130
A109ME7C09HM2M	131
A109ORALRL16KR	132
A109R35VO6RDO4	133
A109UMT39D6EPF	134
A109ZTTYWCH3OS	135
A10A0FHUKUG3DO	136
A10A9GCXXVIB2Z	137
A10ABHZXKJ8R5V	138
A10AJVTRP6Z3D5	139
A10AKJ6XIL0UNY	140
A10AV4PT812CO6	141
A10AVFDDU87KJ4	142
A10AX0UNPN5PBH	143
A10B0I0IE0JSQV	144
A10B14SPW4FIOA	145
A10B1TXA36HP2W	146
A10B6G6W3DW1EY	147
A10BD0288TGRVS	148
A10BGNHGWPN7ZE	149
A10BH1JDT6SNGA	150
A10BSS8EZFU0RZ	151
A10BYH2C954FLN	152
A10C84Y38RT22P	153
A10CKOFTMAV45W	154
A10CKY22VNWXHK	155
A10CR7JQLFS1JS	156
A10CRW7XRJBJ2G	157
A10CSQI215I2DQ	158
A10CUIEOX3XR9B	159
A10CY1HLD2P2Y0	160
A10DQ5NYPUUATN	161
A10DQEGGFWENTM	162
A10DSUYE0WZK67	163
A10DU2YP2KX4HE	164
A10DY3E6NSSLB2	165
A10DY8QH2IC4NZ	166
A10E21WZRALF5E	167
A10EO39J34O6JN	168
A10EOTAE307OX9	169
A10F39N6YQDM99	170
A10F8S1ATMWF9B	171
A10FNVRQ0BRFXH	172
A10FPM6XA4V57N	173
A10FV8HE2N25B8	174
A10FYMZH7K4YZ8	175
A10GBD5CQ6SXM3	176
A10GLVITSITGSA	177
A10GQYK9VEE7FV	178
A10H24TDLK2VDP	179
A10HH7HKLDO6ZK	180
A10HJSY3HFSQJP	181
A10HK7ADIKZKOR	182
A10HP84D5QVBMR	183
A10HUY256SGEQI	184
A10HZAN3Q7M7KI	185
A10IBGGGEW79OI	186
A10IBHZBK4DLKE	187
A10IT7BG5QNSL5	188
A10IUD3BI0K5HC	189
A10IZ1RKIMM7AB	190
A10IZFTBWSQF0I	191
A10J31HBQ4GQHD	192
A10J334N01WCRG	193
A10J6UELWBK69L	194
A10JCNCNCKR7CN	195
A10JRJVFJVJ60P	196
A10JZDGVEBSNMP	197
A10K03WAJZILNX	198
A10K1DLCAOA9F2	199
A10KLNTR2N1P68	200
A10KYUCM84JRWY	201
A10L11MQEPZG5T	202
A10L31FC1MNDGQ	203
A10L65Y9956X40	204
A10LB6S2BXQ0GD	205
A10LH9OAES14O8	206
A10LLV90RFWD1U	207
A10LMMSFLZLVDE	208
A10LON2DZAGG9N	209
A10LSISVUDS2GH	210
A10LVI0QQ1M7WR	211
A10LWBOIZCF2QT	212
A10M1CEJIUXKVA	213
A10M3MU3FI6AQG	214
A10M52OJSDB8WK	215
A10MFEL4RUVKJ7	216
A10N7L0GMRODUO	217
A10NBI9QKXTUFX	218
A10NK35EYIMOWI	219
A10NMELR4KX0J6	220
A10NNGARQOHJNC	221
A10NO8R7NQ93J	222
A10NRNN908AFGA	223
A10NSIGBU8ETMN	224
A10NSJ81QNTSOL	225
A10NZL269H2Y3X	226
A10O49Q7T73RFM	227
A10O7THJ2O20AG	228
A10OBYLEI2RDBY	229
A10OXYUG50CP6R	230
A10OYOR0X794AA	231
A10P426XJ8WJXX	232
A10P8WO4K6C6L0	233
A10PASY6NAWRB0	234
A10PCGHSU8YJ0Q	235
A10PEXB6XAQ5XF	236
A10PFQSFB1NJ4Y	237
A10PK2GFM2ZB18	238
A10PLCIFJRX36I	239
A10PN6TFX77CIR	240
A10PP0RGGZ0V4S	241
A10PT8LL3PZRV8	242
A10QBQ0ECEBW5S	243
A10QBSTN4ELN82	244
A10QNTQGX0BVHN	245
A10QS43CRZ5L7B	246
A10QUY14I0ZYFL	247
A10R8AL1SKWL2G	248
A10RHYA8B2K9QT	249
A10ROTWEM136RA	250
A10RYLUVPQHKPY	251
A10S3KVBBC16M0	252
A10SECN310M3LI	253
A10SJCW4Q2WGE9	254
A10T1QWOQJ5QPJ	255
A10T2AFXQ2MQKG	256
A10TTVZ42P3T1I	257
A10TZ82Q4T6QQ8	258
A10TZJ3SNARRG1	259
A10TZXX3UPETQM	260
A10U0IZVEWS753	261
A10ULRO1B8J8S5	262
A10UQD0HSS2PZT	263
A10UX39D7YO6G2	264
A10V0JK9XIADBL	265
A10VA9ALNHMVWG	266
A10VBTRKW0M5YB	267
A10VDWOO8WWWZR	268
A10VF2GVUMSUYC	269
A10VF4PAWTZA9F	270
A10VGVCS9EFVGZ	271
A10VRI4T88AZS0	272
A10W1HD72WGZM0	273
A10W6AOTES36G5	274
A10W7NGRNY5GTR	275
A10W88PNKUQS2O	276
A10WEAF8LY1R6F	277
A10WEMY9OP6XL4	278
A10WNKQLPI00BE	279
A10WPCSJS440MD	280
A10WS30LAXFUIY	281
A10WVJ1TS4QIKK	282
A10WWNS2RMFNJD	283
A10X23EDQX94MT	284
A10X9ME6R66JDX	285
A10XGSYPUMKVBB	286
A10XL35S79Z1GM	287
A10XRI9SVEVP25	288
A10XX6YSV6T711	289
A10Y3YFWWFA2KZ	290
A10YCH7PD6U4I9	291
A10YGGFFCFMRUW	292
A10YHUQ03GU4S8	293
A10YMBK6FUS91Q	294
A10YMY9ZUFBL1P	295
A10YNQ7SPY4X63	296
A10YO15QND3PCB	297
A10YQSHBFPFTFL	298
A10YTT24P9KI84	299
A10Z37FZCMUBFP	300
A10Z8FC0SMU5VQ	301
A10Z8K7CVE3VHZ	302
A10ZBR6O8S8OCY	303
A10ZFE6YE0UHW8	304
A10ZKIZDRBEG7Z	305
A10ZM3Q1NGI7LC	306
A10ZMS4CW1Z9KX	307
A10ZQR7T0W224K	308
A10ZWCAQW773O2	309
A10ZXQ7TC4BJYT	310
A11002XXRNHOUX	311
A1101H4K41BI0W	312
A110IMH2MCMCFI	313
A110M2KRZB0IS3	314
A110PC8C5Y7MQD	315
A110SJRCH7KV4Q	316
A110U3HCH20DAC	317
A110U7A1UBUKXF	318
A110XXSLOCBAMM	319
A1113A2Y0AOCCW	320
A1114RKCJQPXTD	321
A1116JC9NIIGQJ	322
A111CMA31G3KPR	323
A111KZHV2LXSJ7	324
A111OZBYXLLB6C	325
A111PADXYJZBHF	326
A111PH76SCPYCK	327
A111TSO09NFB13	328
A111YF0NJYRIO0	329
A112EC059ZZTJF	330
A112GI4Z2Q3YBX	331
A112GU8H8NKLZ1	332
A112KZXKGNSPUA	333
A112XLN4J4TYLR	334
A11312H347GI1I	335
A1133NUSKMWISE	336
A113HC77QK8U9B	337
A113K67NQ20SML	338
A113N1RNN1ICCM	339
A113X82UHKZLLV	340
A1143YEAZYMYHJ	341
A1145Y3M3DXCY0	342
A114DJVYUUWU6S	343
A114GR87OREVNJ	344
A114S6CTKSESM0	345
A114SETL0Q61VG	346
A1151IFAW7FQR1	347
A11525HDIBAXVG	348
A1157JPA4GF6QW	349
A11580JEB4BXP4	350
A1158GPHFBJ70U	351
A115AQSUN859YU	352
A115C55245SA18	353
A115FR2Q1YQYUC	354
A115V1Q3HUUUFJ	355
A115VM6RLQXIIA	356
A115VO2AQQU31C	357
A115X7RPG5SW1Q	358
A115YJRPQ3QI5U	359
A1160DG2MSIMME	360
A1165IR4O45Z47	361
A116BPIANHZEP6	362
A116H6L35O45ZJ	363
A116J3D6C3172T	364
A116UOS8EL9KO1	365
A116W3CH7YJR4A	366
A116Y4UY8YF0KA	367
A1178ZW090T1LE	368
A117FYENI6RSPP	369
A117PEASIX5TJ	370
A117SJ2SNSTWUK	371
A117SKH9O489ST	372
A117XUS2KI1M04	373
A117YKFOREASZW	374
A1186VP35L3PE1	375
A1188LXSJLEP1C	376
A118GY2DCKBETF	377
A118J0HNVS74HK	378
A118KSWZBF5L4T	379
A118QUL8MK4OGJ	380
A118TZRA1YBBEK	381
A1190VM4RAT4R	382
A1191ZOPYBICQA	383
A1193APURCP49W	384
A1195PV9ZGB653	385
A119KVCM1UK24D	386
A119RMVOBG7Q1R	387
A119UPKK8J0VWQ	388
A119XI6VTCOQZC	389
A11A3XJRFKH4O0	390
A11AH9BLGP51Y9	391
A11AHHL75HN9BX	392
A11ALN4TDSOYRS	393
A11AQIOQDLOF4W	394
A11ARTLCVI89XN	395
A11AT3PC06Y5WT	396
A11AXAQ59CWZZV	397
A11B4KI2M485AR	398
A11B61QBGHLQDN	399
A11B9YJVH0RMPU	400
A11BDRH5Z6HAQD	401
A11BJC2RFDICJL	402
A11BO82ILVCNGH	403
A11BQY9UX9NT0K	404
A11BSGLE2FPXZ9	405
A11C1AD74J21T9	406
A11COOZYOMG0J6	407
A11CTOMYRI95SX	408
A11CTS7YE99QTA	409
A11CWLHN5OGFNT	410
A11D32JMS8SJZF	411
A11D6OMJJXNCOO	412
A11DCQC6R0G89V	413
A11DD4IJZ4NCNT	414
A11DJ5S5557P34	415
A11DJX3UKJD737	416
A11DZ2YIN018N	417
A11E09GIR0QHH0	418
A11E3G63H873E9	419
A11E7AMAQAVFSB	420
A11E9J7GHUP3JM	421
A11E9KUJDWNPD2	422
A11ED9ZL727UFJ	423
A11EG6OEK7GFT9	424
A11EIIC17575DG	425
A11EQ4HEAA8MRX	426
A11ERLOY4HCPA4	427
A11ETHCBA0W7L	428
A11EXFO14WEJM1	429
A11EZMPGOLT5EE	430
A11F0E30FOYZ7M	431
A11FBXKE81FYBA	432
A11FJQLV3WPO8X	433
A11FLLXQAQ7CFE	434
A11FP2U911TTXA	435
A11FPEIUER01G6	436
A11FTPICCE7ONU	437
A11FX8HL2ANK6T	438
A11G1JJZMFBEH7	439
A11G1KTVZG0BNG	440
A11G9IZV76NIPU	441
A11GBTUGNRGCR8	442
A11GCF3KECY6HO	443
A11GF0R6HVHDJG	444
A11GJMYWSJFM8G	445
A11H1LI4L63SXB	446
A11HARB9C89I0V	447
A11HFXN40BGUBK	448
A11HITBIZJI8K6	449
A11HOF1BOAM4RG	450
A11HXDZQB8ZUP0	451
A11HZMKR7CJZP8	452
A11I1I9QLMAM1A	453
A11I7D3736WP2K	454
A11IAOX7KJU6T8	455
A11ICKY07CC8UO	456
A11IS70QN2SRAY	457
A11IW3NNICDT8I	458
A11IWWZG6FM4ZM	459
A11IXJ8M1JO296	460
A11IZQIJOI94CV	461
A11J1FHCK5U06J	462
A11J49WQ6IVC3U	463
A11JC3YH74VY0P	464
A11JCES14YKFKA	465
A11JDEMF0W38OE	466
A11JG02G8J3TV8	467
A11JO32I9ZW2PC	468
A11JPKXVN8RHTA	469
A11JVRY5HL3FKZ	470
A11JYON47SBFIK	471
A11KAY99RVC2M8	472
A11KDP6O25EAW4	473
A11KHSAKF3O43Y	474
A11KIQIZYUJAYM	475
A11KN9BZ971AGR	476
A11KQADBYE0UZL	477
A11KYFJGK7O74J	478
A11KZ906QD08C5	479
A11L0S3M0M4QUR	480
A11LC938XF35XN	481
A11LLYWR38NAZ3	482
A11LNPG39A2ZV4	483
A11LQS714QLTK1	484
A11MNKGD2VLZOB	485
A11MPSH6QZMHMO	486
A11MS6ZTCAQ6JI	487
A11MU1SHHTQBRU	488
A11NJNH0D9KVNK	489
A11NLVJ3YRVEPF	490
A11NM074GUIN86	491
A11NTRMNGLLFZN	492
A11NWY140Q19JK	493
A11OBEH2ZCVAHX	494
A11OFTD818Z8J8	495
A11OH777695MM7	496
A11OIUJVR6X688	497
A11OPZPTFJ57O	498
A11OS7XRL421WC	499
A11OTLEDSW8ZXD	500
A11P105WVK5240	501
A11P21H9N7B1CS	502
A11P7FX7R6U668	503
A11PQR03PP428U	504
A11PRA5SXVFU9O	505
A11PUQ9QLM2AJW	506
A11PVJYV49ZRL7	507
A11Q33Z994LOW2	508
A11Q71RA64QHTC	509
A11QBQ5S52Y3PC	510
A11QBSZ2ZDW786	511
A11QK3IXHCKOZB	512
A11QPQCBNNXJ80	513
A11QRDUT3EV7IA	514
A11QWQVJVHGR3Q	515
A11QWYFG0D8M84	516
A11R0SG9UZVV8V	517
A11R2L9VTYTCAY	518
A11R952SUGXX08	519
A11RLYCHQOTTTS	520
A11RP9Q3S6IIMD	521
A11S43P3WNLIZD	522
A11S6KKG56NQ63	523
A11SOH2A91EOB6	524
A11SRRYMENX9XI	525
A11T0XUVK5HJFC	526
A11T3KV9PJQ5NI	527
A11T6LHOII51UQ	528
A11THQ7E4H69NX	529
A11TLXDX9A8OLV	530
A11TO8T5V5V6U0	531
A11TOXC5W91LW4	532
A11TQR1JMP04DF	533
A11TXBTIHS8ZL7	534
A11U4POAUCPWYR	535
A11U9BO955H258	536
A11UCKEQYC9UYQ	537
A11UCOPXMQ6CSI	538
A11UEVSVB6F1WV	539
A11UJ2EFAV0FFB	540
A11UMT3MKBSPW2	541
A11UTOBVZOS9D3	542
A11V2KYQGQZD9X	543
A11V72WYGSSXM5	544
A11V9E4044WFNK	545
A11VDVMF6FNOER	546
A11VJAQ1VPZT6A	547
A11VMUNKGU70K0	548
A11VOYO6T60Z46	549
A11VQ6FUYN6H0A	550
A11W5CVGN6UVI6	551
A11WGYN3F96QCL	552
A11WNTJLZA7YC8	553
A11WRFYZ10K8F0	554
A11X1554YMLZO7	555
A11X5OHQLEYY7L	556
A11XDFZV8MJIJW	557
A11XM1RWPI7B7C	558
A11XQ9MJSEVLT6	559
A11XT3VDXL8AAV	560
A11XUL1D8W1DNE	561
A11Y418956VORD	562
A11Y89L1MR081H	563
A11YHS3A7LJEDW	564
A11YK739POONS8	565
A11YOTONCPRQ9S	566
A11YSZW8CJI006	567
A11Z2P6C6YCN6L	568
A11Z4DVOTRPO02	569
A11Z5Z6880SJCL	570
A11ZBV7N3ZV3BH	571
A11ZCZ874OORU0	572
A11ZL27FV3CIZM	573
A11ZMOBS6NWMB	574
A11ZNTESRQSSER	575
A11ZQBF3H857E5	576
A11ZQMKSBI2RYZ	577
A11ZQYOOB7UQ6V	578
A120563RL0LBWD	579
A120O7MUPIMIZS	580
A120R9LOB68ZSO	581
A120VBCAPQLF0N	582
A121FETAD19WSK	583
A121LWC0KQAVPE	584
A121N1MBUDTXSP	585
A121NTH1P3DLEP	586
A121QRWXZIO6UP	587
A121UIW0NOR1BW	588
A121VLPO0FUEDI	589
A1220JVDCLY0RM	590
A122335A9LC5FO	591
A122ET9LBVYW2N	592
A122JU9X8H89YK	593
A122PZMVLB9V7E	594
A122RUFJ0EKHMG	595
A12357MAFTUF2G	596
A1235CI1GSI2IE	597
A123BFMTPLFRZW	598
A123COS109XYJY	599
A123E03CA53CHJ	600
A123EUBVHHQHYU	601
A123HLNGCFZDNF	602
A123JY6J0IKIQM	603
A123SKU3EE4DWB	604
A123YVQDKR1JQ7	605
A12402Z4I3W357	606
A1242JV773ARMT	607
A12455DQBMT7M9	608
A1248QW7I0WUDP	609
A124EA3I91MLN3	610
A124LQI1YC2K1M	611
A1253SWMBS55J1	612
A1258U3HERWXCL	613
A125ARP63AGMDB	614
A125LOKG6VRKS3	615
A125S5DRKLRN3D	616
A125VE7M3IC428	617
A125XJ7MNS3BFQ	618
A12649DLS4GT9Z	619
A1266PW90UP9C0	620
A1269TBE96NYPZ	621
A126DC7QEVYM79	622
A126O02SU69YG3	623
A126OTEVY1QMGS	624
A126QZHC7NOZOU	625
A126WQ64M7X9PH	626
A1273HNTG6NX28	627
A127B86BN2J359	628
A127EG2GKYPNX6	629
A127KI9JEAESJ1	630
A128HURT2QWI24	631
A128IRJ16AY0KS	632
A128LLQ82O4M33	633
A128OKV1VKTXK3	634
A128W52ADWCHRC	635
A128X2E3HD9XKK	636
A1294DEPK622WB	637
A129957NFW9MMU	638
A129AT86X6QK94	639
A129E4RL4HE1YW	640
A129SSR99LXG3M	641
A12A5KEB7T4RQ5	642
A12ABCJPKP5CYY	643
A12AG9IF5ZOGZ	644
A12AGC69KAR4RF	645
A12AH9ASS2T6DG	646
A12AJJZBF035JK	647
A12ANFNOSMW5VD	648
A12ANKKP67L9DM	649
A12AOAO0C7ZQ5B	650
A12AVG0P7URJF3	651
A12B0EANN581RD	652
A12B6FPUGIBPAN	653
A12B6IKDDV29D7	654
A12B7P0LP6OUBQ	655
A12B7ZMXFI6IXY	656
A12BD1BM69K25L	657
A12BD7BF6JXVCT	658
A12BNFQMNC7POU	659
A12BRIWYIYMOPD	660
A12BUKR6ZSOMXT	661
A12C06QXH8B214	662
A12C1O2CE0Y2AA	663
A12CEYKH79U3CN	664
A12CXB21C5VURE	665
A12DAV72CDEIEX	666
A12DBNZP5IAJHD	667
A12DHI42CBTWFS	668
A12DIV3DX2I3EA	669
A12DK2EBNZWVO9	670
A12DLQIZPX99IF	671
A12DOQTARRZZO2	672
A12DOVVYBMRK16	673
A12DQZKRKTNF5E	674
A12DS5KRKM0SKV	675
A12E0Y0J6584RT	676
A12E1SJXZR9VR4	677
A12EC1I2L4GFIK	678
A12EF4KEZ96KJC	679
A12EH4KWBE2F3N	680
A12ENBT314RFXR	681
A12EUN5K64R1KJ	682
A12EWEMXTBW0FA	683
A12F0TR2J5CVF3	684
A12F3TS5S4RA74	685
A12F6OBBEX3AU	686
A12FI69BO3L3V8	687
A12FLX9WL6E2OA	688
A12FM5EOLFEZYI	689
A12FRO3VY2AI89	690
A12FTWXYUQOYZ7	691
A12FV6I0FG5LHC	692
A12G3U6I51HNT6	693
A12G8WFVFU2RGO	694
A12G9TOF36KKQQ	695
A12GH2RP3J71MA	696
A12GNHBC0175K8	697
A12GTBWYE7ZECG	698
A12H8MH2ACYJPJ	699
A12HIZJFR2B111	700
A12HK3NVNRJJZD	701
A12HX3LKXNAXQ9	702
A12IBD0B3UIOBP	703
A12IXICTB9207V	704
A12J7R7GAJ5FBZ	705
A12JARSR16QM21	706
A12JE5HADPKTNW	707
A12JH1RJQIW5WR	708
A12JK6X28BY21E	709
A12JWUWVWYTKT9	710
A12JX5F8JT0A5K	711
A12K5WMW29WA5E	712
A12K9FU9P9U2TH	713
A12KBJ4YAJMLOZ	714
A12L73O07A7OUM	715
A12LG7MIK6OMLU	716
A12LH2100CKQO	717
A12LPHBVBSOEDO	718
A12LQF7POHVGSS	719
A12LTYDEZDUEIV	720
A12M1JUXAM1MNH	721
A12M2YA8KKZTY1	722
A12MOVC8CTTH3X	723
A12MQS90XIM8WF	724
A12MWD2FQDJPKE	725
A12MZGEPV57BK	726
A12N81YV9JF6Z2	727
A12NQ4LG22NC7V	728
A12O2EWTKXSTAM	729
A12O5K27UVTAZT	730
A12O5SEIF162P8	731
A12OF8BBHQH93U	732
A12OI8ST8EXF15	733
A12ON937SGJR1I	734
A12OTST68ASVIQ	735
A12P2K1UWI0HD2	736
A12P7J5A0UH7G3	737
A12PF49JZH7V8W	738
A12POGCDECCE96	739
A12Q3I1M9MR37C	740
A12Q4NQHLFETQD	741
A12QC24Z3ZY4VK	742
A12QK1PEMT7LCL	743
A12QPE2A3N8ZSL	744
A12QR7VLSRYGDC	745
A12QY8YJWE3I9K	746
A12R3YGEHW7D8G	747
A12R5OFLIO3PQY	748
A12R8YD7DROCO7	749
A12RANR1CS3BVB	750
A12RBTLWOJ6LRI	751
A12RDW379F3YCP	752
A12RHMNTCAV5Z7	753
A12RKKQW1W6ZQV	754
A12RMM93L53URA	755
A12RNPBA6RHPIG	756
A12RTXVWYEE3H8	757
A12RXCKFALM34H	758
A12S548AI0R7DU	759
A12S5S3WMJHZRM	760
A12S8UQEIPZJKE	761
A12S91VBSOUP1F	762
A12SB72P5GB6KM	763
A12SNX497H54F5	764
A12SQD1RQH9OTD	765
A12SSS4GJP6XNT	766
A12T7VTQ1Q41WU	767
A12TD44X9ENINP	768
A12TF4K3ST8G4	769
A12TUYZHO96588	770
A12TWUP92WJJHB	771
A12U0FPJQ6ZEKV	772
A12U3H7LEIQ8A7	773
A12UGBVBI2NI7X	774
A12UGM39O9MLC9	775
A12UIM7OU6PFQ5	776
A12V5QNKP5405Q	777
A12V6O7BJLUH08	778
A12VFCTTG3FFRW	779
A12VJBEZTKNVXX	780
A12VMTWNK40LSC	781
A12VOCA4ZH7ET1	782
A12VSJY7ETQCRW	783
A12VSNZ1BB68WO	784
A12VWZPNRIA7R1	785
A12W76LPOYLHCG	786
A12W8NRSYR593I	787
A12WGYO7E6ZIY4	788
A12WP53L00AP10	789
A12WQPHCLAL5GY	790
A12X8GTX8M2KJE	791
A12X9T7S05C73P	792
A12XH5W3FOIIZJ	793
A12XOFVMDZZL3Y	794
A12XPG9QWMXLAX	795
A12XU0XOX20S86	796
A12XYDOWQA4H5B	797
A12XYISZ57UJ22	798
A12YEFKGOAJQ5M	799
A12YSUHTXNY9D	800
A12Z6HZIXVFDYS	801
A12Z6YIRORLS2Q	802
A12ZLQXXG03A8C	803
A12ZOM5ZR2YSGB	804
A12ZWHR08SY9RD	805
A1300BF3TVPV6Z	806
A1303ITERLGSCC	807
A1304S6EZUZQNA	808
A130IPJKLMIQF4	809
A130KYD5OVRH9E	810
A130W73707N2OM	811
A13129O6QPOF2T	812
A1318JHVUMU3BQ	813
A131AU396FLO7U	814
A131I5PA7WW02B	815
A131KQ0FA41WXW	816
A131OBWZ3S296G	817
A131QT6WNI0Z7F	818
A131SLSL010RRQ	819
A131UVEP5CEMAD	820
A131XK438X81X9	821
A1320FN3TU5ZX9	822
A1329DUCBZAHPJ	823
A132DAP5L5Y3ZU	824
A132ESBIZ58LI9	825
A132ETQPMHQ585	826
A132OXBNG8VMVP	827
A132SY43FWROE5	828
A132U4HNN3AGW5	829
A132U6WUYI9VWN	830
A132VQ7JC6IN3H	831
A132WEQ0OFB7R6	832
A132XELZPCRN60	833
A13342KF262LHR	834
A133FFB862FOD6	835
A133HQS873BKUI	836
A133HZRREF8VRA	837
A133LEIK413QPD	838
A133QMG9KBUKYE	839
A133V38VE39ZOG	840
A133W7IPU8M1JL	841
A134FNJ5DSCVSG	842
A134FQT67TZFAQ	843
A134I85MLBD75I	844
A134V68OZUWVET	845
A1355LJOSCMD03	846
A1356UZWP9J5NT	847
A13585LN3M2XAP	848
A135RW98T98MAQ	849
A135TN1U978GMQ	850
A135ZFTRERMTRV	851
A1364XG1UVLIF	852
A13659JR6VC7SS	853
A1366R596OW0YV	854
A1368EVWNS42EY	855
A136CG81BB2M1X	856
A136G8W1C0N53G	857
A136ICCD6UNSHU	858
A136JMKQ4U5MQV	859
A136TT80NLEKLH	860
A136VMDQB9LORX	861
A136YD08SCJ2LV	862
A13726QBAJQ5JA	863
A13766XL8ZV7VM	864
A137688HT20VUL	865
A1378J2YKG9QOS	866
A137LWJCPSLHZB	867
A137PS9RT7SZ6Q	868
A137T44OPXY2I2	869
A13853O9CBLTEY	870
A138702XQ2OJD	871
A1388E7BRE55CN	872
A138959PAG9K0K	873
A138ARZOLL5AGI	874
A138OQVQ9E5SNP	875
A138Z5HK8H0CLR	876
A1390WQJ54J8SH	877
A139A14WTK8UPF	878
A139ADCK79FKGS	879
A139F7V8CQE2C0	880
A139YX79GY1ZD3	881
A13AAHUP1MY6Z1	882
A13AHMLB5Y72JN	883
A13AKGDM049HKN	884
A13AM0HK2Z5W5Z	885
A13AP9FT0324W4	886
A13ASNXMR3X34R	887
A13AT708PTPIM7	888
A13B7SCC4BIZ1V	889
A13BIQNVOAW3DC	890
A13BMVE8PL3VE6	891
A13BX9O5UDBILC	892
A13BYSX1G285TQ	893
A13C6NTJ3HO0FX	894
A13C70FDNESVBY	895
A13CC35TA0JFOF	896
A13CR5X9PLN5RK	897
A13CYBM2QROPNG	898
A13CZ8CTDBAY68	899
A13D6VDBO1EY6Z	900
A13DLZQ0UBPQNW	901
A13DNFPXX0L63S	902
A13DO5FB5XK1JQ	903
A13DTC7UL3U3BT	904
A13EBUPELB4KKM	905
A13ECMTY7EFAHR	906
A13EG4PTW3EL9H	907
A13EJD6HWQJLFT	908
A13EK1IKSDTEEB	909
A13EM01W9299N8	910
A13EQ5LNHQTNIS	911
A13EQ8HPOQOS13	912
A13F15BEOWSDWT	913
A13F7XKM8D9DJN	914
A13FA19J89IZO0	915
A13FDF4FL5UP6P	916
A13FGFL7TQN8MG	917
A13FL6CWRND9V2	918
A13FTBB7UZ1M4K	919
A13FUEPWBCLBUY	920
A13G0HWN4XFJAS	921
A13G1TKIKHGV3F	922
A13G5LQ3U7LKX4	923
A13GXPLMI23O4R	924
A13GXS62IM1NDU	925
A13H2ZRENPV9E	926
A13H94ACZ45D07	927
A13HCPDGF6KM3Z	928
A13HXD4VEOKR9E	929
A13HZQ3FULMZR	930
A13I0ZK1FH1JMJ	931
A13IF3AK5HAFIS	932
A13IJXKDT5AATB	933
A13IKQCJKFAP5S	934
A13ILUBOYGJCIC	935
A13IWZ61LRAJE9	936
A13IX8JUAT1SUP	937
A13J57AACBVI5I	938
A13J9QDZGT3NR9	939
A13JCONAGSW1YS	940
A13JN75U671R01	941
A13JQIUNEQ39A5	942
A13K1TC8SWM75G	943
A13K329645VHFP	944
A13K3PN43O13C6	945
A13K7Z4IO9CAAU	946
A13KBLFF4IZF7H	947
A13KBVJU8RLP1C	948
A13KC6DO64ZAWX	949
A13KDY6OBN9UA5	950
A13KEKPJ6E49YZ	951
A13KGROEWYWVDO	952
A13KL1NOBZM6DL	953
A13KMI95RK89M9	954
A13KTMHWPW4I6Y	955
A13KUTSZ7PHBOE	956
A13KVCV2PAQ39S	957
A13KZOWBF8KIUL	958
A13L24Q3OKM0VK	959
A13L3XGN6Q4ILT	960
A13L45CSY7TEQZ	961
A13L4YI31P08NL	962
A13L55E7OIS4SX	963
A13LDK4C0M5CKS	964
A13LHBUYIK9TMC	965
A13LHEW3590QSS	966
A13LOB9GV3LY39	967
A13LOSAF5FUY4A	968
A13LTSWBTH22JJ	969
A13LVH0BBVEEY7	970
A13M4OHKAVZFMG	971
A13ME6X8RTKE6I	972
A13MHRMK26IDLT	973
A13MKSASQ6YWL7	974
A13ML60EDB3YFZ	975
A13MM7UES60AAU	976
A13MSCSKZ7G8FZ	977
A13N2U8F4QTROY	978
A13N70PV5KKYSC	979
A13NAZGDYT9X1J	980
A13NIWCHPCT3Y2	981
A13NY3UEZU0WLT	982
A13O00BU4K4RG2	983
A13O41AS3HW9AH	984
A13OF2FOC64VVC	985
A13OFNPA469LD5	986
A13OG54VU4SQQ4	987
A13OMNVVLPFQ6V	988
A13OVAYB8AWVOU	989
A13P08HU2BX53O	990
A13P1SRWGJTBSO	991
A13PAW97RT9YOT	992
A13PFJV52P7LBX	993
A13PNQXVNSAUFZ	994
A13PO6PO8JV8D4	995
A13PR28K6YH6K0	996
A13PWB73K7JYWE	997
A13PWLSC48INO6	998
A13Q02VLYRZ0WU	999
A13Q12SVPGIFQU	1000
A13Q2LJ05J236I	1001
A13Q7XRXQGGULV	1002
A13QBAX13NMAZ7	1003
A13QG368UYQLL9	1004
A13QGYZ2A5YL0	1005
A13QOK3SKIT9QL	1006
A13QTZXOSEGJD8	1007
A13QVE6RCEFJGX	1008
A13QXQBTC4XNKZ	1009
A13R0MVWXP08NL	1010
A13R4XBM0O2IR5	1011
A13RDVHWGN6L9D	1012
A13RHOGYUIFWZ5	1013
A13RJ7V4LHE7W	1014
A13RMCIFN3W9CE	1015
A13RUJQDNL28Z2	1016
A13RZIZ8JPL3BZ	1017
A13S0N4A4ZEKZH	1018
A13S8UK2JVP52O	1019
A13S9A0ZTLCFHK	1020
A13SA92SNG79B5	1021
A13SAVYJLEH4D1	1022
A13SC4R3K4C8P2	1023
A13SD6RV5JVWQZ	1024
A13SFQAXFZL736	1025
A13SHE9ISQ9RZB	1026
A13SUZSXRLND0O	1027
A13SV7V95KQBXQ	1028
A13T4T3QOSII3I	1029
A13TM3CT6UL330	1030
A13TML87F0JO8C	1031
A13TQHVN7WBUPD	1032
A13TSGD5B9J41D	1033
A13U4WDXTU2R0N	1034
A13U529SRREYQL	1035
A13UDAIB4TYB0C	1036
A13UL4XBXNSTEB	1037
A13UN6IC6JV5GE	1038
A13UP4TOM4X878	1039
A13UY6JVU24WTH	1040
A13UZ2CGNPQ28X	1041
A13V1YUISXUH2P	1042
A13VB5HPNG868Y	1043
A13VGIDQYC7KH3	1044
A13VHCNUMH4UB2	1045
A13VMF1MY95ESX	1046
A13VSHRGCAM23J	1047
A13W04LMNR3UQ0	1048
A13W70RIROCW9E	1049
A13WEK6OPNVKAI	1050
A13WLS3G3OM50C	1051
A13WOT3RSXKRD5	1052
A13WS8IYS55JVD	1053
A13WTW1IQFI0GF	1054
A13WVQ8BRLQWJ0	1055
A13WVX48GMSF0Z	1056
A13X2W20GQZIKC	1057
A13X3BMKZEW5LO	1058
A13X48NP5KBTQL	1059
A13X5HL7VYI357	1060
A13X93M7A4HGW	1061
A13XISH6C2F7L9	1062
A13XITYPQH0YX5	1063
A13XJ2XKUIII05	1064
A13XR69BBZKKIJ	1065
A13XRBZBB6ODWL	1066
A13Y28XPLPV6UG	1067
A13Y2KL9R2KG7Z	1068
A13YBNIWT39Z8Q	1069
A13YGY4FR9XNJ3	1070
A13YJHTJAJRN5B	1071
A13YSL2NNQHVSC	1072
A13YWTC9CP2V3X	1073
A13YZ510EX742F	1074
A13Z6KWDBH8PT8	1075
A13Z96HR8EEF24	1076
A13ZAKIZ0DCSBK	1077
A13ZMJGD5E6JAQ	1078
A13ZR1LINC0Y4A	1079
A1408CNB98H4I5	1080
A140GCQO9C1RYI	1081
A140TPDSXXHDXK	1082
A1412R0ROK37QC	1083
A1414YWW0VUQCJ	1084
A1415U52KHEJ14	1085
A1418S7S2KVN8C	1086
A141E2MB265BPU	1087
A141I3X6ZAY4IL	1088
A141IA51RIMQ9K	1089
A141JAFHHLT1P4	1090
A141O7LHYUM4K0	1091
A141Q0DBKGLZTW	1092
A141UEIPZLCWW0	1093
A141W8WHW9AC3H	1094
A1425DPH74M2E3	1095
A1429OFJAN5Z0N	1096
A142A1IN6QVFTG	1097
A142AMWTAMYL6U	1098
A142DP9YTYSIVY	1099
A142PQO9ZTRJ3	1100
A142RSHNMT4VNC	1101
A142XIRPZO3NDU	1102
A1430GPBTFHIV6	1103
A1434FS3N4QCP9	1104
A1435WUE61PJKC	1105
A14384OB91THBI	1106
A14387I4MYW9NM	1107
A143ILPF51KC2S	1108
A143LJ4G2OPP7T	1109
A143M6L8WDGPLU	1110
A143NU2KBNSL0C	1111
A143OISOT2PKWD	1112
A143QTL0KWVPSL	1113
A1447HPAHD5VU2	1114
A144BSJI2YMNK3	1115
A144CSKS9ZR84O	1116
A144DQQFXNNUT3	1117
A144G9T9R231MR	1118
A144KBZRJEI9CG	1119
A144MJZZGEWT4B	1120
A144MKJYYRYUMQ	1121
A144YFH6WB6QB2	1122
A144Z1LXCP0Z0N	1123
A145B8OHVNNFAJ	1124
A145J7MXA8CZKF	1125
A145V7P7BLM01K	1126
A1466GV91I9B4R	1127
A14670E9CV73MJ	1128
A146751FDLTFW6	1129
A146CA37V0450V	1130
A146CK7O1VG853	1131
A146F287VCYOYY	1132
A146IBKVP081TC	1133
A146J1FHUVESC1	1134
A146L0JWX6KKYJ	1135
A146NCUAVC06A8	1136
A146O13CAQ2538	1137
A146WBN7HF2N2R	1138
A146XD45ZDFNGS	1139
A14738H3YYX7ZC	1140
A1476K73BQZDD1	1141
A147N7XJMDSJP5	1142
A147O4WRWC0L26	1143
A147Q11EQJG2PQ	1144
A147TP8FQ6XNUT	1145
A1481LYWRSWB5V	1146
A1482QA3UFD4S8	1147
A1489IB1UPBKDB	1148
A1489KC7K383BE	1149
A1489POK8SY8CU	1150
A148F594P52KCK	1151
A148SNIQTXBFCY	1152
A148SVSWKTJKU6	1153
A148TAVTBFRJCF	1154
A148W98V1W7EIC	1155
A1492OKE566LE0	1156
A1493IIB1KPMAY	1157
A1496MJXBQZKDJ	1158
A149F91FB9WTW6	1159
A149OLI4ANVVM2	1160
A149SO0BKDSZL0	1161
A14A8JVTM6UUCK	1162
A14ACAI1MB0JLG	1163
A14ADLDVYF3ATN	1164
A14ADMPJ5WG5MP	1165
A14ADTRLT7ZKLI	1166
A14AJEQ6QRMXA2	1167
A14AWPTKBI4JTS	1168
A14AWWVOQFFDPE	1169
A14AZT76MBMC2K	1170
A14B4MJ7KZE63B	1171
A14BAG06UAKQXJ	1172
A14BFW0YSQ0RMI	1173
A14BGKCPG4B9CS	1174
A14BICJ93WO926	1175
A14BWLSY1UC41P	1176
A14C1SFGJ0O4Y0	1177
A14CE8AJQI59OI	1178
A14CERPQGHB4U8	1179
A14CGOVWMTV0ED	1180
A14CJYPEUP9PXI	1181
A14CPE16HGLDW2	1182
A14CYJAZTFZSSV	1183
A14D0ZO0BMIV09	1184
A14D1G6VAR2U5I	1185
A14D6YSBWCBDG9	1186
A14DFGAJJXQSP2	1187
A14DI9HDK2JTEC	1188
A14DNCG5WHM86Z	1189
A14E03Y8WYFHRA	1190
A14E2XP0PR1V8D	1191
A14E83O6YXZP56	1192
A14E84L8G9Y7CV	1193
A14E8WQ2TE65BU	1194
A14ECP7UH0A3Y7	1195
A14EF1PPKMSEPU	1196
A14EK7CK43XIIE	1197
A14ENS9J34Z0QE	1198
A14ENWEKTHCBXR	1199
A14ET3UQ7GVEST	1200
A14F00FPY95R5M	1201
A14F2M5L8K96M6	1202
A14F7HUJLGLRGH	1203
A14F8YWVI4OOJD	1204
A14F8ZKNIHLLZM	1205
A14FBPLT1MXE3S	1206
A14FDKS1OPCLH8	1207
A14FFOS0UBOWAZ	1208
A14FQ0M9F8YC3C	1209
A14G6LNYPYWLGR	1210
A14G8Q2IA8Q9K9	1211
A14GDZDQAV1AGV	1212
A14GHTZSRUCXHY	1213
A14GR94AID4WWF	1214
A14GS1XORCUL9C	1215
A14GSHEE7T0KCC	1216
A14GZOFY7UTN7Z	1217
A14HB8AHHGVDUO	1218
A14HCML0Y80BBQ	1219
A14HHTHKS8R5YO	1220
A14HMBPRD5054Z	1221
A14HUEPWYNUPUT	1222
A14I0X9ZNK9D83	1223
A14I1F2H7NOYDC	1224
A14I5Y6DMGTHXT	1225
A14IGIFY4OS2T2	1226
A14IKI1I4SJ2L8	1227
A14IPSG83CU3TY	1228
A14ISO9TNKLETV	1229
A14IVYXMCDU9AN	1230
A14J919YUOJ2YH	1231
A14JBDSWKPKTZA	1232
A14JHD826UNR5L	1233
A14JNX2RDEPJIL	1234
A14JQ9KONEWJHX	1235
A14KC988NE3WSH	1236
A14KCHGGY2E1KH	1237
A14KFK31FEFEYC	1238
A14KFUH9HYWT7U	1239
A14KLMM81JXU2X	1240
A14KNC5WFI0VMS	1241
A14L0BSFZ317NV	1242
A14L6HU5A98N1F	1243
A14LD71QN2TSO5	1244
A14LHLR34IC8I8	1245
A14LQ0GV9JXT6F	1246
A14LUDCDOO0H1E	1247
A14MGFYL9Z5U1L	1248
A14MNDUQZOUMXI	1249
A14MQ40CCU8B13	1250
A14MYITLIZ25X7	1251
A14MZJTZAQS6CV	1252
A14N13TSEZ38A7	1253
A14N47YKHGTR89	1254
A14NA0W8ESGDSI	1255
A14NAW3I5WL497	1256
A14NF5B1Y55DLE	1257
A14NH7WINY45Y5	1258
A14NNRKHNF72SL	1259
A14NT3JE6UA3F4	1260
A14NTWROKFHVUQ	1261
A14OB5C9DDNU9B	1262
A14OFOAHBXYBCY	1263
A14OG85Y77RQVY	1264
A14OMPNG02XLR6	1265
A14ONUCY0EPOW5	1266
A14OQ67LM79KW3	1267
A14OZR7X6445S8	1268
A14PNOYQQCBGWB	1269
A14PVWC01RT4QX	1270
A14PZ54R9FN8XX	1271
A14Q115WZ0NE9X	1272
A14QE0CQVMMCKH	1273
A14QI2IAIKXTM	1274
A14QT4GVF5PM6Z	1275
A14QUCD26XR0AN	1276
A14R5WS10X8ZEF	1277
A14R9XMZVJ6INB	1278
A14RB3WBO7RGCF	1279
A14RCLT9Q14GAR	1280
A14RLQZN599FVE	1281
A14RRIC6PP49MW	1282
A14RS46BIUL5VF	1283
A14S2P9NK1V9VW	1284
A14SAQRMULWQBV	1285
A14SE86R3GRPNC	1286
A14SFLHKOC99J9	1287
A14SHX81H8FGDO	1288
A14SNPXKFGLK6V	1289
A14SU4PZFA0HDP	1290
A14SZEKIBNZ72I	1291
A14T4AX023CUZ3	1292
A14T64NRQAQSLL	1293
A14TLYD4CEDFOA	1294
A14TRO2C474S3L	1295
A14U1534UCFUBI	1296
A14UJ1I9CRCS8Q	1297
A14USHIAOWG6F5	1298
A14UXIX5QQDIYF	1299
A14V8KU98RTB2I	1300
A14VCP1KNYAO3H	1301
A14VMJEA22VY1A	1302
A14VN4P2HA6UBQ	1303
A14VOHOIMTENSE	1304
A14VW659KS52YE	1305
A14VWEFG0ODIZ5	1306
A14VWRWL1HF7FN	1307
A14VZKNESB7YM5	1308
A14W44WL1JK58	1309
A14WECFN417WUE	1310
A14WOS84CTJD2F	1311
A14WQE92O8FWTJ	1312
A14WTJ1S0VIHPE	1313
A14X244VGHWPSX	1314
A14X75ZKRSS9CP	1315
A14X7AQJR907PE	1316
A14X81WSRP8DZ9	1317
A14X9OW07G174S	1318
A14XHHHOBQFCRD	1319
A14XNDZLASNVZZ	1320
A14XOFCWFLJ9SA	1321
A14XPOGKWIOGXR	1322
A14XUCN5OC998O	1323
A14Y6X532MGQ5B	1324
A14YE8M0YRA81D	1325
A14YE8SVUL2XPZ	1326
A14YLJUW6EYD2S	1327
A14YLOM8YBNLCU	1328
A14YMO5RLUATL4	1329
A14YVGE643TRJK	1330
A14Z6D3IRJ23F7	1331
A14ZAAS8LXESD4	1332
A14ZC4WOMGXEG0	1333
A14ZPR07R81WJ4	1334
A14ZSYKIW9VF66	1335
A14ZUOWHJL8FI9	1336
A14ZW2CKO8MBS1	1337
A14ZYS2LEG280L	1338
A15031Q5RZGFA0	1339
A15095769K0OTB	1340
A1509I9VVD22XA	1341
A150CPIAS3371E	1342
A150KAL4L6M51A	1343
A150MXVJANG98F	1344
A1512COVO9IU04	1345
A1512ZOE6F17ER	1346
A1513XCLZAP3GY	1347
A15197W4Q4R48	1348
A151B9T8K13XV5	1349
A151DAE629KVH6	1350
A151DBWLLS3HR6	1351
A151EUL2C4GJNE	1352
A151FEKVPY93EQ	1353
A151IA6N46ZMQA	1354
A151LMQLSMNCZ8	1355
A151OZOF8IV7RU	1356
A151R01M3AL59K	1357
A152HFITWJ2U3Y	1358
A152IM0SDOYUUQ	1359
A152LNX4BOGFFW	1360
A152LRDUYNMUCW	1361
A152M11051QAGK	1362
A152MO08FSE03	1363
A152PPMG75WCYH	1364
A152TE99CLIT1F	1365
A152TLXYLXPY1U	1366
A152YU5Q48LX2M	1367
A1533UHM87FNCQ	1368
A153G587BAQKGX	1369
A153JEC92F15Z	1370
A153WVL696ZWZC	1371
A153Y053A5DRHK	1372
A154221FS717VT	1373
A15423HYIU46C	1374
A1543M4CP25CR6	1375
A154LF7THOX5E2	1376
A154R0EH8V8J23	1377
A154T3PN131XGW	1378
A154XJORS3UBDK	1379
A154ZK9ZI3W28D	1380
A155E6PQ1EO3NO	1381
A155I211XLV8AJ	1382
A155LGKHVEBJM5	1383
A155TTVDJSCFZE	1384
A155VWKSSJC86H	1385
A155YL0Y0GKUW5	1386
A156DML61MEQRM	1387
A156GZMS9PA796	1388
A156OCUOZYFAT6	1389
A156WIKLI0MYBA	1390
A156X3WYFF8SWF	1391
A1571I9MUJL9D9	1392
A1579YT6JXUHUF	1393
A157HZYSJ6FOJX	1394
A157NQRMC5ZSER	1395
A157QVHN4DCSVY	1396
A157VKB3MXNFB9	1397
A157WDA3PS4W25	1398
A157Y22M0M83ZI	1399
A1589LHLNWR8U8	1400
A158PW4Q69N6XQ	1401
A158SZUVHXBLC5	1402
A1590Z33LRPDNJ	1403
A15911583TEGTS	1404
A1591OWU2RIVX8	1405
A159ERVX7V6COK	1406
A159H09XJ4LKPP	1407
A159JN8APOJ1JC	1408
A159L4XTJHKM3L	1409
A159LQ9LESHCWR	1410
A159V35KMB7D0B	1411
A15AA61MQK8DZW	1412
A15AO2NBJ8LX2W	1413
A15AQ4BT0DCQ81	1414
A15AQHZSTGPRWO	1415
A15AS4VQVMO9DH	1416
A15AX7PWR2HZE7	1417
A15B3F1CO7JBYW	1418
A15B5ETI78QHKG	1419
A15B7HIV0ZP3IQ	1420
A15B9R4WQMO5FR	1421
A15BAU082KTX9X	1422
A15BCH9AYL7PD5	1423
A15BFNCW3QJ0YQ	1424
A15BH5H071QJZ2	1425
A15BM58VHYIJUW	1426
A15BWMJ9L9BMZC	1427
A15BXIY2WB0TED	1428
A15C0BE7OC3QCN	1429
A15C0V22GQCPCV	1430
A15C0XAGOJ54M	1431
A15C776BMUL9UL	1432
A15CFSRDGFRHE6	1433
A15CL28ALB7MTZ	1434
A15CUV55M506YX	1435
A15D2X8MICR2VQ	1436
A15D672HEM2JW	1437
A15DABZU53RLRY	1438
A15DBVV94XVMCM	1439
A15DESEJI0EMFT	1440
A15DGFJ8GK5XUV	1441
A15DMPSDAQP6J9	1442
A15DNO4V931NDT	1443
A15DQX10DS95EZ	1444
A15DSMRLSMYA40	1445
A15DVMBTM784QL	1446
A15DX6LD3D0CCG	1447
A15EBDXPG3M1BY	1448
A15ED3JIAH1X9F	1449
A15ELI5ZPTJQEI	1450
A15ER9FAH0KWO5	1451
A15F0X7UOLWKT4	1452
A15F1YIG090SCX	1453
A15F40CWL4IL9B	1454
A15F6EJM8GZ7LP	1455
A15FD0OR0CW5F9	1456
A15FS2M4CV6M0J	1457
A15FT1LE5BN6XA	1458
A15FZ94Z52LNV0	1459
A15GGP3M0EXZ4R	1460
A15GJXWN6IKKLS	1461
A15GOTCI6XFED3	1462
A15GXLWRI4JCBB	1463
A15H29CGDDHV9M	1464
A15H8OT3X2CYQW	1465
A15H9BCOXW8A12	1466
A15HFXT4Q1ZFI5	1467
A15HPDAK8FZBA9	1468
A15HQ3V82ANDX	1469
A15HQAWSJZGU9	1470
A15HZ7NJUVE4ZU	1471
A15I71WYQTEFH5	1472
A15I9MM3TK0WL0	1473
A15IG53L0NGMTR	1474
A15IHDHFP5U4QU	1475
A15IK22QQOQEB8	1476
A15IL2OGJG9BTF	1477
A15INUI09PT32T	1478
A15IQO5QZR6YOQ	1479
A15IT8B69C19RA	1480
A15IWUID684RKB	1481
A15J29LOLKEV7B	1482
A15J9HWUQAUANN	1483
A15JC246UXZV5Y	1484
A15JEHADFOYKPS	1485
A15JI4FVKE6TP6	1486
A15JJCW1G4777M	1487
A15JPZIZ73R0IJ	1488
A15JSF1ZVFO3LA	1489
A15JVOY1305KXD	1490
A15JXW8C0PPDUU	1491
A15K0HKZ4MK4XY	1492
A15KFK8U4C29GR	1493
A15KKZTSK6ISHJ	1494
A15KLG5DK0BZHG	1495
A15KNNESUOOZ2W	1496
A15KQ4CG1CNJV9	1497
A15KWG2XIWYA6X	1498
A15KXMKUUL127T	1499
A15KYZQK80N5OJ	1500
A15KZO444F3B95	1501
A15L8THZJXKONX	1502
A15LDYHVYWRN9Z	1503
A15LI24XAWS8RA	1504
A15LJUF2LEKMSS	1505
A15LP8QB065MI9	1506
A15MQ1LI6FV1T3	1507
A15N3ETU8WWAUB	1508
A15N3LZ688LNU7	1509
A15N45ZLLCIDYW	1510
A15N98C8HBYE85	1511
A15N9FB2J8TV98	1512
A15N9GJS15RB1Q	1513
A15NAKFYAFAX3L	1514
A15NBG9R0ON7UL	1515
A15NFAT4JJBOO	1516
A15NHSFQIC24O0	1517
A15NK9DULPAUKS	1518
A15NMCAZ938Z3N	1519
A15NQSCHDUM3XQ	1520
A15O14DRLZBIID	1521
A15O8AFGZ486P	1522
A15O9IW333WQKW	1523
A15OIDBJSBMQ33	1524
A15OY9WMM33HKC	1525
A15OYFK0RPLP8C	1526
A15OZY5Z0JEJW0	1527
A15P3NQB8YPUZ2	1528
A15P4WO0XOSHHW	1529
A15P5QRTDUZS4V	1530
A15P7D58CBL33U	1531
A15PUBCS4N4G60	1532
A15PZ200BH2RVX	1533
A15Q7AJFXUB1QE	1534
A15QEY73C1T9Q2	1535
A15QHQ9SDZX3CQ	1536
A15QQ99HN1MRP5	1537
A15QYUAM6RDXB	1538
A15R12P43W356Z	1539
A15RIMGN32E1AP	1540
A15RL1XD2UJL5O	1541
A15RL5IYZ0536U	1542
A15RW6RZDXGC5V	1543
A15S5S0W13O9BO	1544
A15S6WFE0YLTY9	1545
A15SGCCFKQGHV5	1546
A15SK0MDCPBDYA	1547
A15SNMJJKZTOVR	1548
A15SR03K8UIRCF	1549
A15SU2SZ1VGL2B	1550
A15SX8XCE0KJPE	1551
A15SY7T0YCMT61	1552
A15SZ440TMFVOD	1553
A15T68UYAXZ5HI	1554
A15T9G38F589KM	1555
A15TABNGK6L4N3	1556
A15TL3SFN32Z0K	1557
A15TLV2IPW77U3	1558
A15TM3K5VLY6FC	1559
A15TUCWXL415P9	1560
A15TUIV1XFELC6	1561
A15U64VGUV6RBF	1562
A15UAAF89CZCTJ	1563
A15UFQ06ARNOY9	1564
A15UOTUFLPB51C	1565
A15USGUHAJFSYU	1566
A15USPPVD8I39H	1567
A15V4TJBVYLK94	1568
A15VBTNMNSLADZ	1569
A15VECCEZF2978	1570
A15VFMU0WO8ED2	1571
A15VG6C6WN9K5C	1572
A15VG80BE3MDF2	1573
A15VHV1MYKDP8I	1574
A15VWUART4ECJ7	1575
A15W4MH81RGAEF	1576
A15W83GY1DSULS	1577
A15WEKKWVHV3WT	1578
A15WK80R3F22ON	1579
A15WVCBWN59TOG	1580
A15WYT5M6NY4AW	1581
A15X9QLUJ84V6E	1582
A15XI2BEGGFEOW	1583
A15XNAQCAG14TJ	1584
A15XNKA3FMIS2Y	1585
A15XWEH1FZBKXQ	1586
A15XZ7OW68F83Z	1587
A15Y1LRVE3J4WT	1588
A15YADMR86TT36	1589
A15YBV88LTTGHK	1590
A15YGLGUFG92H2	1591
A15YJ1S2CDJQQ2	1592
A15YO7890PFM1S	1593
A15Z2DWVS7D2IR	1594
A15Z9NKT1H0AX3	1595
A15ZD2UO7V0EDO	1596
A15ZD9SILBZD8A	1597
A15ZF0JR92ZRWQ	1598
A15ZOGAUVPASZT	1599
A1600JC33X4O1C	1600
A1602WP8OHESZD	1601
A160M9DZSM3WUL	1602
A160PUXRSBPTD9	1603
A160RJTJECD1LI	1604
A160T6JMXJ7UQX	1605
A160X3WQQR9TWP	1606
A160XREICKBEWV	1607
A1610P0S7R27G2	1608
A161NXE53ZDW4J	1609
A161PPOKMY2657	1610
A161UE3XC2EJLO	1611
A16211LIE8VOWE	1612
A1629ZI0VTNLML	1613
A162I6DM6GUZKQ	1614
A162M02AGXHX77	1615
A162PJ2EEPA2ZW	1616
A162QIA19QLQ4C	1617
A162UM5Z7B81HP	1618
A162WTE5P7JZ7Z	1619
A1636L9WAKK2D6	1620
A1638QIQRNQ473	1621
A1639H9O317KKQ	1622
A163AAKGZ6ZKWQ	1623
A163BSLTW89SZZ	1624
A163K7LG1IOCUP	1625
A163KDOLIY5F8P	1626
A163KRCXD2S2BV	1627
A163O7RJYQ98SO	1628
A163PDXNGQBQAE	1629
A163T9ZYCMYLDJ	1630
A1645IG8WHCB4F	1631
A1645L84TRXRW9	1632
A164BNFAXZTX6I	1633
A164FHLT61U69A	1634
A164HFMPHEM2U3	1635
A164IJL8YU9CU5	1636
A1656FLXONXQMV	1637
A165EMA3YTIM6A	1638
A165FXC82TCP3X	1639
A165MW6DMLZNDZ	1640
A165PQ4GTHK54M	1641
A165TJ9IOFDXMB	1642
A165YSSD54QMZ7	1643
A1660JZPHFX90N	1644
A166GYQP3655ZC	1645
A166LTPS4JY5N1	1646
A166RFYSEDPY0P	1647
A166WD7MJ2C62E	1648
A166ZEAUD9303A	1649
A1675638X98DAS	1650
A1677UDW5637QQ	1651
A1678XKT044N4B	1652
A167ABU99FT4OC	1653
A167HI3A76CZC4	1654
A167IWPFR8ZC11	1655
A167IZ4SSYEGEB	1656
A167KOGR271OE9	1657
A167XCJQRO7HA7	1658
A167YV3TZWT89S	1659
A168733V5EEH5L	1660
A168KENFPR5SSI	1661
A168SAOQWU7A63	1662
A168UTC2EFSGQL	1663
A168W2MNWJQ582	1664
A168ZQ5E085B3G	1665
A1691HWEQ7B9M4	1666
A1691MGFYKT4EC	1667
A169JXW0SHHRH8	1668
A169RTLW1MN4LN	1669
A169S03NMOMKFX	1670
A16A2UQOEYNV1R	1671
A16A88JBUVG3G5	1672
A16A9V65BIHKG	1673
A16AKOCVJ7LVJO	1674
A16AKXSYOS4QED	1675
A16ALXKQ02SKYG	1676
A16AMRVH5VLUSX	1677
A16AO7UCAMIK1C	1678
A16AQHMIYKG3Q0	1679
A16AS0V8RB157S	1680
A16ATPMEIUVO3R	1681
A16AXQ11SZA8SQ	1682
A16BIIYD9E393W	1683
A16BREDGT46ANA	1684
A16BUXKLIA669V	1685
A16BYZW07VBK8R	1686
A16C3WD781AA2M	1687
A16C9GSQ4HYE5E	1688
A16CBDQH44LK3P	1689
A16CJ128Q2UN62	1690
A16CV6OJMT3RVO	1691
A16CW6JV46H1RW	1692
A16D6LRDRLWQOU	1693
A16DLFHU4YUSE5	1694
A16DQO2VGVMJ5X	1695
A16EBND18E5ZHB	1696
A16ECPBGHLI6W0	1697
A16EIVIBBXFAQ0	1698
A16F0ND34381Q6	1699
A16F8QZRRJPRX1	1700
A16FGHUINGHW85	1701
A16FNNPDTUBLUI	1702
A16FRD7TG0KOEE	1703
A16FRKCHY0M9EB	1704
A16GDVX10TRST6	1705
A16GEFEK463S2V	1706
A16GJGK42YL57C	1707
A16GN6P6QJ1HJN	1708
A16GQ24LK9TPH6	1709
A16GQEDOOOWOQ9	1710
A16GWV5ER89SFH	1711
A16H7DU1WW46JA	1712
A16HAQ4J1EMLSL	1713
A16HJ0X15D2PJ2	1714
A16HLSF2824ISL	1715
A16I6WJUEBJ1C3	1716
A16IELFPQ6OHKG	1717
A16IPC2FA1OQ89	1718
A16ITDLOFIGRKJ	1719
A16J281SJ9QXIQ	1720
A16J8PCLY09B10	1721
A16JB81MP00QYL	1722
A16JCH8VSM5OYM	1723
A16JFS7F856HDH	1724
A16JNA1NIM34C8	1725
A16JQUHLJ4SBLS	1726
A16JV9KHNCJQGF	1727
A16JWWFO4HOC57	1728
A16K26BEGNCXXQ	1729
A16K2CNP6R6S2E	1730
A16K3MQ0SRZBFW	1731
A16KUCB2HKAINU	1732
A16KZ6O3DR8NFJ	1733
A16KZY9JX6CQ8F	1734
A16L430FP4WIUO	1735
A16L6C2WJ0VAZZ	1736
A16LCZ93SCXHYC	1737
A16LF4CHGNPM7B	1738
A16LGRN691LJP2	1739
A16LP97FQ2GMH9	1740
A16LRSJUHO9SAQ	1741
A16LZA8J531WHZ	1742
A16M23X0N0TXHE	1743
A16MEV18VV3NKT	1744
A16MJ7NJ8KYJ28	1745
A16MK9K9E5XWP9	1746
A16MO0OWI0REL3	1747
A16MQYSJCULONQ	1748
A16MWWU3MA0DNY	1749
A16N128AMTRZ5F	1750
A16N1797TO0BJA	1751
A16N7W4431B8HM	1752
A16N9Q5SK9AAOT	1753
A16NOR79P18N1A	1754
A16NPG47QD7XG9	1755
A16NR7IC04HYZ4	1756
A16NRACDFKQ7RD	1757
A16NSLLROY2UYR	1758
A16O2YWCQYGBTX	1759
A16O4D6ONCBKB	1760
A16OC0UK0LFQTP	1761
A16OCREH11T13F	1762
A16OJ9FTF432BE	1763
A16OMUJVUISSH3	1764
A16OU6WSH4KO3N	1765
A16P88ZTPFQO28	1766
A16PBJIFF00ENN	1767
A16PC3XTA0JCJJ	1768
A16PES4E1REI5K	1769
A16PIC4ZO6V3Y	1770
A16PMQP17VCNRG	1771
A16PPW1E26SZPX	1772
A16PUD6V3KAZ0Q	1773
A16PXGUBU33MIA	1774
A16Q4RTRFNUDEH	1775
A16Q5VVDFNJPMZ	1776
A16QF1Q0VYDUMG	1777
A16QFN7ZHP51Y7	1778
A16QFW2E2WSQ2P	1779
A16QI8XW5VAV5P	1780
A16QJAS4LS50KZ	1781
A16QKH496Q7TBU	1782
A16QMPO9COWS3J	1783
A16QODENBJVUI1	1784
A16QSMNYJ737RT	1785
A16QTO05OVNQDB	1786
A16QVR9Z0ASPOL	1787
A16R02T5C7NM7Z	1788
A16RI68PS6T5CA	1789
A16RPMEX8DA3WB	1790
A16RULIGE8YHTK	1791
A16RUM4SJIDL8Z	1792
A16S3UH2SXUNAN	1793
A16S6QZ7OP092N	1794
A16SB7OLHWL8MO	1795
A16SETGAVZBJ1Y	1796
A16SO9GMELGCH5	1797
A16SPGA83A4J8H	1798
A16SQUECSU8F8B	1799
A16SW9SYAMJY9Z	1800
A16SZY8L7UK1UN	1801
A16T0TVEUGHWUF	1802
A16T4TS6226NVG	1803
A16TFV22F32ACV	1804
A16TKE8FF5DPD7	1805
A16TKT9KZEITV	1806
A16TOFQ6BCEL9S	1807
A16TU9RH68PYZA	1808
A16TUV1JXTA6JU	1809
A16U1XBWWPZCNT	1810
A16U8KWHPPJZQZ	1811
A16UV0X0I41A4S	1812
A16V7G3LP1NB1C	1813
A16VC5E75E3KT4	1814
A16VE7QX0UIUOY	1815
A16VL6YBVNMA38	1816
A16WA5AWBHFG07	1817
A16WC792GYEGGD	1818
A16WGR7YU6QIQ4	1819
A16WLNBWXNYSGU	1820
A16WPQ9QVZGIEX	1821
A16WQ9QHZFYIVC	1822
A16WT9L1IC07EB	1823
A16X2EYAAL7K77	1824
A16X2PZ0YL4YGT	1825
A16X5XP2KUML6Q	1826
A16X750Y5Z9O9B	1827
A16XIY5JVX1RQB	1828
A16XP68XX8K6TO	1829
A16XQAJ04IGUP1	1830
A16XR62RVQZIIW	1831
A16XT2NV4FZ0XR	1832
A16XTNXGJV9J7C	1833
A16XTOX0YN89SY	1834
A16Y3GMJREN2BJ	1835
A16Y53UV9BSWIK	1836
A16YBBUUD2GXHR	1837
A16YHJNIKXYZ5N	1838
A16YRMBRN1KOB6	1839
A16YTJBA1MG0TG	1840
A16YU3GRGCD95S	1841
A16Z2OECAUX8Z4	1842
A16Z3HTUIYPDH8	1843
A16Z4IZB5YTCKI	1844
A16Z9OKB0NVI3F	1845
A16ZJZD84H99FJ	1846
A16ZR0EGXWYEJD	1847
A16ZS15CS3LSBQ	1848
A16ZVMZTAICO1J	1849
A1705TNO718MCG	1850
A1706PLSKE4HIH	1851
A1709FKJGXZ0O5	1852
A170BS3EDYSX8O	1853
A170FNQWQ9V1XB	1854
A170G478MZYNIA	1855
A170IMOK9XYS2K	1856
A170RZH0I1IYY0	1857
A170XRC573LDTO	1858
A170Z7HTN9NDIJ	1859
A1718L78QHNDXV	1860
A171D3JXERXSUM	1861
A171DBLVZPLXV9	1862
A171L9DKOSZ8S1	1863
A171MMEUVHEKZQ	1864
A171RJCXZ95YM0	1865
A17267NI5F62QU	1866
A17274KZS68KFJ	1867
A172E9UTRMI70M	1868
A172K1FUXVVMIU	1869
A172NOZS2V9T8C	1870
A172RI8LFL42DS	1871
A172TR4N9AGZN8	1872
A172UW4WBR9PLA	1873
A172W6MG009DPS	1874
A1731WPMYLOSF7	1875
A1735GS9LRSY1L	1876
A173ACUFJ71GEB	1877
A173EKJB16F514	1878
A173KLS7SQUVGD	1879
A173MMG3ICIQMY	1880
A173WV6LDQILN9	1881
A173YIH59HDBAI	1882
A174OBOK0RBJTC	1883
A174P367YZ02ZE	1884
A174PN9BSTR4NO	1885
A174WKT6M54XY6	1886
A1751UDRM42OAM	1887
A17543YPP9IPBC	1888
A175ERQXD6LHM3	1889
A175HQM91O78L5	1890
A175K7AYRUR8IP	1891
A175XXVMLQA98A	1892
A17637EKVDOUK0	1893
A176FJHWT52QRJ	1894
A176MF63WU7V25	1895
A176PCY8KNPGIY	1896
A176SH7UY3AJCT	1897
A176SP11JFKRMA	1898
A176ULLLFY2CZ4	1899
A176Y7DNY6H2DN	1900
A176YAJSD48S6E	1901
A17771LTRWSKQ5	1902
A177E7KGPFCT0H	1903
A177EE11AYO4XW	1904
A177I57EH131CB	1905
A177NCVBI8BFFY	1906
A177TAJSZGRKJ7	1907
A177YAZ2U0OJ6B	1908
A1782OMKVCG212	1909
A1787T7BKMNUY8	1910
A1789JZVEP6Y8S	1911
A1789MU241RZ1	1912
A178FYDM3K4TE8	1913
A178JILUBYJ36M	1914
A178O10M2U0XDC	1915
A178YXOTT53P0	1916
A1798SYP2E2KY1	1917
A179DHXJ97R00F	1918
A179HCH1SJV6GF	1919
A179IBBGJNGN2V	1920
A179KPYD5VAYT2	1921
A179T9J0AFB2KG	1922
A179Z7ZOBCU4B8	1923
A17A7XDQ52S2FN	1924
A17AOCEYO7R70G	1925
A17B02WUKS1STN	1926
A17B5MI9KY7U27	1927
A17BHOQ8R8NBFY	1928
A17BUUBOU0598B	1929
A17BUXSHOUOP4M	1930
A17C67I14WSI2A	1931
A17CCYF1ECGH5J	1932
A17CP9JFZSFH2O	1933
A17CR091L34ZC	1934
A17D61T2NYET6G	1935
A17D8RDGKBZ5TX	1936
A17DDOSAHUTFU9	1937
A17DGC9GPINXW1	1938
A17DHUL01TOL30	1939
A17DIKUTVOU7ZM	1940
A17DPHLLOTRXCX	1941
A17DSCGDJ6MZXS	1942
A17DVWUVQBSNZB	1943
A17DVX4TO6LTZK	1944
A17E41FHHRRXW8	1945
A17EBDN3OCQYTL	1946
A17EDKQSNGL8IL	1947
A17EHJ9Q8N3U04	1948
A17EHS8XFFMJP9	1949
A17EO1YJ50LGZT	1950
A17EO39JRAA6UX	1951
A17EUNE7M6D0EO	1952
A17EY74PC3DFH8	1953
A17F77Q8HQZ42V	1954
A17FENDLYET8GR	1955
A17FIJ4RU3FTGE	1956
A17FPA3MCYTTLD	1957
A17FRVT0AIK588	1958
A17FXD8S4QDXNQ	1959
A17G9PZ52WWFXS	1960
A17GCI2ZI451H1	1961
A17GO98TO5OUF4	1962
A17H3XJHDUHJR	1963
A17H42ZQZV1RQS	1964
A17H9F7Y937A7H	1965
A17HFVW0W1QCP2	1966
A17HLVJOJFCAVU	1967
A17HM0PHP0LGP1	1968
A17HMM1M7T9PJ1	1969
A17HQI4EHHM4B9	1970
A17HTUFTF66S2G	1971
A17HW12VKRBSSU	1972
A17HZF5SRLGUX7	1973
A17IWN39WNNAKG	1974
A17IXGBMALDBGF	1975
A17J1T982QW7YS	1976
A17J9EIIP6WF2Y	1977
A17JAB82HTXVZ0	1978
A17JBI5HISF355	1979
A17JBI66M48RX	1980
A17JHUT3ECN6LK	1981
A17K6WB5PGT3UV	1982
A17K97OPGIB7GI	1983
A17KJPB5F0OXBL	1984
A17KKJTVACK54Y	1985
A17KKMRGM91D8K	1986
A17KNKWCU3VQCC	1987
A17KUM0348FWYG	1988
A17KX4CH66GVKF	1989
A17KYUIQ8QYM2O	1990
A17L39BEOSQNTI	1991
A17LBX7T648JLY	1992
A17LC0ZQBQFQHI	1993
A17LONFCHW0QC0	1994
A17LPEE3TW9S56	1995
A17LPGJKVMUR94	1996
A17LPLXKKEAK5H	1997
A17LYFAD4EGJXL	1998
A17M1HL6U2GS7M	1999
A17M205LSUQ2EJ	2000
A17M2VUHLTAG58	2001
A17MBLP80LHTED	2002
A17N0DJNAS792Y	2003
A17N2TIMK0LILK	2004
A17N6FSQN8DZ01	2005
A17N9RA7DPVS78	2006
A17NBATBHU8GP9	2007
A17NBN777MIKQ3	2008
A17NNFDZQ97JTP	2009
A17NNY19E5IIOU	2010
A17NOO2Z9CLKRJ	2011
A17NOZZ7ALR7EU	2012
A17NSCI7EPO8IX	2013
A17NVM7IAPF2NS	2014
A17O3DQ9HRKMR3	2015
A17OA5A06LI2C1	2016
A17ODKZV8TK69X	2017
A17OF6WF11SFPG	2018
A17OI1AJW5VTGE	2019
A17OKIPORX8WH4	2020
A17ONEEDFFQ6JT	2021
A17OSOO1PIUG7U	2022
A17OTTF2C5JO7O	2023
A17OUONT0Q4Y8	2024
A17P07RGP1ALIS	2025
A17P5N52BH91E1	2026
A17PADFFUPKPEZ	2027
A17PALQ04J0OP5	2028
A17PNQ7AG0BHF4	2029
A17PU0XFMWFF40	2030
A17PX2OCUC2SQV	2031
A17Q27EN1L7APM	2032
A17QMZOLIZDQSK	2033
A17QXD81YAS0O8	2034
A17QZ29IH7GRM7	2035
A17QZ7K5E9YF6A	2036
A17R2V948HG3M	2037
A17R5OB1QS79GX	2038
A17R75VICAODNJ	2039
A17REMN3KYVGTS	2040
A17RNSZYOEZ4ZN	2041
A17RQ3OSK7IRBE	2042
A17RRU8N4M0W5O	2043
A17RRUGM377DWP	2044
A17S1J08KC6CL5	2045
A17SB909AO8NE5	2046
A17SC20W6RL76F	2047
A17SEHFB2UXGR7	2048
A17SIWKE6DMA26	2049
A17SLPSZ5L2JEM	2050
A17SS3PA1DCTTG	2051
A17SS6FWDLC02E	2052
A17SY3D8NDF1H1	2053
A17SZSI44O7NMV	2054
A17SZZO9LM3WYC	2055
A17T6NPM93VEW4	2056
A17T97R7KHZ1JO	2057
A17TA0NYMOKKEB	2058
A17TGD0FLF5U89	2059
A17TLYHRMU7RZL	2060
A17TVQPLY3IKC	2061
A17TXJ5ZVYS42Q	2062
A17TYBG9F2HE2U	2063
A17TZHZW91XXQI	2064
A17TZOL9AODA2O	2065
A17U12E2LNDSYL	2066
A17U130E9YONJJ	2067
A17U95E3C4C237	2068
A17UAPG5YJK5HJ	2069
A17UC67RGH4LW3	2070
A17UGHP2DJUUG0	2071
A17UJVTGBD6Y8M	2072
A17UNMURMLX0ZE	2073
A17USEQCX31NS2	2074
A17V299098QPW0	2075
A17V2N0N8CXSA9	2076
A17V6IWPTMUXXY	2077
A17V7NILBVITLU	2078
A17V9XL4CWTQ6G	2079
A17VA89KW9XYNF	2080
A17VL4911CGAJE	2081
A17VP1YBA73186	2082
A17VSILM176RM7	2083
A17VX93L2OTSA8	2084
A17VYZM1SAX9BR	2085
A17W1CH9IPIM80	2086
A17W2VOF6HE2XE	2087
A17W8VVEGIIRAD	2088
A17WBRP4XK3UT2	2089
A17WCM5NQXCER2	2090
A17WENV4F2QJHY	2091
A17WFISQ13WLF9	2092
A17WG8R67D923N	2093
A17WKDP2IAO1GL	2094
A17X3RP1XWAONC	2095
A17X8L9MGETKDZ	2096
A17X91STB6652Z	2097
A17XFDVVYHFI6I	2098
A17XKO1BVYP3XQ	2099
A17Y465UXZOJE3	2100
A17Y61VABTP5EV	2101
A17YBR1CKSEYNC	2102
A17YC88QLE3K95	2103
A17YGQ4ANHH6T7	2104
A17YJAIARLMCKT	2105
A17YPB3JICRUK2	2106
A17YPTSJ9UFDJ5	2107
A17YQ4RL8M3JE2	2108
A17YVH6Z872I9S	2109
A17YX5CQMFNGIE	2110
A17YXDVMGV89J4	2111
A17Z168DB9UBM6	2112
A17ZEY9MMDOCBT	2113
A17ZHSCXA5PJTQ	2114
A17ZJOL94SW576	2115
A17ZLWN19HCQ3X	2116
A17ZPLHRUPPEG5	2117
A17ZRY41RYPK05	2118
A17ZTW9CNCNYTF	2119
A17ZX9IE1WY73E	2120
A17ZYLGKA99QBO	2121
A18011LY5SHJSV	2122
A18048M17M33SM	2123
A1807OI45ZRKEM	2124
A180AF2IAIK5B5	2125
A180AIG9XAXU9B	2126
A180C3CTW4FWDI	2127
A180OPIWZ4SGOB	2128
A180OT91NFU8HT	2129
A180Q1KEFQ8SSB	2130
A180Q3R4QIJ6X7	2131
A180QS3GRK3T1O	2132
A180T3EF70YWCN	2133
A180V0Q0ENRCB9	2134
A180Y3G9OVEW60	2135
A1810C2VJLPYAE	2136
A181B9H3909U0A	2137
A181HNULVF5SUN	2138
A181QQKDEDIBJG	2139
A181QRUUEM3W09	2140
A181WFD83AI8RF	2141
A18235DSSBJQ21	2142
A182BL642WB691	2143
A182BV2R39Q0NN	2144
A182C5HWO7OSNY	2145
A182J0JGBXQF	2146
A182JFE3DME50W	2147
A182MM3XI8BRLJ	2148
A182NWQHS8JF26	2149
A182W30TJIJ46Y	2150
A1830FQRD81MRL	2151
A1832147VYA5H4	2152
A18369UKVSN5M7	2153
A1836KX8HXAPDG	2154
A1837741B85RDC	2155
A183CAB17EXENM	2156
A183G8TYWOQJ12	2157
A183J0D62KRY07	2158
A183M0APB0QYD3	2159
A183PEO9JXJ6FN	2160
A183V87HRP6LA2	2161
A1844ALKTQ66O4	2162
A184BM5YL4WADR	2163
A184D5Q7CYHM56	2164
A184FWYP7KMYPC	2165
A184GDAELU443S	2166
A184KYF50IIHRV	2167
A184MQ6CVJ78YT	2168
A184S3GADSE9S	2169
A184WEXEIF1439	2170
A1858GJWHW80HB	2171
A185BASJRYPFFW	2172
A185E3JGJ1QUJ1	2173
A185IPKQDDHS58	2174
A185KIXEY9QZRQ	2175
A185MCVXY0NYU9	2176
A185NJ02IS3M0	2177
A185PS7S30E7M4	2178
A185QFJRTB5W93	2179
A185UO90OBOMZC	2180
A185WTDGM3PAWB	2181
A186F71MKIRIEQ	2182
A186JTG8UJIMRE	2183
A186P4383XFPXK	2184
A1878O39ZKG24F	2185
A1878PZH88TIDJ	2186
A187EM58V3GE2E	2187
A187KRF137V93	2188
A187UOK5OSAHOM	2189
A1882ZD09ZK09L	2190
A1884ZF4LISPQN	2191
A1886BXCJ096AH	2192
A188S2HH77HKAN	2193
A1893518A6WB9Z	2194
A1897SUFVV4IQK	2195
A189BPUDLRCQEQ	2196
A189HW7GZ76ZJH	2197
A189J3RQ733HVC	2198
A189SKMLBX9P98	2199
A189U07HJ3ANI5	2200
A189YOAZ65PC6G	2201
A18A136L1C0PO2	2202
A18A6Q2JG71FG0	2203
A18AFMRL4DJ55C	2204
A18AHY846D1AOA	2205
A18AKZ06XB2V9S	2206
A18AMP3240ZBML	2207
A18AOCQ4LMFBTA	2208
A18ARJ4WZCIYXQ	2209
A18AZU25XB39FB	2210
A18B1YWLCFE125	2211
A18B28FB5FRJDY	2212
A18B6JVBRCUHMX	2213
A18BRSDLJQL10D	2214
A18BUG9M318G96	2215
A18C2442Q08VHT	2216
A18CBDOBMNYZ0V	2217
A18CFAP6PAMQAN	2218
A18CNERCUETDSS	2219
A18CXK5MDZ8DXW	2220
A18DDVWS91JPH2	2221
A18DJP0AUKAF52	2222
A18DPKBSHJDB75	2223
A18DPUAY2OKRHN	2224
A18DTHZDQC1I5S	2225
A18E6MVI8PT1DG	2226
A18E9REVL6H3IJ	2227
A18ECVX2RJ7HUE	2228
A18EDTR4ES6M7R	2229
A18EL3BETMAS3J	2230
A18EP3H119CBM2	2231
A18EQZ8EIR31YU	2232
A18EUQFB1I3CGA	2233
A18F2LV8KPS7FM	2234
A18F6EPN8MVV3Q	2235
A18FGLJAXAKY8C	2236
A18FHSIVI3I36S	2237
A18FLOC8YQY0P8	2238
A18FO6832LOCKS	2239
A18FOZ2W81QI45	2240
A18FSMRA0UD48N	2241
A18FVXL05I2YEO	2242
A18G1FGYT38GDO	2243
A18G4OGWT2BLJV	2244
A18G52APB8CY09	2245
A18GB7XUCCU3OW	2246
A18GJ9MYYO6GCQ	2247
A18GLUMLVKX2FS	2248
A18GSPSWGFS20A	2249
A18GU8MWT19L8H	2250
A18H4YVYNSSKGB	2251
A18H777GUUXKHB	2252
A18HE80910BTZI	2253
A18HE9VHNKR6PQ	2254
A18HEKY3U3QQUV	2255
A18HF80AKWBXKE	2256
A18HVFSVW1MPHQ	2257
A18HZKMCSLNKRI	2258
A18IH56GBQ6GOM	2259
A18IKMCKB6BOPO	2260
A18IZ3RTL9SD4V	2261
A18J2LDRICYN6H	2262
A18J58NUCG4CXH	2263
A18JEPQ3S2VIKV	2264
A18JF0T0GOCORW	2265
A18JIKI7GOGS1X	2266
A18JJH624VAFZ4	2267
A18JPIR8S1P49I	2268
A18JTU4XWE3P5E	2269
A18JVTBN0IJARN	2270
A18JZAS20LJ9L3	2271
A18K2BOXB6NLL0	2272
A18K2NLOM4CP6P	2273
A18K5RTT7D8T1S	2274
A18K93BUBMS39A	2275
A18KDBCRA78EW0	2276
A18KLF3L0RIY69	2277
A18KO925KQXPY6	2278
A18KXN2MQAPKCO	2279
A18LBWRX382X1Y	2280
A18LLMRVBULCI2	2281
A18LMESO7EN5BQ	2282
A18LPDVHEIKOG1	2283
A18LRCJF3KT86S	2284
A18LW76H2OQ1KE	2285
A18M5GIK1EI5V4	2286
A18M6CNNHYMXGC	2287
A18MHP18XFGWR9	2288
A18MLTGIK119SP	2289
A18MMME07XZLYO	2290
A18MPFCZWGPGZR	2291
A18MQWHBYS6MLN	2292
A18MXX359NO0UZ	2293
A18MZSJ66764RL	2294
A18N174URCKDN9	2295
A18N6C8V88M1F8	2296
A18N83O99HL0N5	2297
A18NEOLYNRRVCH	2298
A18NLG35HLRE41	2299
A18NTMMQ6XDVQU	2300
A18NTTHSLB2ON4	2301
A18O5F0HY5IYB1	2302
A18OANJRW3CH7C	2303
A18OBTSF2HY329	2304
A18ONMIU36J10T	2305
A18OTCHQ6MXD6X	2306
A18OUQEK7IZ2F2	2307
A18OVOF8EB0EFY	2308
A18OXM0HXRIUIM	2309
A18PLMB2XLWRPQ	2310
A18PT6LY1EBVPI	2311
A18PWDGYI9AK7A	2312
A18PWSI8CV5X88	2313
A18PYLEFVU8C0G	2314
A18Q1HL3P5W8LW	2315
A18QAN6B654MD6	2316
A18QGYBBKNEGZD	2317
A18QHLVGEQZQ0C	2318
A18QKNVFTK9VXW	2319
A18QSYLE71TDRX	2320
A18QU854R4JEN3	2321
A18QVA33CVTWCG	2322
A18QYOAV9G4ARZ	2323
A18R0KXH8HVBEK	2324
A18R2XJH49IMWF	2325
A18RMMN0N0P1IS	2326
A18ROCT2E5O5NO	2327
A18RVDGXJJX0C3	2328
A18RX4S2ZIL84W	2329
A18RZ5Z6XECUNN	2330
A18S2VGUH9SCV5	2331
A18S5TPM91DWVE	2332
A18SC1ZF6PG7FC	2333
A18SCOT5RXB596	2334
A18SNLASKS8H73	2335
A18SRVHBJZNC2S	2336
A18ST8E78Y4OIT	2337
A18SX7VF67NF36	2338
A18SZFL1UFG8HB	2339
A18T140PC550L8	2340
A18T5PMU5CD6U2	2341
A18T8S64ZT38JL	2342
A18TLJ8PZ4KYE5	2343
A18TQS421H5EW2	2344
A18U05IGMK1FVV	2345
A18U19WP5ZG3WU	2346
A18UOKCXRZQ15S	2347
A18UP5ECBXEHZI	2348
A18UPBNF6NSQIK	2349
A18UU3DUSVOJGN	2350
A18UVHCREY2RE2	2351
A18VHVC7JXA7H7	2352
A18VIDHJRVQQ3Z	2353
A18WG2SOKYUWAK	2354
A18WGDWT29P45J	2355
A18WIUPWJTW0WV	2356
A18WN51O51H8ML	2357
A18WN6QSQXFR6M	2358
A18WUUFY45DOWA	2359
A18WV35VL19J10	2360
A18WWSA2XG7O9C	2361
A18X6ZT4AEYVKB	2362
A18XAU697X9NBF	2363
A18XQHPDDRK2AZ	2364
A18Y9GVHGQO1VP	2365
A18YG3RY1WRDWI	2366
A18YJ62UKYK9OL	2367
A18YMFFJW974QS	2368
A18Z0AQ1IQCWG3	2369
A18Z4PYBB9L9RY	2370
A18Z6R6JDLWM5N	2371
A18Z7ICRLVHBBP	2372
A18Z8D93ZJGZXT	2373
A18ZALJ56S60KP	2374
A18ZH84H9V7YMU	2375
A18ZQSPPXSIIKJ	2376
A18ZSWBAGJ2GF	2377
A18ZYBZLR66IWK	2378
A1901NTE8LFJF6	2379
A1903JKQZWZ6OZ	2380
A190469I9TXSE4	2381
A1904SVYIWDFP4	2382
A190EMPCHI6SSH	2383
A190SYGDL3G0E1	2384
A190URYP3TKNSN	2385
A190XX3D6K6S15	2386
A19123D9G66E0O	2387
A1912VY95GACSE	2388
A1916DVHC281UV	2389
A191AMOO5QYHPC	2390
A191DR9D1RBI5H	2391
A191EY7HIDXEJW	2392
A191F1OUA0L659	2393
A191HTSAUYZDMP	2394
A191IA31S4VEJX	2395
A191IB2XKUQCQ3	2396
A191K8YI3ZPBNV	2397
A191KCBQAOA98R	2398
A191RYS68F08XH	2399
A191THG72TQAYI	2400
A191U8NY564Z5S	2401
A191V2ZKDBBNZH	2402
A191XRGSRTNKLC	2403
A1920SX9HJ7UR6	2404
A1926X9M28PY9R	2405
A192ABN966CLXH	2406
A192F20DOYE2HB	2407
A192S3VYMJ94Y0	2408
A192S9LJXWYUZM	2409
A1930DWCIQQKYI	2410
A1938KW8A5PTLD	2411
A193E917HBSM1A	2412
A193N1JF80123R	2413
A193P6NOY8AMNB	2414
A193S8MWNNXNA0	2415
A193W3E3OBLKKC	2416
A193XRW1AV2F7U	2417
A1940MH85D8FKL	2418
A1949E61IXT41X	2419
A194BBLXC4BJCW	2420
A194GCMQ4689YZ	2421
A194KPFIYXTZMC	2422
A194VMZFBUOWG8	2423
A194X1U5MG2WQY	2424
A19555HHQFZ5FR	2425
A195E0OPT3Q0YU	2426
A195HMXA1J84QP	2427
A195NQ6TM56Y5T	2428
A19642LF2ENVVF	2429
A196AJJC5CFR2V	2430
A196BMVHND35N9	2431
A196EE7NHEO4HM	2432
A196HBNB0JS9AI	2433
A196JKX8TUI9FT	2434
A196N2CMPPI58Z	2435
A196O43KTFLJGK	2436
A196R7BCMF1P2H	2437
A196RD2BCF8EMN	2438
A196V1SXFMTOWD	2439
A19789174MB31F	2440
A1979B3FLBW9VT	2441
A197G88HI80BYI	2442
A197HSJM5ILFZ1	2443
A197KRHKLG2LZU	2444
A197N3JNSDJL6X	2445
A19800ROWPNGMQ	2446
A1989ZAAZTY61Q	2447
A198ID6QK7UF86	2448
A198ISRP1WA9BO	2449
A198JGOF1W0D69	2450
A198JRUIP09HX5	2451
A198M14VOJOPJE	2452
A198P3WUJRU4JI	2453
A1997UAKV9Q9VK	2454
A199EPXCPE9YJ5	2455
A199FKAKFDSY3J	2456
A199FRO0YFMGED	2457
A199GK76BBAZ8B	2458
A199IPMLMRRRMH	2459
A199LS6HP26Z7N	2460
A199T60RK2JCLL	2461
A19A0N8KYJM7UE	2462
A19A366P16LISJ	2463
A19AGAFE2FSAZ8	2464
A19AH51IE74FU	2465
A19AI3UHNC5E4Z	2466
A19AIVXSO40F90	2467
A19AJJWH6HIGIV	2468
A19AL8BAS9CMZ	2469
A19AP7836IWLNY	2470
A19AT85QWVS6CT	2471
A19AVLULHUAQGB	2472
A19AXCVXAM7NM2	2473
A19B45AFSNKGHW	2474
A19BDDDQHLB0H3	2475
A19BG60VHOAW1	2476
A19BSIPX4JH936	2477
A19BYP700A1I1U	2478
A19C0O99HIOZCO	2479
A19C36U6S9FKWU	2480
A19C3O8ZS65QIP	2481
A19C4WE5N9WJLU	2482
A19CDACLSK0IJA	2483
A19CDWWUOMXRHD	2484
A19CGMZSGZSSIN	2485
A19COUGKGEBSW7	2486
A19CPE0ZQO7654	2487
A19CQVPGP5JVCZ	2488
A19D15W1QGD6TV	2489
A19DDULX2H5LLJ	2490
A19DQ4DRVOW387	2491
A19DRH9MWIQ5ZP	2492
A19DWSHBGEDL1R	2493
A19E7ZX9RYUI3F	2494
A19EKT8H85AKO5	2495
A19ETYGUVX1B8	2496
A19EUE5F9RYWM5	2497
A19EVWARPV18L8	2498
A19EYVR8K3UEG6	2499
A19FHJGJVTV5PV	2500
A19FJWK99W00M1	2501
A19FN9USPI001	2502
A19FRW264WZTGP	2503
A19FSIKJESEF35	2504
A19FSUKAD23OGS	2505
A19G1RVIGSZD94	2506
A19G4SYRELEN	2507
A19G8R8RRGV2JQ	2508
A19GD2EUD8OMJP	2509
A19GNIXYN266KU	2510
A19GSC3QMK694Q	2511
A19H48HFPM8Q1Z	2512
A19H6VPVCZ3WE9	2513
A19HEWE7Q34WRE	2514
A19HJ0SA8JP93W	2515
A19HKRB4LU5YR	2516
A19HQ5SCEC9DN5	2517
A19HQO2SFCOON2	2518
A19HT7YC1UW3D6	2519
A19I3NR9S9D9U	2520
A19I519LP4E6TN	2521
A19I6Z5SL826DB	2522
A19ICZ6K5FH9JY	2523
A19IH70IIDS31C	2524
A19INCN31ESNMI	2525
A19IR9JE0IF9T5	2526
A19IY8I48XM1L1	2527
A19J21MESUB1MM	2528
A19J3IYUX6Q0Z3	2529
A19J47SKKMOAVC	2530
A19J8FRR1ZLZGD	2531
A19JDXB5R33C7R	2532
A19JFMVUJKHL8U	2533
A19JIXMQHRIBBR	2534
A19JJNZU9P2L3J	2535
A19JQDF4EJ5FLL	2536
A19JTW0VB6O234	2537
A19JZ79PJLFL21	2538
A19K6NZRNZX18B	2539
A19KL3YZPEQCJO	2540
A19KLO5XOT8JPI	2541
A19KLUZ1XD3SRN	2542
A19KUWWB6UWE2T	2543
A19KWIQMW85HDS	2544
A19KX5VACH3VYU	2545
A19KY28F0U7XX5	2546
A19KZNO7QAMW1M	2547
A19L9RJ2CK1HS6	2548
A19LF8H78H24KJ	2549
A19LQ2Z6SE4A6V	2550
A19LZ8ZVXSC6IQ	2551
A19M4RQG7241KS	2552
A19M9W1SGSIBCV	2553
A19MC8T5RM8LTI	2554
A19MKGRXGJ5KM7	2555
A19MMYMZO363KM	2556
A19MQWQFNXKU7E	2557
A19MYQ2UFBUKRZ	2558
A19N2GZN4A35MU	2559
A19N3S7CBSU6O7	2560
A19NBXXE81E10J	2561
A19NDFSIV5K2R1	2562
A19NDX9QNV74DL	2563
A19NP8YYADOOSF	2564
A19NPRGK6II9YS	2565
A19NRX41ZIVLN5	2566
A19NTQH47ZS5BG	2567
A19NXROUJODE9X	2568
A19O2LW12606BO	2569
A19O2QFAHJ4DZ7	2570
A19O634GMWB47H	2571
A19OTJMNUV7I3B	2572
A19OYKIJLXQLMP	2573
A19P4CUR8JWPR9	2574
A19PEGGCYHGY4K	2575
A19PFGEY8ZPH3Y	2576
A19POA7RJPFV8L	2577
A19PPQVEKKJV1X	2578
A19PRKOSGWFB72	2579
A19PU25XXOA33T	2580
A19Q067822QXPZ	2581
A19Q0XGUC5NWV2	2582
A19Q2HB3J4FCB5	2583
A19Q4AT500WCBW	2584
A19Q4XTJXXC2ON	2585
A19Q7B8ZGHGPVR	2586
A19Q90IFKFFHNS	2587
A19QBJDHS4Y76J	2588
A19QEX51NCQSCT	2589
A19QJM2E7P65FI	2590
A19QKBWRI072AC	2591
A19QM6GJ0AFT0D	2592
A19QMRNS67L59H	2593
A19QRSGYB6JGBJ	2594
A19R764IM3YNOX	2595
A19RAHY9MQO1VN	2596
A19RDF1FGB95FX	2597
A19RGDJPNZ7NZ	2598
A19RHVT87IL81Z	2599
A19RIJSAQXTZG3	2600
A19RL6YP14UI2I	2601
A19RRTKHBS1MY7	2602
A19RW25Q6206I3	2603
A19S189F5CU7RW	2604
A19S429TVIV6UK	2605
A19S497M5TDI3T	2606
A19SE069BAQ4K6	2607
A19SO0CG1LU11F	2608
A19SPPBZVIOGLS	2609
A19SRR3WBARZPD	2610
A19SV5UABHFL6W	2611
A19T92YFURKQV2	2612
A19TB9BZYVBWAU	2613
A19TDFZYORTC07	2614
A19TGW2FCAVBPH	2615
A19TOK36YMEUSK	2616
A19TU7NYZLFQD0	2617
A19U0X3L8FTQS3	2618
A19U3O29EUH8HC	2619
A19U7Y3SPBSU26	2620
A19UHPTS6JB1JO	2621
A19UI5KL20KJXE	2622
A19UM5JZK1AY85	2623
A19UPG75K2W1ZZ	2624
A19UTUEBWKIZFT	2625
A19UXFUOX9HJ4N	2626
A19UXSBKZ6ERB8	2627
A19V1QM8A488KI	2628
A19V314BI73H2T	2629
A19V65EEFOPVBW	2630
A19VISO9EHD1OM	2631
A19VNC8XOBGEZY	2632
A19VUHNCGDI93V	2633
A19VWA2PISJBMT	2634
A19VZPSV980JNK	2635
A19W16ZDA1FX5M	2636
A19W47CXJJP1MI	2637
A19W90TLTRQRQB	2638
A19WB4OO3EF0MM	2639
A19WEEGB05YAZ3	2640
A19WQFX3JJJ2UJ	2641
A19WU7G1N2CP8C	2642
A19X1STZMTEIB9	2643
A19X2OJBECCX14	2644
A19X8AO1OMWH6B	2645
A19XBCO6ZN2PDS	2646
A19XC6Z95GK5AB	2647
A19XMHRB3G4DIR	2648
A19XVC932HVJ5G	2649
A19XXZNKJ6FLCN	2650
A19XZDFMSCBZ10	2651
A19Y2T6ACQXTUU	2652
A19Y3L7FYIFZR3	2653
A19Y5ZYCI3TQEY	2654
A19Y9O2Y5MX316	2655
A19YNFIAO5KHGP	2656
A19YOYY7FLQMA6	2657
A19YPDHT4ZZQOC	2658
A19YS2UWGDR6WM	2659
A19YUFBS693ZQO	2660
A19Z9LLHCK7DV9	2661
A19ZDE50BJ0QIJ	2662
A19ZF0F6CNEJ2X	2663
A19ZFWKTJ2D360	2664
A19ZJINBXOBOO4	2665
A19ZM9NAFLVW3B	2666
A19ZMZPAR177WN	2667
A19ZOA39XCILA	2668
A19ZRAIDBMQD7M	2669
A1A00WVJM7Q14D	2670
A1A027UELK4JZC	2671
A1A08OY61421FW	2672
A1A08Q78PXN38Y	2673
A1A0A85GGSNSX7	2674
A1A0K5QFVN4THO	2675
A1A0OVA9LRFRW6	2676
A1A10Z03W5LC4S	2677
A1A12PQGGTF63A	2678
A1A13SOBLDFVNX	2679
A1A1APGBO2OG55	2680
A1A1FIHMPN5KS2	2681
A1A1ICB5TQNH9Y	2682
A1A1O9ZAMILJ1V	2683
A1A21GIPMY89BZ	2684
A1A246CHLG25T2	2685
A1A27WKWL8JRR8	2686
A1A2A2CIVC2DQG	2687
A1A2DJ44Z93L7A	2688
A1A2E4KMUNN9OB	2689
A1A2P71PUVYY1X	2690
A1A2RIUHKZG9TS	2691
A1A2U1MG2V2T6Y	2692
A1A3AJO17JKLBU	2693
A1A3BDGNUJCD6V	2694
A1A3IXH7BJQ91V	2695
A1A3JIMJCG87GW	2696
A1A3KG5V6HDKNJ	2697
A1A4427QMHS101	2698
A1A45IW850QZBT	2699
A1A4MAEB4LTJ6G	2700
A1A4OLMJB42RE5	2701
A1A4QS1KBUTM5C	2702
A1A4UR7Q9ACQEW	2703
A1A50RAXXLFMJG	2704
A1A51SJ6A8F24S	2705
A1A5483OCQLTVP	2706
A1A54LFGJIF7YO	2707
A1A5CBJOKFL8KR	2708
A1A5E0CKH5SASQ	2709
A1A5S22PYC8LVP	2710
A1A5YCDT4CWDHO	2711
A1A5ZVCDUKIPUU	2712
A1A5ZZ914B919Z	2713
A1A6GHN0ZN4TBC	2714
A1A6GLL4TYDP0Y	2715
A1A6J7LO9NWICA	2716
A1A6JOLLTYG4Z0	2717
A1A6N966GRRERU	2718
A1A6UM481X2OG3	2719
A1A6XAIC6525UA	2720
A1A73HOHWV16D0	2721
A1A7AKI6AUSBSO	2722
A1A7B1GJFYDPU4	2723
A1A7B4LE1NTX1U	2724
A1A7IT84GC31C9	2725
A1A7KHCN7M877D	2726
A1A7MTFGWYNC63	2727
A1A7O8VOGY1TFW	2728
A1A8C8OQ8VEAM7	2729
A1A8EO4B4DDFSE	2730
A1A8J9KJGZCA8U	2731
A1A8QUNVOSA7VL	2732
A1A8Z2D95PI9FK	2733
A1A90PH8V2JB3K	2734
A1A92PBBWDUB0X	2735
A1A99MIJX3IRFV	2736
A1A9DIM802STMK	2737
A1A9DOYK7JT8U6	2738
A1A9H230IUTY1F	2739
A1AA341HZ6QRQG	2740
A1AA7ZPU2BYT5V	2741
A1AAG9O5GQA1YA	2742
A1AALH063P9UB5	2743
A1AANYVDE04JF1	2744
A1AAOZPZ727SS7	2745
A1AAR8QZMCVVRQ	2746
A1AARMR653JKX	2747
A1AATGL9WY0A7M	2748
A1AAV5O45U351H	2749
A1AAXCZ6S8NHI5	2750
A1AB4XB4ZLIELJ	2751
A1ABFKRXBPBOJD	2752
A1ABO70YM67AEG	2753
A1ABVBD5C42CO2	2754
A1AC1ZXX9IBCTT	2755
A1AC9ATFVB74O7	2756
A1ACPVKA05P256	2757
A1ACSTJZI83WSP	2758
A1ACTR42JKCHIN	2759
A1ACWIP9ZBMYTH	2760
A1AD4ZNV425XXG	2761
A1AD87U2VMKSV	2762
A1ADE3V0BQJKUV	2763
A1ADOX18L7N1PD	2764
A1ADR3ZP9NHJJS	2765
A1ADRUW91D3UNT	2766
A1ADUG891654KK	2767
A1AE0UKT4Y0L78	2768
A1AE35X796T0L7	2769
A1AEAEG5RH5HS3	2770
A1AEG939ZJFS0F	2771
A1AETMX0LR3XTQ	2772
A1AEYH50X9ND1N	2773
A1AF3GKB6VURL9	2774
A1AF579B3UJHTI	2775
A1AFLCNBUMA0GF	2776
A1AFMD75RYHIXV	2777
A1AFMK8MTFDR82	2778
A1AFY8WLHKC20T	2779
A1AG5ALTZPC4OA	2780
A1AG5TJZMPZJDM	2781
A1AGALAH6FWXI3	2782
A1AGF9X1EU0R0L	2783
A1AGUO5PPZQL6S	2784
A1AGY1OL36V4LS	2785
A1AGYG75O7I98E	2786
A1AH5QAQL7XAZW	2787
A1AHG76Y8S89BJ	2788
A1AHII2R0R6FAE	2789
A1AHJRR5TRW4TL	2790
A1AHMCO3BV0G4J	2791
A1AHSLKOKA3MC3	2792
A1AHTZ9WROFFV1	2793
A1AHVIGEDHH24S	2794
A1AHZY0LGMWKDL	2795
A1AI5D923R5VJY	2796
A1AI7ZWT4DTE7I	2797
A1AI8Z3600TSST	2798
A1AICA8YMSHHVU	2799
A1AIGBCU2HW850	2800
A1AIJAHUL50HT	2801
A1AIOEBK9116RD	2802
A1AITDWDCN2RNJ	2803
A1AIWRWQBFLCJ2	2804
A1AIZ0LGWYKMK7	2805
A1AJ0PF2AG01WH	2806
A1AJ4FB624PU1F	2807
A1AJA1T3GWKMGZ	2808
A1AJGMMMX0E7X7	2809
A1AJOICLXZUICA	2810
A1AJQZB4WUN282	2811
A1AJWKDTC5Q9K1	2812
A1AK05RGY8BBVH	2813
A1AK3IFQKND63Q	2814
A1AK4LD00WZRDS	2815
A1AK8ADQJRXA39	2816
A1AKAC8VSCS824	2817
A1AKHSY1ILBHTG	2818
A1AKTV629GW4YD	2819
A1AKW788238PWQ	2820
A1AKWU5CTXLZB1	2821
A1AL0VQMSOOQFF	2822
A1ALD09SAYLVYI	2823
A1ALF3ZFV9ABD7	2824
A1ALFUOCX8LJ66	2825
A1ALH6I6MOWTB5	2826
A1ALJJMNU5BP65	2827
A1ALSFXC00HSDX	2828
A1ALT85CSYSYSH	2829
A1AM2UL8G7T3LZ	2830
A1AM6XDGNJXS8M	2831
A1AM89DT5YE4W3	2832
A1AMBAF0265TIW	2833
A1AMC78DKAJ54A	2834
A1AMEFPTWDA7NX	2835
A1AMGN2UJOO8X2	2836
A1AMOQQ6GCKDNQ	2837
A1AMWJFLGMH4CI	2838
A1AMWRUWJC1GXZ	2839
A1AMXLAYF3203X	2840
A1AMYDHPHCYX3X	2841
A1AMZ1ZM7SI6HI	2842
A1AN0YHO2FJSP2	2843
A1AN12W1K3QPDG	2844
A1AN5NANB89JNO	2845
A1AN5YW8890YHN	2846
A1AN64FZT4E6HY	2847
A1ANBYMCLCRSO	2848
A1ANY0U7Y9EO9A	2849
A1AO9IS551HAK0	2850
A1AOD0ZA170NTD	2851
A1AOIRFI48Z2DZ	2852
A1AOLMGXP2G9KN	2853
A1AONKEAII52IV	2854
A1AOO1WUB64118	2855
A1AOQQ7GIPXNLJ	2856
A1AORMGD4ABVF3	2857
A1AOUSKB5VOY9	2858
A1AP1ISMSL6GD5	2859
A1AP7K1Y67DE73	2860
A1AP9ZBWJKCR9Z	2861
A1APOP7TMX32EI	2862
A1APWHOUZBGMR2	2863
A1AQ079UYLIML3	2864
A1AQ1CQXJY62HD	2865
A1AQ7G6Q49BWRF	2866
A1AQD6JTAW7Y3R	2867
A1AQF9Z1H5MZ8R	2868
A1AQM1HJE3ZL52	2869
A1AQPVZO0QE1OO	2870
A1AQQ78YJG625L	2871
A1AQYAGTO2O43P	2872
A1AQZL6GGFNZYC	2873
A1AR6WJFCYNSZC	2874
A1ARF5DMIKHI4O	2875
A1ARZJDSNBC6XC	2876
A1AS1Q532DS2S7	2877
A1AS3W3T975MQ1	2878
A1ASEZSAJBL10W	2879
A1ASGIHB82NSQL	2880
A1ASIHK78FY9JQ	2881
A1ASKDF67QK4JY	2882
A1ASQ7139DYHE0	2883
A1ASZSSPUFNXGZ	2884
A1AT0HVDPKMHHG	2885
A1AT20UGMQLAR5	2886
A1AT68JV0G69L4	2887
A1ATBT0TYMNADN	2888
A1ATJD280BQ87U	2889
A1ATLJGEASTPRC	2890
A1ATSC0TO1SXAG	2891
A1ATVWYS6XLJHL	2892
A1ATWEANLT57YG	2893
A1AU88DJH8P8MQ	2894
A1AUGYFPMIO3ZO	2895
A1AUM41UGDYKLC	2896
A1AUPEZR1Y79MH	2897
A1AUSBADCSLIVH	2898
A1AUUL4P1MWNUT	2899
A1AUX76Q045X4B	2900
A1AV3DYW3KYDZ4	2901
A1AV92GOUNJAJL	2902
A1AVDAS4VK9FCL	2903
A1AVV5SNQ58XWP	2904
A1AVW2AMUYTSGE	2905
A1AVWBBKDRGQ6W	2906
A1AW7OTQ9QX3IG	2907
A1AWFZ0EEM95IU	2908
A1AWNCM4K6748H	2909
A1AWO7JG5CLCAZ	2910
A1AWPBHW4M8TP6	2911
A1AWUFRQ3IORWX	2912
A1AX0DUHF1QS31	2913
A1AX108YTVNYHF	2914
A1AX2GWVDPIDAR	2915
A1AXPBES3IK0HJ	2916
A1AXRTJMBD57XZ	2917
A1AY1J2M3SHSWR	2918
A1AY31ZWDH7JU2	2919
A1AY77FVIPWBHU	2920
A1AYB2T84LCCNK	2921
A1AYBI9X5NSOQI	2922
A1AYBKV6DO2389	2923
A1AYEUFYDS7SDG	2924
A1AYHU19PW877B	2925
A1AYP3M5B3RK2R	2926
A1AYQ9P1EMQ86U	2927
A1AYSIXP3SZ5X	2928
A1AYXE8HK80Q5Q	2929
A1AYXT127OSNHK	2930
A1AZ1NXGGP6LDX	2931
A1AZH7RG9CTYZA	2932
A1AZIOGG5OORJB	2933
A1AZIP21HF6KXR	2934
A1AZUQVT65RALO	2935
A1AZXDA0LB97B0	2936
A1B01RBEDBYUSQ	2937
A1B0DRPJSAI4BB	2938
A1B0NL8UWAELI7	2939
A1B0UWS15FVAXF	2940
A1B0VSE5XKYZ09	2941
A1B12ZCVWXSV31	2942
A1B166I2N3BIQC	2943
A1B196UBKB7RBN	2944
A1B1L7ZBZN93TY	2945
A1B1LNTPTCRNJQ	2946
A1B1MH9J9WO2CZ	2947
A1B1QMGK8VYG80	2948
A1B1S6XMDBYOIW	2949
A1B1VGRCQFTU8Z	2950
A1B21R3X0DPTSQ	2951
A1B22V3E1C3RVW	2952
A1B2A4IRZF6IZL	2953
A1B2LEW6RAFIKN	2954
A1B2PV0YPS7TI	2955
A1B2TDE5BSZ5NX	2956
A1B2YRCQG7Z9Q	2957
A1B2ZHBOGJK3XA	2958
A1B2ZLBT7BBTY6	2959
A1B35P2IBPQVXF	2960
A1B3A6YYKO6MUZ	2961
A1B3B7OBPDMEFJ	2962
A1B3K6F0IF0RAE	2963
A1B3V68TA4SQY	2964
A1B3Z5RLUICAXO	2965
A1B411XGBHPR87	2966
A1B419ASJGZ5SO	2967
A1B48NQRE3WP5W	2968
A1B48X7XYMFYN0	2969
A1B4BQB8OTFS3G	2970
A1B4IIA0E9SD5F	2971
A1B4VKDUAXH0VH	2972
A1B4WTS6PIRTQN	2973
A1B524ASFKGAZA	2974
A1B52BUBHEMWKN	2975
A1B5ARHPAT5ESN	2976
A1B5CAYD5WW0NQ	2977
A1B5CZA0A2RD5J	2978
A1B5KCVNTNKZ7T	2979
A1B5PLK3SUW2YH	2980
A1B5VH79ZIKCC4	2981
A1B5WN7LGXV4HH	2982
A1B5ZJHO8F3CSB	2983
A1B68ADQ0U0SYV	2984
A1B6EO7AH2ICPS	2985
A1B6O7SAIYG2N0	2986
A1B6O8RE3DYGRV	2987
A1B6OJ6CDOVAFK	2988
A1B6RLZBZLWUOU	2989
A1B6U330WC91D	2990
A1B6YAUB3VLAD5	2991
A1B70ZEWQ6UH1A	2992
A1B71XMSGQS11A	2993
A1B766PDP97MGK	2994
A1B7B6UI99HLV7	2995
A1B7BF4AX5WUNF	2996
A1B7HPJEVPDJIH	2997
A1B7QHUYRQA08	2998
A1B7RMO302ULVJ	2999
A1B7VOFF2O3VQE	3000
A1B88NBFS4RZEF	3001
A1B8K5GQ23FVHW	3002
A1B8T1EAF413NN	3003
A1B94L5CBUJGSH	3004
A1B98H5YF2KL82	3005
A1B990PTK39WT4	3006
A1B9B1YZYS3B0S	3007
A1B9D3DFZ9PTHV	3008
A1B9TCL9KH42XD	3009
A1BA3I6WVPGL7I	3010
A1BAAUSM4IL1XP	3011
A1BACIARMLTSBH	3012
A1BACMN9QGERD0	3013
A1BAH8UZH8LMPF	3014
A1BALZMHDFWOAJ	3015
A1BAP6TT8SC5PV	3016
A1BAVIX4TW12Q9	3017
A1BAWM6HUN6H7W	3018
A1BB187QA0KV8J	3019
A1BB18VNOPEYWZ	3020
A1BB2ZMDUU3CP5	3021
A1BB3Z1GCGNM32	3022
A1BBGTJN5DRT8T	3023
A1BBJML0VIPWAF	3024
A1BBQ0FZP72R13	3025
A1BBSVX3Y9SWZR	3026
A1BBVDREP0XC9A	3027
A1BBWLVWX4HNRM	3028
A1BBYSMT9YCODI	3029
A1BC9I6ODAHVMY	3030
A1BCG69WV9UTW5	3031
A1BCHTLFBR4ZEP	3032
A1BCPOJPVUL0K9	3033
A1BCRTE5R07HQT	3034
A1BCUJRJNHZ11O	3035
A1BCZ3ZJ8GU2TP	3036
A1BD3887746IQT	3037
A1BD3D4H4X5M55	3038
A1BDJK501QH72G	3039
A1BDMSNJVHCS8W	3040
A1BDMXIMJJ63GI	3041
A1BDNC0QHZG0PD	3042
A1BDVZEHQKPAST	3043
A1BDZ8RTIS4WI9	3044
A1BE1WWGLFVAQ4	3045
A1BE4VG1SOMUIL	3046
A1BEIKLH5BV3Y1	3047
A1BEKAQQGP8CMF	3048
A1BF8HRSGF7HJL	3049
A1BFQADQIUJZVH	3050
A1BFQBL968GUUZ	3051
A1BFTFOO11WRN5	3052
A1BFY90ODAAZM4	3053
A1BG0KDRRJ8PUH	3054
A1BG593W8NEARD	3055
A1BGB8TBO1G6UG	3056
A1BGE4UNQSCXWK	3057
A1BGEIDHA0L9B6	3058
A1BGELNJW34ZW0	3059
A1BGH69DH07M72	3060
A1BGMXELZ0H4RG	3061
A1BGOILWC6P4HY	3062
A1BGPE2PJUVL1F	3063
A1BGWSXTGQV9J9	3064
A1BGYSEDAQWYSD	3065
A1BH2FRHLQ1QBV	3066
A1BH3OED5BRT02	3067
A1BH6C666QEBGU	3068
A1BH8RRTL86JIN	3069
A1BHCKYMC85EM9	3070
A1BHLVS3KGBOHO	3071
A1BHQJ83164CX8	3072
A1BHRNLW2L8KLD	3073
A1BHZPN2HD8CXJ	3074
A1BI06MVLKB3WC	3075
A1BI4M2F2HISN1	3076
A1BI7PCM7FE6OH	3077
A1BIG4N4I5RHVD	3078
A1BILFYXC7YXZ8	3079
A1BIQJXJZPHQA1	3080
A1BIS4A6IBPJHE	3081
A1BITE87QKYF64	3082
A1BIXMPU7D1U7F	3083
A1BJ78YK3AY06E	3084
A1BJ8XKZIOLPBG	3085
A1BJOHHLG0D965	3086
A1BJQJZUQI20FC	3087
A1BJTW19XDDA7F	3088
A1BJTXHUNLKBXJ	3089
A1BK60GZ4QME6I	3090
A1BK74HTNTB8KA	3091
A1BKBBU8RUMUEX	3092
A1BKBLRACXM7DC	3093
A1BKCQV2CSUJRK	3094
A1BKEPNLMGFO4B	3095
A1BKJNAWJT2TG2	3096
A1BKM7UL77QDD5	3097
A1BKMFPD9HV4JK	3098
A1BKMM69UO3SG7	3099
A1BKN2971AQNXW	3100
A1BKTSYB55A0YI	3101
A1BKZE8JQPIO3Q	3102
A1BL7D7OGIVB6B	3103
A1BL91D7HMNV9V	3104
A1BL9ZPHVUMDS4	3105
A1BLH71CMQ1I69	3106
A1BLI8EF9UPXIQ	3107
A1BLX5918THXTW	3108
A1BM9YOM9RV9Z9	3109
A1BMG34CO5CMZ5	3110
A1BMHR5OF8A2AE	3111
A1BN063Q0SFIFO	3112
A1BN3DBBWLMT6V	3113
A1BNE04ZHGYGBT	3114
A1BNEGYO2O0K5Q	3115
A1BNF1WGPO9LGZ	3116
A1BNIJNQVL6TMT	3117
A1BNKKHGE049WM	3118
A1BNPMCC6RSK4W	3119
A1BNVZXJFO2H3	3120
A1BNWP5LLI51TJ	3121
A1BO26LKJBO2XI	3122
A1BOE05D2JO13D	3123
A1BON4GQYFX0K2	3124
A1BOSVVNXI2L75	3125
A1BOU7LPGR2CFG	3126
A1BOUXUWIFWXTY	3127
A1BP3RPXTBUP6	3128
A1BPB60ETF2RWD	3129
A1BPDQXATONX3	3130
A1BPHR7ULS1NC8	3131
A1BPNRZEXRHYDN	3132
A1BPOYZDY1KYQA	3133
A1BPXN6IDPL6AY	3134
A1BQ0HTG3C53IH	3135
A1BQ6IJ8KITV9T	3136
A1BQVAVTQCNMUJ	3137
A1BQX78OKLHGTU	3138
A1BR58DZHYEO6Z	3139
A1BRI0GOCSHDG1	3140
A1BRI870RBWEEI	3141
A1BRO9FU3VUS6I	3142
A1BRQ5B2E6JMTJ	3143
A1BRQCPH5NV3MX	3144
A1BRY4HPLWK1DK	3145
A1BS19UM1QKQV1	3146
A1BS7M612NFANO	3147
A1BSA8PNYI1NMP	3148
A1BSK0CTLWZ079	3149
A1BSKNM58OH66B	3150
A1BSM4T0BABH0C	3151
A1BSQOBZSFYD9Q	3152
A1BSTVP3MCRBFU	3153
A1BT0ILHLFWS8T	3154
A1BT6TL7UCIC5Y	3155
A1BT6W02UDPOGP	3156
A1BT9WUP146JMB	3157
A1BTB4M7AVPOJ	3158
A1BTBME7KA2MZE	3159
A1BTEO6351AU5W	3160
A1BTI221EBPDZF	3161
A1BTO1CFRA74RK	3162
A1BU90EDTEYMTI	3163
A1BUBA6K2LL10U	3164
A1BUCPHAIJXUZ1	3165
A1BUDU8SNJ0I9W	3166
A1BUES4LG08Z51	3167
A1BUQFIG1BB496	3168
A1BUQN1IWF70PL	3169
A1BUYMT8DNLVSD	3170
A1BV0U6RE06JE6	3171
A1BV77K3NCAJVE	3172
A1BVFGPBQFIUN3	3173
A1BVPNLMWHAYBD	3174
A1BVX09366ZBN2	3175
A1BW1XAYEFXGTT	3176
A1BW4EWB64C3WU	3177
A1BW6SNULSNCTQ	3178
A1BWL3TE48H7CI	3179
A1BX66RYTRESQS	3180
A1BXBTZAZF0ASI	3181
A1BXGA8IRZ2PKF	3182
A1BXSNI97J8LQ6	3183
A1BXWCSWXDBKVB	3184
A1BYHJMZLEQ1UX	3185
A1BYJHK7RB7N7C	3186
A1BYMKR6E2EXEJ	3187
A1BYXHK8MN78QV	3188
A1BYZ2E1SUQJ20	3189
A1BZ18U2EF4FAI	3190
A1BZ7266T6P6Z3	3191
A1BZ74U1IQMQNV	3192
A1BZ9NANT4CUU1	3193
A1BZFRYSMNPVYF	3194
A1BZHUNPUNAC89	3195
A1BZN88T4GSZG0	3196
A1BZPZTQHPL6PF	3197
A1BZQV4FCU8XC6	3198
A1BZUCCM4M1L9I	3199
A1C00RH7KH7KJ1	3200
A1C00S0F7N6GX7	3201
A1C0CQEQFZI9MZ	3202
A1C0EPBJ9QAOBX	3203
A1C0GJD7TPWV49	3204
A1C0VP7VBUARV3	3205
A1C0W0PV1FS9AY	3206
A1C0WNM0G18HJ0	3207
A1C139F5C7Y38P	3208
A1C17S38B9ELNK	3209
A1C1AGT0JC0X15	3210
A1C1GGKAM9ZMUO	3211
A1C1NTE7N3T7WE	3212
A1C1Q7OY1VESQ4	3213
A1C1RD110Q66LZ	3214
A1C1TNVSZAZA4E	3215
A1C1U2FL8736QA	3216
A1C23KHKF4MI03	3217
A1C23UVNRGTACU	3218
A1C264OSB46JIJ	3219
A1C2A8MHV1BYOI	3220
A1C2C37C6JZ8ZT	3221
A1C2OSEYO51NCA	3222
A1C2SX2ALUE10M	3223
A1C30DEN4RVXTQ	3224
A1C31UW6S1OHDH	3225
A1C32XT42ZNKBD	3226
A1C36TRAXJX7D7	3227
A1C38D504OZ8G8	3228
A1C3K1YDHS1PFP	3229
A1C3KQ40FOV78S	3230
A1C3RB9TTY69AW	3231
A1C3ZHU6KQDBDC	3232
A1C40G2JQ541Z8	3233
A1C42DQRQQ0ENF	3234
A1C46LTGPR5S6C	3235
A1C4KYDAK9C0XP	3236
A1C4L99DYVSTGA	3237
A1C4SW5Y2V13QY	3238
A1C4XZPPK9CBUM	3239
A1C54FNXHN0FQT	3240
A1C5ARPFO91LFN	3241
A1C5B7HZDY1UXW	3242
A1C5GJ35B3GUPX	3243
A1C5K36VI01YY8	3244
A1C5TCCR2IGKBU	3245
A1C5ZYMFWKHM4U	3246
A1C60KQ8VJZBS5	3247
A1C61VJTBANHVH	3248
A1C62RK7OFA6A4	3249
A1C67OMTEMNKRG	3250
A1C6D6YET99ZA7	3251
A1C6ET3G7MR7ID	3252
A1C6FCIAH1SJG5	3253
A1C6OPDHNXC8VY	3254
A1C6RZG7XQZBUZ	3255
A1C6SYL2B79ZAT	3256
A1C6ZJF8TU8BKT	3257
A1C73DUEEM6LMH	3258
A1C7NGOV4SQ711	3259
A1C7ORW5LEDJKR	3260
A1C7QQRX3801TM	3261
A1C7UMHWDOBT03	3262
A1C7VE363OQW45	3263
A1C7Y31S5QXNTR	3264
A1C7YEQ5P8AWFY	3265
A1C83CM59R6H8H	3266
A1C8HUC20PSRN8	3267
A1C8K4LG8EUS3Y	3268
A1C8K9GGO5S2DT	3269
A1C8KXHSR1XCWD	3270
A1C8MDBZ0UWV88	3271
A1C8NVVKTDAS4D	3272
A1C8PLYK3S4G3R	3273
A1C8ZGNNQTIFCM	3274
A1C92SAQFUBJSZ	3275
A1C9AD6JP3JJI9	3276
A1C9F9WF2IC8V0	3277
A1C9G5JQIFPEQT	3278
A1C9IJ7SFAL5N8	3279
A1CA43D14PJQXC	3280
A1CACSH7JISVCS	3281
A1CAEN5J53O5WF	3282
A1CAESGSIPQN2A	3283
A1CAIVNVA35B9B	3284
A1CAYU47868OH7	3285
A1CAYZMRCE5GPW	3286
A1CB4DOW4E8CB7	3287
A1CB76HZKP7GDC	3288
A1CBBMK5YQKGJY	3289
A1CC70OQXQGYJT	3290
A1CC9CZ7NB1CUU	3291
A1CCCJ5CY4UT75	3292
A1CCKKNSH3QR08	3293
A1CCPHN8WYSN8O	3294
A1CD14JHBEX9L8	3295
A1CDAQ0ENKE1AB	3296
A1CDH9TS5JYCYZ	3297
A1CDHSRB7IWPF0	3298
A1CDJCHFMFLOT0	3299
A1CDK02ETMC3K1	3300
A1CDLA56Y23X4U	3301
A1CDLBZ2JNOAK4	3302
A1CDUEH3ZEFJYZ	3303
A1CDYD7QJ8GTPE	3304
A1CE1UIS2IFKUD	3305
A1CE5ASZ246O6R	3306
A1CE64PK76UTY3	3307
A1CEIZ8O0KKC95	3308
A1CEUAFLF24FHQ	3309
A1CF35LEB56Z2H	3310
A1CFHQB38SP6FI	3311
A1CFITT9ORQRQA	3312
A1CFOQKCYTTJLD	3313
A1CFUI9LHSB1YY	3314
A1CFZUWBGJ1JHQ	3315
A1CG1ZB7VPXI2R	3316
A1CG40DEPXXV9S	3317
A1CGB3D0L0HRAT	3318
A1CGCEZ9HHPST5	3319
A1CGCY09G493EO	3320
A1CGFM2HK0PD5K	3321
A1CGVCFJXNQZFP	3322
A1CH7I0FLVEFTK	3323
A1CH7L1GI13HX8	3324
A1CHA31E7ADUCA	3325
A1CHF9VHRDTTO5	3326
A1CHFI97JJA6F4	3327
A1CHIS5KP6FBKS	3328
A1CHNZNTTDW5JD	3329
A1CHOKV10NEI8X	3330
A1CI2HTXBZ7J71	3331
A1CI2MQZRQYJR3	3332
A1CIFAJWC5X9IC	3333
A1CIIYWAKLUXOQ	3334
A1CIME60IVE95U	3335
A1CIMOIAZUR7CP	3336
A1CIU9UHVC5ZBR	3337
A1CIUIQ03NGG08	3338
A1CIZK19VLPZ0D	3339
A1CJ68C82GOOFM	3340
A1CJ6O4N4ZWGGR	3341
A1CJY7C4CVUG6X	3342
A1CJZWHCU0OAEY	3343
A1CK146U5IFP8F	3344
A1CK234XHYVA5Z	3345
A1CK30J60E3L3Q	3346
A1CK6B3G1BSOQA	3347
A1CK6YB6IFQQ5N	3348
A1CKCGZIHFBUR1	3349
A1CKE57060AOI4	3350
A1CKI6QC4CMLPY	3351
A1CKLV2THQCFF9	3352
A1CKO6CZIT7K6I	3353
A1CKRQ1QE8TUBJ	3354
A1CKTDTIS1PC0A	3355
A1CKZRNTCQ7W5X	3356
A1CKZZUIADE0QY	3357
A1CL2XJTN8QA2T	3358
A1CLD0XUR0VRDE	3359
A1CM1BTZ6XB8F5	3360
A1CMD08Z49PGKQ	3361
A1CMP9L6PDHAY4	3362
A1CMSZGB8VYAY4	3363
A1CMTFCRO1J78H	3364
A1CMULB2KTGOEZ	3365
A1CMWB7AWQUQH4	3366
A1CN3YQLNG8HAM	3367
A1CN7L05XSZMRX	3368
A1CNAHNPN7UTNH	3369
A1CNLU84K5ZIOZ	3370
A1CO6HSCR10T9S	3371
A1CO9UMD6YQALD	3372
A1CODTTWBVXDWG	3373
A1COIQ90RKZ7HD	3374
A1COKVUNA4MM9M	3375
A1COOFZ80CAVVA	3376
A1COSZMOI965TQ	3377
A1COU5WR8YFWC0	3378
A1CP2HBG9KSTC3	3379
A1CP551C8355WH	3380
A1CP6MLIMYM8EJ	3381
A1CPLQMU8R0HEY	3382
A1CPPZT5ZNIM57	3383
A1CPRP3VFJRS1R	3384
A1CPWYYIHDH2JM	3385
A1CQ0VCGOTC8E1	3386
A1CQ71247R65LH	3387
A1CQ84EUN44TTI	3388
A1CQ9TY4AZE8ZW	3389
A1CQF71XR9F293	3390
A1CQF974M4EH8V	3391
A1CQJX87OFBWTA	3392
A1CR2JQBXTNGJ5	3393
A1CRH5SAVS1Q5E	3394
A1CRMGRM0EXEH8	3395
A1CRNWEA9K53YK	3396
A1CRSUQE995GW2	3397
A1CRVDNTW899D9	3398
A1CS2YGJLQIXA6	3399
A1CS6G9G4Q1ATF	3400
A1CSCH2RYAAPV4	3401
A1CSJQTYTVIXAR	3402
A1CSN02C2IAL1Z	3403
A1CSRR7FCKBL9M	3404
A1CST2WUA32GP0	3405
A1CSW710P1SJJ	3406
A1CSXI7MKL6UKR	3407
A1CSZNHIAS5199	3408
A1CT6P7O7X3PMD	3409
A1CT884F9HEA8Q	3410
A1CTAGLV73QYH8	3411
A1CTIEGNOTAFPH	3412
A1CTN6P8UENENE	3413
A1CTOA9A9FSG94	3414
A1CTSPWPGCYS54	3415
A1CUB195YB9XKO	3416
A1CURDV9SLCNU	3417
A1CUUZK281X3LB	3418
A1CUVVSW3QGOI8	3419
A1CUYE8PKZE3GL	3420
A1CVACOKDRVT1T	3421
A1CVB7THKX79CF	3422
A1CVVAT43B8QSW	3423
A1CW9Q54F5JBZE	3424
A1CWCDFXL5LOSW	3425
A1CWCOZ001MQEA	3426
A1CWMX2MGNLVGV	3427
A1CX8KHA1RW2K2	3428
A1CXBAFBVW8FPT	3429
A1CXH0KZD5T915	3430
A1CXI5CS22S3H6	3431
A1CXK69N6QRH90	3432
A1CXMV10NRFCNO	3433
A1CXP6EZ591QGM	3434
A1CXRUBLN7LFCZ	3435
A1CXVCTBT9QPL3	3436
A1CXY1OZM7BO3Q	3437
A1CY2NWVYQQPZH	3438
A1CY3AI19WJ5JX	3439
A1CY68F45297QU	3440
A1CY7C48DGZ2U8	3441
A1CYESHKDACTNW	3442
A1CYFV9SHRP2HZ	3443
A1CYIINL4FY2V9	3444
A1CYKFUPE5ZGBA	3445
A1CYLECMVPHQ5S	3446
A1CYVUW6DM9517	3447
A1CZ2NUNJTAKXH	3448
A1CZ43PBB11SPP	3449
A1CZ50IWSGX76F	3450
A1CZ7AUH2WWB4Y	3451
A1CZUUIQGZPBDS	3452
A1CZVGZM5IW3OU	3453
A1D0BAFL49KJB2	3454
A1D0E8YF295O3	3455
A1D0MM84A9BV49	3456
A1D0MZ81Q7NPN1	3457
A1D0Q7QCJUH6H2	3458
A1D15BYC18CUO	3459
A1D1782JK9GDNE	3460
A1D183QHAUOU69	3461
A1D1HBCKRMKRD1	3462
A1D1JVZMJH8G5A	3463
A1D1MIFRSG50Y3	3464
A1D1O1AZCEOX8W	3465
A1D1OFE4SC15E0	3466
A1D1RLDLXRUGBS	3467
A1D1RODBNW16DD	3468
A1D25RBI7448X3	3469
A1D28TSVTSEGRC	3470
A1D2YB556IT262	3471
A1D2Z8PPKLU3EU	3472
A1D33H7DDMOJM9	3473
A1D37PE8VBNNM2	3474
A1D3KHCP3MW2CA	3475
A1D3LP8Q8KMGVB	3476
A1D3O6ALOI68KN	3477
A1D3PI43C4T7CI	3478
A1D3QGTPOEFKBA	3479
A1D3WNAJOJSQP3	3480
A1D3ZGMJ3L11PI	3481
A1D44GPY09XLHW	3482
A1D4AOPHDEJG9Y	3483
A1D4F452O97KHF	3484
A1D4JQ1KNYWSEE	3485
A1D4NN07FNE9YI	3486
A1D4YN5KYVW63U	3487
A1D59XP7UEV264	3488
A1D5N1GLR0IWPU	3489
A1D5RJHSKIDU68	3490
A1D5SJAOYKUK5O	3491
A1D5VG5OV8BWYQ	3492
A1D5W3MOJVJ3PV	3493
A1D5WKFH26ZH09	3494
A1D5YKQ13R7H6I	3495
A1D5ZAL29JNK4V	3496
A1D66M3GHYU8HF	3497
A1D68NHGNLB3GF	3498
A1D696068E7EOU	3499
A1D699F6M5Y42Y	3500
A1D6DFC3AGV3JZ	3501
A1D6HSRLEM9VRS	3502
A1D6PA8VVAEFXW	3503
A1D6QHCXIU0JAS	3504
A1D6SQYBYWKDP4	3505
A1D6UIOT39GVO0	3506
A1D70YKLWLTJE7	3507
A1D72HOJKGND09	3508
A1D77XE4B5U8G8	3509
A1D7IQPSF9FXXW	3510
A1D7JY775J6S9X	3511
A1D7LAYG3LJU37	3512
A1D7PZSGUU8OO9	3513
A1D7ZR0NYWI9FU	3514
A1D8P5I91B4TFT	3515
A1D92DFOOXBQ5O	3516
A1D9CGGXBJNDUX	3517
A1D9OYCVQC7A2Z	3518
A1D9V11QUHXENQ	3519
A1D9YC23RO79MD	3520
A1D9Z194O83BJM	3521
A1D9ZZRCP5QLSY	3522
A1DA2DLNN6T0	3523
A1DA8OF5BC4IEI	3524
A1DAETR670JAE6	3525
A1DARGMU0J830E	3526
A1DAU6EUGCQSXA	3527
A1DAVWS35S3HP4	3528
A1DB8VHLLVX9X1	3529
A1DBB8PDC2QWA2	3530
A1DBC8YYR6R8ZX	3531
A1DBM8ESHRAENB	3532
A1DBMHYLJT826O	3533
A1DBQVKDHXFQQE	3534
A1DC7LYFQ8FBUY	3535
A1DC92RNL6NFSP	3536
A1DCCPW25B7F90	3537
A1DCH3OZVXY51U	3538
A1DCQAAL3CBGKV	3539
A1DCZUQMCSL02B	3540
A1DD12TTRZEMSP	3541
A1DD87S4LYVKFL	3542
A1DD8R0YER55QD	3543
A1DDAW16B533I7	3544
A1DDB1FQ0GS1PG	3545
A1DDGE4CHLP34V	3546
A1DDHGMPN8OSXP	3547
A1DDHSB94Z64JX	3548
A1DDMG838S1YC8	3549
A1DDN7DGZSL7AY	3550
A1DDQM693QDD8A	3551
A1DDZ5SERI2VAC	3552
A1DDZAE5NREK1O	3553
A1DDZFZ7WRUS28	3554
A1DDZTDK7NKWQX	3555
A1DE11MDMFQEJT	3556
A1DE147O45XJQO	3557
A1DE5SY7SITVIU	3558
A1DE5Y53L1AUDF	3559
A1DE6049MCZ3CE	3560
A1DE6HZOYQC23P	3561
A1DE9TVBOVWXP1	3562
A1DEBIG2IE09EQ	3563
A1DF6CF29YV8D7	3564
A1DF8EONMP8LV4	3565
A1DF8EZ85EG5ZH	3566
A1DFAMAESAPX94	3567
A1DFBZOLSLUW16	3568
A1DFINPIYQXGBA	3569
A1DFMAHSHL7PBA	3570
A1DFOI98A2Y65T	3571
A1DFPSDREXYMB4	3572
A1DFS9ORBOJZ5A	3573
A1DFTSG5ENJAF	3574
A1DFWB5F4HHRRL	3575
A1DFYP5TF5NURY	3576
A1DG1P246CD6NZ	3577
A1DG44Y0L46PCU	3578
A1DG75OT3Y49EM	3579
A1DGB6HY5C7LXU	3580
A1DGCPIMG1WJVF	3581
A1DGGVXBZY78T8	3582
A1DGN562KFX83D	3583
A1DGNO73QCOY7X	3584
A1DGQYRB0AIM3P	3585
A1DGRR6DKGV9KN	3586
A1DGS9CVIBZJWI	3587
A1DGYYXXL8A5R5	3588
A1DH3QDZX8Z7GO	3589
A1DH4J42SXK4W5	3590
A1DH6Y6XRXVW7W	3591
A1DHAUIF77E6CM	3592
A1DHSEFYHQ23MN	3593
A1DHYQ4VCBWE7H	3594
A1DHZNCTO3VN9Q	3595
A1DI3KS3OOI6IL	3596
A1DI6C6IL9RFSL	3597
A1DIBF2T13FIRP	3598
A1DIFL0333QPEB	3599
A1DIHUIOVF6KG5	3600
A1DIK3X5W8SX51	3601
A1DIPVFBDL4W6R	3602
A1DIX6FNWJTX8I	3603
A1DIX94XSSQF9K	3604
A1DJ9U9X87ZD8A	3605
A1DJA8V01N8E6C	3606
A1DJB491E6479X	3607
A1DJBDI81E8VM3	3608
A1DJESY0C4WKDA	3609
A1DJIMUIVJ7OJ9	3610
A1DJISNTIDGVRQ	3611
A1DJJ86UXIYPOA	3612
A1DJWGRWX6TNWO	3613
A1DJXTJWCD7JHV	3614
A1DKEV2L2ZJGK	3615
A1DKIDBVB1OQ12	3616
A1DKO67WIF5F1Q	3617
A1DKOYJAVCNJZ9	3618
A1DKXQ95Z5I0QP	3619
A1DLJ3YDHHOWJX	3620
A1DLJIUE8KWHZ2	3621
A1DLNQEMGHLSWN	3622
A1DLV0RU7LVJAX	3623
A1DM0B8YTDKAOZ	3624
A1DMBGYQDGC1K5	3625
A1DMC0SPWJSF7B	3626
A1DMCVGWX3VI4T	3627
A1DMLOEFUJQSGI	3628
A1DMVY68KP8RZK	3629
A1DMX22HB049GX	3630
A1DN050Z7VM619	3631
A1DN0BW9M7J88W	3632
A1DN18VX901IU3	3633
A1DNACCKWV41IY	3634
A1DNDECYHYU6OO	3635
A1DNF4K4QEUYAQ	3636
A1DNKPBCF5X91A	3637
A1DNN3RV8W5NB3	3638
A1DNR1NDO2LBJJ	3639
A1DNXL8BIR5R8R	3640
A1DO6DKWF3CMBD	3641
A1DO9LRCO23EOM	3642
A1DOC2DJ5XUDWU	3643
A1DOC5NYJ9CKQA	3644
A1DOIHMYPKCFZV	3645
A1DOLVH7G8J7C7	3646
A1DOY5WIPKA9I4	3647
A1DPI2SCGHXR3E	3648
A1DQ18EKZ7CTTD	3649
A1DQ5ZIQ1VHWTD	3650
A1DQ8NI5ED1DX9	3651
A1DQE75M4R1SSM	3652
A1DQH9BYSNEQQU	3653
A1DQHS7MOVYYYA	3654
A1DQKUXVG5G17W	3655
A1DQSZKZ3T31MY	3656
A1DQXK8BRI5L1C	3657
A1DR2DPLE0IO7X	3658
A1DRD8UN2C7L76	3659
A1DRE40EQVY6PM	3660
A1DRM3JV6T5O6P	3661
A1DRN7T5G2GAGN	3662
A1DRXP08BWDTL5	3663
A1DRYUSS9VPXR9	3664
A1DS03QVUU8YCI	3665
A1DS20004PY6UD	3666
A1DS25Q293CYSX	3667
A1DS278P6KSB6J	3668
A1DS9HKOBDD5NS	3669
A1DSGCYZPOKSB6	3670
A1DSHZQ8Y9ZTVJ	3671
A1DSL140NZAHKD	3672
A1DSQL3TLQU6W2	3673
A1DSRM2P0WGQNS	3674
A1DSXZ5HW6MMDR	3675
A1DTCBBZOQ9HCY	3676
A1DTCCPBAHB08D	3677
A1DTYIQC7S51S4	3678
A1DU0OSDOAB0YC	3679
A1DU2CDA3TQTY8	3680
A1DU7E5X6ST41Q	3681
A1DUGNZZXHEN0J	3682
A1DUN857FXU1PH	3683
A1DUU8ESDWTDA7	3684
A1DUV0XBZ9J3V2	3685
A1DUVGCT5OJ8UX	3686
A1DV7HCVS9CT0	3687
A1DVEK4NXVVW2Q	3688
A1DVIKROXYDGJO	3689
A1DVKQE6BFL98Q	3690
A1DVKZB3A8N11B	3691
A1DVP4TILSVWOI	3692
A1DVTUTGYU6ABC	3693
A1DVUFG2QSJ6IK	3694
A1DVW09AGNTGJH	3695
A1DW47ECH7PCGM	3696
A1DWGAROSTYH5M	3697
A1DWH1T3ARTSM9	3698
A1DX757BJI4V4K	3699
A1DX77Y17XHIQK	3700
A1DXA8KKYNCAAD	3701
A1DXBB13KCWHMV	3702
A1DXCNEKU1AZTY	3703
A1DXDR5TDQQKE3	3704
A1DXE6GODEAXS2	3705
A1DXF91F1V1OPA	3706
A1DXLEH190DAWG	3707
A1DXVW6TTD13H7	3708
A1DXX01WKO5EIW	3709
A1DXYQ83M9OZDD	3710
A1DY0CRKZEY0FB	3711
A1DY3OMY7I90HN	3712
A1DYBQTP1NQBRL	3713
A1DYDLX6O8UJGD	3714
A1DYYTW6KIHKY7	3715
A1DZAGJ69JLYRR	3716
A1DZFHK3KYHYJ7	3717
A1DZHU1CZCOXOO	3718
A1DZK45LKIW7DQ	3719
A1DZTHKSRO6XQ1	3720
A1DZVB3Q5LLZHT	3721
A1DZXBGKHUTP90	3722
A1E0B5OTKOZ0S7	3723
A1E0B90GC1S78E	3724
A1E103D13N8XGM	3725
A1E1ATKSDJUYXH	3726
A1E1CC7Y06D6LT	3727
A1E1L0N7E7WQHW	3728
A1E1LEVQ9VQNK	3729
A1E1N6SJG31IM5	3730
A1E1OI9LD7EAV8	3731
A1E1RFPYBTB4JB	3732
A1E1Y4CSFBKN3V	3733
A1E1YO6A3NX87U	3734
A1E21P3ANZH9WT	3735
A1E29NI1SBMXF	3736
A1E2Q40F8WI1NE	3737
A1E2SKM2X04FH3	3738
A1E2W5EU7JLS4J	3739
A1E3FNJKK1N4EL	3740
A1E3L0MZ58MNWQ	3741
A1E3MXNYZJPM07	3742
A1E3QS70CFDKQA	3743
A1E3WY9OD7SV24	3744
A1E3Z5DNITS17O	3745
A1E4FI0KQ3KNMV	3746
A1E4IIJCRDFQLO	3747
A1E4MNLX5L2CXV	3748
A1E4OTABZ23FMU	3749
A1E55W6ES0FY17	3750
A1E57U9XDQCSKC	3751
A1E5LZ68C3ZYH8	3752
A1E5OMU2NQLNH0	3753
A1E5QNG2JIEM5A	3754
A1E5Z0RPZY2F7J	3755
A1E6C2BSL044EH	3756
A1E6HDJOY31JS3	3757
A1E6ILRSSEWU4C	3758
A1E6L63ZNNQ1DU	3759
A1E6T766B5WP1	3760
A1E6ULCZHZF77Q	3761
A1E70H52I7QUTQ	3762
A1E7KFG2AYUXZO	3763
A1E7LH2HYOHX1A	3764
A1E7MHYEJXR97L	3765
A1E7OAEA0W7N28	3766
A1E7RQJEFU2UZH	3767
A1E7WAR6UR2DNR	3768
A1E858QCC2YW7T	3769
A1E86EV3SK6249	3770
A1E87LQX5MQRGT	3771
A1E8F0AYFXPCRB	3772
A1E8JSO8CD7ZOS	3773
A1E8PWW106DRBE	3774
A1E8U084NSVPTD	3775
A1E8XXAKINL0B1	3776
A1E9BE0M5NZAFE	3777
A1E9BNKOSRIYCB	3778
A1E9I16H6Q9AUU	3779
A1E9K4UA0UZME9	3780
A1E9KF4B2AM9FI	3781
A1E9QD6LLQ7S90	3782
A1EA298NGOFRYR	3783
A1EA6I1HUBVMGH	3784
A1EAAH5UM5P8SB	3785
A1EAKI75HW4K6P	3786
A1EAMT859DE4F8	3787
A1EAOLTF2V2UMU	3788
A1EAP2Z3KBKR6Y	3789
A1EAS6SB2C5MW0	3790
A1EAVK3A14TFG1	3791
A1EB6KW78JBZOT	3792
A1EBCZRG33C03	3793
A1EBFJ5YAPXCAE	3794
A1EBGFUSMPL3N	3795
A1EBNQ1U3JIWGJ	3796
A1EBRT3WZTHFQI	3797
A1EBS45QKP6C9M	3798
A1EBS7MX4L7456	3799
A1EBY42ZXFUXQQ	3800
A1EC0UN1LXYEHH	3801
A1ECCLQC6FH2FD	3802
A1ECDOAS6PP1YE	3803
A1ECSK7I60IE8	3804
A1ECX0YO3RFVGG	3805
A1ECYAJRBYDKTM	3806
A1ED1QC452MAGW	3807
A1EDBI6TBKP9CO	3808
A1EDF2C11DNI7X	3809
A1EDI0EO1SFPLY	3810
A1EDINOUKBHT23	3811
A1EDK3T6KR171Z	3812
A1EDK6PR3D4GH8	3813
A1EDKUO2I5TCXQ	3814
A1EDOD24V8KXMD	3815
A1EDRGFN7W98LD	3816
A1EDSWF0XHB67B	3817
A1EDVN97YI8G7D	3818
A1EDY1LZXWXHIT	3819
A1EE1HLYUIJPIG	3820
A1EE6LQS3OPY6R	3821
A1EE88JP54RICD	3822
A1EE8FJC0VLXHF	3823
A1EECQNWSL3EDO	3824
A1EEL4Y4ADDYSW	3825
A1EEL9UJO8XAVH	3826
A1EERZ36NL9E3P	3827
A1EETPVYR49RI	3828
A1EF0G7X521SLI	3829
A1EF35ICOB7TTY	3830
A1EF3T7CW70BKE	3831
A1EFGK5RVCQQOZ	3832
A1EFMUELG6MYYV	3833
A1EFS28BANJGYQ	3834
A1EG6DRA49QYW	3835
A1EG9VGHIL3P5Q	3836
A1EGC9OWIQGVVE	3837
A1EGJZYK75G6EG	3838
A1EGMC4ZQ8PF85	3839
A1EGRODD5YA3GI	3840
A1EGTFFB15TPG1	3841
A1EGUU5M4TYUED	3842
A1EGUZN5LQCG0U	3843
A1EGZ15827OGS7	3844
A1EH2S92FHWZRP	3845
A1EHB40BXSNYQC	3846
A1EHDVLCSOU57Q	3847
A1EHG3SIYVJ4VR	3848
A1EHIG5P37IQA7	3849
A1EHJ514YOCZ6J	3850
A1EHJJ841ARZ67	3851
A1EHK5M93KAUNM	3852
A1EHKKOOWN046H	3853
A1EHPNMPC6I36P	3854
A1EHQN9O341B3Y	3855
A1EHYK12ZHH0UV	3856
A1EI59KNWIX3LV	3857
A1EIDFUDCWT20D	3858
A1EIUL9N0T41NQ	3859
A1EIVGRIBB850N	3860
A1EJ2MMDPSY5UQ	3861
A1EJEQWHX2DAJF	3862
A1EJMVY3YN0ZT3	3863
A1EJT7NW91NWMP	3864
A1EJTLVMHXTDDQ	3865
A1EJWXCAAMHLKX	3866
A1EJX4G9X5AZN9	3867
A1EK3ZCPZ7UBZ6	3868
A1EK57XJPWGC6Q	3869
A1EKGFJIUVX7JL	3870
A1EKL82FOMS94F	3871
A1EKLCCATNNAJC	3872
A1EKWTRPYO28IT	3873
A1EKYNUG3Q4W1S	3874
A1ELJN99QU1WUK	3875
A1ELM0YD05DN8Y	3876
A1ELN6QOSR6H02	3877
A1ELXP252HLCNB	3878
A1ELYYI974IJHI	3879
A1EM14EC8RPJ1B	3880
A1EM4ABPMHVN8W	3881
A1EMBUR1NCU1L2	3882
A1EMN4T3ROJDOO	3883
A1EMR3S7GFRWM2	3884
A1EMRQEPLNNTA5	3885
A1EMY4WPW0GC13	3886
A1EN86G2D5ABO5	3887
A1ENEAIOV4LG3X	3888
A1ENQVOP65UWLQ	3889
A1EO2LUVAFSQR3	3890
A1EO3O3TGNR7ST	3891
A1EO6D8DS6DQ2	3892
A1EOAPYKGTBZUY	3893
A1EOF7RWQK2P4C	3894
A1EOMSV6RDQCQN	3895
A1EOOGZ1CRGE84	3896
A1EOV75TPHLFJQ	3897
A1EOW7EZJUK5LI	3898
A1EOZEBVPWEJUC	3899
A1EPED6F7R0EI5	3900
A1EPHD4E18OFWO	3901
A1EPNJ5ZFCJNUQ	3902
A1EPP299XNNBI1	3903
A1EPQ5S63PKPI5	3904
A1EPQH2I9AU02F	3905
A1EPRYDTBIJX8N	3906
A1EPSGT3ZOFBHE	3907
A1EPX1C2XJ5GE7	3908
A1EPXD0829IE73	3909
A1EQ2HOP2ZZ7DF	3910
A1EQ5D5JRSW23K	3911
A1EQAQEVC2RZOQ	3912
A1EQGFZPJ4V24X	3913
A1EQKWGQXREYC5	3914
A1EQN3SAK75B5C	3915
A1EQNK3NX1QP3O	3916
A1EQY2QDD9AC3E	3917
A1EQZVDFLPOUSG	3918
A1ER5AYS3FQ9O3	3919
A1ER9YMU43EJWS	3920
A1ERJK1NZGAXTU	3921
A1ERKDPSOJYK8P	3922
A1ES3P8IFQNWAS	3923
A1ES3UG41DGHII	3924
A1ES5LL862PJ9P	3925
A1ES7IMCLXJIKI	3926
A1ESI2LQCJ0E7C	3927
A1ESJ13NET4YOZ	3928
A1ESNE8ABT08UC	3929
A1ESPLO3AI4QMD	3930
A1ESYDFN2ENWIN	3931
A1ESZJ6Q2F8E4F	3932
A1ET1VL26FSPF3	3933
A1ETAQQ1SXPYS0	3934
A1ETEPAH5UCRDL	3935
A1ETKR5QG357OD	3936
A1ETP19A9715DA	3937
A1ETPKO50X6L3L	3938
A1EU73CDBOWSJL	3939
A1EU97XA8EU0N1	3940
A1EUIZY99BCVWD	3941
A1EUNXD1YH4P25	3942
A1EUOMZ42A61BH	3943
A1EUQ0LQ9LJPW3	3944
A1EUUJ1FZ2PJOR	3945
A1EUYNYW8VH8E9	3946
A1EUZUQ32ESF7H	3947
A1EV2I52HSUXQ2	3948
A1EV3143ONR7VI	3949
A1EVF1TNHRH068	3950
A1EVK3I2U3EP7H	3951
A1EVP5X9WAW2NT	3952
A1EVPZBFMB7O95	3953
A1EVV74UQYVKRY	3954
A1EW2XDJFKUNM3	3955
A1EW2Y9VE0FEKL	3956
A1EWEDYZDTLBC6	3957
A1EWHKGUPNUX1T	3958
A1EWJJXRUVTIXT	3959
A1EWOFZZX4NF5W	3960
A1EX0YTKH4BEZK	3961
A1EX4410F46C8O	3962
A1EX4OUZMQRJUO	3963
A1EX5OHI97JLYG	3964
A1EX5SK2PD0XLC	3965
A1EX8DCXBPT3ES	3966
A1EXCSB15DGJ8C	3967
A1EXF4QMI4ABJE	3968
A1EXFB6MYVPMI5	3969
A1EXFV6W3YS9VI	3970
A1EXGFC5VLF6FF	3971
A1EXGL6L0QQ0M5	3972
A1EXGWU8DRBB4V	3973
A1EXJBW7S0DVU3	3974
A1EXMN8RUW4ULD	3975
A1EXS75PUAB6EA	3976
A1EXXG4E8Y3XGJ	3977
A1EXY1GZSJXJSR	3978
A1EXYX1SE37JPD	3979
A1EY0SFP9KYCCF	3980
A1EY2AVVR6BP5	3981
A1EY5N47PKUVFU	3982
A1EY6C3OBSBWKM	3983
A1EYECGDSUVOY0	3984
A1EYJGSBOKDSB	3985
A1EYJL8BXJ6BK1	3986
A1EYPQP92B7JCV	3987
A1EYSKD32CGKDE	3988
A1EYUTIZ6K41HJ	3989
A1EYZIJPQYVGLY	3990
A1EZ61BH6K72IC	3991
A1EZC0675RLSMH	3992
A1EZERW6AXZRN5	3993
A1EZMU02XNK3DA	3994
A1EZNL9MWS8R2T	3995
A1EZNYC4JN223Z	3996
A1EZS7GZ5544K3	3997
A1EZTTRII8IX8U	3998
A1F02182E2913P	3999
A1F07PKEBKKD60	4000
A1F08OEM2LEJLK	4001
A1F0A8B49RWF1T	4002
A1F0CAHJ3I1ERW	4003
A1F0O78HKGBRKO	4004
A1F0VRTNE6NZ29	4005
A1F0YY1XQKJSZ6	4006
A1F1A0QQP2XVH5	4007
A1F1ESEMA30DSN	4008
A1F1JMFGPVSR66	4009
A1F1MHOM30HUSR	4010
A1F1TL5Z5FSQDW	4011
A1F1V2KNXHHEML	4012
A1F1Y1O61FEQN1	4013
A1F20F6D674WT2	4014
A1F2GLRYNA04NE	4015
A1F2IC2WB376I4	4016
A1F2O8Z4GEISXD	4017
A1F2Q4UZT24S8B	4018
A1F2R47WXWKZEG	4019
A1F2TCTQO5HA8S	4020
A1F2WRMLK3ZTP6	4021
A1F3DFRPGVEUI8	4022
A1F3GHDUBLJ767	4023
A1F3ME9EEGV8WT	4024
A1F3U9R0PY2P61	4025
A1F3VPPG19Y7AR	4026
A1F3XNR019YPC3	4027
A1F3ZTUIT3X7PM	4028
A1F41BJHHOL48Q	4029
A1F4EX2Z1YAYCJ	4030
A1F4FQAW2G9FRA	4031
A1F4FUWGLEOB9E	4032
A1F4G0AJVAPAKV	4033
A1F4JPGWHYHU71	4034
A1F4OTP8N2XJMV	4035
A1F4Q751KNPE6D	4036
A1F4VLGK8PRUGU	4037
A1F4WN907BF7HN	4038
A1F5IX55A23GBR	4039
A1F5K734B8P2UN	4040
A1F5T4NCELL7I4	4041
A1F5XAECBR0JON	4042
A1F68TM7SA0FBW	4043
A1F6EEQ4KO7FYU	4044
A1F6LOLV610P88	4045
A1F6XC3UU6MMZ5	4046
A1F6XCKCTWR5LJ	4047
A1F6ZPX50TKGG1	4048
A1F7GOGISTPR3I	4049
A1F7JZUUH2D6F7	4050
A1F7MSFWEG7X8Y	4051
A1F7SX3GNVBNE3	4052
A1F7V1FI50W658	4053
A1F7YU6O5RU432	4054
A1F80A9SR24413	4055
A1F81N2FFL2QH5	4056
A1F87E4FXJ79U2	4057
A1F8BRI88Q857E	4058
A1F8F9VAG3X4GU	4059
A1F8GR908MKDFM	4060
A1F8PREL48NMJT	4061
A1F8PXYKYTP60W	4062
A1F8S84KX7PMF9	4063
A1F92EK0MUNOVR	4064
A1F9J7SWXFT0KS	4065
A1F9K10Y89QHVC	4066
A1F9MF5GL73FIJ	4067
A1F9NAOQSH8IQH	4068
A1F9PKZLVJ8OSB	4069
A1F9Z42CFF9IAY	4070
A1FA3GUR68C4LC	4071
A1FA57DW8QMHS7	4072
A1FA68RTWORQG5	4073
A1FA7VUGCJRER6	4074
A1FAA7LSVPAI9L	4075
A1FAIU96W23NYV	4076
A1FALODEVO9T8P	4077
A1FAM46Y0XRZST	4078
A1FAMUPIQP3QSM	4079
A1FAN0M5DR0SH8	4080
A1FAOBCBBLQLHE	4081
A1FAPV4TKX4JV6	4082
A1FATNQ7OAXW7V	4083
A1FBINSUFP5BWE	4084
A1FBJ4CMMH1PE6	4085
A1FBP4RU70E4NF	4086
A1FBPLR8I8S9KR	4087
A1FBYQPLNYX8LI	4088
A1FC6LH33M1UM	4089
A1FC6SET5AS7NY	4090
A1FCBS7V1GU7E2	4091
A1FCDHVONBO8HJ	4092
A1FCE7DM6OFBV2	4093
A1FCMWIRX04X5B	4094
A1FCSI7QSH21ZF	4095
A1FCYX6FIOXE43	4096
A1FD0IYA6RDEPG	4097
A1FD2AKKVSASAI	4098
A1FD2PP4K5V79D	4099
A1FD5H8OC2HJQW	4100
A1FD8C6K2WD20	4101
A1FDIDR6E4XQE1	4102
A1FDJE6W2DG5IN	4103
A1FDKEEPPYJQWX	4104
A1FDMXS0LL18M7	4105
A1FDQES7S6G8ZT	4106
A1FDRF4X6XK7YB	4107
A1FDSZISWIXH1A	4108
A1FDV3WPOHREY9	4109
A1FDZYKRZ4Z3PJ	4110
A1FE0XEM9X5EB1	4111
A1FE1VCCZL82OY	4112
A1FE2NSUQ4I03R	4113
A1FEEH8916SV0O	4114
A1FEEZUR9Z12EP	4115
A1FEHJDWY1S0CV	4116
A1FEI4T6QD8XNK	4117
A1FEZT5SMQNW10	4118
A1FF40NC55XQRD	4119
A1FFBFB4OS4KXF	4120
A1FFO1NVXE9JG4	4121
A1FFOM59BKGP98	4122
A1FFSLDSD2AHG	4123
A1FFVJZMBO2Y52	4124
A1FGCAXE8KJAWT	4125
A1FGCIRPRNZWD5	4126
A1FGEAEGWVYJ2I	4127
A1FGJ7OPHLXLC1	4128
A1FGMTQJOY0OKJ	4129
A1FGQ0IG6KBGRH	4130
A1FGVEFV9H4E6E	4131
A1FGWPJ3BM20L7	4132
A1FHEQN9A7D3BR	4133
A1FHSFFO4P81M4	4134
A1FHUYGO3OWWRF	4135
A1FI0SAVBE0R2V	4136
A1FI3K398WPESH	4137
A1FI43I4BKNT4C	4138
A1FI7JYOXSWCCA	4139
A1FIEU6VPMIER6	4140
A1FIFZKHTMYG7Q	4141
A1FII6B4HLS8XR	4142
A1FIJV02FOE0FR	4143
A1FILAQTEL8V64	4144
A1FINIU83PE9PE	4145
A1FINO189LTHAE	4146
A1FIP0HN1AGFRM	4147
A1FIP9C43I7ARD	4148
A1FIZT8SAYQG5B	4149
A1FJ6BUG5KCANF	4150
A1FJ8OKN1BN7ZP	4151
A1FJB2G6GLOMRT	4152
A1FJBWP2R3NSH4	4153
A1FJDZ7T9Z6QMY	4154
A1FJFJV6UYZ2QH	4155
A1FJIRW8MIQOLW	4156
A1FJNZ77QIUS3G	4157
A1FJQ4DUD4CTUW	4158
A1FJXAOD363JRA	4159
A1FK14ZCV3B1RA	4160
A1FKDEE5IKZJCK	4161
A1FKEOW7N8HJW3	4162
A1FKF03VCG01NE	4163
A1FKGBSYBQJD9D	4164
A1FKGHZYT64TYG	4165
A1FKTWYJ8KR5E1	4166
A1FKYVOSRAWS8Y	4167
A1FL13OQC2EL6E	4168
A1FLETW5ZK31ZE	4169
A1FLJ7QC943ZZ6	4170
A1FLJCHN5CG5M5	4171
A1FLSOQXGLAW1O	4172
A1FLVTZ9R9CRAG	4173
A1FM3NL1M4K7BX	4174
A1FM441H8ZNRXM	4175
A1FM4Y73YUV92K	4176
A1FM580SJD5Y40	4177
A1FM9BKVF3QAA	4178
A1FMCBG0KR63RP	4179
A1FMCQEKVUD14D	4180
A1FMND912KUYSX	4181
A1FMUFKBAOVBIX	4182
A1FMUQCDS611Z3	4183
A1FN0L4YDJZW6V	4184
A1FN2F54W4FX0X	4185
A1FNIBTI1D91KM	4186
A1FNJ9FX82LZDY	4187
A1FNKETIYWOJBI	4188
A1FO10Z93GKN33	4189
A1FOGCVK4Q9QKL	4190
A1FOM1AANDEEBK	4191
A1FOQ47LMKCDIF	4192
A1FOSIV4TWZFR7	4193
A1FOYROECLX03O	4194
A1FOZ1XIHLQSVQ	4195
A1FP6SMW5VOUA3	4196
A1FPATLQSFTLC9	4197
A1FPBA7NR6I8TE	4198
A1FPHYCRFP23VR	4199
A1FPISZIDW9KFR	4200
A1FPJF346KEYU2	4201
A1FPJYSEH5Z53L	4202
A1FPMRUNN4NOTE	4203
A1FPNL37QT3A7Q	4204
A1FPQ54AIB26L0	4205
A1FPT4Z9HVJLLR	4206
A1FPZ2ZNV754F3	4207
A1FQ2M9MA5GE0D	4208
A1FQ3HRVXA4A5B	4209
A1FQ72MRUM8QOX	4210
A1FQ7YZT9ROIQ4	4211
A1FQF7BBAPH07D	4212
A1FQHQMU8GABXQ	4213
A1FQJN1FCG68M4	4214
A1FQKPQCW96MF8	4215
A1FQSQR009M3I8	4216
A1FQSSQMC0PK73	4217
A1FR68QH6Z4YZM	4218
A1FRADBDXQPJJC	4219
A1FREDKW1FETGA	4220
A1FRIBXUEIRNQ3	4221
A1FRT8ZMHKNFJ4	4222
A1FRW1W8VMA3WK	4223
A1FS0GRPO31QR8	4224
A1FS6KPQC1KBHP	4225
A1FS7QKT1EB4FW	4226
A1FSHEAAWKNEE3	4227
A1FSOA0CHXV3MM	4228
A1FSU8URF30E3T	4229
A1FSWAJ6T2H6QW	4230
A1FT58ZATJEQTZ	4231
A1FTDCNIIDAPWU	4232
A1FTF8NHRU9LU6	4233
A1FTJ7VKF9FIXC	4234
A1FTJK3B3N57SG	4235
A1FTTMDEB3B1CG	4236
A1FTUK2VN23NDW	4237
A1FTWUDBIRDYN8	4238
A1FU5KU7AG1XMW	4239
A1FU6D6SBGW2ZS	4240
A1FU8LGQM9RDPV	4241
A1FUBPW8U2RYUY	4242
A1FUCT76ZCFCHJ	4243
A1FUCVOWVV7NVO	4244
A1FUYI2G9DNTSI	4245
A1FUYSHFEIPAXX	4246
A1FV0HOXQA87O8	4247
A1FVQYLSA3Q6KX	4248
A1FVY1OP66LQGO	4249
A1FW0WFZ5LVVCE	4250
A1FX3MLB6EEE7U	4251
A1FX4PKY3NU25S	4252
A1FX69G1OU16AI	4253
A1FX80GAU3K2D5	4254
A1FXB91Q0MVUQD	4255
A1FXDA3HU2GW2M	4256
A1FXEE17U8UIBE	4257
A1FXNHSQF0QIZX	4258
A1FXQD824PIHVK	4259
A1FXT4VNDA25LY	4260
A1FXU7TU2JKPWB	4261
A1FXVU1GX46R4D	4262
A1FXZPSD12U09L	4263
A1FY2PIYIX5V8H	4264
A1FYAROLGSUZ4B	4265
A1FYJSO4R0MBTQ	4266
A1FYPNCC3LF6AJ	4267
A1FYT6064UY49X	4268
A1FYV6GFXF2CBW	4269
A1FZ28AXBUF6B1	4270
A1FZ48Z4BKHCYH	4271
A1FZ56S2JD6T0S	4272
A1FZ5R4ANPZ3CQ	4273
A1FZAZE34727U5	4274
A1FZB05IV6YIX1	4275
A1FZSWC07ZPMID	4276
A1G0247NJ7D568	4277
A1G0CINEJD44E3	4278
A1G0J4ON2OEDP1	4279
A1G1HHI7N3QAD6	4280
A1G1KZLOAWI8BE	4281
A1G1LQGOAFZHTZ	4282
A1G1W5V9Z5U8I2	4283
A1G1X16SEWDKHO	4284
A1G1ZFZ85GOSM9	4285
A1G2GSVQJT5U8A	4286
A1G2JMWC4KFDOB	4287
A1G2NWATGUQL94	4288
A1G2PJDZG31P79	4289
A1G2YVJA2YU3HR	4290
A1G35JK2QHAPNV	4291
A1G37I89PJNG97	4292
A1G3DQVS8CPKX3	4293
A1G3FY9S3Z7YS6	4294
A1G3H2ZVK10AAG	4295
A1G3NLGJ42JYZM	4296
A1G3YX3S1MCLSU	4297
A1G3ZHC1SU2U82	4298
A1G41BHU7APVMX	4299
A1G489KKRWER7M	4300
A1G4D6ECPPL9WR	4301
A1G4DZ9QEI0CO5	4302
A1G4HOHX1Z1UMP	4303
A1G4J92NJPT0OM	4304
A1G4OF9EQIV4SB	4305
A1G4PDC7AI56XG	4306
A1G4R52YOIQWCX	4307
A1G5FHPI3IBMOU	4308
A1G5R85KSN4NRF	4309
A1G5U7C5IZ5ONG	4310
A1G5V3D2TSGHYB	4311
A1G65L9BLQ4R9W	4312
A1G6CXCVONE4OH	4313
A1G6J7ZMWMTTF4	4314
A1G6QHQPEIT1R9	4315
A1G6TGAIPRZNF4	4316
A1G6WDDBROUWN1	4317
A1G6YV1V157DPD	4318
A1G74Z2NYIIVCM	4319
A1G75GBMTJAE4W	4320
A1G7B1CD37V81T	4321
A1G7N6QO2YR2GQ	4322
A1G7PWD1HGICME	4323
A1G7W3CA43VGE6	4324
A1G7YSG5MOEOXE	4325
A1G88W1RPJIVKQ	4326
A1G8BA6HVS55FQ	4327
A1G8GFQYM7V4MI	4328
A1G8HG110V90P7	4329
A1G8JNHF0ZE4FA	4330
A1G8NJ6U9ODW2C	4331
A1G8SLUMIFMQG0	4332
A1G8SR3JXULXLM	4333
A1G8USRY17IR1X	4334
A1G931K6OFIHKV	4335
A1G9713FNDROON	4336
A1G9AQDG32OWU7	4337
A1G9BONXPTAJDY	4338
A1G9OQJ7JOUPU5	4339
A1G9PNTTP9N2TM	4340
A1G9TXJ1PZPNIC	4341
A1G9TZT0IPSV0Y	4342
A1GA42EOMMRVLU	4343
A1GA5T8S1A5IK6	4344
A1GAEZREVPRFEN	4345
A1GALBGYZC65MM	4346
A1GAORCMVHYDKJ	4347
A1GB61NAIYZ0W8	4348
A1GBCJYXX8MJ2X	4349
A1GBEU19Z6BUE8	4350
A1GBHCA10Z3JR	4351
A1GBMDD6UINRWV	4352
A1GBP0HG4JK4JY	4353
A1GBU15ZDIYI4P	4354
A1GBU479WXR7UG	4355
A1GBYJKNSDI88C	4356
A1GC54DFB47U89	4357
A1GC926XGO912L	4358
A1GCCGO37MWR4R	4359
A1GCFTFXELCHRP	4360
A1GCOKUEUCEKXS	4361
A1GCOURMTPXKWI	4362
A1GCPH3YPX9S6R	4363
A1GCQHBL24LQMK	4364
A1GCYLJGIQ5V1O	4365
A1GCZ07XRJX858	4366
A1GCZQPQIGAQA8	4367
A1GD72XMP3YH6K	4368
A1GDA1KAZYBQMT	4369
A1GDGX206VQVP4	4370
A1GDH2W80DQ0SY	4371
A1GDKPPFIBYWS1	4372
A1GDNBNZ5N03UT	4373
A1GDOIZWJTPZ7	4374
A1GDPB4W1YUCUP	4375
A1GE51A2O3NM3W	4376
A1GE6D4RUYEZJB	4377
A1GECLYAUK208X	4378
A1GEMY7HQ0EMEJ	4379
A1GFBWUI2SP7YL	4380
A1GFH98ATO6D5I	4381
A1GFIJFDX64I49	4382
A1GFJQKR0J0OXA	4383
A1GFMV6YTQ80JS	4384
A1GFQY1IVTL9K4	4385
A1GG3T0IQ68YA	4386
A1GG7PBFVH43N7	4387
A1GG9QVXA3DA38	4388
A1GGURQ9CHSLEG	4389
A1GH6QQ9I7PKVD	4390
A1GHF7915HJFKS	4391
A1GHIHEYT9EI43	4392
A1GHRSO7DRCPD6	4393
A1GHWON4VFWOVX	4394
A1GHXI3VAMIMYF	4395
A1GHZHCRXRKA4Y	4396
A1GI4NAIOEJP7A	4397
A1GIAWRKX7XLRE	4398
A1GII6VPHFJ7WC	4399
A1GIIPXONCEEHP	4400
A1GIS05YSXOCMI	4401
A1GIY2QII3YV92	4402
A1GJ1IRDPBQ0DG	4403
A1GJ490GSG85AH	4404
A1GJ7X7XTF04G4	4405
A1GJC2H1T87KB0	4406
A1GJGQAEQCFZB0	4407
A1GJXPP8EBOM8J	4408
A1GK229ZY4QLWJ	4409
A1GK7AGOBYOIHH	4410
A1GKC62T88UA3F	4411
A1GKEYUBUFEGXM	4412
A1GKQBB3MJL9IU	4413
A1GL39VPQL4N5Z	4414
A1GLJ4T5EXBFUG	4415
A1GLL1WUBI5UJX	4416
A1GLLJ8U8UA93C	4417
A1GLLM1TCKRW10	4418
A1GLT5DITVOJB9	4419
A1GLVIEHA16K0T	4420
A1GM034H7XPDEW	4421
A1GM0KU3DMRAWG	4422
A1GM8VXDGVFEVU	4423
A1GM9GSVL3B1F0	4424
A1GMA9ZVYW0XAK	4425
A1GMIHD61IWV3M	4426
A1GMPRHVVW2QO9	4427
A1GMVCVO72Q539	4428
A1GMVF70S2G0FW	4429
A1GN5TXLIPH1SE	4430
A1GNDT21IQTK86	4431
A1GNQZ1GV3CW8X	4432
A1GNVO9JFY10K8	4433
A1GNYV0RA0EQSS	4434
A1GO9JH3BF437B	4435
A1GOARBX4IGGKL	4436
A1GOCF1U0QF9CJ	4437
A1GOKX03FPK747	4438
A1GOKZL2Q6BI8J	4439
A1GP067X1NU3V9	4440
A1GP6A01FHJLEC	4441
A1GPG0YXH9QD9S	4442
A1GPLJCOHH6Y0E	4443
A1GPORI69K1IZI	4444
A1GPVV2XWNGSDX	4445
A1GQ2V62WLABCL	4446
A1GQ9JJXCUGZ7W	4447
A1GQD8DMRTAK3H	4448
A1GQDRQADAODLF	4449
A1GQGXZZ8RS1UB	4450
A1GQMW3YSKYZ1G	4451
A1GQOAX0ZIGU5X	4452
A1GR1WW5YOGBKR	4453
A1GR83P9R6PG28	4454
A1GRGXJQXJM8FB	4455
A1GRYVC7UBGOA0	4456
A1GSB9ZI8ZZ8EO	4457
A1GSIXQEOVU8JZ	4458
A1GSJN6HE8W884	4459
A1GSM5VHNM504E	4460
A1GSPNIOJE0H9Q	4461
A1GSTKW29LDJMN	4462
A1GT69L8TJASXG	4463
A1GT6E62ZFYK1O	4464
A1GT8Q6O7IWAFL	4465
A1GU4RBWA8GWCX	4466
A1GUNTF1M69A5Y	4467
A1GUO9Z6CJM346	4468
A1GVG4OX1FIQZ0	4469
A1GVKLJORVMV28	4470
A1GVNUZYHP0VSJ	4471
A1GVPO7N5CNC0I	4472
A1GVV4ZICQK8XB	4473
A1GW1X5OC52MHS	4474
A1GW7V6S6XSXX3	4475
A1GWG5CWLKJ7ET	4476
A1GWYS0HGHQKB7	4477
A1GXAK9OTILR6O	4478
A1GXC9S0TYVW2A	4479
A1GXJR45KDPQKC	4480
A1GXJW4152V4LJ	4481
A1GXL8BC3AG287	4482
A1GXRUK2GVNHZ7	4483
A1GXX0L49K4KFO	4484
A1GXY115OW06Y5	4485
A1GY1HIA0XKF2G	4486
A1GY3P85XBM9ML	4487
A1GYEGLX3P2Y7P	4488
A1GYK3PPIGE46H	4489
A1GYT3AYENFLJH	4490
A1GYT92W17FCPV	4491
A1GYV9PJ0U8ERX	4492
A1GYVN8TVN5ZDM	4493
A1GYYOE13EFKKW	4494
A1GZ0BEEOALHOX	4495
A1GZ9X9WHTMPL5	4496
A1GZFF3A3RD9GH	4497
A1GZK5URWYC7JE	4498
A1GZNSVWG0UEVL	4499
A1GZVON8P41DW1	4500
A1H03AG7H2LG2K	4501
A1H0D7635GEEJ1	4502
A1H0RZ9JVP5C3G	4503
A1H0SK28VKJRCT	4504
A1H13DXP2HRWW8	4505
A1H14Q50WKZMK1	4506
A1H1A0TR1K38SQ	4507
A1H1BHIZ1S3KSM	4508
A1H1CB9ZN5V421	4509
A1H1GNE684BCB9	4510
A1H1OUIOR7QP6H	4511
A1H1PD5UF5U5Q8	4512
A1H2BA9R0O6QHW	4513
A1H2C9XTO8P3T8	4514
A1H2JA2Q8ULMRK	4515
A1H2O9EQANIGQT	4516
A1H2OH6SKXMPXL	4517
A1H2QFLYNF4A3F	4518
A1H2RD4UOB9FCZ	4519
A1H2T7MJZM16M6	4520
A1H2VL5CVXVBT2	4521
A1H2X58FYEJO9M	4522
A1H3879CK4PD0P	4523
A1H3E9HIS2OPI	4524
A1H3OFREU8YR35	4525
A1H412GE2PLFJD	4526
A1H4B0N3P4OIAQ	4527
A1H4D7GEUIKPTP	4528
A1H4EI9U9PD6AU	4529
A1H4IKJPOSD6T7	4530
A1H4IVXNXWWBLV	4531
A1H4K0OZEFWE4F	4532
A1H4QWLST1N3D0	4533
A1H4R7TY2G50DH	4534
A1H4XC2A7SXOID	4535
A1H53PKB8I4FG8	4536
A1H5I60LTGM0X0	4537
A1H5KJTUDUSHEL	4538
A1H60O5I18S403	4539
A1H63SLF3F0D08	4540
A1H6CK2TRVWUTD	4541
A1H6JP5UC5WVT7	4542
A1H6NFLN28AFW0	4543
A1H6SBO7R007I8	4544
A1H6UOXM3CMZYZ	4545
A1H789PL3QPY3C	4546
A1H7EL3C27A4LL	4547
A1H7FOD3M4TM43	4548
A1H7M0CDQ3C4O4	4549
A1H7MLN8WVONJ	4550
A1H7P7W3R7H433	4551
A1H7XIZXWNNGWO	4552
A1H7Y5XKPGT0OS	4553
A1H7Z94O06Z47O	4554
A1H86E0SZ1YCVO	4555
A1H88L8X6HM1BQ	4556
A1H8AJYES7AKLU	4557
A1H8BEVT2W91U7	4558
A1H8FL5HO5UQV1	4559
A1H8I2PH00UQ2K	4560
A1H8QTLFIRRW2W	4561
A1H8UMB0BB6SGC	4562
A1H8YIVCKAK2IK	4563
A1H970I5EH4OZO	4564
A1H98YV5K5BUX0	4565
A1H9CCGWDO0CUH	4566
A1H9O1ETX9DKTO	4567
A1HA87LA8SRCI6	4568
A1HAHPVY5LDEC0	4569
A1HAL1GLMH5NI5	4570
A1HAOVFKN49LEC	4571
A1HASUDMISHAWI	4572
A1HB5V2WHBST41	4573
A1HB8BI8N2X5GO	4574
A1HBC0NBQJHT7X	4575
A1HBE8WA6DZWF8	4576
A1HBGUDOPCUAQ2	4577
A1HBKMSUXFQ43W	4578
A1HCV0VRVP5ISS	4579
A1HCXASTN6F079	4580
A1HDFMWAS9IOQJ	4581
A1HDGEVVM5AA9C	4582
A1HDNI8EZYLEP3	4583
A1HDQEFC4HOOZQ	4584
A1HDQMD058B644	4585
A1HEDG5C05HQSO	4586
A1HEILSRCYU8O9	4587
A1HEWJWROAD4NI	4588
A1HEXO1SF2YRTT	4589
A1HF1F4FZAGOON	4590
A1HF3W5GCWPS6T	4591
A1HF65JKZF8TVG	4592
A1HFIVSP976IR0	4593
A1HFJU0Q4FT2L2	4594
A1HFK97FKHTCZ0	4595
A1HFND3DT5NGXO	4596
A1HFOG28GRZNB8	4597
A1HFW0H5IPZKML	4598
A1HG6V3TRMBBX8	4599
A1HG82U7GY9531	4600
A1HGE7I1EZF8UU	4601
A1HGFPF68W0OTJ	4602
A1HGQMIWHBP7N4	4603
A1HGXKWYZO6FJH	4604
A1HGZRM4IEAAT2	4605
A1HH0XUNT7AWN6	4606
A1HH29FVSTXJVA	4607
A1HH2KZIFLXRJL	4608
A1HHCXDCP70OVS	4609
A1HHG4MB4THR30	4610
A1HHKVJH9M78AD	4611
A1HHNY1GVD3UIS	4612
A1HHS1MB9ZZJ71	4613
A1HI4MX88395P4	4614
A1HI6Q9TWGLHSI	4615
A1HICDRTMVH162	4616
A1HIGP3XFGOJ1B	4617
A1HIMFTIPOT8UG	4618
A1HIQU42BD1OQQ	4619
A1HIXSSDV3RMSU	4620
A1HJ1L2FRU1IRU	4621
A1HJ2FB291JBIX	4622
A1HJ47DFNKOKPF	4623
A1HJFH0JQKP1LL	4624
A1HJHJZMH5Q8Q5	4625
A1HJIBSSW1Q4EZ	4626
A1HJISB0NCF2V0	4627
A1HJP8WEPYKYE8	4628
A1HJTBFHLB2MXH	4629
A1HJUTCX9LGA72	4630
A1HJYQYZV9PJAL	4631
A1HKDJ6KS2Q3JQ	4632
A1HKFBINJGGQ26	4633
A1HKGDZJ7SOQQ	4634
A1HKPXKW1I64CE	4635
A1HKUCINZO0V2Q	4636
A1HKUOZVAAIQ6	4637
A1HKVLP1AK9050	4638
A1HLCYF3QEGT6V	4639
A1HLEI4QX6QM82	4640
A1HLGQXEOOMLM	4641
A1HLGWE8JN78DF	4642
A1HLLEA7JV4125	4643
A1HLX7HSN4KCH1	4644
A1HMX2IKI8TF5K	4645
A1HN2WCRMMORFB	4646
A1HNCA3GR4J7ZP	4647
A1HNE9Y9JBAN9Y	4648
A1HNIO6ETK1OQ4	4649
A1HNLB4FNQD6WN	4650
A1HNRNDMP2EIV6	4651
A1HO8TYFOCN564	4652
A1HOGY5F9CP5IX	4653
A1HOLE9R6WPT85	4654
A1HOLW8H1688US	4655
A1HOS1D36R1YAJ	4656
A1HPC4BDRLR60	4657
A1HPYU44KORTSR	4658
A1HQB7U7900HYO	4659
A1HQNJIES8P7YC	4660
A1HQNW7FXFP76	4661
A1HQRL5P2WIH4A	4662
A1HR112HLBQFHE	4663
A1HR4BGKGVPCUQ	4664
A1HR4H3G6DAR5U	4665
A1HRHD9ED6TDCO	4666
A1HRQ84AQHN0EF	4667
A1HRQFSIG5JTYZ	4668
A1HRT5WP7JREF7	4669
A1HRW9BHBO1C9S	4670
A1HRXTFJBIK5CK	4671
A1HRYC60VTMYC0	4672
A1HRYM65YSRGZT	4673
A1HS94WLTK6RWL	4674
A1HSAW7UMOBKS5	4675
A1HSGBOSBDYUMC	4676
A1HSKVC26T60CD	4677
A1HSQ41KGGXHNF	4678
A1HSQY3XSEXVQ1	4679
A1HT72KJ2SYAFA	4680
A1HTBC9SC6CKEW	4681
A1HTDH4UD75OQ2	4682
A1HTG577Q37KY1	4683
A1HTJTE0XJZGVG	4684
A1HTPAF0QKMQ12	4685
A1HTV2I2ST2K76	4686
A1HTZP5GPAP49E	4687
A1HU052JHCAWFG	4688
A1HU0HCZA92JUX	4689
A1HU0M8K8BUKA9	4690
A1HU72TRSFXQWB	4691
A1HU8A0IL8MG3J	4692
A1HUYRH7QQUQYA	4693
A1HVLOU2VWD8P3	4694
A1HVPIHIJPY9DE	4695
A1HVUZKBXNDLAJ	4696
A1HW1ZG3BMWUTA	4697
A1HW259YFAQQRH	4698
A1HW9DAJBYXGDV	4699
A1HWA1G8SDKOHV	4700
A1HWB8RULQQA4T	4701
A1HWC7QCLS0HHT	4702
A1HWOV6OBKT08L	4703
A1HWP6AUE0ZHZU	4704
A1HX39DETRX3NL	4705
A1HX9ZWVSI5ML9	4706
A1HXBS0A8CTSSM	4707
A1HXCA1EEM6983	4708
A1HXESZHP7SXKI	4709
A1HXLQOYQB889P	4710
A1HXOMGYG6V2Y2	4711
A1HXQ8QU16RPW6	4712
A1HXR8UB4C628U	4713
A1HXZVQLJBD9QK	4714
A1HY0YAGTZMIOD	4715
A1HY2WHFKKRGQU	4716
A1HYBEUQAXKOA0	4717
A1HYH206E18XVC	4718
A1HYK0KMFWCMVU	4719
A1HYKTFIL8QF6F	4720
A1HYQATARR0QVK	4721
A1HYUY21ICO0GP	4722
A1HZ0NTEDXSQT	4723
A1HZ1M15X6D3HB	4724
A1HZA1IB9BX0CI	4725
A1HZAIST89N1M	4726
A1HZCP48LM6QKL	4727
A1HZEN58KUR33L	4728
A1HZIONRCBSZJM	4729
A1HZN52SAYAQTN	4730
A1HZRYGGNMOWRQ	4731
A1I06NAUVWWS5M	4732
A1I07P9VZ8ZVCW	4733
A1I0AGVKOIJY2Y	4734
A1I0BP2S67UD9D	4735
A1I0ET8C0DHJ8G	4736
A1I0G28WUSF279	4737
A1I0IXLJMFGMC	4738
A1I0MKOZ67K9Q8	4739
A1I0O228U0UDWW	4740
A1I118YP536PK	4741
A1I125IQQEZR27	4742
A1I1AX4M1VKKTW	4743
A1I1R98CX7AN3H	4744
A1I1YMVOQ2XWBB	4745
A1I1ZX7S8JN69Y	4746
A1I2FB66AC4Z1K	4747
A1I2KYD95HIJ8L	4748
A1I2M9BG7J3BRF	4749
A1I2SR3OKVYKNI	4750
A1I2U8NT5J6P1N	4751
A1I30AQPN08TJL	4752
A1I30C3CSU4AF6	4753
A1I31QU2ZP6W1A	4754
A1I32FEQFF9PTO	4755
A1I34N9LFOSCX7	4756
A1I35GM52M74P1	4757
A1I3AG8BOXI5R6	4758
A1I3EGXHBQP654	4759
A1I3FMAPAJZGOC	4760
A1I3K9K4ASSWIH	4761
A1I3MF1NRXW2K0	4762
A1I3SOBQDT3MPV	4763
A1I3U97KUPQB7M	4764
A1I3Y6Y777YE7O	4765
A1I3YHXYXMX07A	4766
A1I44JDZ0BY62R	4767
A1I477ADGMLVJM	4768
A1I48WAP3Z0VKX	4769
A1I4NHYX40MFD	4770
A1I4QV146SIY0Z	4771
A1I4WE175NSVID	4772
A1I53IW9PSLX88	4773
A1I5996Y1TR8YL	4774
A1I5AE0QL39ABH	4775
A1I5DI2Q922S79	4776
A1I5GX6BWQB161	4777
A1I5LVIOBJRHEU	4778
A1I5NQ9WGM7ZZI	4779
A1I5PZAPZO1O3L	4780
A1I601AN1HJEXP	4781
A1I607KUUPCBI	4782
A1I65NOWP1YJAI	4783
A1I6GPG724PSZY	4784
A1I6HYQVP0C53N	4785
A1I6KPUPD5OUEL	4786
A1I6LZ0PEG8QXR	4787
A1I6N1DEHXUW6P	4788
A1I6U5AQAT3ZG9	4789
A1I74X2QBDV9NI	4790
A1I7D40RNFDXO2	4791
A1I7FQ1M9VRL4Q	4792
A1I7LG0OQVK99Z	4793
A1I7LRUM2EI9TH	4794
A1I7OHRBXR91WA	4795
A1I7QGUDP043DG	4796
A1I7R6W3EBYKMH	4797
A1I7RMBMXQW1X3	4798
A1I7WLVQJRY8NF	4799
A1I80KLXUUN4UZ	4800
A1I84LUSEZ4RCN	4801
A1I84MCOI1S1SI	4802
A1I869LFKFQE9O	4803
A1I8BJY2M3A4CO	4804
A1I906K1JJHE1F	4805
A1I918RCXMAIVB	4806
A1I934G2X7BQ0G	4807
A1I94R462XWM1S	4808
A1I957SYLEY5FP	4809
A1I95PW11SLZLH	4810
A1I99FE7TBE1HP	4811
A1I9E5WNNFMD3Q	4812
A1I9GH0OUQII64	4813
A1I9U0E4YVR1E2	4814
A1IA2QVFIZDPN5	4815
A1IA32NM6PBV4X	4816
A1IA7TY7VLHTYN	4817
A1IA8KF5KDMLWL	4818
A1IAABSL16VCD5	4819
A1IABNE868EUFU	4820
A1IAPAG0S4R0K0	4821
A1IAU2LFIU4OKL	4822
A1IB3BUBV76WTW	4823
A1IB6QCDXYH5EV	4824
A1IBJ5YBF15ZSL	4825
A1IBLKOI0DZPGM	4826
A1IC0QKV1364DT	4827
A1IC1YERSPXV97	4828
A1ICJ3X6G02Y3B	4829
A1ICTBVZZ523H0	4830
A1ICTI8QWDW46G	4831
A1ICWJAM8Z14BD	4832
A1ID17C7YF8FGI	4833
A1ID4E3NHLY5FM	4834
A1IDEZY8MRFWMU	4835
A1IDJIIYCSTKLU	4836
A1IDPIC36H49JX	4837
A1IDQGESPSPC6E	4838
A1IDYJR8ZWRC1Q	4839
A1IE3DQMCUAKBT	4840
A1IE3F8YXY4MB1	4841
A1IE3HMN3Z3MD5	4842
A1IEAE6Z2DFBMR	4843
A1IEJBX9DJ2RV8	4844
A1IEO2XQGGQF5V	4845
A1IEQW68IGUPLY	4846
A1IES8MYFNEA02	4847
A1IF04H9DWYF4V	4848
A1IF4L2EO8KKLX	4849
A1IF7PMLALAKU7	4850
A1IFCEDNWISVRG	4851
A1IFEQKSNETYEZ	4852
A1IFJ23Y64JYM9	4853
A1IFLYESLPW02U	4854
A1IFWR7382U2AU	4855
A1IFXDUV11MPSF	4856
A1IG4K0CFWB6BA	4857
A1IGBQPEVRD0SO	4858
A1IGF0EQHL98U7	4859
A1IGPLVMVLTWQ1	4860
A1IGQR28GZ11GN	4861
A1IGZJIN29DBJQ	4862
A1IH1NGLR8083O	4863
A1IH42TUIZ2XJL	4864
A1IH5BBQJDP3WI	4865
A1IH6BL33256WK	4866
A1IHI1OO7FL06E	4867
A1IHQ9M41DJ1HG	4868
A1IHQZG8PQGEA	4869
A1IHRUWJTL9LDV	4870
A1IHUMRYZTFYMX	4871
A1II2ZRPKZAQQD	4872
A1II3IWGZLF962	4873
A1II48GRYLJOSX	4874
A1II9F7V7C5EE0	4875
A1IICMPYFNPG01	4876
A1IIL8DDZ1AS3J	4877
A1IIQO2453V234	4878
A1IIS4RWA01618	4879
A1IJ3E2IQ53GBG	4880
A1IJAAC3PY3GP4	4881
A1IJFBM4XM3PD6	4882
A1IJGT06XK6W9A	4883
A1IJSD2B3JCEUZ	4884
A1IJY7FTB9U54L	4885
A1IK4E0L6387S6	4886
A1IKC2YBHXIE1M	4887
A1IKEVC39WTDK7	4888
A1IKFXKGSS6GMK	4889
A1IKHFE8SW01VK	4890
A1IKNUYJSRIZ3Z	4891
A1IL1Z9LYTFRJB	4892
A1IL5BH20LKG8L	4893
A1ILBM5X0JB1W4	4894
A1ILEVGCZXRTC7	4895
A1ILLMJM9EXIP7	4896
A1ILRPVVS0R7ED	4897
A1ILWPH1GHUXE2	4898
A1ILZ5PKGFPLHW	4899
A1IM5FPSPA45XZ	4900
A1IM8HQQR39RWB	4901
A1IMC3H3U78A5Z	4902
A1IMEFOPCTYUCN	4903
A1IN3H89JCR2EU	4904
A1IN64ZCMX8SMJ	4905
A1IN6UFBCST73K	4906
A1IN7F1FVQ75KB	4907
A1INA0YS3TS1VI	4908
A1INC2QN525PCM	4909
A1INE33UQ1B4Q3	4910
A1INUEFT5EJLT2	4911
A1IO5IBQ8Z0F0B	4912
A1IO6EISARWPJ5	4913
A1IO9KZILPXLFN	4914
A1IOCTQY5N6GMA	4915
A1IOLWLNL14JX8	4916
A1IOOC9AQTLUGN	4917
A1IOP04KWM78C1	4918
A1IOSNSY31L5EI	4919
A1IOTIF1PMXNH5	4920
A1IOWTLLAH3Q4J	4921
A1IP3WAQR6LDA2	4922
A1IP9SB4BYKQD5	4923
A1IPAAL7A1MD3T	4924
A1IPAXSMFIW0PN	4925
A1IPI678EA0NOY	4926
A1IPOV2OMESAUG	4927
A1IQ0OJ7JNV3R0	4928
A1IQ0WAW85HRNR	4929
A1IQARPICO3NE9	4930
A1IQE2AREVCQWY	4931
A1IQFV03TWJODS	4932
A1IQIW53JZ3MZW	4933
A1IQLHABI1YD1E	4934
A1IQMZC5L0ALLE	4935
A1IQUVA6VRKLWC	4936
A1IR2YC8VMWJH2	4937
A1IR3O5HL6KDIR	4938
A1IR3VXKWEV9E1	4939
A1IR55MLSHNM4K	4940
A1IR8UXPNFC0H3	4941
A1IRPTTI1KIH4P	4942
A1IRU8Z0X1G5Y0	4943
A1IRV9W187L1QP	4944
A1IRWPS2L5BJ1B	4945
A1IS27LQ62EEHQ	4946
A1IS3AW14UB1W8	4947
A1IS3JY7H8OA4C	4948
A1IS83JZRDC02N	4949
A1ISBSRSRU49MY	4950
A1ISGQPXW3BOHN	4951
A1ISSB1MDUXD6Z	4952
A1IST2GMW53WAX	4953
A1ISU3ZORS3GYE	4954
A1ISYVPFV83QRO	4955
A1IT3TYCRZ0PPI	4956
A1ITFRPPKFD4KP	4957
A1ITHA63DHIY72	4958
A1ITHVXMEJ1FV4	4959
A1ITILVJ87UZ7G	4960
A1ITO491VFICMX	4961
A1ITRGMT80D5TK	4962
A1ITRIM68VLZG3	4963
A1IU4RQXNT30DR	4964
A1IU4UAV9QIJAI	4965
A1IU7S4HCK1XK0	4966
A1IU911OTDIBKX	4967
A1IU9KU4S6ES5P	4968
A1IUB225N9F5MS	4969
A1IUBN7HAV9HZK	4970
A1IUHP19G8GAQM	4971
A1IUHSS54ST4C6	4972
A1IUNUV8YDSMHU	4973
A1IUY2HTPPXFBD	4974
A1IV0K57T4C3JF	4975
A1IV1CCL0D6Y2E	4976
A1IVEFRREBTHWN	4977
A1IVER14MVWC0Z	4978
A1IVILJ61HWM5O	4979
A1IVNE1825TTGA	4980
A1IVY1DT5S3LHI	4981
A1IW6JHG1FTA46	4982
A1IW7FFVU73DP4	4983
A1IWH3V0K3WAQQ	4984
A1IWV5UT83P6US	4985
A1IX4RTF5NMTMQ	4986
A1IX669X4P0MPW	4987
A1IXHNN1YIILIG	4988
A1IY1K93WLBJNO	4989
A1IY3SCVKC9VEV	4990
A1IY3TZB6U6PAP	4991
A1IY8DJ2Q6TQ8K	4992
A1IYAA3SN9RH7I	4993
A1IYE2Q0HQHHAJ	4994
A1IYKOGT1Y50RV	4995
A1IYNKW58KNXNP	4996
A1IYRU2DPMDH7V	4997
A1IZBF3TGCL5L9	4998
A1IZFI5RS3KTXG	4999
A1IZGZFO1W4UX0	5000
A1IZHGPUTGIDHJ	5001
A1IZJVLNMFACS6	5002
A1IZMY30UH259Z	5003
A1IZWXZC9OZRCG	5004
A1IZZWE4I35RGN	5005
A1J027DF39SCWY	5006
A1J03WI5G5TZCW	5007
A1J0BHT840BLCZ	5008
A1J0ICK4KXA3YU	5009
A1J0S1TZ4ONLA4	5010
A1J0W0CTJ6DN7A	5011
A1J14LNFQ7O80T	5012
A1J1BUPVX5MC4R	5013
A1J1EYK618U5RO	5014
A1J1KO98HQ80YW	5015
A1J1MY4AIPCAFU	5016
A1J1NRKY975WOL	5017
A1J1S9E53DNAP6	5018
A1J1X1989ZKXAS	5019
A1J1XPQP1K4PLL	5020
A1J1ZD5C2PKFPV	5021
A1J205ZK25TZ6W	5022
A1J26WRSH6Y6AZ	5023
A1J2BDVFGL24UT	5024
A1J2FXWOXPBKOY	5025
A1J2KSPJOJ1FGC	5026
A1J2S9S23JDQED	5027
A1J2T32T8M92PE	5028
A1J2UC5JUSVP1Q	5029
A1J2UNTYHF6WIA	5030
A1J34WMPSNN6ER	5031
A1J35XC37H44VC	5032
A1J3LYF1MN3D4D	5033
A1J3T2AHYBSRBI	5034
A1J47617AD6LIX	5035
A1J485UT5Q2TNL	5036
A1J4D61PYYGA3	5037
A1J4HV7EVBZZTC	5038
A1J4K7139YQJ0C	5039
A1J4LENNTXXXT6	5040
A1J4MRUQL6NTFR	5041
A1J4OZEQIKM2E	5042
A1J4ZC2PDBAFBZ	5043
A1J51ARLFYE1LK	5044
A1J54RFDUCB36L	5045
A1J58SNEH7I0E0	5046
A1J5AVHTKHD1IQ	5047
A1J5BGM658BIUS	5048
A1J5CF281Y4M33	5049
A1J5DFO2W0PZZE	5050
A1J5EP2PE7LH47	5051
A1J5HIF41ENSMZ	5052
A1J5L3AZY9P80N	5053
A1J5U8ACV7YUQZ	5054
A1J5WXPXTJ7KVI	5055
A1J5YAB6XJMAK1	5056
A1J65EXRZ14U0U	5057
A1J67RX5EG0MWU	5058
A1J67WKKL0BQEF	5059
A1J68C5TAN514S	5060
A1J6B00Z1D6PS4	5061
A1J6FTB5K13R7Z	5062
A1J6JB1DQ5PVL	5063
A1J6R9J3MKY4WX	5064
A1J71HFAFPMHBL	5065
A1J7682OY0JPPM	5066
A1J77X29GLPYQ	5067
A1J7D4BJNJPK5U	5068
A1J7G41W16G0C3	5069
A1J7H90L5WW6M8	5070
A1J7QLY3UONXHL	5071
A1J7SBASZTI2H8	5072
A1J7US6BC43EH0	5073
A1J81HY2B50S3M	5074
A1J85DL27WRVS2	5075
A1J89158T0A2KE	5076
A1J8T12IPPTGD	5077
A1J8TS9FGP0DUE	5078
A1J8UGTZKKRXOT	5079
A1J93EGDYK0IWA	5080
A1J95TTG4AYBU8	5081
A1J99REDHEGJIJ	5082
A1J9AL9NLH52OQ	5083
A1J9C5TKIXY83M	5084
A1J9EH7FU0XHSG	5085
A1J9FW3NW0KSTU	5086
A1J9OEZL8QXNLG	5087
A1J9PSWUAP03ZG	5088
A1J9W8JW4N8ZH4	5089
A1J9ZB9WPO2BI8	5090
A1JA251KP3TY15	5091
A1JAFBJNC21CWV	5092
A1JAGF5F79CGGQ	5093
A1JAP9L7JS2MFM	5094
A1JAPFHB9ZVMNX	5095
A1JAXLBWRVCXBZ	5096
A1JB7XV3BT2MYZ	5097
A1JBBR4MNGQ70G	5098
A1JBLD7CFYFAC2	5099
A1JBP9R0PA5DW3	5100
A1JC1EZAO3L91C	5101
A1JC30B5FJX8NF	5102
A1JC774ZCL2CX4	5103
A1JC8DWQVB93UH	5104
A1JCA6862VSNR0	5105
A1JCAHHSO2BRCI	5106
A1JCERDEGZESX1	5107
A1JCPN3MH94MWD	5108
A1JCPZJEGOQOUX	5109
A1JD5N0GIHPTF1	5110
A1JD80MLDYY1S9	5111
A1JD95L7RISX5D	5112
A1JDBQCCYH64GK	5113
A1JDK93ODBQ2OC	5114
A1JDLGCP1JQ6KO	5115
A1JDQI3XEO6K0U	5116
A1JE1DCYMIWKJ4	5117
A1JE8WI41IAZLE	5118
A1JEDRJIFFCBV1	5119
A1JEE3XLHJVYTB	5120
A1JEFGWX4P4NSB	5121
A1JEH5TJ41WW9H	5122
A1JEJEDR7NDZ7C	5123
A1JES30TEQ48SU	5124
A1JES3FQ2UJ9F5	5125
A1JEUHH0EX8PPT	5126
A1JEWQOQKZXATH	5127
A1JF3Y1GQSTRLO	5128
A1JF6RVNF4TL4O	5129
A1JF9TAMTD7GK1	5130
A1JFBLS9YBK3Y0	5131
A1JFDILD186LYQ	5132
A1JFGJSIII8U3E	5133
A1JFMME0Z5AJTN	5134
A1JFMS669PS993	5135
A1JFNZ4UAMEZN3	5136
A1JFODY8O1KP34	5137
A1JG26BY6RTI51	5138
A1JG3Z0ZRRAKLT	5139
A1JG557GTJG7LQ	5140
A1JGAKRHH8MOW6	5141
A1JGI2EAOBCCEX	5142
A1JGOZBW4XBP8M	5143
A1JGWXKUIO0X4V	5144
A1JHDSUXC03C6Y	5145
A1JHQ4LL776FGK	5146
A1JHTADOE2CWIM	5147
A1JHW6PQG6RRAO	5148
A1JI75Y2KCB0I0	5149
A1JIC009VBAQO	5150
A1JIGD1X5BFXB0	5151
A1JIL9VNKJRGYY	5152
A1JIPPZUF15BW7	5153
A1JIUZREKTZI9S	5154
A1JIWI7NCZGY3O	5155
A1JIZ2XOEFTCPU	5156
A1JJ1C3EWK6HG2	5157
A1JJ1ZYNDNSX5P	5158
A1JJ20LFVU4ORF	5159
A1JJ8LOTL9V9K6	5160
A1JJGY80GQ4H6	5161
A1JJH3POKY6OAO	5162
A1JJHDHCF6FOTO	5163
A1JJIRGZGBKT6A	5164
A1JJNR6NNRI6E6	5165
A1JJX3XE15ZC8K	5166
A1JK8OLABRP02K	5167
A1JKESFW6PK08L	5168
A1JKH8XD9E3LTL	5169
A1JL443M9NK6Q0	5170
A1JL9N0QQBGBWW	5171
A1JLTBLCU4ILXI	5172
A1JLTZE4ENWIIH	5173
A1JM8PK02NV7WL	5174
A1JMD10TTUPVB4	5175
A1JMPLJES2BEJJ	5176
A1JMSQ1NGBM3EX	5177
A1JN3CT97SRP2N	5178
A1JN5C5VNSU7RD	5179
A1JNGE2D4808DL	5180
A1JNNS1NE2RNZY	5181
A1JNQB990V2H8C	5182
A1JO14QZJW3M0S	5183
A1JO1TCCHTE5LQ	5184
A1JO9SGG7M3V9F	5185
A1JOANG98KBFKU	5186
A1JOHNO07C1I8	5187
A1JOLZBTDQXAE1	5188
A1JOQ65GZXNDIW	5189
A1JOSCPJOP1S78	5190
A1JOTB3GUSREAJ	5191
A1JP2T72647YF0	5192
A1JPGO7W68L3GT	5193
A1JPJD5IXFMVBC	5194
A1JPNQDPXWI9PF	5195
A1JQ00PT7BOTR2	5196
A1JQ5SQ4S2VCY0	5197
A1JQ78PH1ADLW8	5198
A1JQB7Y2Q7UJLM	5199
A1JQDCX4LDKBZ3	5200
A1JQK0W12FF1CA	5201
A1JQOX01KTAV6N	5202
A1JQRKB9A9LPQV	5203
A1JQRXSVI2XMNP	5204
A1JQTMO1UL8N9O	5205
A1JQU0BWO07M2E	5206
A1JQWZXKBCAAM9	5207
A1JQX33UB6M8LJ	5208
A1JQX6DKPD9UN	5209
A1JQYVX102X51H	5210
A1JR48FALJJR6P	5211
A1JR689JH573OU	5212
A1JREYXLBVUR6X	5213
A1JRQQYUP4S6T3	5214
A1JRW8U46LGYHY	5215
A1JRWFRN0H95Y0	5216
A1JS5THY0EH2PS	5217
A1JS6YM4G2DHTW	5218
A1JS8E6FV6J4LG	5219
A1JS9VWW7OW4E8	5220
A1JSDPXLP3DNC3	5221
A1JSI4O6E67DUC	5222
A1JSJUNBSAL5H2	5223
A1JSSV7ZYEBDAO	5224
A1JSTNQGE54F7K	5225
A1JT2B6UFVHLC9	5226
A1JT8D4FFJ6ZW5	5227
A1JTCBGFFJC5C5	5228
A1JTFUJD2GXDAS	5229
A1JTMKI9K5AGPR	5230
A1JTTI1KH3DOCY	5231
A1JTTVNE99RAH1	5232
A1JU10SQPTDABM	5233
A1JU8Y0SVS9HAW	5234
A1JUCCWYW02B1D	5235
A1JUCXJ8K1SVM9	5236
A1JUMRTJ8L3F64	5237
A1JUPM2UMNX1SQ	5238
A1JUTJ04CN4P1N	5239
A1JUVYXSKHRHOA	5240
A1JUXDUT1ZMO3Y	5241
A1JV6VX4VPCPFO	5242
A1JVEITETOXRXQ	5243
A1JVFV1VAA08X	5244
A1JVHPUTM7YAHS	5245
A1JVQ2W2XG5MTH	5246
A1JVVMVU83T7KE	5247
A1JW4YL0641N7G	5248
A1JW5U7Q0TRIZ6	5249
A1JWE4JXI290Y8	5250
A1JWFSCO25SM4C	5251
A1JWJY504FF33E	5252
A1JWLUIESPWA8X	5253
A1JWO6YVALFXBZ	5254
A1JX05R0XF48AN	5255
A1JX3FRFC4TRU0	5256
A1JX3SKACPQCTQ	5257
A1JXGTCBVWVJRN	5258
A1JXHIN0PF900Q	5259
A1JXHMK5HHSYVO	5260
A1JXPE1881CT3U	5261
A1JXTPQHVP6D3R	5262
A1JXVV8JUEZ79K	5263
A1JXWKSVPTLYDL	5264
A1JXWPD2UINPRJ	5265
A1JYB44V9JVXS7	5266
A1JYD78XI0ZTJP	5267
A1JYGLQZ3XNCNK	5268
A1JYLV24KMFQ30	5269
A1JYR5VU61GK4F	5270
A1JYTIGIY7S1T4	5271
A1JZ05APHG30OD	5272
A1JZ8EYTCB4SBV	5273
A1JZFGZEZVWQPY	5274
A1JZJFVE1K61LU	5275
A1JZTUTR2DCPU0	5276
A1JZVRSJCXMVX8	5277
A1JZZ01PNJ1869	5278
A1K035KCELADN3	5279
A1K03AZ6ORBQM7	5280
A1K047THWWDKUO	5281
A1K0GBLNKTHWE0	5282
A1K0GDBDZ2ZL5H	5283
A1K0I7X8P4SIYJ	5284
A1K0IGBNDMCOQ2	5285
A1K0O4NE5HG14W	5286
A1K0QSYSNAQTNY	5287
A1K0YLZE7F6U52	5288
A1K1271UD9NKJM	5289
A1K18LYGAB2C23	5290
A1K1KJOM8I9GGI	5291
A1K1MNVOJVP024	5292
A1K1QD4M8CQSLB	5293
A1K1UTJDFIO0RS	5294
A1K25D2CT8O670	5295
A1K2G76WBXUMZM	5296
A1K2K3F8NF6FDP	5297
A1K309RGO87WZT	5298
A1K33HG50A6YE5	5299
A1K38H4KCZCIIT	5300
A1K38RVM04NNEA	5301
A1K3BCUBHOCQMB	5302
A1K3JG2PUYZNM9	5303
A1K3NTUOBWJ2C8	5304
A1K3PC34W74STN	5305
A1K3VPFHAI2F85	5306
A1K40ZSHOE8XBH	5307
A1K44645VOUZRD	5308
A1K4AKLW4ZPY1U	5309
A1K4Q8W24U9TBD	5310
A1K4W8FYZKWS4H	5311
A1K4YFBTLQMUP1	5312
A1K53UKA1NAHFI	5313
A1K53YPT86I5I5	5314
A1K54P8K17SKOW	5315
A1K59PUCOAVO3	5316
A1K5BHC4LS2XWY	5317
A1K5EGX8HBO34M	5318
A1K5FGYITPKTJ7	5319
A1K5J02KKOIUR	5320
A1K5KHJRKINCP	5321
A1K5MWZ0XLBTJZ	5322
A1K5P5R6RWZDA4	5323
A1K5QJCKV83CC6	5324
A1K5VJ9OZBS9WW	5325
A1K5WWR6K97FAU	5326
A1K5ZO3DNOOXUA	5327
A1K63OUIP9HKWB	5328
A1K6ACCQPZSQ4	5329
A1K6DHZPWBS7FI	5330
A1K6H1GJOGEG4A	5331
A1K6HEBUMU3SXQ	5332
A1K6M3E7G1B0P2	5333
A1K6PZNF6XKOTN	5334
A1K6WU5073QX82	5335
A1K71QYIG6NU7N	5336
A1K73H16UK8XU4	5337
A1K744ZCLHMQC2	5338
A1K77RMH56CQVC	5339
A1K7G8RLECWIS	5340
A1K7HMKTDOCBBT	5341
A1K7RKECIFRYGD	5342
A1K7SAZEKT5966	5343
A1K7Z4L0VV0P9Z	5344
A1K7Z84LAQXJH1	5345
A1K83O14X08KHI	5346
A1K83VKUYB9BP7	5347
A1K84KN5BUHSVP	5348
A1K859JG2FP4II	5349
A1K8AS7Z1BUGLZ	5350
A1K8FJJE0VIOEE	5351
A1K8LVZDD8QDG9	5352
A1K8U7BCP3CU3	5353
A1K8UFY1MC6HSD	5354
A1K8XWM8G1WK7	5355
A1K97D5TAFATTJ	5356
A1KA1CUOAY1YCL	5357
A1KA53R3JHAB9M	5358
A1KAESK8M10N7V	5359
A1KAIMJVRIFOY6	5360
A1KAMI51HQXZNW	5361
A1KB0V8QL75YYA	5362
A1KB22FG2Y81J0	5363
A1KB8NA5S5JDO8	5364
A1KB9HLCP5ZWQX	5365
A1KBD7BOJFFNJ	5366
A1KBFXA5UAY14H	5367
A1KBGTQEVTVMJU	5368
A1KBHQWJYKYA01	5369
A1KBLQ5Q92V3O6	5370
A1KBMCM4ZXO1PN	5371
A1KBOYBQWP57Z7	5372
A1KBWM7YZIBDUA	5373
A1KC27EKLNPPQ2	5374
A1KCEFHPULW0OU	5375
A1KCF8BFVGK24A	5376
A1KCI96DKAK1JA	5377
A1KCO1Y56U8K4N	5378
A1KCVMJ13OF2WI	5379
A1KD07Z3Q7M4KG	5380
A1KD1LEVNR1DW0	5381
A1KD8CHSA9ZFAO	5382
A1KD8NJPZ01R37	5383
A1KDA17QTAI3Q3	5384
A1KDI4Q58YVOVP	5385
A1KDLMTQUSC6P5	5386
A1KDM0N4UCEPHA	5387
A1KDY3O3L3I2G5	5388
A1KDYZH79Y0I08	5389
A1KE06KXZCYVWG	5390
A1KE7F8RQCM5KT	5391
A1KE7VPLNN9BMO	5392
A1KEK09ZA6J9P8	5393
A1KEL9XMH7TC4A	5394
A1KEOU374L6UY8	5395
A1KESDBNICHAUJ	5396
A1KET9ZXWBC28U	5397
A1KEU31MB3IERD	5398
A1KEUJLWJB2YKQ	5399
A1KEW9XAX2AYJA	5400
A1KEWM4TAG0JI3	5401
A1KEX9VBZDKX1D	5402
A1KEZQP15ESOX0	5403
A1KF1EP7TO04YG	5404
A1KF2FYAQM63NU	5405
A1KF41IHHGS1LO	5406
A1KF61HK8BM4D2	5407
A1KFII1LOF53CR	5408
A1KFJDNXA6GALZ	5409
A1KFJO434L0LSQ	5410
A1KFOZ55JTS80P	5411
A1KFW4Q4FCB5JN	5412
A1KFXI1GLGOHS3	5413
A1KFXVV0JX137P	5414
A1KFZ4M5MSPVTS	5415
A1KG8K8MGECY5G	5416
A1KGFZZJHPK4BO	5417
A1KGQYS867THCR	5418
A1KGS9SOV6P1ZP	5419
A1KGU5VCH2EQ81	5420
A1KGVDGS4753UJ	5421
A1KH4N3AOO60LH	5422
A1KH9C8APGXBGQ	5423
A1KHFL34VD724M	5424
A1KHK2DZOF99ON	5425
A1KHKGG1SPPDTX	5426
A1KHNJ93BP4ELV	5427
A1KHPTLZCF8PUE	5428
A1KHQCK9RTGH53	5429
A1KHSTWSZYPRMR	5430
A1KHVW4VTZ82XC	5431
A1KHW0SL0H33TW	5432
A1KHWRJY1LKKW3	5433
A1KI4YQG0APCR4	5434
A1KI5BG7VORUZO	5435
A1KI5R0BXOYVKA	5436
A1KI7UFUQ9DWI	5437
A1KICRK1MGRJD5	5438
A1KIDK0L1R2P8H	5439
A1KIDVYFKA6QNT	5440
A1KIJ9BLXND6I6	5441
A1KIJI9ZVGW9TX	5442
A1KIPZMTADOWOK	5443
A1KIQGKQM9KXA0	5444
A1KIRLN410TV5R	5445
A1KJ10CDBAV7S1	5446
A1KJ1TRORSE5WG	5447
A1KJLCGNYO56WU	5448
A1KJXTRSZ4X0PP	5449
A1KK27BXGBN7FH	5450
A1KK4UN2FAD1Y4	5451
A1KK6C256HH8DE	5452
A1KKE6VX8VPWZK	5453
A1KKFAY8P2FNYW	5454
A1KKFLUFHR2EZE	5455
A1KKIA6JUFGUNZ	5456
A1KKJ6M7SL3JC0	5457
A1KLPS6P7UR631	5458
A1KLXDCT2ZS8S1	5459
A1KM0US4FCVA0Q	5460
A1KMUU5R8BSMJT	5461
A1KMWSAYU40D7U	5462
A1KN5GTUFBXNK	5463
A1KNE6VIIJ4K8W	5464
A1KNNIUB13T4M0	5465
A1KOCUCWRG0944	5466
A1KOFS86FM4SNZ	5467
A1KOIB2E5E8W1I	5468
A1KOK3Y6ZA4SXG	5469
A1KOQ59GE617QT	5470
A1KOSUVOAJ30Z6	5471
A1KOUOFDIGJMOP	5472
A1KOYOE8O2F1J4	5473
A1KOYZ1KK2PC24	5474
A1KP0A0HSF0I9U	5475
A1KP2A9797UA1I	5476
A1KPIHS098IHFI	5477
A1KPP06ZFP8SZ3	5478
A1KPT333Y0F9I5	5479
A1KPV94OD27JF3	5480
A1KPVI1BZB8C5M	5481
A1KQ80Y692CDOI	5482
A1KQ8MEUM0KIHE	5483
A1KQCP3P67E93	5484
A1KQK3GACRUFCF	5485
A1KQNH1W5LSMRH	5486
A1KQNP8MOJDJKC	5487
A1KQU4PZPVM5WP	5488
A1KR3QNPTRMC27	5489
A1KR4HNP8LR0FY	5490
A1KR8EVVUEWGZK	5491
A1KR973DJKR5E9	5492
A1KRAILY0FQOJL	5493
A1KRKZLAVXC7C5	5494
A1KROBYNPQ8V65	5495
A1KRRAFRSOUGEL	5496
A1KS0ISRSPB5ZC	5497
A1KS5CV19W5DYC	5498
A1KS68UB1CF723	5499
A1KSDEONQ828O	5500
A1KSNK256G46GX	5501
A1KSO0UY1CR6EE	5502
A1KT19TDP9VE63	5503
A1KT87NN6A36C1	5504
A1KTAXYK0HIOQX	5505
A1KTHC25T9EM2T	5506
A1KTIBWWYDSYUE	5507
A1KTJVO2QF4O43	5508
A1KTWJS59V5RQV	5509
A1KTWWVOZ7CAKE	5510
A1KU2MCYTL2AWQ	5511
A1KU7AOEMVAN8A	5512
A1KU9AAYNKQBQS	5513
A1KUA71PTTVZ1N	5514
A1KUB4P48ZU22R	5515
A1KUG5X5V5IF28	5516
A1KUKFI8NWFT57	5517
A1KURJKVAK5YK4	5518
A1KUZ33EFCTYFY	5519
A1KV4GNIRXTC8R	5520
A1KV70TH4J01B7	5521
A1KVAU30GZMKQ2	5522
A1KVBM5S5Z0ENH	5523
A1KVE8ODK8I676	5524
A1KVGKZVBQLJQ	5525
A1KVNFWW734JV7	5526
A1KVSFKXCGC3O1	5527
A1KVTOPVLBJZT1	5528
A1KVVVPAX7313E	5529
A1KW75UFARKU6T	5530
A1KWARAMRG9H0H	5531
A1KWBX9171NRM	5532
A1KWI4BI2YXTCZ	5533
A1KWIXJAI56Y7O	5534
A1KWPIORLG2QV	5535
A1KWQA9SRDG9PT	5536
A1KWV65RPYANLE	5537
A1KWZVNS1D0HO3	5538
A1KX44GOHBF0L2	5539
A1KX4LFT6AN4SX	5540
A1KX6IDLPSXHBX	5541
A1KXASDEYL4NHG	5542
A1KXE37TRXF6O1	5543
A1KXIWY4GJIR4F	5544
A1KXJCXS6HFRQZ	5545
A1KXJLQAGYPNRQ	5546
A1KXK6HMS7KEBQ	5547
A1KXLXJH606RY0	5548
A1KXONFPU2XQ5K	5549
A1KXQ1GM6GOHGI	5550
A1KXVA5RU8JOWG	5551
A1KY25HG3D9NWB	5552
A1KYBF7LSFFS86	5553
A1KYIYS7EGCTOF	5554
A1KYO305F2KZU1	5555
A1KYSXFU5CDKA8	5556
A1KYUOPBGQCLUF	5557
A1KZ45TZV4XUVI	5558
A1KZ7VGELAJ0NI	5559
A1KZ7X16OBM2D1	5560
A1KZ9NHOO95SAW	5561
A1KZE8NAYYANR	5562
A1KZHQDKRZTRIH	5563
A1KZKEUXRYZTZI	5564
A1KZN1H5QB1BPT	5565
A1KZVKDVHETJXJ	5566
A1L090GLX4MP4G	5567
A1L0EM0C0K36BL	5568
A1L0LDPTEQZTG	5569
A1L0P1ZP5FD6EC	5570
A1L0XXZ7QYTV5N	5571
A1L11F1T6J0K12	5572
A1L131DNEOO7DN	5573
A1L1CLAGZ0UFIV	5574
A1L1N3J6XNABO2	5575
A1L1QCDQK40YMC	5576
A1L1XTORGS0NON	5577
A1L22OZO8AR0V9	5578
A1L269N9UFLQ48	5579
A1L29B0KTUVTFG	5580
A1L29O5JUCKONI	5581
A1L2B7RPOP660H	5582
A1L2H5KQLISH1R	5583
A1L2QFFZHC8MU5	5584
A1L2QJV2VVP23W	5585
A1L2W0ANXL3W0I	5586
A1L2Z2H4XGJJO7	5587
A1L2ZXANX3VIEZ	5588
A1L33JYUD4MLL	5589
A1L38TJG2QAY8D	5590
A1L3FAMYLXLSN6	5591
A1L3G2Z9QZPIQV	5592
A1L3GE38INCLF4	5593
A1L3HTZT8O0EVB	5594
A1L3KD5TRIQ9CH	5595
A1L3P0OJZ1O7SJ	5596
A1L3WDNGOJNDOD	5597
A1L46GGRF6WFMW	5598
A1L47O87UBDIWZ	5599
A1L4CUZRCOLVD2	5600
A1L4NPCJ32AWDA	5601
A1L4OQEV6D83G2	5602
A1L4Q8JMWFXCLQ	5603
A1L4VUC6M35ZF9	5604
A1L4ZNULQQJ0YP	5605
A1L53OJSAGVI7X	5606
A1L541UBV96TH8	5607
A1L54ETPKJG6NW	5608
A1L5AL40QXKNKT	5609
A1L5FQ4OWCFL99	5610
A1L5I1EICO736W	5611
A1L5P841VIO02V	5612
A1L5REFMGCN45I	5613
A1L64KDYO5BOJA	5614
A1L65JSUZCEDI3	5615
A1L664MXWAK3MJ	5616
A1L67JDRH70JE7	5617
A1L6PD52EJ98IK	5618
A1L737W36RFLMK	5619
A1L7BO05COYTBS	5620
A1L7MZ4BTI00MF	5621
A1L7PCX6SZREXR	5622
A1L7PR074BZGEG	5623
A1L7V6IBK0Q95J	5624
A1L7V7HN3JQPR1	5625
A1L8JN70APASRF	5626
A1L8LPR12DAJ0T	5627
A1L9121V32ZAHJ	5628
A1L91Y7T708OGE	5629
A1L92NGGNZOSXM	5630
A1L9EPAH3MAZRS	5631
A1L9EVLKRETFPQ	5632
A1L9FTFK2SU9M2	5633
A1L9HUVWFCTUF6	5634
A1L9QBSGG8D1LM	5635
A1L9QOYPFKU02Z	5636
A1L9UM0SVNCQVQ	5637
A1L9X5MKKGFR6C	5638
A1LA4K5JF78BER	5639
A1LA55EWVTKQPA	5640
A1LA7MAC6PQ0XA	5641
A1LAA80E4NHSRA	5642
A1LACH6MLQWZ	5643
A1LAGQ80F87Z01	5644
A1LAGS8H4A2DR7	5645
A1LAOO265QZHEF	5646
A1LAQBND3AZD73	5647
A1LAV3T54DBNNB	5648
A1LAWEZBYOVH3A	5649
A1LAWT79ROIRKU	5650
A1LB1ITKK71RXZ	5651
A1LB4XIMBOU5JE	5652
A1LB78B5EQ8S5P	5653
A1LB7WX2P5MNV3	5654
A1LBDY23E2A9VN	5655
A1LBGDF9NMSBN3	5656
A1LBN7NBE3ONGG	5657
A1LC2EP869D2BK	5658
A1LC4HSFFY8OPS	5659
A1LCEWERDYB9HT	5660
A1LCIM0P7FFCWS	5661
A1LCPL6I43D4QN	5662
A1LCRGUYTHXNHM	5663
A1LCU8YLLOYCB2	5664
A1LCY72EYY2PJE	5665
A1LDCBJ8HO7GP2	5666
A1LDQF8QPE89TO	5667
A1LDQMX40AHUA8	5668
A1LE0OZ2BJJ6TM	5669
A1LE0TJ3UYVV7X	5670
A1LE1UU0C3RSUK	5671
A1LE51X4T0NEBO	5672
A1LE5L6RZS5Q8E	5673
A1LE8FVHEFM3R4	5674
A1LECNIS8BYGZC	5675
A1LEG3W5RVBCTI	5676
A1LEGMZM7WR52F	5677
A1LEMNURG6T4O7	5678
A1LESGERNNJEDI	5679
A1LET5OIW84KZL	5680
A1LEVFDG55PB2G	5681
A1LFW3FPUBEE7Q	5682
A1LG1DKUZXGJ6J	5683
A1LG2DYXUUQYJZ	5684
A1LG4QZBWDK9FN	5685
A1LG9FLPKAFOIR	5686
A1LGDEM7IMBQ1H	5687
A1LGR0OEC13FAY	5688
A1LGTFOCHD12N7	5689
A1LGVMO5IKHFYF	5690
A1LH2LJQRRMZTN	5691
A1LH2RVYD0MY4W	5692
A1LH6K5VPRIDTA	5693
A1LHBF7ZNMND1F	5694
A1LHDZJP92VYD5	5695
A1LHRV2S3W5KJD	5696
A1LHSZKJ7MLEHV	5697
A1LI033VZ85RH1	5698
A1LI0DA3PO5W9K	5699
A1LI1RN3C9BI1A	5700
A1LI4C46JEAJ87	5701
A1LI64RY9I28AE	5702
A1LI6DXTV9D5R9	5703
A1LIFDU34QPG7T	5704
A1LIKKPALQJWL3	5705
A1LINA8MCSONQL	5706
A1LIV0YJ1WTLEQ	5707
A1LIVNQ5F52V0C	5708
A1LJ1L00Z8DBF3	5709
A1LJ9FSAW5ULTA	5710
A1LJBZ8TNJ4JLX	5711
A1LJKMNLGUIW4X	5712
A1LJMUISR7DW8J	5713
A1LJY5NNRWT70C	5714
A1LK29PL4OLJFS	5715
A1LK2EFI74Q3CK	5716
A1LK2WNJZLUX2P	5717
A1LK36KS8PYZK2	5718
A1LK41PI1152HK	5719
A1LK6N42FLEFPR	5720
A1LK7MUYQ0MPLY	5721
A1LKBMTDFSJDGW	5722
A1LKNPPGNTL7VY	5723
A1LKOIZXPQ9VG0	5724
A1LKP99GGA4MZ	5725
A1LKPTBMM25FA3	5726
A1LKZTTXTWD4M7	5727
A1LLDYRGAEC5OW	5728
A1LLI7APDHVP8K	5729
A1LLJ68H9Q3DTM	5730
A1LLOLOG0G7XRW	5731
A1LLR0PIT6V3YC	5732
A1LLZM2OG92XL5	5733
A1LM895VM6UFOJ	5734
A1LMBOI3T91P87	5735
A1LMFMNJHTMK1N	5736
A1LMU3CDTTHXY6	5737
A1LMVMU2A9H0SS	5738
A1LMVXLWWNEIKX	5739
A1LMXJG4BJLE3O	5740
A1LNEV9U6II9MD	5741
A1LNF5B6RKZ3DS	5742
A1LNHXBOH7JCAC	5743
A1LNW01CPFSXWA	5744
A1LNY769MSX80	5745
A1LOENXGC0WRI2	5746
A1LOKRZFEVR2CF	5747
A1LOM6SB9LGSLQ	5748
A1LP0C86WFXJ6Q	5749
A1LP60PU060XFY	5750
A1LPIL4WSV7Y0F	5751
A1LPNI187S15U0	5752
A1LPNYQK6RJ49W	5753
A1LPTSTVZJ21PD	5754
A1LQ1KQU70QGA	5755
A1LQ98WDYE4V5O	5756
A1LQDA0USA5S82	5757
A1LQF359P5RR9M	5758
A1LQGVLLXQIBSO	5759
A1LQY6AEVU87QK	5760
A1LQZ746355E00	5761
A1LR3DM8O6EF6F	5762
A1LR49AAUE0JIS	5763
A1LR5SPHFMBPJX	5764
A1LRAVLH4TDQXW	5765
A1LRH5J4PJL5PU	5766
A1LRHHZZ8ELOJU	5767
A1LRIHYQKUQ9V3	5768
A1LRKBEEDSGOJG	5769
A1LRQ4BKVQCLE8	5770
A1LRQ4W1OHKZAK	5771
A1LRW39NK5QTDX	5772
A1LRXWTCSOPL3U	5773
A1LRZ2XVN5N1CT	5774
A1LS21KYZSJU3M	5775
A1LS2ZFX7LYLCT	5776
A1LS8DKG7LCH70	5777
A1LS8WTN4NZJ51	5778
A1LSB5D7PQOJ9G	5779
A1LSE0F0PD15HQ	5780
A1LSGXGVTFXQCN	5781
A1LSIOLLIV8ED8	5782
A1LSK4RTO6VYSZ	5783
A1LTCG19G04SWV	5784
A1LTX8XDA1SBEE	5785
A1LU25WSG73J7K	5786
A1LU848UFZ2Y58	5787
A1LUDX08J55NW7	5788
A1LUED1K042KC0	5789
A1LUKFR9357O3R	5790
A1LUWYP2KMXH98	5791
A1LV4H9VIY7OP0	5792
A1LVO5SBZG2JR4	5793
A1LVYI5XDTQ5K2	5794
A1LWHQY6JOWHBG	5795
A1LWHWT59UQB2H	5796
A1LWL4HXZ96MSV	5797
A1LWN1D2XNSSYJ	5798
A1LWO9EB5U03QS	5799
A1LWQ1JCKHRE11	5800
A1LWQZ31WJ3WQB	5801
A1LWRTSAFZRS3H	5802
A1LWWNJ0TIPA15	5803
A1LX1E42KTZ4VW	5804
A1LX8K5L3CGC1A	5805
A1LXLGG6C0G8WT	5806
A1LXP5CDH377YZ	5807
A1LXQ7HDMEO17H	5808
A1LXQH7RH7S858	5809
A1LXSZABN18ILS	5810
A1LXUHNWWMH5J3	5811
A1LXYIW58CLOBZ	5812
A1LY19JWKOEVJO	5813
A1LYD7EGJWFZJM	5814
A1LYDMJ55BBQJB	5815
A1LYEES6UJOINN	5816
A1LYH5FKLAIVNR	5817
A1LYO1WHL774E9	5818
A1LYOBSJUVIXA	5819
A1LYQVKV0SYEY7	5820
A1LYS21S99JMQS	5821
A1LYVVXO11YVT3	5822
A1LYZ2E3PBXD74	5823
A1LZ2T1NFWICUC	5824
A1LZ5EBLITKKX1	5825
A1LZ63OMHD6YNK	5826
A1LZBFK8WSS72E	5827
A1LZO0PRDBCM83	5828
A1LZO12VXZ5X2V	5829
A1LZRZVEWKTCLV	5830
A1LZSBV038CISF	5831
A1LZZIL05NJTAD	5832
A1M06EXFWHMC4A	5833
A1M09JMCJLIZ14	5834
A1M09O8PG6GHFF	5835
A1M0E7471QFK56	5836
A1M0KHUOYPVLNB	5837
A1M0LDGMSIR3VE	5838
A1M0LTJFJDTKJ	5839
A1M0M3TOS6CD1A	5840
A1M0RA9ET9F6TG	5841
A1M0V2CBJGQQ53	5842
A1M0VRN0P4D94H	5843
A1M1DB2AYQXHNR	5844
A1M1PQ9B95D2ZK	5845
A1M1WGR9E4BBLR	5846
A1M1Y5UGONAW06	5847
A1M2055YRRVEZT	5848
A1M2CXRRFQ8UM3	5849
A1M2DGUGCND19R	5850
A1M2GUGO58AT5Y	5851
A1M2MPPL6OK3QJ	5852
A1M2PK3AIIP49N	5853
A1M2T0J45TTE64	5854
A1M3135PBJRBKR	5855
A1M3GEH8UY8ZBV	5856
A1M3MFSCARS0J2	5857
A1M4DGN0YSNWDU	5858
A1M4JSVUEO7PAS	5859
A1M4M0O5JBIXW7	5860
A1M4P8A9W194PN	5861
A1M4QC5BZDMBIZ	5862
A1M545AA87PCD5	5863
A1M5DU7CI2D1IR	5864
A1M5H6T2SHXR34	5865
A1M5K58KTG2U5N	5866
A1M5OG2QVGZ2J6	5867
A1M5WHDJ82I4Q9	5868
A1M5ZH9Q4KTQOH	5869
A1M5ZT35YX6TIN	5870
A1M64V2CTOJF1E	5871
A1M658L774LPGM	5872
A1M66QO6GZL7O6	5873
A1M66XSXA8BEJW	5874
A1M67SJ0OC6M2G	5875
A1M68JMDV0Q63N	5876
A1M6D4RPSG88JQ	5877
A1M6UG8JS49D4P	5878
A1M755G1OODW86	5879
A1M77GM3JNTTAD	5880
A1M7B83GZSOC0Y	5881
A1M7DP812070OM	5882
A1M7M2BPA3ZRYS	5883
A1M7NN1MDK3OJL	5884
A1M7VLUUTO1NRL	5885
A1M7Y63Y5GYJI1	5886
A1M8192I81VK8X	5887
A1M84KBKVBE1E2	5888
A1M8677US5W8KE	5889
A1M8QBOTFI0E2L	5890
A1M8S3CVQ86OKK	5891
A1M8VAPAGG48PG	5892
A1M90QXVJ6O22J	5893
A1M9126YPQPS3L	5894
A1M91KTX8QCGDU	5895
A1M92239OM8KPO	5896
A1M99WLZZZY2OU	5897
A1M9IEB29Z9MPT	5898
A1M9L949MA66I3	5899
A1M9MHQJCZ4PTN	5900
A1M9MP1Z6MYEYN	5901
A1M9PP3OUG7P9N	5902
A1M9W13C6JIL7S	5903
A1M9Z5UJH4WWHD	5904
A1MA0AXH2GTOIM	5905
A1MA27JRYOLLCI	5906
A1MAC7DR1L0JQ9	5907
A1MAI0TUIM3R2X	5908
A1MAP3HBF39H5Q	5909
A1MAR6NJPQW5DR	5910
A1MASW50Z8DVXH	5911
A1MB5KUFFWFL1N	5912
A1MBFF8TZR6B5Z	5913
A1MBJCZFO9TQYI	5914
A1MBN1SFDOW1J2	5915
A1MBXP3NZM2BUO	5916
A1MBZ8NHNYZUQM	5917
A1MC04JNV32M0N	5918
A1MC0F23A4IUOE	5919
A1MC4RY3QN4ZAZ	5920
A1MC6BFHWY6WC3	5921
A1MCIBWCA5K9IW	5922
A1MD9AEU9C4WJN	5923
A1MDB3G0YAM18R	5924
A1MDBBSBSK5LD5	5925
A1MDHZJ5HF6YMQ	5926
A1MDOVAZL8QV0O	5927
A1MDST7ADAHOAI	5928
A1MDX7LO8FQ9M5	5929
A1MDXFOTOCI4V3	5930
A1MDZGYYIU2Z59	5931
A1ME18E5LO7H8H	5932
A1ME2P3WNZNOVK	5933
A1MEISNED4NP7U	5934
A1MEK3LUK5X2U6	5935
A1MEQ2CI3SOF3B	5936
A1MERD86MTKS44	5937
A1MESMCJLL3FM2	5938
A1MEZGO8EEWFT4	5939
A1MF5FF1P7J2JQ	5940
A1MF5W2RXAZDQ4	5941
A1MFBS49ENDGA1	5942
A1MFDC410WMPWT	5943
A1MFEDL2I4ZAIT	5944
A1MFGJ2TTAQ6T9	5945
A1MFI3897FJEXD	5946
A1MFI9TR61DB0Z	5947
A1MFIKCKNCMDG1	5948
A1MFK8HG7UMS3Z	5949
A1MFP7JAMWNNDM	5950
A1MFVAHTT2BHM0	5951
A1MG8D7BE6VPBI	5952
A1MG96BGZXH36Z	5953
A1MG9IQUFXMW64	5954
A1MG9J88KJU5CP	5955
A1MG9ZQWS5PADD	5956
A1MGEXKXJ2LPJM	5957
A1MGI6AG3E19AL	5958
A1MGMITXI7QXY0	5959
A1MGUTG3257WBJ	5960
A1MGVDF9H354V8	5961
A1MGW5LS6FID59	5962
A1MH0P8PE6AT4P	5963
A1MH5M47U49N5W	5964
A1MHCH4QPDMZ30	5965
A1MHP6OZTTUPO5	5966
A1MHW5V4GZ16PU	5967
A1MI1U6HY45YW8	5968
A1MIAYZVYOSU4V	5969
A1MID7E9T9FT5A	5970
A1MIEAEK1K9ZJI	5971
A1MIFGGD54O15V	5972
A1MIQH7KUG7BMW	5973
A1MIXG7UQTZHJ7	5974
A1MIZ1MMH75N4P	5975
A1MIZUFNT3W9UO	5976
A1MJ4OWBEN66NV	5977
A1MJ4WTOYW9WXZ	5978
A1MJ7W3R6ZVVZD	5979
A1MJDXY7ZJ42NK	5980
A1MJFZ975LIEHE	5981
A1MJLVNDA93YTQ	5982
A1MJMYLRTZ76ZX	5983
A1MJROYHCAXCZJ	5984
A1MJS1YRKNMU04	5985
A1MJTH31SW605G	5986
A1MJU5XXYHKEV3	5987
A1MJZAV7WH0LC7	5988
A1MJZNC3LTU6GB	5989
A1MKPDHTRISFG6	5990
A1MLB863AF50AG	5991
A1MLF8GEG3HKFZ	5992
A1MLQGKJK178M2	5993
A1MLTMR44XAHM7	5994
A1MLVEJUPSZTQ0	5995
A1MM30YDKJPG06	5996
A1MMF0M36W8W8O	5997
A1MMFSW19AM019	5998
A1MMH12QTGGAS4	5999
A1MMKVDK64RGG2	6000
A1MMKZHI5F9CBT	6001
A1MML2MUXAA8AM	6002
A1MN1OCY5QODGO	6003
A1MN71YXCKQP1D	6004
A1MN7C5D8Z1J8F	6005
A1MNELDLD24CFC	6006
A1MNN0ZMHYPJDU	6007
A1MNN3LJ96CM6A	6008
A1MNOHH1R6MPZF	6009
A1MNP6DXI0LA7W	6010
A1MNQ6OCK5MFYT	6011
A1MNYVRCA6YJX5	6012
A1MO1U2OQCQBMG	6013
A1MO1V6WGBFTD2	6014
A1MO3AHSI0FV3M	6015
A1MO3ZDD26CFPA	6016
A1MOB29YTXE3YU	6017
A1MOS3ZAR5VIGK	6018
A1MP1A2AIQX9W3	6019
A1MP2YRCCDKBJR	6020
A1MP42BBMV85CT	6021
A1MPC55HDGAOL6	6022
A1MPG0RJY4EIUP	6023
A1MPPFBXTF38Z9	6024
A1MPTOCYQWUWT1	6025
A1MPUO5K0ZFKHW	6026
A1MPW62KUR1BZY	6027
A1MPZQLB4VUD1M	6028
A1MQIELUQI7D19	6029
A1MQJQRHN0U1AN	6030
A1MQVH81YFK502	6031
A1MQWZO9OVXHE8	6032
A1MR1VMK999I6O	6033
A1MR8JYUUQFVEA	6034
A1MR9LE6QZ1RYK	6035
A1MRE6ZP2WLT0F	6036
A1MRHRKQS745KB	6037
A1MRK26Z3CFAPA	6038
A1MRRMHGV3PN5W	6039
A1MSDMFCLSBNTJ	6040
A1MSIO172VTFTY	6041
A1MSJ3EB008T6I	6042
A1MSM3X0KXZHZJ	6043
A1MT0O8OL2T8R9	6044
A1MT1GATE6VQ5O	6045
A1MTG02V2KTFXV	6046
A1MTGLL68VNZZB	6047
A1MTQ6WCIGA931	6048
A1MTW2HYKRL9N5	6049
A1MU4SGS7R0PNR	6050
A1MU6PI3YDK8H0	6051
A1MUEG0HE45PA3	6052
A1MUEMEP4ONTV7	6053
A1MUINRU4Z1UF	6054
A1MUW1KX6DMUPF	6055
A1MV3EBWBUI0X	6056
A1MV94S7UX0CAB	6057
A1MVFHK0TKURVV	6058
A1MVH1WLYDHZ49	6059
A1MVMVXEZGHBSO	6060
A1MVP8U4N3BMOB	6061
A1MVX08X5EMTLL	6062
A1MW0MPOBLCK71	6063
A1MW2RK698FYNM	6064
A1MW477PFM661J	6065
A1MW5DGWI55D7Y	6066
A1MW97YRXC5V2Y	6067
A1MX9UJLMXKZXJ	6068
A1MXCX723CQP1A	6069
A1MXGB7RVLTJYU	6070
A1MXJVANURX26J	6071
A1MXO11GL94AX9	6072
A1MXSDSY2OPHA0	6073
A1MXXBKX2AWBR8	6074
A1MY80DW6PLFF4	6075
A1MY9N7FVKT4BP	6076
A1MYFYDF9P03G1	6077
A1MYNTU076A6M3	6078
A1MYQRCX4M9NHZ	6079
A1MYX6BVSUNE5Q	6080
A1MYZVGEWJIVH1	6081
A1MZ2BJHUSTW0W	6082
A1MZ94ALNH0VG0	6083
A1MZB6UBKOVSK0	6084
A1MZBU38N5QTV3	6085
A1MZFMOLT2BBW2	6086
A1MZL91Z44RN06	6087
A1MZN6Z4T7WCMG	6088
A1MZOGYZ492CSJ	6089
A1MZYOY1F993K4	6090
A1MZZ88T6JRXCV	6091
A1N0AME64MNDS2	6092
A1N0DWFSHCTEFJ	6093
A1N0E6ONT7N5KD	6094
A1N0J7V7LRJCLK	6095
A1N0LA9HQWIB66	6096
A1N0MQXCDY4925	6097
A1N0ZBGS3M5YJ	6098
A1N16WEMSLP2ES	6099
A1N17O7Y6ZMRDP	6100
A1N180BWVZEICH	6101
A1N1AL8RQZZ74S	6102
A1N1E48YZP08J7	6103
A1N1LUENFY1PQ3	6104
A1N1Z81VFBQ21I	6105
A1N1ZH9PUFW88Z	6106
A1N1ZSCCS38R6T	6107
A1N211EKSMIZ1H	6108
A1N252MGAYMLEV	6109
A1N2KONJZJDS3O	6110
A1N2L6ZDSMS38T	6111
A1N31RG5C2GBEY	6112
A1N31UYEKAL63G	6113
A1N32358AY0TZZ	6114
A1N35HD1AGK38S	6115
A1N3ACUMKFIHZQ	6116
A1N3ASJA9Q5LHJ	6117
A1N3BJ68UGBMN0	6118
A1N3CAV8W8QKYX	6119
A1N3DRKCR93RE9	6120
A1N3DS96OC1VSP	6121
A1N3K9479DR24R	6122
A1N3KHMC5SV91P	6123
A1N3WNCCMAKLPI	6124
A1N3YC31C516OU	6125
A1N422FLMLIEXK	6126
A1N46MR82AUE4T	6127
A1N46WS98AGOGV	6128
A1N4CXELZ2Z756	6129
A1N4JHAQSOITIA	6130
A1N4KTO5N5I4RD	6131
A1N4OBXQFKTN4H	6132
A1N4QRWRZ5WGXK	6133
A1N4WFQII6NGYH	6134
A1N4YE87510RF4	6135
A1N54CC102CRVU	6136
A1N54YHG0KQI91	6137
A1N58ZXJKAU8UE	6138
A1N5MOUFMJQBIO	6139
A1N5PHW99PM5DL	6140
A1N5WQN2QV8IK6	6141
A1N655X9X7C6QY	6142
A1N68G1KLC4DW2	6143
A1N6K4XS2541P6	6144
A1N6L543CBMLO2	6145
A1N6MS7Z7PXP45	6146
A1N6XYCVKQWTV8	6147
A1N71AF4CX5TFD	6148
A1N72OP8XJJNKK	6149
A1N737I2TYRCQN	6150
A1N7DYX9FXT6CG	6151
A1N7H9NS5IN8VL	6152
A1N7IGXG5TKMA	6153
A1N7NA5148ZREP	6154
A1N7VRY57LE5GI	6155
A1N7WYJU7XH3NL	6156
A1N82BBPB5816P	6157
A1N859IHIHU8D9	6158
A1N899UT8VXILL	6159
A1N89XUD30ZSLU	6160
A1N8IOMUNZ5OK2	6161
A1N8LKR6RKRN2P	6162
A1N8VPT42FK0P0	6163
A1N8XG0XIMOQFH	6164
A1N98U9WTENA2A	6165
A1N9B27QDPILV8	6166
A1N9JL4WPVST04	6167
A1N9P2E9EUPG8L	6168
A1N9X7FV7EIMTR	6169
A1N9X8BO4SHPP7	6170
A1NA0KDEPCUU47	6171
A1NA6YKYX0LH9U	6172
A1NABONLIH1HI6	6173
A1NADKSHMF3S6K	6174
A1NAHPT0CNCPIY	6175
A1NAMZ0688T2HI	6176
A1NAPKOIW9FMUV	6177
A1NASHF2NH7WV9	6178
A1NAWFS9TVX4TC	6179
A1NB0UGAONC2M	6180
A1NB2O2GCAVGDS	6181
A1NB8JLVAH2IOE	6182
A1NBNEIPXQ8I8T	6183
A1NBNRIFPRS517	6184
A1NBNULIMWYXND	6185
A1NBRMOSQQVWEX	6186
A1NBZI880S5VXU	6187
A1NC5RBWSRMZ88	6188
A1NCAF0DCTY4J	6189
A1NCDG3V62ICAL	6190
A1NCF46UA4032H	6191
A1NCM4VFYOIDBA	6192
A1NCRDUTSUINA7	6193
A1NCYLVWEWMXNK	6194
A1ND0SUVPYHYBV	6195
A1ND8OO39OQ6FC	6196
A1NDAJXEM1NZ6U	6197
A1NDHCM66VZBHP	6198
A1NDHLQN0K23QK	6199
A1NDKOP4QR8VWR	6200
A1NDMKM57AOAMJ	6201
A1NDMR8W4F50DV	6202
A1NDOAJ2B0UPY8	6203
A1NDU5KHFC4DV6	6204
A1NDYTRD1PGI3V	6205
A1NDYXBX0IAUAY	6206
A1NE2Y3TW5WBRE	6207
A1NE8LIHXUJA6P	6208
A1NE8Y9UD2447X	6209
A1NEA4VSD14C8K	6210
A1NECJ8RSPFZVI	6211
A1NF108YF7L8M9	6212
A1NF52BMK33XUE	6213
A1NF8TPQGEJNAX	6214
A1NF9ZNWD2CLV5	6215
A1NFCHJ8ZR4362	6216
A1NFEMV3P3ZBRL	6217
A1NFJISDQWI3RP	6218
A1NFURQMMQ71OZ	6219
A1NFZ13T0RZDC0	6220
A1NG11WBT8C0U2	6221
A1NGCCHMRKH38A	6222
A1NGD90IHQGOOQ	6223
A1NGFGBX2VCQS8	6224
A1NGJ6BBZV3CT	6225
A1NGTVTSNWI39N	6226
A1NHAASWFC0NGX	6227
A1NHB2VC68YQNM	6228
A1NHV6PPZY45FD	6229
A1NHYXCTD2AZDL	6230
A1NI9FRBPM1IVH	6231
A1NIBE2WEWDQN3	6232
A1NIH94X1RK5QP	6233
A1NII7INSCB60C	6234
A1NIIMDCMCNJIT	6235
A1NIJ2KVTGGQPL	6236
A1NIKHSYOWTKJB	6237
A1NIRJ0CRIBDDQ	6238
A1NJ2AMRAR16F3	6239
A1NJ2GWURL2ONB	6240
A1NJ8UBATQXEVP	6241
A1NJF11P2WD6GG	6242
A1NJH2VUXKZMS5	6243
A1NJHTBH43P47N	6244
A1NJON9JDL3UWW	6245
A1NJR3LIISIRHQ	6246
A1NJZRLOA9SOIW	6247
A1NKBHC73I2G8L	6248
A1NKCG2XF3IBD4	6249
A1NKDHSM1D0O00	6250
A1NKFH2PODFKBN	6251
A1NKKOE1KTMNCZ	6252
A1NKNP0YTYHPP6	6253
A1NKSE1E3Y9N6X	6254
A1NKT3KHWO6YYJ	6255
A1NKZ7A7T47413	6256
A1NL22PQ6SUHSI	6257
A1NLBZ10LK2J05	6258
A1NLLTJ9EV3J1K	6259
A1NLTDZ0CAKQX	6260
A1NLWUO7UP6QJJ	6261
A1NM2QNCNU27CW	6262
A1NM31LULI67NB	6263
A1NM35K7CJ65G8	6264
A1NMBF3BWD6S4Q	6265
A1NMJ1XZIZ8U3E	6266
A1NMQMRQQLR2UG	6267
A1NN8Q1DLAYPGH	6268
A1NNBAE36W74NA	6269
A1NNH2U45LAYBH	6270
A1NNIVCEODFZHU	6271
A1NNKHFVKIW6NL	6272
A1NNMOD9H36Q8E	6273
A1NNMXP8IROVBN	6274
A1NNP08FQNJHM8	6275
A1NNT44F43MHXJ	6276
A1NNYJ2PFMV67K	6277
A1NNZB448WT9OU	6278
A1NO6YB8NV6LTG	6279
A1NOBRCN20NGD5	6280
A1NOEAO9V65ZAH	6281
A1NOJYFXFNJSR5	6282
A1NOMKZTAF8YCB	6283
A1NOP8OUBRV2R9	6284
A1NOSFQRDL14JA	6285
A1NOUWTJNWF4GV	6286
A1NPAKYYRVX3GT	6287
A1NPI7DLOUZBQA	6288
A1NPIVRRIUQ9LB	6289
A1NPN8AE7TSK3Y	6290
A1NQ1GMIPDDGN6	6291
A1NQ9BZMTMR07Y	6292
A1NQCPFB7JSUPE	6293
A1NQEA93C4317E	6294
A1NQI1M4BNOJYI	6295
A1NQKWS81ENDTV	6296
A1NQL30E5I7F05	6297
A1NQLJO82CRTCM	6298
A1NQOWA8WJ9CRG	6299
A1NQW4GKG19K98	6300
A1NR1V6YX7PDRA	6301
A1NR45TKU1017C	6302
A1NR6ITYPV1CX2	6303
A1NR6V33E4SGZZ	6304
A1NRG3CX64XOTX	6305
A1NRGIP8IPP5J0	6306
A1NRHIRGZRWFK9	6307
A1NRLYRLARSZ2X	6308
A1NRSL9BV7KOXW	6309
A1NRSZN52JUEM3	6310
A1NS0GGCRHEO6W	6311
A1NS6O584WD5FJ	6312
A1NS6WIZOCRQ45	6313
A1NS98C5MPVD8O	6314
A1NS9KL628W37M	6315
A1NSA8C6RV4K4N	6316
A1NSD40WC7C7EM	6317
A1NSHUY80S7KIX	6318
A1NSJHH59U8EKD	6319
A1NSLBNU5WV5YU	6320
A1NSLDB0B7K5KG	6321
A1NSRYL5JH2YOO	6322
A1NT1O1M6RNMLY	6323
A1NT3S0WOB5BE	6324
A1NT4YYVBMS2EE	6325
A1NT72Z4YZYIUL	6326
A1NTE34JC7SL49	6327
A1NTH2WA30W758	6328
A1NTLY4K6GD1WX	6329
A1NTMB3SJQVCR9	6330
A1NTMYAYGCTY0D	6331
A1NTOJMQ046IE6	6332
A1NU34VQNRLDE4	6333
A1NU8K0Y5J5V3H	6334
A1NUHFG7EBNDGG	6335
A1NUS2Z5R07BOQ	6336
A1NV70AKIDNIBL	6337
A1NVC58ZETIQ7G	6338
A1NVF8AF8XNNAJ	6339
A1NVL6WVCB976G	6340
A1NVOE3BLSECFA	6341
A1NVQ858GUU5CB	6342
A1NVT12L6SWCEG	6343
A1NVTYWIAEQUEX	6344
A1NVUA9WLRR0X5	6345
A1NVZNIM4F2LIW	6346
A1NW1NM5UB2I7C	6347
A1NW33YSZM17Z3	6348
A1NWCXP6XNULYV	6349
A1NWEF4N58EHJZ	6350
A1NWEYFVM4EZY6	6351
A1NWGSP1YX190V	6352
A1NWLVYLCXRZHB	6353
A1NWN0OLHXX1UO	6354
A1NWT1DWZ7P26C	6355
A1NXIW8PDKPT71	6356
A1NXPVFPV2UQJF	6357
A1NXUBVU7J3PRT	6358
A1NZ0I74Y7825A	6359
A1NZ1AOP0TGMUW	6360
A1NZ36UZ2NK45R	6361
A1NZ440HC1VTJX	6362
A1NZES06T6S6JK	6363
A1NZESFZ2AEGX5	6364
A1NZOTJH8IUGEA	6365
A1NZWSMU30OIEZ	6366
A1O02U04JOWIJO	6367
A1O07719YMF6L1	6368
A1O0BAZ05TTOUJ	6369
A1O0BF5XZNF315	6370
A1O0XN6URYWOUO	6371
A1O17FE0MASHMK	6372
A1O1AAOM5KF8DL	6373
A1O1AJOJQLNHT4	6374
A1O1GU4PXDI43K	6375
A1O1OON0IH6I8N	6376
A1O1RCAFPVCTPM	6377
A1O1RFVH5U5BTM	6378
A1O1VTGN97O9RR	6379
A1O1WUB8TBJHTH	6380
A1O229NVVDJUX2	6381
A1O2EETI8BZ1I2	6382
A1O2FVELQ90L2C	6383
A1O2IDV7NQ565O	6384
A1O2N6GVAXJ0YV	6385
A1O2V47K82YQD6	6386
A1O2VZ66OK0B6E	6387
A1O32LWJ7J7JR6	6388
A1O3ISUY836YAN	6389
A1O3ITMZJOGHXD	6390
A1O3TJSKTDJY4T	6391
A1O3VS7ASC3FKU	6392
A1O3WQSJFUYBC2	6393
A1O3YIT96VXOPZ	6394
A1O4CXLB6CA4XZ	6395
A1O4K3XLFJZ322	6396
A1O4SATQ9BYKS	6397
A1O4VYJPIK20V	6398
A1O501QQY2Y4P9	6399
A1O5568STA3IMP	6400
A1O5ICD3DW52SR	6401
A1O5KPERD908PC	6402
A1O5MI4NF30W2K	6403
A1O5PQBK194NZ1	6404
A1O5ZVZU2P3857	6405
A1O67JT10UBX7M	6406
A1O6K9LIC865GR	6407
A1O6L5PA7H4MK6	6408
A1O6VKFJ0Z0JTY	6409
A1O72306OR9AQR	6410
A1O7EWD5V6FBX4	6411
A1O7G2PW6LGL0G	6412
A1O7JFX02FH2IW	6413
A1O7V4V3M9LGSR	6414
A1O7W8XE6D6PU1	6415
A1O816MS7MOXMR	6416
A1O81QEKG3GJZZ	6417
A1O89ZSXCOEQ3A	6418
A1O8BS2HKE5Y0O	6419
A1O8C2J3MUQDWD	6420
A1O8X5C55IR3IK	6421
A1O8YLV4V0QBFH	6422
A1O99MINX824U0	6423
A1O9CH0S44M5J5	6424
A1O9D67BY2FXAL	6425
A1O9EQ27CPZLES	6426
A1O9G7ERC3JKEU	6427
A1O9KL3LPWIENQ	6428
A1O9KV6U3HBR84	6429
A1O9MEKELWH4WW	6430
A1O9PUUCW9GAI5	6431
A1O9SNGI5JGI9N	6432
A1OA0Q2KNUUCEE	6433
A1OA2ZW406NQXM	6434
A1OA7ZKRQH98C8	6435
A1OAAQ9SMM5RPD	6436
A1OAAWMVHC32NB	6437
A1OAE2FSDZAXTL	6438
A1OAL7C03F11XX	6439
A1OAO7130UJHF1	6440
A1OAYLLTXH2DT8	6441
A1OB5L3WMHJAD9	6442
A1OB5NTW55VYHW	6443
A1OB6LDS4U0UDZ	6444
A1OBG8PI0WYAAL	6445
A1OBIRO53S5X4Z	6446
A1OBS7GDT8D4C	6447
A1OC65ZR6VAWC8	6448
A1OCDMMZ8B5BIE	6449
A1OCI1VZBHE5I1	6450
A1OCIK1Y2U84BN	6451
A1OCTJYUHQZXAC	6452
A1ODGLO6YC3SWB	6453
A1ODOGXEYECQQ8	6454
A1ODYKXPIBZW3F	6455
A1ODZYY9TNDJYC	6456
A1OE1K133AP2UQ	6457
A1OE38T64IHF1X	6458
A1OEPMK1SW5X0N	6459
A1OEU5MIHYKL7Y	6460
A1OEXGYSV7WQUG	6461
A1OF2RKE7N999W	6462
A1OF72PQR4MII1	6463
A1OFRCCE5S2O1H	6464
A1OGABPYBDGMO3	6465
A1OGCPMSIVK7G4	6466
A1OGEQ047ZYTSJ	6467
A1OGLOAI2GX1F9	6468
A1OGMDB6HBLUPH	6469
A1OGO4I5OCJFMP	6470
A1OGRLACOM3N48	6471
A1OGXIW53J14VB	6472
A1OH1HZ6OXZQAV	6473
A1OH1LPNTDOWDA	6474
A1OH2FO5VVVQJH	6475
A1OH33MR6K4G5J	6476
A1OH7TSWQGGVEQ	6477
A1OHF8F6JMGSIG	6478
A1OHKAMF8SJT5	6479
A1OHKYCHQSBDBI	6480
A1OHNE9WUWTGJH	6481
A1OHZBNRQJ39OT	6482
A1OI2YCZ5N09WH	6483
A1OI85W3LUBRRD	6484
A1OIC0VEUHL381	6485
A1OIHKDB3DX0LA	6486
A1OIL7ONIO62U0	6487
A1OIPZ8PELC10P	6488
A1OIQA0YS1M2LW	6489
A1OITH3SSGH71N	6490
A1OIUYSO0M22LG	6491
A1OJ72ZQ2BOOQY	6492
A1OJGSGCTGKA7X	6493
A1OJIED1LRM5GT	6494
A1OJKT9XQLCYIK	6495
A1OJWSBD0REM	6496
A1OK63829TEDPQ	6497
A1OKB83SX40KMF	6498
A1OKCJOSGPRHVW	6499
A1OKDIFW0HNYX5	6500
A1OKISMCM33WE	6501
A1OKMFWEQSWU3P	6502
A1OKSOH01PS7DS	6503
A1OKTNPURCNYKX	6504
A1OL3FTUJQXCLT	6505
A1OL7P5JOCRI47	6506
A1OLKVJAEE2ESO	6507
A1OLMN35B5N7YR	6508
A1OLOZ5762253M	6509
A1OMBTS64ZMVF7	6510
A1OMHFK0R3KXU1	6511
A1OMI3TXI41H5D	6512
A1OMIFPRIO1KWY	6513
A1OMKLDVIEOLXE	6514
A1OMNOPD5QSS1F	6515
A1OMOB2U2D0BCE	6516
A1OMP56W2B92BN	6517
A1OMW8M3OP9LB1	6518
A1OMX7W5R4R2G8	6519
A1OMXVXXP07F05	6520
A1ON6L5HNLQCSO	6521
A1ONCLZPVJYXKV	6522
A1ONCYUNBFOE77	6523
A1ONGO2HR8D3SR	6524
A1ONMO5BQQKQN5	6525
A1ONRLXC1NV5PF	6526
A1ONS3W9H1TB9N	6527
A1ONUUQ4M38MNI	6528
A1OO228VP8O47W	6529
A1OO4KI57P5270	6530
A1OO61QVUGAP92	6531
A1OO872Q4YKGK7	6532
A1OOCKSJ0LYT3L	6533
A1OOFET3HJBC7J	6534
A1OOLS3367Y7M4	6535
A1OOOJM6DV2OZL	6536
A1OORD07S7JUCX	6537
A1OOVXT0X70RHS	6538
A1OOZ15EYEWOR3	6539
A1OOZQCMDMVSOD	6540
A1OP2ULCC1JT3I	6541
A1OP5NWXG7QJIR	6542
A1OP6ZR3ZTT5JI	6543
A1OP84AORCS6YL	6544
A1OPILKGL1MG3T	6545
A1OPJYXA4F76ZE	6546
A1OPKNO7IXWV27	6547
A1OPM139NX6MM9	6548
A1OPZ3BUTEL47R	6549
A1OQB75Q015WJ6	6550
A1OQB82TCI9VBY	6551
A1OQHU7LBUCX7H	6552
A1OQI7DA14BGN3	6553
A1OQS1LDXW27U	6554
A1OQVITGGCB3ZI	6555
A1OR62Y8N3CFR4	6556
A1ORAJ96WK2QZG	6557
A1OS54656FFFA	6558
A1OS5XC3346B88	6559
A1OS8DD4701C16	6560
A1OSBH4VALOIIK	6561
A1OSC6LWDUV8UL	6562
A1OSCKQVBORNWF	6563
A1OSDF9ZNFNQXA	6564
A1OSEQBRW5S2AG	6565
A1OSG5J1ZP5L5L	6566
A1OSM39HRFC14A	6567
A1OSWAA1W5BWCM	6568
A1OT8WLIRHTHCA	6569
A1OT9EFVZPQ9UI	6570
A1OTA8HR4NVJTG	6571
A1OTBEO8ERG7AC	6572
A1OTBUCLTFKLQU	6573
A1OTC0E0KG0TYH	6574
A1OTGR2WFHAJO1	6575
A1OTYEK0MTBZ83	6576
A1OU53BMO64SVO	6577
A1OU9LR6C03LNB	6578
A1OUHXFD22PDSP	6579
A1OUJ94MBX1N8G	6580
A1OUTFWYO3YOBM	6581
A1OUUK2JCS7TTC	6582
A1OUX5NBJP2AL9	6583
A1OUYNJIMJTBB5	6584
A1OV3CDLYT74GI	6585
A1OV80W4P20MV3	6586
A1OVPNUAKIIR1B	6587
A1OVRIRRXJI6BA	6588
A1OW53C6SQENGO	6589
A1OW65IBWVH5H4	6590
A1OWFSZO643JNC	6591
A1OWL05H9Q5G8M	6592
A1OWLTOKW78ECQ	6593
A1OWRLSD7LTSQ9	6594
A1OWRO2I0XJ571	6595
A1OWYHK040Y17K	6596
A1OX2RF8VOJGXZ	6597
A1OX5I4WMLK3JD	6598
A1OX919S0QOJ7B	6599
A1OXBME0C4MH8G	6600
A1OXBUSYUJ25L3	6601
A1OXC4GNIW7VTB	6602
A1OXDCGIW0OFCJ	6603
A1OXICORTSCKZC	6604
A1OXJBVZYT24VX	6605
A1OXZYWPIRSKX0	6606
A1OY0SA2PS6D08	6607
A1OY5B228QZ608	6608
A1OY9G2DFST1AI	6609
A1OYHISJZMOUZ5	6610
A1OZ9S0EFPSK22	6611
A1OZA52DFY3SHD	6612
A1OZF7POPFGBX2	6613
A1OZJV82H6U76O	6614
A1OZL0CN9Y28BE	6615
A1OZLV31QGNQP6	6616
A1OZV0JZ1A39JB	6617
A1OZYQ4V83X8K4	6618
A1P00XS758WUWK	6619
A1P01EYGIG9C1M	6620
A1P0JSFW184ZXJ	6621
A1P0XHD5OTRQHW	6622
A1P110TEG3FMCZ	6623
A1P1CK59LHV2TA	6624
A1P1L5XFF5PKA3	6625
A1P1X4IW5AUVRJ	6626
A1P20YLX158ANW	6627
A1P27BGF8NAI29	6628
A1P2EGHO6WDUB8	6629
A1P2HWSKK852U3	6630
A1P2OBC87CTSRL	6631
A1P2TSGRO5V1KO	6632
A1P30A8YZIO6R6	6633
A1P32AKGLAIVRY	6634
A1P38V2ZN0GXK6	6635
A1P3KVIGQOZD4J	6636
A1P3NHXO5L47YZ	6637
A1P3RTQKM8BRBL	6638
A1P3WH08J6VEXF	6639
A1P4BZ9NQV0S8Q	6640
A1P4F6HIXU6WYE	6641
A1P4GIFU8VO6JP	6642
A1P4GL13Q9T1GV	6643
A1P4KUKN2UUEQU	6644
A1P4SP3O8ZCTPV	6645
A1P4YY44R4BCNB	6646
A1P54BJE671YY8	6647
A1P5C8J2YPEZ8N	6648
A1P5X6OVYB1SJD	6649
A1P5XXNH3IOQVZ	6650
A1P6CTU0UZFQ6M	6651
A1P6FX22OXDAZX	6652
A1P6HMF3876Z8P	6653
A1P6QYDCM7B9VE	6654
A1P6SMYOQQD3H3	6655
A1P6SY6ZHAQK2X	6656
A1P6XG0P2IFG93	6657
A1P6YZGFXEJOTT	6658
A1P77AQOA9HSYA	6659
A1P7ANZ8I520C1	6660
A1P7FTD7BI4FEI	6661
A1P7MAO0LW6HCZ	6662
A1P7TV5EGKWFZ5	6663
A1P80567F4VNVZ	6664
A1P82H9JZI5X20	6665
A1P84C6I3GTUQ5	6666
A1P84NT34DDHG0	6667
A1P8684ZEFR8CM	6668
A1P8ABH7T637XN	6669
A1P8EVJ5FT5MF6	6670
A1P8HU8CX0Z3DL	6671
A1P8NTDCNE9RKM	6672
A1P8TMRHA1SQ4Q	6673
A1P8WTJN3X1SGG	6674
A1P8XJA1SXSJ3F	6675
A1P98DMX8YUSNW	6676
A1P9HMFMNPS407	6677
A1P9JI4TR933JX	6678
A1P9RSJKDMX46M	6679
A1P9UJ7CTC16KI	6680
A1P9UMP1XSE6MI	6681
A1PAAAQQ9UK33A	6682
A1PABWHPIHZHTI	6683
A1PAGHECG401K1	6684
A1PAKSDGWVVFV0	6685
A1PAZNH4HEGSAG	6686
A1PAZQ18WGRWDB	6687
A1PB1VJ956SB7X	6688
A1PBGTDI95Y4CN	6689
A1PC3SWT969TJC	6690
A1PC5TEDZPITWN	6691
A1PC6QVMBVJAJB	6692
A1PCB069VJWNTF	6693
A1PCP4UIZ6CWF1	6694
A1PCS0PH9JJLJW	6695
A1PD6NNCLVBOHD	6696
A1PD8WLZ5OFLIY	6697
A1PDFCXL8CU308	6698
A1PDHWF2E1331V	6699
A1PDK6P3S9IH7U	6700
A1PDQB47USGSJE	6701
A1PE1FR5NEHP99	6702
A1PE4VILT6FAVZ	6703
A1PE5LTX1JODTE	6704
A1PE9NNCFSSXWH	6705
A1PEIRNJ8HCVWL	6706
A1PEITQQFYXYLM	6707
A1PEU83MSP7YSE	6708
A1PEUADAG3VYHB	6709
A1PEUIADCJPRZ	6710
A1PEUTVZ74LR5I	6711
A1PEXN8WQQYQFJ	6712
A1PEZGYEM9QBK4	6713
A1PF1C5BFZ3ES3	6714
A1PF2KHT2X21QP	6715
A1PFBK5PN303OK	6716
A1PFDVUSBT6ZID	6717
A1PFEFOJBSH34	6718
A1PFJC6JDGI8DW	6719
A1PFP5P56S91JS	6720
A1PFX41YW4YJX9	6721
A1PG5A86ALJ5AW	6722
A1PG70NH85K859	6723
A1PG93QIDD9CV7	6724
A1PGBIMDFSH1XQ	6725
A1PGC1GEBY9CZU	6726
A1PGEGAQ1K43P2	6727
A1PGL4QVOKBRU9	6728
A1PGM22LAII5BJ	6729
A1PGQZ1RF5N76L	6730
A1PGSGZGKCR3H7	6731
A1PGZM4KG3C62L	6732
A1PH1IQ8CR1RZM	6733
A1PHGM63SRKF8I	6734
A1PHNVGHI5M2XL	6735
A1PHNXJQYNX7BH	6736
A1PHTLAKH5TDHR	6737
A1PI8VBCXXSGC7	6738
A1PI9R0K18Q4J8	6739
A1PIOFHREDORGE	6740
A1PIQ8RSL65WJC	6741
A1PIQRL986PG8R	6742
A1PIUZ2RDB11UD	6743
A1PIWL7HQ3OCV8	6744
A1PJ8Y9CJV6OYT	6745
A1PJARKY0MK0XD	6746
A1PJETE86RK13C	6747
A1PJJ3RA03ZCWN	6748
A1PJJ9Z9LG90V7	6749
A1PJVW2GSF73E7	6750
A1PJX7Y2V3SICE	6751
A1PK8BKFV6OZ1Q	6752
A1PK8FG5MVVZKW	6753
A1PKDGX9QAHY8P	6754
A1PKR5UTOQ0G00	6755
A1PKXKC5V9M8Z1	6756
A1PL48UQXSV57V	6757
A1PL6VA9OKD155	6758
A1PL8JA0TEHBVN	6759
A1PL9YAHVKY04X	6760
A1PLE1UNTB644M	6761
A1PLP6J94BQ6QH	6762
A1PLVH7WA2S9ON	6763
A1PLZBEGDBQTZ6	6764
A1PLZKQEC205P4	6765
A1PM0RNEEXRQ2D	6766
A1PMAJ9ZIU7BNN	6767
A1PMFK36IU5FHJ	6768
A1PMQQRJ398KVY	6769
A1PMT8BU05M28R	6770
A1PMXCXLBQCN1V	6771
A1PN0LBMSUG7A9	6772
A1PNI2P7PD68HP	6773
A1PNT0NJ6TZTWU	6774
A1PNT1D0OBHLPV	6775
A1PO54419WQ5H4	6776
A1POKYN7UGL264	6777
A1POV5MQBCUAQX	6778
A1POX93SBV02BK	6779
A1POXXTXRSNEYU	6780
A1PP3I8GUKDVOH	6781
A1PP8G2NYDMYVG	6782
A1PPADV0ACFX3B	6783
A1PPCS38VMYC5X	6784
A1PPFPZG7FCD9S	6785
A1PPWI0UAW05V	6786
A1PPYA3M57TGDF	6787
A1PQ0JND73Q7W0	6788
A1PQ1B6U0XWWHE	6789
A1PQ4NAD3DH7U6	6790
A1PQBWZCHIFEGN	6791
A1PQCFHKN2Q5R3	6792
A1PQCKCBWTZ7HD	6793
A1PQEKU0RH28C2	6794
A1PQF3P8XS4PPB	6795
A1PQHY1TB780CA	6796
A1PQJN35E2OOUW	6797
A1PQRO3G2Q7L6O	6798
A1PRKD0TMABM9Y	6799
A1PRZ1AFCXZVYA	6800
A1PS0VXHSVSSA	6801
A1PSB2V8NED5T	6802
A1PSD2SHO6R8CD	6803
A1PSEW2IR2W36S	6804
A1PSK4VTUBIJPS	6805
A1PSV5PT16G13T	6806
A1PSVO12JP5K0F	6807
A1PT1RBD1KUJ84	6808
A1PT3BF6DFG9OU	6809
A1PT47UK6KQA6Z	6810
A1PT731NTIO191	6811
A1PTBXZG04GT29	6812
A1PTDJZ4N7TOPE	6813
A1PTUKF3DNDOMA	6814
A1PTV9ZBWQXETX	6815
A1PTZZ329O6P7O	6816
A1PUAWWTOKGCWR	6817
A1PUIR4UQLFEFH	6818
A1PUSARAJP4VCS	6819
A1PUWI9RTQV19S	6820
A1PUWQM9UHVN1S	6821
A1PUWV3KW0IR0B	6822
A1PUWZ20PP69SS	6823
A1PUYKBEYPXKE8	6824
A1PV1O0WCRW7OQ	6825
A1PV1U37MKZPDY	6826
A1PV5T5S4D5NPI	6827
A1PVAFNGZO015	6828
A1PVGOY677Z8PQ	6829
A1PVHCS99XNQIS	6830
A1PVO9F7DKGNEI	6831
A1PVUWVZPOLHV4	6832
A1PW5QGY23QHN3	6833
A1PWHQP7WOMUIB	6834
A1PX2QVDSSDYUD	6835
A1PXNZ92SXPMU4	6836
A1PXOHQHWKKBHQ	6837
A1PXT5U2E2UXRP	6838
A1PXUKOFD5DX6P	6839
A1PXXL1RA2YUY8	6840
A1PY08C8TSUYKM	6841
A1PY9ORR8BN1ZI	6842
A1PYD6HZ8MP3KZ	6843
A1PYNAVWCX1O1U	6844
A1PYNG14WH8QXJ	6845
A1PYQB6Q3I7DV2	6846
A1PYUPCD7GSVWO	6847
A1PZ1A99S1RI7M	6848
A1PZBHF3YHQXEI	6849
A1PZGINTASM3Y3	6850
A1PZHJTGE2TS99	6851
A1PZMMLHIUZLGH	6852
A1PZW0SGBCDWGY	6853
A1Q05L8EB23H7G	6854
A1Q08H4B9QGT2N	6855
A1Q08VVG6AJ4D	6856
A1Q09E783O8A9F	6857
A1Q0KDE9ZX8BWL	6858
A1Q0RDBY0297X1	6859
A1Q0RVSQB75B30	6860
A1Q0TKY4A5NBFW	6861
A1Q0WTPJWXTPKK	6862
A1Q0YY9QBJT1OY	6863
A1Q199CHTE72NH	6864
A1Q1CJ50915S2T	6865
A1Q1EBRBL85RH8	6866
A1Q1FMMFUWJ0UG	6867
A1Q1NVLTYEEBVU	6868
A1Q1OB903OU30J	6869
A1Q1T811N4IY3Z	6870
A1Q1VNZZ4UBQRH	6871
A1Q1Z7IR79G52A	6872
A1Q1ZQFOM5WAE1	6873
A1Q201XLXGNN7Z	6874
A1Q20SCKBRWNZ	6875
A1Q272JSV2BDML	6876
A1Q2IJ7HWN5O9Y	6877
A1Q2KZ93SRJETQ	6878
A1Q2S37LE08AYV	6879
A1Q2UOODPUN1H2	6880
A1Q334FJXL7XB	6881
A1Q37WDXH8Z2OE	6882
A1Q3B4Q6W4FX46	6883
A1Q3N2W1ODDDGD	6884
A1Q3RLZ904CKJ0	6885
A1Q3ZCREE3V8ZM	6886
A1Q42KA9HBXMHL	6887
A1Q4BIY85G1SMU	6888
A1Q4G5VJF5V4KH	6889
A1Q4MNIUESQTBM	6890
A1Q4S3NQB8ZTOP	6891
A1Q4VLKM984UMI	6892
A1Q4WBDCJ2T0EB	6893
A1Q54975STA5SV	6894
A1Q58LJIWBK1A2	6895
A1Q58PTJBGO7AK	6896
A1Q59WZUY9N5W1	6897
A1Q5CVCLVWLVBQ	6898
A1Q5FD995G5I89	6899
A1Q5HNOOFUG2E1	6900
A1Q5M51K0A4UO5	6901
A1Q5MHF6SUC7ZJ	6902
A1Q5MVTOJAZ441	6903
A1Q5NB9Q31MDJ0	6904
A1Q5O65V2SKM4J	6905
A1Q5ONDA1VQVRN	6906
A1Q5P5ML3176C0	6907
A1Q5PF54ZI3Y38	6908
A1Q5VW2V12N1GC	6909
A1Q610AIYKYS5Y	6910
A1Q65KYDKXIX8E	6911
A1Q6658P5Z5VWZ	6912
A1Q668HO1YIB16	6913
A1Q68YFXN71H30	6914
A1Q69RY8JIGMQ8	6915
A1Q6BXLIJFRCXK	6916
A1Q6JG2I6LCRGB	6917
A1Q6KXBHGH8RHL	6918
A1Q6MWSMU2R4B3	6919
A1Q6VE5W0TCCTM	6920
A1Q70K27GSE8U4	6921
A1Q71MJ94K4A17	6922
A1Q7A78VSQ5GQ4	6923
A1Q7W9YXK60FK9	6924
A1Q7XYSXNPJKHQ	6925
A1Q82CMIGIS6Q7	6926
A1Q8IV4VG4RORL	6927
A1Q8NQIX2JBJIK	6928
A1Q8QIQDVBCTPC	6929
A1Q8U4899505L6	6930
A1Q8VI5AHBB1EM	6931
A1Q94N7L9E4HLJ	6932
A1Q98ZMHZXOYWI	6933
A1Q9AKDAGYK1FV	6934
A1Q9FJOJ87ALAR	6935
A1Q9RO05BGGV0Y	6936
A1QA1CT88U8XZL	6937
A1QA8BOKZBU7ZW	6938
A1QA8CFOV2I62J	6939
A1QAE7Z9B114H5	6940
A1QAGUR91M0DUB	6941
A1QAK5SI05V8B2	6942
A1QATRF5JYS1O0	6943
A1QBA44PYI57DU	6944
A1QBCZ0R3JGUGE	6945
A1QBMHT8YZICG7	6946
A1QBOC76MIOJYP	6947
A1QBQLW1ZO5NDX	6948
A1QC0YO89DV610	6949
A1QC3UQFKBV5JU	6950
A1QCL3QBYFW3EA	6951
A1QCMUO6GB71L8	6952
A1QCUMGX7UHFL5	6953
A1QCX2PV3XAATP	6954
A1QCXIOXQ07KE9	6955
A1QCZQTJNK3MU	6956
A1QD3OK8N35KY9	6957
A1QDBTIUCIBPVG	6958
A1QDJKOXRAQ5YJ	6959
A1QDM4E9E64VRN	6960
A1QDQZIVU2RHDR	6961
A1QDRSNMFCSYM1	6962
A1QDXQ48O4MEK5	6963
A1QDZFHIR12O61	6964
A1QE1N96DNFCLD	6965
A1QE8MLB2L5ATO	6966
A1QEBPBXZDW1GT	6967
A1QED7GUVZ09UX	6968
A1QEFN56V1VC6D	6969
A1QEVXCGIWS4F2	6970
A1QEWXJPXJ3OJ6	6971
A1QF4Z4P6D3FO4	6972
A1QF5VLTAX624P	6973
A1QFFRX44YPXX8	6974
A1QFPIO0Z2IWUQ	6975
A1QFYLO99KSTQ9	6976
A1QFZBIU58C86Q	6977
A1QG5MN3W5JRZU	6978
A1QG95Z9FAQT23	6979
A1QGBR7QQCD2CY	6980
A1QGU3V03RIX4F	6981
A1QGZ7MGG1D4FN	6982
A1QH068BKZMJJU	6983
A1QH56WWE3PIOZ	6984
A1QH9B7RYSR8NO	6985
A1QHBSFCDWNXLR	6986
A1QHIH6V2UF9GI	6987
A1QHJJSS7YNUYW	6988
A1QHJUGJ3NGNM5	6989
A1QHTQXMG83WR9	6990
A1QHXOBCM97HG7	6991
A1QI597W63HENP	6992
A1QIF5JZARLE1H	6993
A1QIGEWO1CO7GN	6994
A1QIKNW5Q902SJ	6995
A1QINNSZYBW82L	6996
A1QIRV1L1QJ6AH	6997
A1QISWY67S6PKJ	6998
A1QIV2MBLVOFWH	6999
A1QIVG0V4STRSJ	7000
A1QIX67BEN9FRU	7001
A1QJ0UMSIE1MCP	7002
A1QJBUUJ8G5Q9L	7003
A1QJCFRF0A939D	7004
A1QJMI04DY9QCC	7005
A1QJSWBVOAK11Q	7006
A1QK0XCAPHIW1L	7007
A1QK5NY7QWX2HX	7008
A1QK78Q7G1GQFB	7009
A1QK91G8NM5XI1	7010
A1QKDB36YN1II7	7011
A1QKG9KEUQYB7B	7012
A1QKHQH3QJCXBN	7013
A1QLELO2PIP9DZ	7014
A1QLEP7UQT4QFM	7015
A1QLF8KMX4LATJ	7016
A1QLJ37OM0C0EJ	7017
A1QLJSTLCMIF77	7018
A1QLMFGQ8KFLU9	7019
A1QLQCJVGCQPP0	7020
A1QLXAAX5UV02H	7021
A1QM0EWDHGW4UN	7022
A1QM90AZ18KGGU	7023
A1QM9YZ68Q82LV	7024
A1QMHMW7EZBWTZ	7025
A1QMIY6O7VV5XD	7026
A1QMJBMMEDO0RM	7027
A1QMN8SJYRREMT	7028
A1QMNQAXM75KJC	7029
A1QMPGC7GHAZAQ	7030
A1QMQBT2864DGV	7031
A1QMYMEQLZLEG7	7032
A1QN8D7W80G93	7033
A1QNAXGT8FWDYP	7034
A1QNHYMK7625H8	7035
A1QNLXVA1VV8ZX	7036
A1QNN1HXCD6XSZ	7037
A1QNRU7SXDF34M	7038
A1QNUZIZ4QL0V5	7039
A1QNY3T7WS6JT5	7040
A1QNYLBG73QRNF	7041
A1QO4TBQIFTQBI	7042
A1QO4XI5K88S1L	7043
A1QO5WKTMC9VU7	7044
A1QO6RG95FVIZ5	7045
A1QO88MU0PYJON	7046
A1QOHDHHWX9MCE	7047
A1QOIHVQC5XWCJ	7048
A1QOK9LU90ACF7	7049
A1QOO1LJW9SVFU	7050
A1QOPVHL5T1XVU	7051
A1QORFRVBLC8SJ	7052
A1QOTOVNAKD42Z	7053
A1QOV0TUG24IAZ	7054
A1QOVBJYTG9OFY	7055
A1QP2UIDM3Q5H	7056
A1QP39TOERF9OZ	7057
A1QP5SINUS4EOM	7058
A1QP9GYIHTFWCJ	7059
A1QP9HA4ZIYGRF	7060
A1QPAKHZKBY7YY	7061
A1QPCCF8SPJOL2	7062
A1QPFKFRJTN1IC	7063
A1QPJRSBQQF1L1	7064
A1QPMJXXN6WQHF	7065
A1QPOKVIDA4O1L	7066
A1QPVYT88CQO6M	7067
A1QPX6ZGQ0JF22	7068
A1QQ5Z2ONASQJG	7069
A1QQ7R05YIQPM8	7070
A1QQA7Y92L4F9R	7071
A1QQB3F6IRWD5V	7072
A1QQJSXNFAJYBK	7073
A1QQUI0EG4MVAO	7074
A1QQYI3H8UBOOB	7075
A1QR54Z5PSMOA0	7076
A1QR9370XBHFSI	7077
A1QRBZ3JI8DSAF	7078
A1QRFTCVSKIC8Z	7079
A1QRSTWAO2QKE8	7080
A1QRWSDG9TKO4H	7081
A1QS0A0ZVTREUS	7082
A1QS9CHFCEB3WJ	7083
A1QSDFJFGQT8RL	7084
A1QSGYUODNYG9A	7085
A1QSWVIMUBL3BZ	7086
A1QT394WDEOSCL	7087
A1QT3RLFU5XKQV	7088
A1QTDDP182HS4F	7089
A1QTEC5EBRK0PF	7090
A1QTKKYZQ402VF	7091
A1QTNIRCYKB31B	7092
A1QTPGG4ANBAJE	7093
A1QTRAXA3D4MWV	7094
A1QTT3XC9HPYZP	7095
A1QTULMME62SWL	7096
A1QTXDVUDSAMG2	7097
A1QTZECW0SHXTH	7098
A1QU1YOTW6XKJQ	7099
A1QU86NDW90T6L	7100
A1QUAX9VOCGS5H	7101
A1QUD5FZD4QG5I	7102
A1QUE6OTTIZWZP	7103
A1QUILLLNTPNBD	7104
A1QUV967WKS8KE	7105
A1QV1WCQYX2EXT	7106
A1QV2H8FCRV8D0	7107
A1QV6FOTIS2NBR	7108
A1QV6WSWL96DA6	7109
A1QVBRKHKPTCY2	7110
A1QVY8GGMH0ATS	7111
A1QW1ILDTB55N5	7112
A1QW8BNPVD1DJY	7113
A1QWFKMJ3M1KXF	7114
A1QWH8CKWIMMCO	7115
A1QWJC7RTVTTAC	7116
A1QWS6Q4MHXVLG	7117
A1QWT3B0YUE33U	7118
A1QWVPTN456Y1T	7119
A1QWVSGD0JU394	7120
A1QX0OILOS1UPR	7121
A1QX2S7QR03O40	7122
A1QX4FGHSRNC65	7123
A1QX8OCXDSEKOU	7124
A1QX9ND773SPFY	7125
A1QXAREM612690	7126
A1QXG4LFBKQZNU	7127
A1QY1LMG7IYZ1A	7128
A1QY7L55EP4XX3	7129
A1QYMWSVUXV2H1	7130
A1QYNNXJ0C8PE6	7131
A1QYUNH71DVL76	7132
A1QYWVAOVVRBH	7133
A1QYXMEYGAJGMI	7134
A1QZ00R65VO8LI	7135
A1QZ2GPVDLGWGT	7136
A1QZC6AYLZ6E4X	7137
A1QZJ649ZH21O1	7138
A1QZJS9HP7GQU7	7139
A1QZMYFIQTGVP1	7140
A1QZOEOKEXLLTI	7141
A1QZSV9MZLZYJV	7142
A1QZU1MFF6BEX5	7143
A1QZZ7GCH1JX9P	7144
A1QZZJA7OD5CNF	7145
A1R032J36P3DFQ	7146
A1R05JOSCZ0CVL	7147
A1R0ODG4L5TNS1	7148
A1R0PBOIOOIPZK	7149
A1R15RT5DZEYO8	7150
A1R17M7T0NKWNT	7151
A1R19YYR5OR26T	7152
A1R1FU7O2SCLPW	7153
A1R1JT8M2IPWG5	7154
A1R1NY3L4FHABN	7155
A1R1QIGSVD9LJ	7156
A1R1XK0MZQNII2	7157
A1R22WL520D4L0	7158
A1R26NVK4EW5PU	7159
A1R2HJIXFTSHYO	7160
A1R2JUOGIYH6HO	7161
A1R2M0D81GSZ5B	7162
A1R2WJEA8KEWOY	7163
A1R31VQ3PY13CP	7164
A1R32RI389WIYG	7165
A1R377IPZOKLMM	7166
A1R3928SE2DC	7167
A1R3GN9MEJFXM3	7168
A1R3J4GDBA31YD	7169
A1R3NGT2MJGFY	7170
A1R3OQ1PLGBKZE	7171
A1R3T01MVZU6Z5	7172
A1R3VNBLE8WJXX	7173
A1R43OIKOL32EO	7174
A1R4830GBU8UIM	7175
A1R4BL5MYUDNDJ	7176
A1R4EEASBTKQJ6	7177
A1R4J3HVHDPBRQ	7178
A1R4OJIVJ6DBGJ	7179
A1R4R7Y8M8THQ8	7180
A1R4U9YQRE685X	7181
A1R4VHGGF1H23Y	7182
A1R4WHQXLZFUVN	7183
A1R5HXBZFLHUYO	7184
A1R5KB2I4ITKB1	7185
A1R5PO48OM9X84	7186
A1R5REZQWFJBQ6	7187
A1R5T1Q3R4FBRV	7188
A1R5UEZL9RKSBI	7189
A1R5V7TQI4YGVO	7190
A1R618WDVI7NAL	7191
A1R63DYY8K5XAS	7192
A1R670KFX8PQ3R	7193
A1R69MTE6YGLP5	7194
A1R6DKN9YQ2YU1	7195
A1R6FXSZVCIJKK	7196
A1R6HA8HXG5ZA6	7197
A1R6Q54Z8D16MP	7198
A1R6YR5UTG1HKL	7199
A1R7E2F1U2FN4V	7200
A1R7I9VX8M5Y3V	7201
A1R7JGVASH145W	7202
A1R7JYPQWEXMYT	7203
A1R7LVQZL1U8SW	7204
A1R7NG5X4J6O09	7205
A1R7OZVAPKKKRL	7206
A1R7TCIJGSXGZ	7207
A1R7ZFAHXKFJD2	7208
A1R80QT9RN7EGX	7209
A1R82G9AL3RA31	7210
A1R84IHS35OZGL	7211
A1R85NK1P460RH	7212
A1R87HRW2IWFHN	7213
A1R8959UV0TGC2	7214
A1R89YUNV52AXE	7215
A1R8CYMLZXMSDA	7216
A1R8OFZY6CYX7G	7217
A1R8YBQ4JC3UD3	7218
A1R8YZVOCNOS07	7219
A1R8Z4CWPK3FW6	7220
A1R93MC2KVXWFG	7221
A1R98YRYSY1QVK	7222
A1R9FH2LMHXLKO	7223
A1R9PWGCKRMJQT	7224
A1R9SXG68S8OLJ	7225
A1R9YRTB6JQFWK	7226
A1R9YTLUQJ4OXO	7227
A1RA8T02BIW3BM	7228
A1RB2GPSVEM2L7	7229
A1RB5O70BOG23P	7230
A1RB5SIU3DPHIO	7231
A1RB9NXBBG1SQI	7232
A1RBE8GZPV7YIB	7233
A1RBIY3EJPJ4M0	7234
A1RBU085KB4CWO	7235
A1RC57T5JNV2WP	7236
A1RC83U8UPW23Z	7237
A1RCCJS68FCYFD	7238
A1RCEFGWV2WEC0	7239
A1RCFKEYJ1JU94	7240
A1RCITNV1M42FH	7241
A1RCPSZ3KBEQN7	7242
A1RCTGT549LXVI	7243
A1RD1LL5E5JZOT	7244
A1RD9KK99TLO6Z	7245
A1RD9OG3SH84BH	7246
A1RDBY45H5WP5F	7247
A1RDL5PNNQZLQD	7248
A1RDY125ACBI2G	7249
A1RE023YO8CU1W	7250
A1RE294Q0HQNAE	7251
A1RE748QUAJODA	7252
A1RE7M7NPEQHU4	7253
A1RE9J2T97QX8L	7254
A1REMEHU05QCWM	7255
A1REN7WXXDD6EL	7256
A1REPL4NU4CRJ8	7257
A1REY6YZXI4YNF	7258
A1RF1XZYQK86C7	7259
A1RF57WEU22JTR	7260
A1RF8ZH2QJZ9KN	7261
A1RF9YK4BK5TRH	7262
A1RFHFEKZ8E6NC	7263
A1RFNXJVIBPFZ4	7264
A1RFSKGGI561S8	7265
A1RG42XCIMUFTY	7266
A1RG5WTGX5A69X	7267
A1RG8DDU1PEFOG	7268
A1RG8UVUP7UXAW	7269
A1RGF9EVE67HG1	7270
A1RGP8BQO4VP5S	7271
A1RGVCDAZL1MWK	7272
A1RGXAIDVOR5QB	7273
A1RH54KDESZ72N	7274
A1RHBFHX7THNFZ	7275
A1RHC5VZADFIJJ	7276
A1RHCT098EIMDS	7277
A1RHE0EI5GQM66	7278
A1RHENZCAJGONQ	7279
A1RHNPFJ87IF3W	7280
A1RHP5HOL4COQ4	7281
A1RHS2BI2SQF8R	7282
A1RHSBICDOMFAZ	7283
A1RHUXQXLFIQ7S	7284
A1RI10H2OWV8ZJ	7285
A1RI4729EOP9EP	7286
A1RIA11T4QKQIO	7287
A1RIHQYVTO7RSG	7288
A1RIMQIPKI4XUF	7289
A1RIU1AAU4ZPEC	7290
A1RIVJSDRNEWI2	7291
A1RJ2AU2W8WPAM	7292
A1RJ4BW5Z1BNUL	7293
A1RJ7HUI68GRA	7294
A1RJCTWRZ13D3F	7295
A1RJEC9EXCBYVB	7296
A1RJKM0DMM0H0D	7297
A1RJW14OJGSP22	7298
A1RK5J1QCWMU8H	7299
A1RKACXM2SF8OT	7300
A1RKCT4H3X3J1W	7301
A1RKDTQEVPPPWB	7302
A1RKFCQX541T03	7303
A1RKOZ6YCOILGE	7304
A1RKS0O04U3GY3	7305
A1RL3SGTCTKOVA	7306
A1RL74AZHV092B	7307
A1RL8CFHEJUTDV	7308
A1RL8P3UM1KRJI	7309
A1RLEZIK5U0JD7	7310
A1RLFZGEACK5V9	7311
A1RLM27AV50OBI	7312
A1RLRFSLZFOSK1	7313
A1RLWLTDC4B0LL	7314
A1RMC1DFB2QG9Q	7315
A1RMPGNNAEJCVI	7316
A1RN47J09VYYIY	7317
A1RN68EHQ21TI8	7318
A1RN8XTVTMEA0O	7319
A1RNAEA0PV0S5G	7320
A1RNAXIOL86SZP	7321
A1RNBR3YDP6LTG	7322
A1RNL38FZSTVWK	7323
A1RNMOHPW3U2GF	7324
A1RNMUXP5T6FMM	7325
A1RNWM3JRHO5HQ	7326
A1RNWPT5YREVBM	7327
A1RO2ZSAWL97ZX	7328
A1RO4KGV8PY18T	7329
A1RO7AQT6QFIEO	7330
A1RO7LHPEVFKY1	7331
A1ROA7DNRCVEF4	7332
A1ROCGZLVC6EHW	7333
A1ROED3BYCFJ9J	7334
A1ROEHFMMYG9KQ	7335
A1RON2RY0XZYM1	7336
A1ROP1HLBC5X18	7337
A1ROQZG14Y9LZO	7338
A1ROWT9LJFL84P	7339
A1RP09FD797OVG	7340
A1RP2XRNOGXI95	7341
A1RP5G1SJMSIIP	7342
A1RP8M5VTQXGMB	7343
A1RPABIV0MNZDQ	7344
A1RPAJ8C1ED78H	7345
A1RPJHUVVSI98A	7346
A1RPKL8ETVKLRE	7347
A1RPL9CZ4XG49W	7348
A1RPTVW5VEOSI	7349
A1RQAM4IRN899T	7350
A1RQAO97ZOCIA	7351
A1RQEFMBJB06E5	7352
A1RQG84M7WTBXE	7353
A1RQI6OHJO5L48	7354
A1RQQV9HYHDHDN	7355
A1RR094LWDMTCS	7356
A1RR2CA2JVBDRI	7357
A1RR7JCGWZ6BC6	7358
A1RRMRW8VPSICD	7359
A1RRMZKOMZ2M7J	7360
A1RRX6QA9ROKCG	7361
A1RRYKT7WVU3OC	7362
A1RRZQHAO6Q7CM	7363
A1RS0JUYPXFKX3	7364
A1RS9E98SOIM26	7365
A1RSGIKO0D02PK	7366
A1RSI8NPSUY5V3	7367
A1RSMNO5DOQ9DV	7368
A1RSRFH7R1XFFT	7369
A1RSUL5YYZJMGN	7370
A1RSV7D1P5M50Y	7371
A1RSVL2LOBQWOS	7372
A1RT18LTT59X36	7373
A1RT7RJJVEN222	7374
A1RTAG101IYPX6	7375
A1RTBC02PXBDEM	7376
A1RTGNAES7T1A9	7377
A1RTIGOAIBV9DS	7378
A1RTIT7V5EOB9Q	7379
A1RTNTCLR0WQX6	7380
A1RTQLRDEMI0S8	7381
A1RTSVWEXMKAR1	7382
A1RTX1LRJXSCPV	7383
A1RU6YF7DHFU5Z	7384
A1RU8Y0IK0WTB3	7385
A1RU9Q2LRDSPQ8	7386
A1RUDSRTL96TJ3	7387
A1RUKVCN7I5FTG	7388
A1RV37VUW6IAZ5	7389
A1RV37WFXWARJA	7390
A1RV4HTR25LC0B	7391
A1RVD8YEZJF89	7392
A1RVT44SHQV8EC	7393
A1RVVZDSKCNRML	7394
A1RWBB2TY51XX9	7395
A1RWGSOHM1UPGX	7396
A1RWLD9XUWSYCJ	7397
A1RWLSB6SZKOSB	7398
A1RWMM3LPGU5JN	7399
A1RX27ZHRWDP10	7400
A1RX9OSM8ILB24	7401
A1RXN43VZ8F3DF	7402
A1RXNHVPYSV90M	7403
A1RXNN7XQN48GN	7404
A1RY0O29LOP1B8	7405
A1RY77WKJUVV24	7406
A1RY961AEI67NT	7407
A1RY9P150MDVKR	7408
A1RYCPBR793RY6	7409
A1RYGC5D69J8MC	7410
A1RYIT3THMEM25	7411
A1RYJSLJ4OM63M	7412
A1RYL598X3XTX8	7413
A1RYN220LYR7KU	7414
A1RYRRIKZBTOLI	7415
A1RZ32JTYABQWI	7416
A1RZ3X3GC7UZNC	7417
A1RZJ1KDK65MMJ	7418
A1RZJ25XHIYUBQ	7419
A1RZZ8M54OEHMR	7420
A1RZZFGUZUXJN6	7421
A1S011SMHQ4Y1G	7422
A1S0A18E3PVWVR	7423
A1S0D037M0D71X	7424
A1S0DW7Z40VH19	7425
A1S0HTDO0P4N5V	7426
A1S0K2DGVFG0BU	7427
A1S0PB941U06DG	7428
A1S0SSZRUP7RLP	7429
A1S1B0TWZEG4VJ	7430
A1S1GBJL3UQMUE	7431
A1S1KZZATCPTNT	7432
A1S1NTG8R572ZP	7433
A1S1RAEP3AUCTM	7434
A1S23OIVOLZ1HS	7435
A1S24VKT63ZFD1	7436
A1S27P7KJO9I96	7437
A1S29LNUEQ63C3	7438
A1S29VVV1NLCFO	7439
A1S2AOYUGPP4U6	7440
A1S2H8Z40DWSE0	7441
A1S2HV4HZKVY3G	7442
A1S2U38R66PQ0D	7443
A1S350ZFG1DK61	7444
A1S3B70QOEF8X4	7445
A1S3L51QIPWGLU	7446
A1S3PDE7OE3537	7447
A1S3PP11MFXWH2	7448
A1S3Q1N7YQQAO8	7449
A1S3S8RFY8MN1P	7450
A1S3XRT2FIIEJE	7451
A1S3YVS4QRF1O0	7452
A1S3ZX76A18HSZ	7453
A1S42L40PVRJC3	7454
A1S498OWG9VY19	7455
A1S4E8NF4IVPF	7456
A1S4ETT55HDYDD	7457
A1S4UBWYVC7FKW	7458
A1S5251XGPBIVN	7459
A1S52XH2CS4Y26	7460
A1S5A80S87WSV5	7461
A1S5F7HZ6ZNBOK	7462
A1S5ISIPIPPESB	7463
A1S5QVS3YLY6FK	7464
A1S6713X0SUBZS	7465
A1S6B5QFWGVL5U	7466
A1S6JA6XASRNZH	7467
A1S6JD39IRPCRE	7468
A1S6QA4DFZZDCH	7469
A1S6Y6WCLYVY86	7470
A1S77B2I40PBRH	7471
A1S7BFT0HDF3HA	7472
A1S7GGYYNVN7N6	7473
A1S7IZRYMIY6QG	7474
A1S7NNFWYRA5ZB	7475
A1S7PA6BAJFBW5	7476
A1S7VZIS6VUWD7	7477
A1S7YQQGJPPFLG	7478
A1S8AZR4IM3C68	7479
A1S8GQZ4FRXUST	7480
A1S8JN3O3EUVU2	7481
A1S923NQ3OBFEW	7482
A1S94GW4TJ8SKU	7483
A1S9BPWVKQCVL3	7484
A1S9EKKEZLFCOX	7485
A1S9FFPSHVN3P3	7486
A1S9QAZE59WEAG	7487
A1S9RLLOL7FU98	7488
A1SA109AKXFJLY	7489
A1SA2M4WHB040U	7490
A1SA6ZRMBR7XZT	7491
A1SA9C7NL2I97L	7492
A1SAD90HIKTPUA	7493
A1SADXGCXHD0BZ	7494
A1SAESO0L8093K	7495
A1SAG7FVW6VNL0	7496
A1SAQHZ0MCUMT4	7497
A1SAZWSVKQZ2TY	7498
A1SB9BNNGKNX2Z	7499
A1SBNA68U20CQK	7500
A1SBQ12XLIKZYB	7501
A1SBQVLDCE85AB	7502
A1SBS23684LNLS	7503
A1SBT8UO5AZYMD	7504
A1SBVZAE4PXP0W	7505
A1SC2QW5OTIEMD	7506
A1SC2VSGJI8CTC	7507
A1SC5OXLQNGPLN	7508
A1SC7Z2646QCP9	7509
A1SCANWWQTEG9I	7510
A1SCE9LEYY1OWC	7511
A1SCME6H19T81S	7512
A1SCN9TU7IJA9Z	7513
A1SCVFAEXMNXBG	7514
A1SCW59HG40O9E	7515
A1SCWY8O0IL2HU	7516
A1SCYD9N2ZBXJ8	7517
A1SCYEQRHBE7BQ	7518
A1SD1C8XK3Z3V1	7519
A1SD50RF2FFRBF	7520
A1SDM1LYAW856V	7521
A1SDOYRKH4DQ1T	7522
A1SDPOZTBGS10V	7523
A1SECCAILR5491	7524
A1SEGB1RKY09MQ	7525
A1SEO4Y5EBIH4Z	7526
A1SERFD5R117NA	7527
A1SERRQFBIY9L6	7528
A1SETYXN6IHAUJ	7529
A1SEV5Y6AY97O3	7530
A1SF178U7SKRMT	7531
A1SFAPCD5UHP1X	7532
A1SFPG8500PMDB	7533
A1SFPLORJG9Q04	7534
A1SG0IKJ2OB249	7535
A1SG1ZVVWS6GWX	7536
A1SG6JGU7ISEH3	7537
A1SG7YN89RIAQ5	7538
A1SGJA8YM2F26Z	7539
A1SGLITGNOBWGH	7540
A1SGPAASL01V8	7541
A1SGTW7OJO02KK	7542
A1SH2C74988KWH	7543
A1SH43N240VNCY	7544
A1SH5O14UOSCWK	7545
A1SH942GUZJ80T	7546
A1SHAX963GSHM3	7547
A1SHHQSPOWR00F	7548
A1SHOF7R2281NZ	7549
A1SHS5VHPR0DG3	7550
A1SI2993YY7C61	7551
A1SI4B26GQXXU8	7552
A1SI5PT3CA9OWW	7553
A1SI5RBLB4VKB	7554
A1SI8B1DZYMTQH	7555
A1SIGYJ5VS5J7P	7556
A1SIKUTTRGS85F	7557
A1SIO8OWJCDASO	7558
A1SIU9OOUQ24ZO	7559
A1SIWLUPTP3LGZ	7560
A1SJ421M56SBFY	7561
A1SJ4L40563V9L	7562
A1SJCQKVGSHTZ4	7563
A1SJUP1U695XYQ	7564
A1SK34FGUB6H5Y	7565
A1SK5U9B0H0J8L	7566
A1SK6YTFUTGE4M	7567
A1SKAGEDHU88LG	7568
A1SKLF3ZC7N9AO	7569
A1SKME00QMJR6	7570
A1SKNFXR9R02S5	7571
A1SKUWYQVIQLTM	7572
A1SKZYT31006MW	7573
A1SL4S9PSN776H	7574
A1SL8UBS23DMY7	7575
A1SLJ5ZP9WLAQB	7576
A1SLO2UC8OV8J5	7577
A1SLXVIMWLGCB1	7578
A1SM2LYMSGLLI3	7579
A1SM3YUTM0C135	7580
A1SMA1O26JGSNS	7581
A1SMAGCLH4NAXH	7582
A1SMB15AIAJ9VR	7583
A1SMOSF18WKVOF	7584
A1SMQW9Z2WO32B	7585
A1SN0B1U20G786	7586
A1SN45JAF19Y5H	7587
A1SN48GN1D7CE9	7588
A1SNEN4CFLFVS1	7589
A1SNKJESS8X56X	7590
A1SNV89T2L42T7	7591
A1SO1JDWRAP55A	7592
A1SO1PGDNVMLXC	7593
A1SOQKNUB9EQTD	7594
A1SOTIEMUJYASB	7595
A1SOUDPKWF7E2L	7596
A1SOYKFEE2LOYS	7597
A1SP0OX5KLGJQT	7598
A1SP366J07MNU	7599
A1SP6NKC0Y4JWS	7600
A1SPIESPN8V3	7601
A1SPW8KZ53I8GU	7602
A1SQ3AYLO4OPP3	7603
A1SQ4E255QMI8S	7604
A1SQ62FCV65AA6	7605
A1SQD0X45GUV6N	7606
A1SQD6RWO9AZTZ	7607
A1SQKXGE8YT5N8	7608
A1SQP2QQ32L6KE	7609
A1SQQL4C0C6QLH	7610
A1SQR1JBJ56ZK7	7611
A1SQVECKVVEQ2P	7612
A1SQVP8LPUP4OU	7613
A1SR14U1CQCH3W	7614
A1SR16XCRLO1I8	7615
A1SR1WPI2FC7JJ	7616
A1SR79Y8027PP	7617
A1SRDHXNBJRUWB	7618
A1SRKWJ02PL5HW	7619
A1SRNEFFZ4D8PH	7620
A1SRO9OAO1USBK	7621
A1SRSB5JBC7OBP	7622
A1SRUE221UID47	7623
A1SRUR6C511H35	7624
A1SS04T2PVJTP4	7625
A1SS05NPGKR1BK	7626
A1SS0AGTWJ24CU	7627
A1SS0C2YQFTGGK	7628
A1SSFF24BN68HD	7629
A1SSWIYZ6BDQ6K	7630
A1SSZRKGMJHG9E	7631
A1ST1337RUR4R4	7632
A1ST19ZZ5KMR6O	7633
A1STOETL9TUX01	7634
A1STVBOKAMQSCB	7635
A1SU6TULUNXTY9	7636
A1SU7YNTDKFIIR	7637
A1SUBIVVCLWS6M	7638
A1SUITSRQTI3O2	7639
A1SUNE8525SIDP	7640
A1SUPZ1VWSJGP1	7641
A1SUUQM8F0ZBNU	7642
A1SV3U43DOC38Y	7643
A1SVGBAVQ5T8YQ	7644
A1SW1NJLNTLLHS	7645
A1SWA8CYHF37OB	7646
A1SWCNGOR3GMOQ	7647
A1SWI5ZD91JFXT	7648
A1SWIAG3T2W6XH	7649
A1SWNMWLHETKXA	7650
A1SWRYL7MMT5ZR	7651
A1SWT2P3Y966EV	7652
A1SWUTIQ0QGM38	7653
A1SWVGALG2M8RT	7654
A1SWZ3FY9P90PX	7655
A1SX73TKLN7DPH	7656
A1SX9PHJWTDMF9	7657
A1SXBCCPSQU1B5	7658
A1SXCGBJ9JW2MO	7659
A1SXSNQ73L1F2Q	7660
A1SXUKQ8AOU0AX	7661
A1SXXQGTC0GSDJ	7662
A1SXYV9ZYWBYFC	7663
A1SXZK6M23DV56	7664
A1SY75CBQRJ2P4	7665
A1SYF6FV81IEUD	7666
A1SYKYOSG3FTPX	7667
A1SYLII0808HD6	7668
A1SYNIYGS6HQBO	7669
A1SYO7R07CID5Y	7670
A1SYRTYEFWKVJ3	7671
A1SZ2I3SZP1MSZ	7672
A1SZ8TTAYKAQOE	7673
A1SZB8WIBGVP2Q	7674
A1SZD124VOL2GU	7675
A1SZHC6JSY24S9	7676
A1SZJ7QMWDUTWS	7677
A1SZK85TTSKN9V	7678
A1SZOADPD3RVYK	7679
A1SZRPSXFHOSBM	7680
A1T07I8JKI8OOJ	7681
A1T0CBLFJFZ9S3	7682
A1T0E9JY9IUNEF	7683
A1T0FREQS8GQ67	7684
A1T0GIJ5UG6V3M	7685
A1T1H28KTM2JEV	7686
A1T1M6RPEXAXL7	7687
A1T1YSCDW0PD25	7688
A1T201R0U99K4N	7689
A1T20KGQJOUTC6	7690
A1T25LVD8TXK3Q	7691
A1T2A9EL91ZBR0	7692
A1T2G4EV83FQ9Y	7693
A1T33LBNR59LKT	7694
A1T37WKRIJYRXC	7695
A1T3A9M7WSR48A	7696
A1T3ABYJNZZN7C	7697
A1T3COCLOJRR1N	7698
A1T3K80ET3FCQW	7699
A1T3PENW418KGA	7700
A1T3STXVSQ65N7	7701
A1T3TKP0T9GFI7	7702
A1T3WEI8KFTQKE	7703
A1T3WJF3AJ9GQB	7704
A1T3X6L03AAXQE	7705
A1T41HM2YKN5HF	7706
A1T42J15J54C7K	7707
A1T45KETHH3OAN	7708
A1T46O027AIA2H	7709
A1T47R1JNJGDYZ	7710
A1T4C041IHH5QN	7711
A1T4D1PRDI2YPB	7712
A1T4HGVX32QIYC	7713
A1T4LVS60KUSZ	7714
A1T4N38HRBNH84	7715
A1T4SBE0VACMEU	7716
A1T5519CDTWZH6	7717
A1T5C22SQ25BYO	7718
A1T5EQVNNTIVA5	7719
A1T5GO7LVKHLGT	7720
A1T5GSRX4INEA	7721
A1T5H7HNRWDUNL	7722
A1T5HQ62IGRGSP	7723
A1T5IBC2D1WNES	7724
A1T5LTP095T18L	7725
A1T5N1JZBIJ3JQ	7726
A1T5OU95MI5WBV	7727
A1T5OX6N6PMMYE	7728
A1T5WQ4DY58AC6	7729
A1T5XS6M0OA9OK	7730
A1T637PGOIVFIS	7731
A1T6BPTHX5A79Y	7732
A1T6FQK75NHPI6	7733
A1T6KKNH8KRSIN	7734
A1T6MBYEFFG4LH	7735
A1T6NII542Q5OA	7736
A1T6Q059ZO2I0U	7737
A1T730TMUELL1B	7738
A1T78S9EI9IN73	7739
A1T7FQZEB7F6WZ	7740
A1T7GMQZNUMOFF	7741
A1T7I1J8OJ5KPB	7742
A1T7IB6NJ3KZFB	7743
A1T7TFPHSUCSL0	7744
A1T7VR8EWWO302	7745
A1T818E8S5IB1D	7746
A1T87GOMX72X0R	7747
A1T89L2L2Y5AT5	7748
A1T8P8QUBY3YPK	7749
A1T8PEB9W141OM	7750
A1T92ZDVTSKI78	7751
A1T97OUL712XXL	7752
A1T9EUB1FXN22R	7753
A1T9WLYCS3F6D6	7754
A1TA0R00T13E5B	7755
A1TA20N22OI4N1	7756
A1TAGFBKF3PALF	7757
A1TAHDMKLZJNX4	7758
A1TAORPLOGCLE2	7759
A1TATHJOKTNDPU	7760
A1TAWCVN23H409	7761
A1TB00M85NDDRJ	7762
A1TB6JOLP2Z8ZU	7763
A1TBJ8NZSN68RV	7764
A1TBSKSPZHAYHG	7765
A1TC0F8RKPF82A	7766
A1TC134D9AJHJ7	7767
A1TC2C77UIBD3U	7768
A1TC3D8NQNWRPV	7769
A1TC96H4X9UVJC	7770
A1TCE1DEMUCUVS	7771
A1TCHYIWIRZ4Y8	7772
A1TCRNLU58H9BV	7773
A1TCSC0YWT82Q0	7774
A1TCUSQ8D96L5D	7775
A1TD2589ZVHZ3S	7776
A1TD2YYGZ4IYZK	7777
A1TD3TVFY0TGT8	7778
A1TD4Y59ZLPYN	7779
A1TD802JT4EYI6	7780
A1TDFY198Y85RB	7781
A1TDGTFR0VOIYJ	7782
A1TDHXXL0LWPAH	7783
A1TDKKWBXJL2BQ	7784
A1TDR7Y90SVCHL	7785
A1TDRGWWY026UT	7786
A1TDWJ5IPOS4NB	7787
A1TE2A6SJH9LWD	7788
A1TE625D99CG13	7789
A1TE892317T9G2	7790
A1TEA9DF1SF6X3	7791
A1TEE8FPBMUR9C	7792
A1TEF9LGALDZNB	7793
A1TEOD4JE9W7Y1	7794
A1TEOEP3JZBBEB	7795
A1TEQB4HUV2BY	7796
A1TF1KQS6K7KS4	7797
A1TF5D4IXOCIVB	7798
A1TF6VH47SZ18E	7799
A1TFA27N7J4CBK	7800
A1TFAR3OXQTKLW	7801
A1TFE96EZVVN03	7802
A1TFS18UUUKO1F	7803
A1TFS3FWJHA58V	7804
A1TFUVGD58ZGG9	7805
A1TFZDD26L8A2B	7806
A1TG76TCWUS443	7807
A1TGGG8QHN6RQ4	7808
A1TGMS4I6NY6AO	7809
A1TGN9FAL1MTT	7810
A1TGS0CY0TDS6O	7811
A1TGT1Q4QHXB2H	7812
A1TH16BM8ATQ52	7813
A1THB607SPS7SA	7814
A1THGWH7FYMZ0K	7815
A1THJ0D1LBE2X5	7816
A1THJ37OLCBTQ5	7817
A1THJB1ORM3U2I	7818
A1THJYJJCT7MKR	7819
A1THVNO2J2PF7D	7820
A1THVR0DK2CXZV	7821
A1THXEB6HIGSAD	7822
A1THYVYW49R566	7823
A1TI2L994OYRZU	7824
A1TI9X4B9UVK8B	7825
A1TICUSPLD6RUX	7826
A1TIEH0NPXTQJX	7827
A1TIHECQSE2P2U	7828
A1TILPAM5LA141	7829
A1TIMIESJ6CMNJ	7830
A1TIPX5MRD85Z	7831
A1TIQF37MES4TX	7832
A1TIQNQJZ2LDNW	7833
A1TIX796ZTZ6OQ	7834
A1TIY6KO6AYDHD	7835
A1TJ393OFP21I8	7836
A1TJPMYRLTBOZX	7837
A1TJWOHR4VPLMW	7838
A1TJX8G60HO56J	7839
A1TK24NLQASI9H	7840
A1TK7NNZHXP4TG	7841
A1TKASPXZ1YNIG	7842
A1TKBDWY45OW3Z	7843
A1TKD8VUV85JR9	7844
A1TKP7591K5CXX	7845
A1TKU9M7CMAG3C	7846
A1TKY3HMF99RW4	7847
A1TL6XQAXQ7FIW	7848
A1TL829CH00NCU	7849
A1TL85TZIQTSDM	7850
A1TL8YBCRYT6YI	7851
A1TLIAG035H102	7852
A1TLXOEF0ZO0EH	7853
A1TM1BA7UE68A6	7854
A1TMGFPDALP67Q	7855
A1TMGJJGA385LY	7856
A1TMGVJVD10WC9	7857
A1TMH98ARQNC5B	7858
A1TML0CIRK6LJJ	7859
A1TMW16YMGSALN	7860
A1TMYZYJHM9ALZ	7861
A1TN4C1WXD57TU	7862
A1TN7ZFRL1AJYW	7863
A1TN8A6PENVN8D	7864
A1TN8N5UFDY4BF	7865
A1TNCHVVRAM4YJ	7866
A1TNK6MP89YXY2	7867
A1TNN3YEWXX76U	7868
A1TNZ8Q3O3M1DJ	7869
A1TO5KC6XKXL	7870
A1TO6BO58N6PHJ	7871
A1TOBHS5X3GV1Z	7872
A1TOCME8XBA67I	7873
A1TOD2R3P4QC0R	7874
A1TOHP0VUVXG6T	7875
A1TOI420T8BRSC	7876
A1TOL5V6KURCQ6	7877
A1TOMK05EF5CX4	7878
A1TOSDFZ4TW3OZ	7879
A1TPCP7QB94TG3	7880
A1TPEY9QTZZT2W	7881
A1TPQIM8DOH9JN	7882
A1TPUQUV3WN73A	7883
A1TPW86OHXTXFC	7884
A1TPZZ9HDPBBS0	7885
A1TQ17O0CZZRJB	7886
A1TQBAHI3M4ZBQ	7887
A1TQF9LRLGKBV7	7888
A1TQK3GSU0DV0E	7889
A1TQKCJZOAN97L	7890
A1TQZUSOU22E9M	7891
A1TR1R2QKWRSRA	7892
A1TR1TBPEW9LSQ	7893
A1TR3G8YUR8QMG	7894
A1TRFWHDM7RXWD	7895
A1TRN9WBJMFL94	7896
A1TRRUXBAX11J1	7897
A1TS45JWJVOSSW	7898
A1TSF7K0AGEB6H	7899
A1TSGFIQL4RUMR	7900
A1TSPJ7UV7GYRY	7901
A1TSQEND2KNTNC	7902
A1TSW25FGJ7CYH	7903
A1TSWGOVKU6ZA9	7904
A1TTC7M9XYTSZK	7905
A1TTJX24034KH5	7906
A1TTONZ2PTEI9H	7907
A1TTU5BKG8RIKZ	7908
A1TU2VPQDKK64B	7909
A1TU3SO08COJ6A	7910
A1TU9KFFXE44Y0	7911
A1TU9WYYNZZCMH	7912
A1TUBJBVU3KIBN	7913
A1TUD83EJHWOLJ	7914
A1TUK4UOA3F03H	7915
A1TUKGAY7EO5X1	7916
A1TUVZ3HD0XPGH	7917
A1TV3YQ69LKT7Z	7918
A1TVKUU4RGLN7	7919
A1TVQY2POIN1NP	7920
A1TVTDKNMSQ7XU	7921
A1TWCUN0JOYHHJ	7922
A1TWV6DKAUUVDQ	7923
A1TXBFOZR70BUQ	7924
A1TXG7BGD5XFM2	7925
A1TXHNHO7YNXAN	7926
A1TXOI17BFAKKI	7927
A1TXQ0GE84ZZDQ	7928
A1TXQLSZNCBP5K	7929
A1TXRF98SLKL2O	7930
A1TXTZIH53EEXJ	7931
A1TXX1PGSUFDEX	7932
A1TY4876SD8D6Y	7933
A1TY97ZGQT5FGF	7934
A1TYE23VLQXAQ8	7935
A1TYMMC967NHJ0	7936
A1TYTQSW049YIW	7937
A1TZ45PYELVF9Z	7938
A1TZCOXEFT8XP8	7939
A1TZQ9LJWSUXJ2	7940
A1TZS324J4K7FY	7941
A1U0131NE06V15	7942
A1U06CGNYBRJ7X	7943
A1U07SY65BIA16	7944
A1U0GKSC6OHF16	7945
A1U0QFWM1ONURK	7946
A1U0QSDR7T41XQ	7947
A1U0RNXMUOP9XI	7948
A1U0SD075CFBG6	7949
A1U0W70SBYULVV	7950
A1U11IP6K6NHAK	7951
A1U19EELRAIGX	7952
A1U1ALQQMB6J22	7953
A1U1KZXY32CJ1C	7954
A1U20S6VER3HE	7955
A1U25ASIGLJNNK	7956
A1U25O4R07VXS2	7957
A1U26KAVXOP0C9	7958
A1U29HNXYN3TIB	7959
A1U2JA40D0T13C	7960
A1U2N0EEVFOI6T	7961
A1U2NJ2J831C2C	7962
A1U2S9KM7POEJS	7963
A1U34EBVY44S8U	7964
A1U35IR5CA0H2O	7965
A1U385E9ZYBNK0	7966
A1U4HQS0EH4FI1	7967
A1U4JWHUO6QDVP	7968
A1U4NICA4845BK	7969
A1U4NJYMH4F39K	7970
A1U4QILTMPOLEJ	7971
A1U51371EUXSAH	7972
A1U5BLQR5PXWHI	7973
A1U5H73RS0AY73	7974
A1U5IJHJK84S54	7975
A1U5NWJOYH2QQH	7976
A1U5P1JBGGEG30	7977
A1U5WAWSCQLKEW	7978
A1U5ZSXZYPAX85	7979
A1U61QAE6RQABP	7980
A1U627GIN2HX3Z	7981
A1U652NG28DAA6	7982
A1U682SBWTYM66	7983
A1U6B0GF4EMZ3G	7984
A1U6BZ2EBA546P	7985
A1U6E8IJEATCYM	7986
A1U6G2QW8BOVCY	7987
A1U6JWVWUTAH8J	7988
A1U6OFXVJU6LL9	7989
A1U6RD0KJPNTYV	7990
A1U6RLUA8D5DSX	7991
A1U6THRO2VF3VP	7992
A1U6XG3OMP5S62	7993
A1U734LQW6SRV2	7994
A1U77YPTFUL9BK	7995
A1U7C73QJQGSU7	7996
A1U7FSZUTB9HMF	7997
A1U89OW5I23R8E	7998
A1U8DFH5EF9VFP	7999
A1U8EQJB2YKW17	8000
A1U8F2COXHK49	8001
A1U8H0PMHI2EFD	8002
A1U8JRU52X08MF	8003
A1U8KNH1SVURXM	8004
A1U8RVAMBFL6DP	8005
A1U8UPXQ20SEMP	8006
A1U8Y5R176RAAL	8007
A1U95J0L5OTY7D	8008
A1U9IEVTN9TGPH	8009
A1U9OJLXRIE591	8010
A1U9QKO1HB2T61	8011
A1U9WYM88FHIJX	8012
A1U9X7XFY9FAVI	8013
A1UA3MD042AZJJ	8014
A1UA8I7JL03JM1	8015
A1UAHQ96NKSN3H	8016
A1UAZ6MNSZKB7G	8017
A1UB7AJWVDF244	8018
A1UB8C08NSZIJ	8019
A1UBPHXIWUDVE4	8020
A1UBUUZ07MOEJC	8021
A1UBUZFYZ0T9YK	8022
A1UBUZQ1G4GS9S	8023
A1UC3HX0460CE7	8024
A1UCAVBNJUZMPR	8025
A1UCIPNBAGWOYR	8026
A1UCUVJNLUS8ES	8027
A1UCVGGLZZUCIR	8028
A1UD16T8XBNNIE	8029
A1UD24NCOCUV97	8030
A1UD24WT8C3GI2	8031
A1UD8PYUL5FILZ	8032
A1UDA35U2KJAVB	8033
A1UDECUEF8N5E0	8034
A1UDKO1Z2Z9EBI	8035
A1UDNC19RSP4PP	8036
A1UEADPA0Y09AS	8037
A1UECM14EL742D	8038
A1UEIW7L0K0F5D	8039
A1UEL5C1N6E5SE	8040
A1UEMF6V13E3T2	8041
A1UEOIUD1ZD3VT	8042
A1UEVN1Z52VJ8K	8043
A1UEZXK5A83ICO	8044
A1UF65HBXU3PKE	8045
A1UF7PY4P4HUCS	8046
A1UFDU99YTE42K	8047
A1UFT4L67G15NL	8048
A1UFTSTQ92UEWD	8049
A1UG2JZENZCN0K	8050
A1UG30IED3LLKW	8051
A1UG831B87CNEV	8052
A1UGJDTXWS5LG1	8053
A1UGOQT0P0KSOU	8054
A1UGPIBPZGWJKF	8055
A1UGSHF155X05H	8056
A1UGSYZPYH041G	8057
A1UH0R6GZIAS2V	8058
A1UH9HIHM0NSZG	8059
A1UHCJ5YE0ZPHN	8060
A1UHH2GM519VNC	8061
A1UHI6P6732GU7	8062
A1UHOUXVJ24AV6	8063
A1UHT2U1QII2O1	8064
A1UHTJ2NZ0IYJH	8065
A1UHXDGJFUT1OB	8066
A1UHXJO121RD4	8067
A1UHYIOT067P35	8068
A1UHZ0EGMMAZ4F	8069
A1UI30YWMU4MIO	8070
A1UI38DYZ32WOK	8071
A1UI6F76CPCG8Q	8072
A1UIE38P6TEPZ0	8073
A1UIEIMBSDAAHF	8074
A1UIF4IYOVY31S	8075
A1UINGIK3UG77D	8076
A1UIUV0YRYPAAV	8077
A1UIXA657W8LWT	8078
A1UIZP669O24NT	8079
A1UJ5ZMZGU8PWD	8080
A1UJ98W28KBNDG	8081
A1UJA4XAUDQDB6	8082
A1UJBDNJYUJOJY	8083
A1UJE1SKR1YA49	8084
A1UJFQTKYN909T	8085
A1UJGZQJG6BP9K	8086
A1UJK7NPA5GU4Q	8087
A1UJO4UYRI277S	8088
A1UJTN3ENH4I80	8089
A1UJZE4ILVKNTZ	8090
A1UK936HX3BZQR	8091
A1UKB6LN2ATL0T	8092
A1UKCMLF1B8B0Q	8093
A1UKO12ZY85H7U	8094
A1UKO9SREAU0GS	8095
A1UKP70O8QHXRX	8096
A1UKV82U34CY5E	8097
A1UKVPY8PBUPMC	8098
A1UKW8VANQJE8T	8099
A1UKWBCPVC2IBT	8100
A1UKZCAWXR6C0H	8101
A1UL03ZMN6UB5N	8102
A1UL25PU5ULVBJ	8103
A1UL74OE5A2ZYI	8104
A1UL91R1N3CTNB	8105
A1ULC4WVRRNNDR	8106
A1ULCTQRTRHHVW	8107
A1ULJORV1LN39U	8108
A1ULNNV8GDC82X	8109
A1ULUK2L0WUK4W	8110
A1ULUU6CNS8FX4	8111
A1ULW7P79BFLUI	8112
A1ULZ9IBMK2L4C	8113
A1UM59TRK3VPAF	8114
A1UMKAAYYMQ14A	8115
A1UMM894XSEO4F	8116
A1UMPD2995M6CG	8117
A1UMSB7LAW0RIR	8118
A1UMVCOZR5XKAX	8119
A1UMVIXRROWHHG	8120
A1UN4EPR9ZQR5R	8121
A1UN683UTR5658	8122
A1UN9OZQTV4FOW	8123
A1UNBW6S1QD89O	8124
A1UNJ46NSB352E	8125
A1UNSOE7BXVTOL	8126
A1UOHFH55BYJY4	8127
A1UOSBOFWEJ7I3	8128
A1UOUIB6X8T9YR	8129
A1UOXVKRBA1XZ2	8130
A1UOY7IRFU3XY9	8131
A1UP3LHPXC5IHA	8132
A1UP651S5VW5RL	8133
A1UPF8S2U5KQGH	8134
A1UPK2WOQRA2G6	8135
A1UPTNAWERNBZK	8136
A1UQ1VZZ39L8O9	8137
A1UQ48KBR88QWB	8138
A1UQBFCERIP7VJ	8139
A1UQL9LW66OTEJ	8140
A1UQNX8S78JU0G	8141
A1UQOUC249HJS	8142
A1UQX0CI8TM9ET	8143
A1UR89E59Q63WM	8144
A1URFXTYM4JGIN	8145
A1URLRW71F2XE5	8146
A1URMXEEWEQR6V	8147
A1URPLR8P1XMXI	8148
A1URR8XCQXP8TB	8149
A1URRH4BLH06XN	8150
A1URTOX375OTS3	8151
A1URTZCZBU5M79	8152
A1URU6BWKC5E91	8153
A1URV57VB4D3BH	8154
A1URXSRV6WDHVY	8155
A1US0UYOW6O9YW	8156
A1USHIM8SLB5ZF	8157
A1USL769WKBZG9	8158
A1USLO1SK2GHNN	8159
A1USP1JWEJORSG	8160
A1USXEHE4PDQAF	8161
A1UT7HSQE44XXM	8162
A1UTD75GSO68GR	8163
A1UTGUOPEQQCAM	8164
A1UTJGQVGZMDXS	8165
A1UTQA3RDLA9JZ	8166
A1UTSXA8G019SF	8167
A1UTX6V61335DD	8168
A1UU5F2EYE8UFE	8169
A1UU9XBGSK1ZM5	8170
A1UUAU9YB57LSJ	8171
A1UUI7PFQ5FU4E	8172
A1UUI8FEE8IBPH	8173
A1UUODET26UO97	8174
A1UUU7VI5L64PF	8175
A1UUVRJLGFJUE6	8176
A1UV2XL19ITZIZ	8177
A1UVB3KWJ87C7B	8178
A1UVFC0XEDDSZE	8179
A1UVHBIOLW05H9	8180
A1UVIHCI3VRWQV	8181
A1UVMX1W4RF1JC	8182
A1UVQMQ45MZLJD	8183
A1UVU2ONHJJKOP	8184
A1UVUUNQRD0WGJ	8185
A1UVWTNPX8TR0G	8186
A1UVZX2KV8AS6Z	8187
A1UW9EUVLK5VTC	8188
A1UWJMCLQ6B6RB	8189
A1UWS85143IIP	8190
A1UWSU5ETQRQKX	8191
A1UWUF6G6FQGNF	8192
A1UX2NTBOU17TA	8193
A1UX6QJZV6CI4C	8194
A1UX9PW1DTT880	8195
A1UXEBJIKLB66O	8196
A1UXFUC8DKRHGQ	8197
A1UXKPTVS28SXN	8198
A1UXN43GNXL3CE	8199
A1UXXPWGFY2CNP	8200
A1UY02P3PEQTYI	8201
A1UY4WXJEQAGYN	8202
A1UY6CNHPWKTXM	8203
A1UY9L5ZNGEWP6	8204
A1UYB6W8YD4GFJ	8205
A1UYFXKNUIDGBN	8206
A1UYLCO4MXXB70	8207
A1UYM7S26TYQFK	8208
A1UYMXFON06KQ6	8209
A1UYZEBGMW65FY	8210
A1UZ75VO01L2YK	8211
A1UZBIQCF9JNK1	8212
A1UZG5OCBXX5BL	8213
A1UZKBRYMGVR1D	8214
A1UZORQY3E1G5W	8215
A1UZTVDJBRK6FG	8216
A1UZW6SXTQ3J0R	8217
A1V05GCUK5VF1G	8218
A1V0A22T69BT5X	8219
A1V0ATKMKFLTD8	8220
A1V0BQHYB5CKHH	8221
A1V0DRVAJ7YO99	8222
A1V0G2PE2QM3EG	8223
A1V0JRW1XPL9M0	8224
A1V0O17N3LESIX	8225
A1V0QE4Q0049V3	8226
A1V0TI46AT3ETS	8227
A1V147Y4WHN5OL	8228
A1V1E9TC9S4H8X	8229
A1V1FWQ3H9G4F	8230
A1V1KCQ374PAIV	8231
A1V1U9TG2IPE79	8232
A1V1VP4UW43W1V	8233
A1V21SKYOEGN2D	8234
A1V2240505CIC3	8235
A1V27FXBMQNR3E	8236
A1V30HA9RD9Y4C	8237
A1V39MHISPQWYP	8238
A1V3EE6URVE76I	8239
A1V3KJ9R6HUB1L	8240
A1V3LIFQNWB1FQ	8241
A1V3PCKVCJ3TTZ	8242
A1V3TRGWOMA8LC	8243
A1V48JWDOK7ZM1	8244
A1V4GCSYGBZC0K	8245
A1V4LE4DFGESUA	8246
A1V4QML8YNWBAI	8247
A1V4R31RQH7FCC	8248
A1V4SLAHSO2JLQ	8249
A1V4VVBQBFXRHC	8250
A1V4X047AA0SM1	8251
A1V50OQC73DGWJ	8252
A1V5EIQ1YOWML3	8253
A1V5FDX3I2HTN1	8254
A1V5LMU7BASZ10	8255
A1V5RIYK2VGHTC	8256
A1V5T93KBHCKW1	8257
A1V5UCC82BEETQ	8258
A1V5XDB6QX5L4F	8259
A1V639FJ86AVDL	8260
A1V66SOTSASOT	8261
A1V66W1YNTUU2Q	8262
A1V68ZW839KRT0	8263
A1V6HPT81KY9S0	8264
A1V6LXFD0BBQAT	8265
A1V6MXRRXYSJPC	8266
A1V6OFTU6FI8CV	8267
A1V6U7BHLFA7PS	8268
A1V72Y6SWZHLFX	8269
A1V74J86OC5N8H	8270
A1V7G6OGGW7AGA	8271
A1V7HT2Y4AV43J	8272
A1V7JB49SC2FQU	8273
A1V7OT77NBHFKB	8274
A1V7P8CH6LYXDO	8275
A1V7PAEVX1XNKB	8276
A1V7T724DN7A4Z	8277
A1V7WKLQ2SUZTQ	8278
A1V896IVVV25I5	8279
A1V89QR3RA7ZCN	8280
A1V8HKPBYSN2PM	8281
A1V8IRLRPYBZQB	8282
A1V8MTXII2HG0B	8283
A1V8OHJ2STXV4N	8284
A1V8QAGLA5GW55	8285
A1V8QBEWYI6G9S	8286
A1V8T8HC23ISKH	8287
A1V90E9P4D0DVB	8288
A1V96D8YDTAHWZ	8289
A1V97FRTX1LARJ	8290
A1V9ERND16JVQM	8291
A1V9J0CDSUC6RS	8292
A1V9P1ZBT463I6	8293
A1V9XF1MFR5DMM	8294
A1V9ZWBG4FJ9OZ	8295
A1VA50BOXXFK78	8296
A1VA7USU6ELV0Y	8297
A1VA9WV6D6USBJ	8298
A1VAA818G7J1S5	8299
A1VADHEM80AG4O	8300
A1VADMMKFN02I2	8301
A1VAUZRF5PUSOZ	8302
A1VB4T7YGD33J4	8303
A1VB9J97NPGPLH	8304
A1VBC58LBURZXN	8305
A1VBDMNT6I8RE5	8306
A1VBFAJ7E88RLE	8307
A1VBGA9M2G6J0R	8308
A1VBOWZAVL7SPM	8309
A1VBRBWX7SVCVX	8310
A1VBZ7XKNL96KK	8311
A1VBZCPJDUL2LI	8312
A1VC3VFW2N7ZK0	8313
A1VC67V35UEYNJ	8314
A1VCDNZMZQZLMO	8315
A1VCTSVPG0JWXO	8316
A1VCZHJM7X8VM3	8317
A1VCZXC7EXW9EG	8318
A1VD15AXDQXA8I	8319
A1VD3LSEWM2WS9	8320
A1VD3S6UUSLY32	8321
A1VDAIWH9R95F	8322
A1VDEQ5LA31ASW	8323
A1VDMXHHH5DI7P	8324
A1VDQCSHFUKEX	8325
A1VDS6AMYKH4W8	8326
A1VDY9PP39WQPY	8327
A1VEELTKS8NLZB	8328
A1VEJDZ0CMH4TF	8329
A1VESOFO31RDA1	8330
A1VF38CVMLQLIK	8331
A1VF5LN6SHFVFJ	8332
A1VFD2NGE07OMG	8333
A1VFEAL459TURH	8334
A1VFT7VRTO3KKH	8335
A1VFT9LT0FU3Q	8336
A1VFX417XDNWIU	8337
A1VG6V8R5SFYWU	8338
A1VGOA26GYY4V8	8339
A1VGWWV36PBC3W	8340
A1VGWYX0E6H04V	8341
A1VGXHHR08G044	8342
A1VGY2EAUGLRPL	8343
A1VH6QWC6JZRAC	8344
A1VHCO8RQFIGQJ	8345
A1VHGDZTQGI3MW	8346
A1VHJMKSUIQZ16	8347
A1VHSAJZ7MNBWX	8348
A1VHSQP16HLT0C	8349
A1VHYWOKH21LZX	8350
A1VI2NPWWD0L2F	8351
A1VI3X4BG4PMQC	8352
A1VI4DV0HKKUS6	8353
A1VI4EUNF9UD88	8354
A1VI85DS2HUTH9	8355
A1VIC8W7BJAA9Z	8356
A1VID7H3U00S3A	8357
A1VIE4COXPDMNH	8358
A1VIIEODZB2KPA	8359
A1VIU28PCGSVIL	8360
A1VIXLHZ50MGUF	8361
A1VIZFPC5FDDI5	8362
A1VJFTF7J1GFM2	8363
A1VK02PH86LIR7	8364
A1VK256F8UNPQV	8365
A1VK6EKINVYAT7	8366
A1VKBDONSZHDKK	8367
A1VKFW9UY673WV	8368
A1VKK22BUQH7XP	8369
A1VKKJW8RKNFVE	8370
A1VKY2R6DO0TTR	8371
A1VL1WUQPNJ81S	8372
A1VLE2SH9J8WYS	8373
A1VLNWDVMBEOB	8374
A1VLUHKV9IB8P2	8375
A1VLVDURBUFHPR	8376
A1VLWRI9KNTNKI	8377
A1VLXL3E3CXZT1	8378
A1VLY2GSXC19ST	8379
A1VLYR3YFAU1X4	8380
A1VM9JEGFX0BKZ	8381
A1VMCB9SBGZSL4	8382
A1VMCMYWVQ6YBG	8383
A1VMIB58M8SL0Y	8384
A1VMVC7SX9D60C	8385
A1VN3VO41E7TT8	8386
A1VN8FPTJHLVWT	8387
A1VNRQGIIY06CQ	8388
A1VO3N9O7YJH3J	8389
A1VO5YFIJGI58K	8390
A1VO6JVEZNTPT7	8391
A1VO9EV5CVCPGX	8392
A1VOEJFWR2AAU4	8393
A1VOFY3QFT9WCG	8394
A1VOOMCI2NPZ8Y	8395
A1VOONTYYM0SDA	8396
A1VOR0U7J8ONQN	8397
A1VORM9FE3CD3A	8398
A1VPA4SBKAVQHJ	8399
A1VPFRITOQQUEX	8400
A1VPHT9F998ARQ	8401
A1VPN54OUQPR4S	8402
A1VPO9CPZHUBUI	8403
A1VPPKYWUDGBEA	8404
A1VPUIG6W3OHTV	8405
A1VQ7LXOCUFMVO	8406
A1VQBEW0G4IH1J	8407
A1VQGXTWDXFE88	8408
A1VQHH85U7PX0	8409
A1VQRFYG9XCWLY	8410
A1VQSDBUF3VEZ4	8411
A1VQYE5VTY846A	8412
A1VR1HIOVQWN09	8413
A1VR62D823PC8G	8414
A1VR7LCTPFPC2M	8415
A1VRFRA4K06SKN	8416
A1VRIA58B5VLK1	8417
A1VRIGSYBEBLPF	8418
A1VRIRPQZI49KR	8419
A1VRJO8Y73O0P9	8420
A1VRLENTVHS1DD	8421
A1VRTV623SAAW0	8422
A1VRVXIL9WF47J	8423
A1VS1LL905P5L5	8424
A1VS9D9AW78VGH	8425
A1VSAFHQUYHHCS	8426
A1VSAU3OO8KVVL	8427
A1VSBFL8QL9C	8428
A1VSC45W0IMND8	8429
A1VSCQEA9UX0GL	8430
A1VSJ1YD40Y7PG	8431
A1VSMH5GMGBHK7	8432
A1VSNE950NCPY0	8433
A1VSTIE4LDB43M	8434
A1VSTXA3M2XPMB	8435
A1VT75UVOTRSZR	8436
A1VTB3Q9RH8UKG	8437
A1VTBADV3JS1EC	8438
A1VTCSCH8FFC76	8439
A1VTV2023ZW82V	8440
A1VTV7GXWSGJ3E	8441
A1VU337W6PKAR3	8442
A1VUA80DLZGWIP	8443
A1VUL12U9OXYC3	8444
A1VUL1CUI4ACK9	8445
A1VUOQZ9E2HOOY	8446
A1VUTI1FH5J3DX	8447
A1VUY09Q4FFMET	8448
A1VV6G2QM692M	8449
A1VV8UBAHQTLVC	8450
A1VV9GOK5JFFG5	8451
A1VVDXHYQ8QKTD	8452
A1VVHZ4PO7L3BP	8453
A1VWML5EV49UQ5	8454
A1VWPEO71B2GYO	8455
A1VWV4WZ6MQ0FI	8456
A1VWXAJKE435BD	8457
A1VWYDSAEYQBGK	8458
A1VXHRL7UI3R4Z	8459
A1VXIY1511XQK2	8460
A1VXM4VVCAZ6PH	8461
A1VXQ0KMDXY7CL	8462
A1VXUBSENNXHNC	8463
A1VXUZ2TYMKY1E	8464
A1VY2CG81I1JRR	8465
A1VY3AAOMGS6R3	8466
A1VY688L9N9QXD	8467
A1VY7YDHTNLU0S	8468
A1VYA1227LFQC8	8469
A1VYFEJM12ZP11	8470
A1VYFLJTCCWOI7	8471
A1VYG5P0K83W4O	8472
A1VYGMBFV5R2CX	8473
A1VYIY4147OOWE	8474
A1VYQDGQDW4JO1	8475
A1VZ8RZPHGNR4D	8476
A1VZEIG6HZ11FH	8477
A1VZFVN4RWWIT7	8478
A1VZG5Y8II863Q	8479
A1VZM6YUU6JT6P	8480
A1W0CV82M4S89M	8481
A1W0HXSI87FHUA	8482
A1W0IEKSCFYETW	8483
A1W0YMUC2TYRLK	8484
A1W0ZSFW41OTJF	8485
A1W1578UMWUK9A	8486
A1W17MQCZ95PQN	8487
A1W1G9EHOEORAU	8488
A1W1JIPH6WU7UF	8489
A1W1MEAOGX08SC	8490
A1W1POZ9UL2GF2	8491
A1W1R00X18HGLU	8492
A1W1USIGUWX9LI	8493
A1W1USN32YDAP9	8494
A1W228ES4U9GDQ	8495
A1W25WRTCS3G9R	8496
A1W27XT9IGIWO	8497
A1W29FXR301G0	8498
A1W2BALNND9PXI	8499
A1W2BVM37WI2X8	8500
A1W2J9XY996ATU	8501
A1W2M2G4DG1IP8	8502
A1W2NXSRVDLZBY	8503
A1W2RZQOG5S9NT	8504
A1W2SFKPK84VJE	8505
A1W2V32LNTFTK8	8506
A1W3D0HMRI5DZI	8507
A1W3HXE7NFEI4Y	8508
A1W3HYOSFTVNLB	8509
A1W3WDY2T5V01Z	8510
A1W415JP5WEAJK	8511
A1W436ODR6Z9SV	8512
A1W4MC128RQYYJ	8513
A1W4NC4N56J5V	8514
A1W4RKSYXG5M7J	8515
A1W59PYAHUEQQ0	8516
A1W5B66MY8AEZ5	8517
A1W5DPKDB2MH91	8518
A1W5DQE6IVZH4Q	8519
A1W61TZLQHQN3T	8520
A1W690W7EZYLS3	8521
A1W6BLEH1UFFQB	8522
A1W6C4B6CYNV9D	8523
A1W6D1WGA9NBZC	8524
A1W6JTC1JBMYOB	8525
A1W6LFPFCOKE9O	8526
A1W6U36L2DHANJ	8527
A1W73XLO2GDCWO	8528
A1W74BS152KRIC	8529
A1W74FO84ULG8G	8530
A1W78VPTNJJOF0	8531
A1W7D4Z9MR51PQ	8532
A1W7E918RQ3P6D	8533
A1W8308SYXBSAL	8534
A1W83UNTTJYQ8Q	8535
A1W870X16S3AUE	8536
A1W88YYEZ5D3CP	8537
A1W8AJ2M6TDJGL	8538
A1W8BR68WQSBPT	8539
A1W8BR6GEJ4G78	8540
A1W8M85AFPIUVA	8541
A1W9610AG32YQY	8542
A1W981Q1J0I82N	8543
A1W9OSF4ZWL94R	8544
A1W9TJAPEY5F3	8545
A1W9UJ28FABCBT	8546
A1W9Z0FT00LC06	8547
A1W9ZG6LK7Q1GT	8548
A1WA1EK4IQWWUK	8549
A1WA9M7LXZRVOF	8550
A1WAA32LZ1488K	8551
A1WAC61QUFYMRW	8552
A1WAFL6ZZONCZ2	8553
A1WAFRYIKY8HQ5	8554
A1WAJ4RXI967DZ	8555
A1WAYVM44HACOO	8556
A1WB8VOHALHFYU	8557
A1WBB2Z8NR2O3N	8558
A1WBC5KRCTI3VD	8559
A1WBC90K77RJWN	8560
A1WBEIH7Z37LN9	8561
A1WBIQXTOR9GMB	8562
A1WBPGHJW5GNO0	8563
A1WBYOXQPMJQS5	8564
A1WC22OFOS6EBE	8565
A1WC80QA73HOXX	8566
A1WCA4LG7UOZHF	8567
A1WCBUYKPDEZ63	8568
A1WCDAPAN8RHFL	8569
A1WCDFJELA9C28	8570
A1WCF5IEZVHOM8	8571
A1WCUXLNUGF2GA	8572
A1WD01NNSYN3A3	8573
A1WD680OOB8ISN	8574
A1WD8WCRH5IS6M	8575
A1WDKL2GS1C1LB	8576
A1WDM0EFA58H69	8577
A1WDML31IUGE1Z	8578
A1WDTWCKVOI078	8579
A1WE6C4MF4MKI6	8580
A1WEDIT6PNQOI2	8581
A1WEH2YVC82XSP	8582
A1WENJWRLMVBRF	8583
A1WEOZS0B0F7RU	8584
A1WETFD7I4KMLA	8585
A1WF06NW9RB10R	8586
A1WF3V89I4E8BR	8587
A1WF4QNIE2Z3I7	8588
A1WFER4V6I23FU	8589
A1WFQPYY8YBXEM	8590
A1WFU26IP99FJO	8591
A1WFWPR6UYQUWM	8592
A1WG91SAKXXOH1	8593
A1WG97A0EFHYXN	8594
A1WGL7GL7SMA9P	8595
A1WGMZICJ61W4V	8596
A1WGW262W4MWTJ	8597
A1WH2CPRHQRRDQ	8598
A1WH3UKRRA9C6P	8599
A1WHGCUHXRWH8L	8600
A1WHTWQK63KMAU	8601
A1WHX4DG21AGF1	8602
A1WI04NSWYE1KE	8603
A1WI2GU6SPDSCU	8604
A1WIDA0XTAV16I	8605
A1WIFV9AUQ8OL1	8606
A1WIMS8Z1EKWPO	8607
A1WIONC35OFILF	8608
A1WIRVPDZ3ZM1Z	8609
A1WIYDQ7WD7ADG	8610
A1WJ2CEGS4R7JE	8611
A1WJ5IZOLTMILH	8612
A1WJ5SRPGPAUVS	8613
A1WJ6F9WIBLE97	8614
A1WJ8U24MI7RUZ	8615
A1WJDBA1WXJYOD	8616
A1WJJMTLI9CU75	8617
A1WJP10JJ812YA	8618
A1WJRP2J4MOH0S	8619
A1WJTGHAC65R3P	8620
A1WJU93FZZBH5Y	8621
A1WK1MF2WOTSTM	8622
A1WK9QD8WMDUKI	8623
A1WKBJTK3FIWCR	8624
A1WKM8K0V9M22M	8625
A1WKN122IOCAD7	8626
A1WKQ94M45D8MG	8627
A1WKYE56D6L02D	8628
A1WL5CXUN18SWQ	8629
A1WL5LUFIWGSAL	8630
A1WL8V665IIUOD	8631
A1WL9L6H4C4L70	8632
A1WLAQOT4R9RFK	8633
A1WLAYHNS3E6LE	8634
A1WLDIB5Q9O0ES	8635
A1WLDVYY0A82ZJ	8636
A1WLGH8E3TCOHP	8637
A1WLTJKQKD5MT5	8638
A1WLXIJRG67K91	8639
A1WLY4NYJ1KXZZ	8640
A1WM1T1QSC84LF	8641
A1WM23ZN6E781C	8642
A1WM4A1D0PFYIL	8643
A1WMF76JPRG1PT	8644
A1WMK5BFAM0JY9	8645
A1WMSEIIEW67Z2	8646
A1WMYIW908MO99	8647
A1WN53IBOPFZLL	8648
A1WN83WJWJX24D	8649
A1WNO9H9W8UIZ4	8650
A1WNQ6OHV3OFHC	8651
A1WNSFVP0YY9KM	8652
A1WNUGFJP42OKY	8653
A1WNUW16HYIC6K	8654
A1WOCTPDSD270W	8655
A1WORZYMXBJPXV	8656
A1WOV2USI68KT4	8657
A1WOZKE39N90UK	8658
A1WP940JZL83T7	8659
A1WP9YTIXBFBTD	8660
A1WPDGKWL4ANIS	8661
A1WPDHC5O1W78T	8662
A1WPNXAP6JM8K7	8663
A1WPO8LZHY3YN2	8664
A1WPTJNJDHZMFO	8665
A1WPWHWLFLO7YY	8666
A1WPWTU5Q6J8T4	8667
A1WPXW5K11K487	8668
A1WQH44XVAH5C	8669
A1WQITXW960389	8670
A1WQKZLUNP6O5B	8671
A1WQNXH0QLTF4G	8672
A1WQP7LCVQK3JZ	8673
A1WQTNWQP1CLBU	8674
A1WQXG4XNN7JPC	8675
A1WQZN5P0SYCOH	8676
A1WQZNFL42MFEO	8677
A1WR0MA953JFPT	8678
A1WR2FAY3KFFEA	8679
A1WR6OUGLLQZJN	8680
A1WRHQU5S1WTOH	8681
A1WRUQ0SVGPSNR	8682
A1WRUS40NI114Y	8683
A1WRZBGZ1N8SNX	8684
A1WS171FVZF59J	8685
A1WSM06P6OY2QK	8686
A1WSQB10LNF8WV	8687
A1WSTBNHTAXJBV	8688
A1WSWZABHWUMQL	8689
A1WSZ9O7V2T85L	8690
A1WT047CVF256C	8691
A1WT1GJXB66NUQ	8692
A1WT3TVHANP7ZF	8693
A1WT4C5BZHW8KV	8694
A1WT843WSDTIXE	8695
A1WTBQEISD06YX	8696
A1WTI1H1W1IX34	8697
A1WTR4AFW5TE7I	8698
A1WU0VXK837D3B	8699
A1WU1PN9TWIUHX	8700
A1WU99RI2DTTJZ	8701
A1WUAZSEDLWNZN	8702
A1WUBDGWY9XI4U	8703
A1WUDN4ZCG69ZS	8704
A1WUEUZHVE2HYZ	8705
A1WUJOURFW8IOU	8706
A1WUO4LMFPCJPD	8707
A1WUWW19SJH1A6	8708
A1WV0XTJROAYGK	8709
A1WV25LU9QKGDZ	8710
A1WV34AQB1BX06	8711
A1WV4VF9PVRRYX	8712
A1WV95W1QAMFY8	8713
A1WVA7INEBNDEL	8714
A1WVHNQQCXBVE6	8715
A1WVL6KGSJ8EKS	8716
A1WVOGMGUB9NI9	8717
A1WVUJUW9S90RV	8718
A1WVVPUBNXFZEO	8719
A1WVYN27YIMRER	8720
A1WW5MICMSHZLK	8721
A1WW6S6WH3X6WG	8722
A1WW8UBB1AAUQJ	8723
A1WWGFWAIT86JJ	8724
A1WWI34WGZTDPS	8725
A1WWIWUP4SL4JR	8726
A1WWLPA4ONT88B	8727
A1WWQB10TA1JGX	8728
A1WWRQEJ7YPCLA	8729
A1WWY1IOVCVXT3	8730
A1WWZXNOXBCIMN	8731
A1WX6T2ZD0V62P	8732
A1WX9DGMRFL1OU	8733
A1WXCUD6Y42L73	8734
A1WXG10FJ353K0	8735
A1WXJ1I42UOQ2V	8736
A1WXMEILJP2V9O	8737
A1WXOEGIMLYJBY	8738
A1WXQAAG5CTSUC	8739
A1WY45BMZKHVX5	8740
A1WYCRUC8LE1P9	8741
A1WYDJA2UBIT1Z	8742
A1WYGIK44NTK5	8743
A1WYNDT5DB6EZ8	8744
A1WYO2T2BAQ3VG	8745
A1WYPDEIVTQE1J	8746
A1WYYOD12D89OB	8747
A1WZI4N6V5F0EC	8748
A1WZNIT0S12R02	8749
A1WZXIV1B5UZSE	8750
A1X02AIG3JZ1X3	8751
A1X02NPCWIDCUM	8752
A1X03P3XI63F9A	8753
A1X07A3F7HJRDQ	8754
A1X0AT5SPO3OVK	8755
A1X0DMZ35ADLO2	8756
A1X0E8KVI7KZ2V	8757
A1X0G5L4HRI5H1	8758
A1X0KOWY5JZBE9	8759
A1X0MBLEPBQZS1	8760
A1X0NQQ39NSA58	8761
A1X1CEGHTHMBL1	8762
A1X1EQUE4K0NZP	8763
A1X1G819SF3YM0	8764
A1X1QSB0YK575D	8765
A1X1TE3NOUTF7H	8766
A1X1UV60F7YSWV	8767
A1X1ZJUOWLSFPG	8768
A1X24YAYSEIKK0	8769
A1X265QIRQVAR6	8770
A1X2E8J3BD5N7I	8771
A1X2LENOF84LCQ	8772
A1X32OMSMN4PMB	8773
A1X3716OFHG18I	8774
A1X3E8CLSXF66B	8775
A1X3ESYZ79H59E	8776
A1X3IGVSTNQHR1	8777
A1X3MRUGYW5A2P	8778
A1X3WWNHZ5FESB	8779
A1X3Y9TSXFR6QA	8780
A1X44M4W06I9IP	8781
A1X4533WZODEGE	8782
A1X480JZR06O33	8783
A1X494K2MHKJVD	8784
A1X4DO015GFK0Z	8785
A1X4DTWXNDA7TF	8786
A1X4WGUWJTLFFT	8787
A1X54K4TMVGVII	8788
A1X59Z9CJGOVM1	8789
A1X5BVSYPCFAD0	8790
A1X5E11UND3CD4	8791
A1X5H2M3W60H6V	8792
A1X5MNMWCE0JKL	8793
A1X5ND1XCYWNOA	8794
A1X5NHRJQBIB1D	8795
A1X5RAIMX4ZSLJ	8796
A1X5SEFM545VL9	8797
A1X6046MZS237X	8798
A1X64FF4VAJ5UW	8799
A1X64HF17UU8TX	8800
A1X67BP1MGQNMO	8801
A1X6BV68TKDB6A	8802
A1X6VPR9FDDHE1	8803
A1X76J7Q8CXT91	8804
A1X7EJBHNST253	8805
A1X7HOZ1AUF436	8806
A1X7IKL33STPDV	8807
A1X7KDRC76VH04	8808
A1X7ZIGRPZRSF5	8809
A1X818VP2KLX17	8810
A1X84MPV1YXDY5	8811
A1X882XKXOCIDX	8812
A1X8BQQGCEHQ1V	8813
A1X8IWQAZFN1TC	8814
A1X8MZIGNN66I8	8815
A1X8PKH9EX78ZF	8816
A1X8PTEDQ7PBPW	8817
A1X8WKS6S294JE	8818
A1X8WWURRTN55X	8819
A1X94KB9FIS2VA	8820
A1X9GIIEALAPBN	8821
A1X9J1681131IO	8822
A1X9J84O760C3G	8823
A1X9MBLPZBGAO3	8824
A1X9MCVB19GEPM	8825
A1X9P8261P2ZTM	8826
A1X9XCQ0GTJ87H	8827
A1XAA6OWW4NI03	8828
A1XADMES28GCE3	8829
A1XATYDBHP10A7	8830
A1XAW2EOPO0YY3	8831
A1XAWTZICBVWDM	8832
A1XB5IPHH6Y6SZ	8833
A1XB6R7JVCJ0RY	8834
A1XB7JAN409ZUA	8835
A1XB7JGJ459ERP	8836
A1XB9G2ZVYJ325	8837
A1XB9IOT5Y37JX	8838
A1XBF0HOKQXD1Q	8839
A1XBI4NRCWEFAO	8840
A1XBJUC0EICIXA	8841
A1XBOFJEJGM8FJ	8842
A1XBTPK9JLNXJD	8843
A1XBVU0J6YJUJJ	8844
A1XBX8K8JP7DH3	8845
A1XBY8Y8QXH8A8	8846
A1XBZFLQ6OFAAL	8847
A1XCGMU9SZKENM	8848
A1XCO4HL2JYNWU	8849
A1XCVOFW1PSZND	8850
A1XCWGU6FUK5QK	8851
A1XCX9JK6S7GW1	8852
A1XD710QD1HCI1	8853
A1XDAUHSVADHW5	8854
A1XDBG3IGNF40O	8855
A1XDHHQ549Q2JI	8856
A1XDILZQP5X0H4	8857
A1XDPK2M8PPOS8	8858
A1XDRM8B3E6LCT	8859
A1XDRSGSV56YQ0	8860
A1XDSZ7JWE2E01	8861
A1XDV6A2788PLZ	8862
A1XE3M22N91451	8863
A1XE7V4YS9DN21	8864
A1XE9MJFCU3AU6	8865
A1XEC4WVRGATYU	8866
A1XEEOQCM6SPDP	8867
A1XEL6BG8IS7JF	8868
A1XEWKJCBGDAXJ	8869
A1XEWKQYHG4GI6	8870
A1XEX3F0I6FBUY	8871
A1XEY2W47GERI8	8872
A1XF39U9OCN93A	8873
A1XFI340SHOS5K	8874
A1XFI998FENALE	8875
A1XFLDAX80AR6M	8876
A1XFMXCDPBVJ5P	8877
A1XFOUE7SOAR80	8878
A1XFQ1J63O7SPZ	8879
A1XFWK8CCN30HM	8880
A1XFZK820K516F	8881
A1XG38WOY3LY4V	8882
A1XG5B9I1Y0E75	8883
A1XGHXKHKQP20L	8884
A1XGJKCJTD7D61	8885
A1XGNYFM9BF41N	8886
A1XGRVQOCV3G6A	8887
A1XGYP1C6SQZ0E	8888
A1XGZCM3625QR7	8889
A1XH2M30WR30Q7	8890
A1XH90UNFSY9TP	8891
A1XHAEMDC5BN1H	8892
A1XHDA76YCYFAC	8893
A1XHJCUL2HFKNT	8894
A1XHPYG3D2WVCM	8895
A1XHQLE3JG1OUJ	8896
A1XHQWKK1QST9D	8897
A1XHR9464XMMUY	8898
A1XI0X08DEQGT7	8899
A1XI1MV4EUMWQ6	8900
A1XI6NT41B6E6X	8901
A1XI8JM14YIJGN	8902
A1XIDXO4HM8FKD	8903
A1XIHD81KZ56EI	8904
A1XIHI1EFW5949	8905
A1XIJGW6JCYKDQ	8906
A1XIKZOVZA0W67	8907
A1XIMXF6AYWMXN	8908
A1XIUHMVUNTWLD	8909
A1XIWWOFXRSD0V	8910
A1XJ8S8M1POF8M	8911
A1XJJ8H8EEP76	8912
A1XJOSJN6FHFO0	8913
A1XJSWHM8G21YM	8914
A1XJTQDQ5NX16I	8915
A1XK282TRUWKKX	8916
A1XK2WQ4UGXWS6	8917
A1XKV8KL297WD3	8918
A1XL5PX1VS3N1U	8919
A1XL7SUNDNBL03	8920
A1XL9I0646J2AH	8921
A1XLEJTZJEPWGF	8922
A1XLIWO29Y9P8G	8923
A1XLK1TUJAPO03	8924
A1XLWJPVB4WEMP	8925
A1XMF2RYBYASXJ	8926
A1XMIQM0OHHK3A	8927
A1XMP5A5K8VD0B	8928
A1XMRQFTR7VNI3	8929
A1XMVVP30SLA6C	8930
A1XMY7RSUDUSZ	8931
A1XMYF8OC40T2	8932
A1XN1D2FGCQC8E	8933
A1XN7RGDKY1Y4N	8934
A1XNE8XAY4WYHA	8935
A1XNVGDPDEK2NW	8936
A1XNX8H5IQLFU5	8937
A1XOBCHAAHEVV4	8938
A1XOCR6DG0O0EL	8939
A1XOU232J2R8V3	8940
A1XP22C1M2V9IL	8941
A1XP4QXVWWUNR9	8942
A1XPD0KZW3NUMK	8943
A1XPGSTTSTBFNV	8944
A1XQ0F01CF84Y3	8945
A1XQ6F3G7SG0PK	8946
A1XQ6YNCL0LBWV	8947
A1XQD1ZOBQE8W5	8948
A1XQDIRAWF5UJ4	8949
A1XQGG15HFSTG5	8950
A1XQJHUF5K6QMW	8951
A1XQMQMF07QZQS	8952
A1XQX39N9GQUCR	8953
A1XQZPCGA2LZHJ	8954
A1XR4RFNV3JDUP	8955
A1XR58IRKP3HEZ	8956
A1XR5DTDZCDG1N	8957
A1XR6O1YQU598O	8958
A1XR77XF7HMQGW	8959
A1XR7K1W1RN2M5	8960
A1XR9YXCH7UAUL	8961
A1XRKRGYYBI0LU	8962
A1XRRQYEKTBPDD	8963
A1XRV6DND75B2D	8964
A1XS06IG6WOR0D	8965
A1XSCI5EIR7XE0	8966
A1XT36A579QZQ6	8967
A1XT75Q0O9ZCCD	8968
A1XTIPZ2GA9C98	8969
A1XTLG2WTZV858	8970
A1XTP1LMSXK4DW	8971
A1XTQSB4S24P0D	8972
A1XTX6JO10KLEM	8973
A1XU2VGHMZEHG4	8974
A1XU3JNABY53VB	8975
A1XU6B1OB66R04	8976
A1XU912DKMN1DO	8977
A1XUUVND5X2US6	8978
A1XUX1DLGCZ9AL	8979
A1XUX4HFY8F7YW	8980
A1XVF5DU3N05OM	8981
A1XVG785NS2GAD	8982
A1XVIZZ9UQQ6V6	8983
A1XVKJG9C35DSZ	8984
A1XVO93KKHBGM1	8985
A1XVSKPPZA6GUK	8986
A1XVXAXVP62YRA	8987
A1XVZ64GAT8EVZ	8988
A1XW05QVAU6F4L	8989
A1XW9OGSBK4YME	8990
A1XWJ0NABYC1MA	8991
A1XWVIK932VA2U	8992
A1XX2AUKJXP56N	8993
A1XX2MLQ672JXX	8994
A1XX5SDT0B7DTJ	8995
A1XXIISE8K8SR0	8996
A1XXJT6AMG4AL3	8997
A1XXMNLOLKNO0I	8998
A1XXXPBS0GIIFO	8999
A1XY20CHIX6BM8	9000
A1XY4Q9UL7B5FU	9001
A1XY5M6FRVVTD7	9002
A1XY9TR3VZDR0Q	9003
A1XYIE5AO2M2C9	9004
A1XYJ3UXLWO082	9005
A1XYOVJW5J06X5	9006
A1XYT6T028K111	9007
A1XZBI594HFG7Z	9008
A1XZFM239QIBRL	9009
A1XZRJMWKF9O0Z	9010
A1XZVEJNOCW9MY	9011
A1XZWZXJ8TC3FT	9012
A1XZXVRJP0ML4F	9013
A1Y03CLWFIA31O	9014
A1Y09QLADQYQJG	9015
A1Y0IXDNOS1WT8	9016
A1Y0MXQZ80P9R1	9017
A1Y0U5J6SC0P5W	9018
A1Y0VQV0SRODGP	9019
A1Y0ZI6VKNIPJ0	9020
A1Y12Z4OXD45QH	9021
A1Y19SOGNP3CQO	9022
A1Y1BE3AUU0D2T	9023
A1Y1PYS2GOKWXO	9024
A1Y1QOXCE9XOPD	9025
A1Y22301D7KRWD	9026
A1Y22TKH7LVJBK	9027
A1Y24I34B8Z2SO	9028
A1Y28S8KU4XFXE	9029
A1Y2EKYIK96T6L	9030
A1Y2ES3X1M0Q3T	9031
A1Y2G2D4CK4IWI	9032
A1Y2JS8KASVSUL	9033
A1Y2TGK51N5PDU	9034
A1Y2TSW9Z4BT5D	9035
A1Y2ZX5M6ONG98	9036
A1Y311VGURL6NZ	9037
A1Y368R3JESVFN	9038
A1Y397F78Y8BQD	9039
A1Y3FEUELH3FTI	9040
A1Y3IFY1TTNAIZ	9041
A1Y3XT0T3LIAHF	9042
A1Y3YM1XM3N71S	9043
A1Y48RQ8FXD1UD	9044
A1Y4CI48QVBC8K	9045
A1Y4DROW97OXL4	9046
A1Y4E3GC388ZK0	9047
A1Y4I18EJ6D11Z	9048
A1Y4IICV7LIWDF	9049
A1Y4NIIF7B9S85	9050
A1Y4XN1P7TSI3L	9051
A1Y50OZ9W5FMJ4	9052
A1Y54H3ZF3F9CS	9053
A1Y5C6GXR7WJL	9054
A1Y5EMD74SCVAY	9055
A1Y5ERIKQBEMSP	9056
A1Y5IZAKEYKOIK	9057
A1Y5LUJZ8879PP	9058
A1Y5RRW8I4YX5Y	9059
A1Y66VXV49IDDQ	9060
A1Y6DUUGB3C1AL	9061
A1Y6I9A0NJ7885	9062
A1Y6ONVJLNYQ40	9063
A1Y6OX9YR0BBV4	9064
A1Y6TVY8FX7T8C	9065
A1Y6UTTWJ5WOPU	9066
A1Y6X8T0BFDMD0	9067
A1Y6XYM3M1H5WF	9068
A1Y702XGLLIP44	9069
A1Y72Z3E93I60G	9070
A1Y7QKP8LZZ7UL	9071
A1Y7U3R6U1JDWY	9072
A1Y85ZN8NCUR3Q	9073
A1Y88PAZ0JI7JW	9074
A1Y8H380Y163AK	9075
A1Y8HWBHLKE670	9076
A1Y8NAGNKS82Z3	9077
A1Y8OAZHZMTQ9H	9078
A1Y8OHXZLOCNG6	9079
A1Y8OZNWTO47CR	9080
A1Y8VLZP79R9OZ	9081
A1Y9FHOPO2UPDN	9082
A1Y9K2ZI8LALNE	9083
A1Y9QXJCCAVIHN	9084
A1Y9R1RR2CUTSI	9085
A1Y9W50OG2QCST	9086
A1YA13KAINM45Y	9087
A1YA3ITORLIMYN	9088
A1YAOKCZCYROWI	9089
A1YAVDG6Q72SWA	9090
A1YBDIEPKI0D93	9091
A1YBEGD9JEZ5QG	9092
A1YBH1W26WGRDT	9093
A1YBIIEHTS90OE	9094
A1YBMWSBFA5HTE	9095
A1YC6F1CB7RCQW	9096
A1YC6QEZ5HOS0Q	9097
A1YCUWBZQGGW19	9098
A1YD0ZDQ79NBQ0	9099
A1YD4RJZ2KMA7S	9100
A1YDAT1YLFWS4V	9101
A1YDCJP0F6PJTE	9102
A1YDFJVQ8GUHTP	9103
A1YDGJZFIVLZK	9104
A1YDGRLEDDZ15R	9105
A1YDKNPKR4TVP4	9106
A1YDNI462L59E5	9107
A1YDS4TUIGDPUG	9108
A1YDWO4LJCFU2Y	9109
A1YDWX66F1MZCB	9110
A1YDXXCC5B3BR6	9111
A1YDZ6R5L4WWUC	9112
A1YE1IK0JYSIIE	9113
A1YEDJRXTYPB7A	9114
A1YEGD25B89GZX	9115
A1YEI5WMECI5TQ	9116
A1YEPFLLH42OU1	9117
A1YEUB9YL97ORT	9118
A1YEVK2BOGG81Y	9119
A1YF4ZKXPVCS1X	9120
A1YFEYYDFZCLHL	9121
A1YFF61KLU2F1X	9122
A1YFJSPO24ZJ5C	9123
A1YFVUIPR3FAWK	9124
A1YG0NV939GF9S	9125
A1YGCFWP2NNGEA	9126
A1YGEBPFDD2QT8	9127
A1YGF9FFKQEB9N	9128
A1YGP6NV202UAG	9129
A1YGX7IGS5AKPH	9130
A1YH5K6VCHK256	9131
A1YH85W8Q6QAC2	9132
A1YHCTKR6KOMYH	9133
A1YHOAM63P70C0	9134
A1YI4PCXW2IS45	9135
A1YIB5AJ95T7DT	9136
A1YISU2YSLI7J6	9137
A1YITVNLN2FH6K	9138
A1YJGYIT5HA7ZL	9139
A1YJIBJ1HTW11U	9140
A1YJK2WPRFSJW7	9141
A1YJMG0QJXZLD4	9142
A1YK0WHC2DI5NF	9143
A1YK6AAET37S7C	9144
A1YKA2PG4EFT70	9145
A1YKB5CT9XD054	9146
A1YKI4T9TFJ70M	9147
A1YKJJSPGFI3KI	9148
A1YKMK6A8XU0QP	9149
A1YL46JJF4L1V2	9150
A1YL54TZKDQUDB	9151
A1YLCDXCA3ICRM	9152
A1YLCJ8HQRUMLG	9153
A1YLHTTHISD5OK	9154
A1YLVYLEB4YJ9L	9155
A1YLWAJKRHKF2M	9156
A1YMALYFRNIPMM	9157
A1YMG8M4596W0F	9158
A1YMNTFLNDYQ1F	9159
A1YN5CYXE10E94	9160
A1YNH5K0EIHLD3	9161
A1YNI8AT0RX4FN	9162
A1YNQB2FLKX73H	9163
A1YNQH1G9URKVL	9164
A1YNYCYXYLBOWN	9165
A1YO1ZRTOQMGEU	9166
A1YO4QQRPO2U2U	9167
A1YOAHJAQ3KNDZ	9168
A1YOC7BFU772KZ	9169
A1YOH191E263LF	9170
A1YOIX3ECWPQ3H	9171
A1YOUWHJON800Y	9172
A1YOYOWERFCTIB	9173
A1YP5WLIHGG136	9174
A1YP96MT6W9FTB	9175
A1YP9BO80732WX	9176
A1YPAPOLJKU3KG	9177
A1YPMFNFATDFTY	9178
A1YPRH0K6J18MC	9179
A1YPSQBAIJDDKX	9180
A1YQ0ACENZPHA1	9181
A1YQE95ZPGMPTC	9182
A1YQGNJRTZHLGC	9183
A1YQJBHYXIB3AI	9184
A1YQNYV23QLFBA	9185
A1YQUFFCC0IBBV	9186
A1YR1VCW6FDU5G	9187
A1YR4BKXYLQNJM	9188
A1YRCG44URSYZ8	9189
A1YRNG8AFXPEYW	9190
A1YRRKA0MRMW9	9191
A1YRYH5LD5W189	9192
A1YS0K7W68CDBC	9193
A1YS7LL44O3XNR	9194
A1YSH8X4ZR1S09	9195
A1YSISRHUX8PXO	9196
A1YSO1JE4HMUL	9197
A1YSS4I5K4C851	9198
A1YSXBJFTLNSXM	9199
A1YSXCJGO8YR9W	9200
A1YSYUQPVH3GHJ	9201
A1YT7AL0YAYIOZ	9202
A1YTB1JFGYVNUK	9203
A1YTBIG5TZDHQG	9204
A1YTQUIFXD5LG1	9205
A1YTRHQYMAOTIS	9206
A1YTZQOF90CZRG	9207
A1YU40K2DURQQP	9208
A1YU8AOQM9KQ9G	9209
A1YUA9WYL1J4YU	9210
A1YUL9PCJR3JTY	9211
A1YUSKPLO9K9GY	9212
A1YUTU2M81LVO6	9213
A1YUVY0MSHVLTD	9214
A1YUZKMB9PTGMN	9215
A1YV0M74N6ABCK	9216
A1YV1QKGOO6LSK	9217
A1YV2L9PFC99Q8	9218
A1YV7L9TM5CWEO	9219
A1YVBCTFG5A46N	9220
A1YVC0ERA2S7Y7	9221
A1YVDAL2HW96JG	9222
A1YVH4YXCA9EPY	9223
A1YVLVFZW880Z8	9224
A1YVO5V1SO18DZ	9225
A1YVTXLFCVUZ7Z	9226
A1YVW25MHK9A7G	9227
A1YVZ0E3WPKVP5	9228
A1YW0KPOAICYJ7	9229
A1YW2N9Q2KDLOH	9230
A1YW61JB5LM5GB	9231
A1YWBGOBBEFUXI	9232
A1YWFP9XQWL2VL	9233
A1YWHVLSJUHQFP	9234
A1YWLEHS84C4O2	9235
A1YWRE40NY2C3X	9236
A1YX6YUHJA11KE	9237
A1YX9FO6I9HEML	9238
A1YXKR8FJDKOQC	9239
A1YXLDOQBMQP3S	9240
A1YXU0HTSEM9BV	9241
A1YY6XP0WUU4CV	9242
A1YYBP7N57F1IR	9243
A1YYDO3HZHED58	9244
A1YYIXX0F0SQ8O	9245
A1YYLD2KHIAGRQ	9246
A1YYT1X16T0IOF	9247
A1YZB5FLZ96OMY	9248
A1YZE6X4ZSAWJ	9249
A1YZMJFACLABHX	9250
A1Z04KYZSMN6L1	9251
A1Z054HLBZU9MA	9252
A1Z0E57WL12N9Q	9253
A1Z0N93UZMRCG7	9254
A1Z10GBVDND2M0	9255
A1Z13WY11V4SQ	9256
A1Z17GSP15G4S	9257
A1Z183ZOG2QHLO	9258
A1Z190NWHRVF8G	9259
A1Z1CZ8OFDHD7B	9260
A1Z1DT6SRO2NXX	9261
A1Z1E5FG4HSRBE	9262
A1Z1EFPFV3M5L9	9263
A1Z1GP9MB6BJX2	9264
A1Z1RSLC16FW27	9265
A1Z1SQY38N0K5S	9266
A1Z215B0OZ3BLL	9267
A1Z2D89VPJPD4I	9268
A1Z2IWNP7IHKCC	9269
A1Z2W4NMPQVSC3	9270
A1Z2ZSWU9QIBT8	9271
A1Z30ND9WXK19G	9272
A1Z3598J0371ND	9273
A1Z3ASBPQV021L	9274
A1Z3KTWEYPWPZR	9275
A1Z3O5JI3I48WP	9276
A1Z3RYRY4B4DAD	9277
A1Z3UBBK64KRNE	9278
A1Z3WG0D5SFTL4	9279
A1Z3XWG2W5GOHP	9280
A1Z44EKDPMCS1O	9281
A1Z4550X91KUW7	9282
A1Z489XV3ECQBZ	9283
A1Z4DGM3EMONYD	9284
A1Z4FFJS6BEGG4	9285
A1Z4FG18M8E2TS	9286
A1Z4H5NOE7M2D1	9287
A1Z4VBZY5N5DF4	9288
A1Z50JDW7A8JBW	9289
A1Z54EM24Y40LL	9290
A1Z568Q3KN0KP3	9291
A1Z56ZHD18YCEP	9292
A1Z59T7I75H6XT	9293
A1Z5AB1CVT1DOU	9294
A1Z5D18LHCP0EA	9295
A1Z5FKMJ7492CI	9296
A1Z5H8CUQHT9OU	9297
A1Z5KTAE39TYEB	9298
A1Z5YA7J4H0ZHS	9299
A1Z60H3CXLO4XE	9300
A1Z61YUMNS08PO	9301
A1Z650UD1IFZV9	9302
A1Z69JITWBBSF3	9303
A1Z6KY0CW1PKWD	9304
A1Z71H3CWUVG93	9305
A1Z7FZP81N8CDU	9306
A1Z7JCBOU1KAIB	9307
A1Z7OL22XV3JT8	9308
A1Z7S2HB7ZF7PM	9309
A1Z7SC7HH1BJKA	9310
A1Z7UBGOMMEZCT	9311
A1Z88FEA1UNITZ	9312
A1Z89Q8I4DWP3G	9313
A1Z8AJS6Q9YEAK	9314
A1Z8D67J2M8E0X	9315
A1Z8L7B0OEH1IL	9316
A1Z8XU1WEN8LDG	9317
A1Z95PQLRRJ120	9318
A1Z9ABCP6O611B	9319
A1Z9DV2Z0QJ6D9	9320
A1Z9MUVOK4XCRC	9321
A1ZA26D6OXF2G8	9322
A1ZA5SXZS8Z3CK	9323
A1ZA6Z8V6IBVLV	9324
A1ZAITY1KJGY9B	9325
A1ZAK03P1WUBJY	9326
A1ZB4ASNH8GUW4	9327
A1ZBACUZO963II	9328
A1ZBCLGBX7GKS	9329
A1ZBEIL78MLR9Z	9330
A1ZBU1PIKVNEBC	9331
A1ZBV6O78ER6V5	9332
A1ZBVEBQHCH4R8	9333
A1ZBWPD5IJ2P9T	9334
A1ZBXC4PYHGFOQ	9335
A1ZBZMIJUZEENG	9336
A1ZC3P7MLWYQ15	9337
A1ZC9CK7E6RTYO	9338
A1ZCC4FCBOUIFW	9339
A1ZCIUNPWKV03F	9340
A1ZCSSCAGBCD49	9341
A1ZD16KSW1GNWD	9342
A1ZDAR293CU0I4	9343
A1ZDK9LUQX6JCE	9344
A1ZDKE92TSRQGF	9345
A1ZDNGVTN2K42T	9346
A1ZDY4LEJFIMBI	9347
A1ZDZGDIN70VBN	9348
A1ZE03VJ08LPNL	9349
A1ZE1LPZHGG1QP	9350
A1ZE27E7OPXPVO	9351
A1ZE40MY9LVOVN	9352
A1ZE726AMTJ6WR	9353
A1ZEB6HTMI8U7A	9354
A1ZEBHW2RBDTOC	9355
A1ZEDBVUPWMS6G	9356
A1ZEG2U5X1MPRA	9357
A1ZEGV1768DOQW	9358
A1ZEKEE140M6JO	9359
A1ZELRU41VHWSF	9360
A1ZEQRE2PDNUMI	9361
A1ZEXKB5M7UNN9	9362
A1ZF5HZWCYQ8IJ	9363
A1ZFKEACQLPLOO	9364
A1ZFM7VYC7H	9365
A1ZFQ5SLPH71VS	9366
A1ZFUVIC4U6BGI	9367
A1ZFXN555G6EGN	9368
A1ZG0V8LCLEN2K	9369
A1ZGHA3IJV01BK	9370
A1ZGL3BAJU4CI7	9371
A1ZGLZZELQ0IG0	9372
A1ZGNJ2ZXAT3NV	9373
A1ZGWXAXOSXAKS	9374
A1ZGXZW37JEZWH	9375
A1ZH0X8SYUVZXQ	9376
A1ZH3KPDSV7BPG	9377
A1ZH8EY4QQL1DH	9378
A1ZH9LWMX5UCFJ	9379
A1ZHBR40DSLFK8	9380
A1ZHLN07AICASZ	9381
A1ZHLONH8IGN1M	9382
A1ZHQBJ9GKLQUV	9383
A1ZHTBTBO99KD4	9384
A1ZHYLDTWC93VD	9385
A1ZI5HO1F6C3MS	9386
A1ZID0K9FW1AKJ	9387
A1ZIDCPDTDJYEB	9388
A1ZIG4FN3FO8MY	9389
A1ZIJRV0UCYK8E	9390
A1ZINFU49WPZJE	9391
A1ZIQM2WWA2KZO	9392
A1ZIVWO3U8XOJQ	9393
A1ZJ03N19IAWXU	9394
A1ZJ6P3ZBYX7XW	9395
A1ZJ75F4RNKYOG	9396
A1ZJ8MQ35WGXN8	9397
A1ZJ8WG1F8RO47	9398
A1ZJAQ7728RKXD	9399
A1ZJB4TGU85WBC	9400
A1ZJG6E3UZWBAY	9401
A1ZJGLXIOIIBM2	9402
A1ZJHVAB33HUTI	9403
A1ZJS9MUV37LDG	9404
A1ZJSYEQQDIDAA	9405
A1ZJZ7RFZUW8GG	9406
A1ZK15JLC5GH5D	9407
A1ZKDZ0APJF4R5	9408
A1ZKIBO5JB9PLZ	9409
A1ZKK6G96SA61	9410
A1ZKWURQ4PHHAG	9411
A1ZL6E5G531R27	9412
A1ZLCFWUFAL085	9413
A1ZLCPGC70C1XM	9414
A1ZLD4U6HGQK93	9415
A1ZLIFQSUW9UMM	9416
A1ZLMBZBUNISRS	9417
A1ZLW86I5T2L2	9418
A1ZLZILNFM0K2W	9419
A1ZM2ELUFNR8QU	9420
A1ZM3IEFOX1ZV8	9421
A1ZM50EZXG2ZPV	9422
A1ZM9THVB0JUPS	9423
A1ZMCRP2SGQL06	9424
A1ZMUNE2N8G9EJ	9425
A1ZMWP5SNMQG94	9426
A1ZND2FCE03PJV	9427
A1ZNL81FWJJZFT	9428
A1ZNM7RNRGTTIF	9429
A1ZNPTMFE59ZJ6	9430
A1ZOBS1ZYRHGUQ	9431
A1ZOCZXNWYJLKD	9432
A1ZOHTNKUE1C3S	9433
A1ZOU4OFT22XBE	9434
A1ZP3UHZXPLJ0U	9435
A1ZP53QQBFFG05	9436
A1ZP8HRDI77X95	9437
A1ZP9S3T0DYQNH	9438
A1ZPPS12MCZP1X	9439
A1ZPRJWAVMCBVC	9440
A1ZPY91VE3IDN1	9441
A1ZPYSX33NMIMR	9442
A1ZQ4TBU2XCWMS	9443
A1ZQAD6DKZ8YZT	9444
A1ZQQGK4RZFLON	9445
A1ZQRMZQZ7WGGC	9446
A1ZQX6UHOEUT2A	9447
A1ZR1MLYMUV5SJ	9448
A1ZR8NYQL193J9	9449
A1ZRID98IVU9DU	9450
A1ZROT5KVH0VO	9451
A1ZROV002P7NTK	9452
A1ZRS932S42M86	9453
A1ZRTM3TEJ9VY0	9454
A1ZRVK692DHDCF	9455
A1ZS9SL598RQEP	9456
A1ZSA3IXNJ2XOY	9457
A1ZSEGQ58OJ5GE	9458
A1ZSMQDKG7TEZ4	9459
A1ZT4H9Z5W1EW7	9460
A1ZT8O24M3AUEJ	9461
A1ZT9RQMTBKTCK	9462
A1ZTCF1H0BT54R	9463
A1ZTE3K3EN4TS3	9464
A1ZTOMDXGISTT4	9465
A1ZTRBN1WCSADH	9466
A1ZTX1KCF895LW	9467
A1ZU55TM45Y2R8	9468
A1ZU6FALQ8JLXX	9469
A1ZU8L1F3MWSK9	9470
A1ZUA5JAR202PY	9471
A1ZUEBU079NPEK	9472
A1ZUH5R27QEJQ0	9473
A1ZUHK03ZZP1W8	9474
A1ZV7R3W1WNPSZ	9475
A1ZVHN2HY9T1EH	9476
A1ZVPOZAHUZQQG	9477
A1ZVSOBNH9W0PE	9478
A1ZVVUSS12KX2M	9479
A1ZVY7PPS96NX5	9480
A1ZW27BULO098R	9481
A1ZWL0MQQHZ0N	9482
A1ZWLMXTQPG0RA	9483
A1ZWM7T7R6MO02	9484
A1ZWSC1ISZXASO	9485
A1ZWWMDVOI3QW7	9486
A1ZWZFD0YEM2WK	9487
A1ZX4DJFE0GWGS	9488
A1ZXALP042Q3LS	9489
A1ZXJA9ORF0HFX	9490
A1ZXOY6Z793XDG	9491
A1ZXSQHOVC0TCX	9492
A1ZXVKJTHKGA97	9493
A1ZY0J843DLFN3	9494
A1ZY9PTDUF0LDL	9495
A1ZYCWZTK1ZYMB	9496
A1ZYHFGPLM0H8V	9497
A1ZYKJVFOKUMAI	9498
A1ZYP06I8LY8F0	9499
A1ZYS1A8YDZUBH	9500
A1ZYSTUZJRBEM6	9501
A1ZYTBENHJ1WGP	9502
A1ZYV05OSO4QZK	9503
A1ZYVVHCQ6DVKL	9504
A1ZYWF0JJS5G7O	9505
A1ZZ85SS43PCDJ	9506
A1ZZ9N3M3I1AGK	9507
A1ZZR25X0CNOJX	9508
A200D30RACQP6U	9509
A200EP9IG12H95	9510
A200FKBEWWO68M	9511
A200NRJGN6RDKI	9512
A200P15AIMLHVX	9513
A200YANJQTLMA7	9514
A2013X1OLSB1O9	9515
A201PD0DMR51CR	9516
A201YQUBG4BLJX	9517
A201ZB2FTM9E3F	9518
A2025BA5SKBMGL	9519
A202EV5MK3MJJH	9520
A202G12QWYDIU2	9521
A202N0NQN683S7	9522
A202NBIARN2JHX	9523
A202WUJ5CPIJYA	9524
A202XNZLHBS6OJ	9525
A2031ZCJB21XGL	9526
A20361V1Y2GZ5X	9527
A20383QJTVXC8H	9528
A203D1OS77Q9HV	9529
A203GP3E7MA206	9530
A203JFRQPNSQA	9531
A203OCQQ12MAVT	9532
A203YWQT85ADQI	9533
A20444HLA20SR9	9534
A204906HLJ443E	9535
A204BXU8UPJ8O	9536
A204GW5CJ9UY60	9537
A204HFEBWPOHUB	9538
A204K1OFE8OB9Y	9539
A204KVEV30UDE2	9540
A204QN2VRUQA9B	9541
A204T94J7KDGTL	9542
A204VNCPNEGVJT	9543
A204XUDCHF069U	9544
A205GW5EGLP5XH	9545
A205HPSGU7P4B3	9546
A205QUL9U5JT2H	9547
A205RXXKTEBMOP	9548
A205S9V9QJVYNG	9549
A205ZP18PBAATA	9550
A2065HBMYDXJ1S	9551
A2065ZR4JEI5ZC	9552
A2068BC3ZXAVJQ	9553
A206AJFCVJE56W	9554
A206CGM6J75UJY	9555
A206EB5M940QV8	9556
A206GCBY998Z40	9557
A206OL2G4VVLTU	9558
A206OM5E9LV83L	9559
A206T0W1VE8K1Q	9560
A20713QKOYN8X2	9561
A2076GK8UUVYA7	9562
A2077EH8FOXS39	9563
A207AP3WFJLOFU	9564
A207RZZFU7MRH3	9565
A207SN3TY9XMVN	9566
A207TX58OR3VSC	9567
A2080ERHHN9W8O	9568
A2085729NCMH8L	9569
A2088XNP8A0GUB	9570
A208BIATWI1OVS	9571
A208CC3SOOWWP	9572
A208GEK5RHL3MT	9573
A208IO041ONWZ4	9574
A208R3I2L58YWD	9575
A208T7JX77IROS	9576
A208YEITRPNBH6	9577
A2093G5D1R6WHH	9578
A2095CO2FH1U6G	9579
A20974BOZ3EM5V	9580
A209C1NU0FOH7	9581
A209DD198R0W1X	9582
A209FT33C8XU7U	9583
A209G57KXCBF4C	9584
A209QRVZ99UQDC	9585
A209TZCSLOADS7	9586
A20A02BM0SO99O	9587
A20A513DXS3GUE	9588
A20A523DFHLRBT	9589
A20A8852GWHJJ7	9590
A20AK6JP46D53I	9591
A20AKDW2I3LH1B	9592
A20AXR8JMQQ9DA	9593
A20AXUETLFJTVZ	9594
A20B1I23KO52ML	9595
A20B31N6X8WIS	9596
A20B8MZCRKE2B2	9597
A20BC3R2NBN646	9598
A20BCW8KVO1XWF	9599
A20BI5NW2MPQNL	9600
A20BIH9UR06DA9	9601
A20BPHM34CL8VJ	9602
A20BTUFHNUDDPU	9603
A20BUB5Y1JQ3RQ	9604
A20C8T51PFJZXV	9605
A20C8YYRQ78OP2	9606
A20C8Z0BIB1XQP	9607
A20CC4CZ7EL7D7	9608
A20CSS8AN3R9IO	9609
A20CYAX5RSTNJV	9610
A20CYNVJT6T4SC	9611
A20D00VZKLNE08	9612
A20D2UFYK8M09J	9613
A20D2Y5FUVH74A	9614
A20D4RVJQKK43U	9615
A20D8ILFNFVS7N	9616
A20DJOMXBJJAEJ	9617
A20DKKB9S1EKJA	9618
A20DQ4G9RLS3B1	9619
A20E3NLR29VWT9	9620
A20E6LM4K39UKD	9621
A20E9MBDXWJN04	9622
A20EEWWSFMZ1PN	9623
A20EIET4322WWO	9624
A20EJ1QAD9AFPS	9625
A20EPEPGU03L1Q	9626
A20EYHAVT0C8E	9627
A20F84KUBWM88B	9628
A20G074MWH9U7O	9629
A20G13L3IU7LNF	9630
A20G20CRRJK413	9631
A20G5IPABJMFQD	9632
A20G9LL209IIJ2	9633
A20G9UI6WJB2IY	9634
A20GBVCS8IW72S	9635
A20GEZAKREGYQE	9636
A20GKH4F3STYU9	9637
A20GSN01PXG3MK	9638
A20H0RTI10UG81	9639
A20H1VH5VT2BBI	9640
A20H28BXJ9GE8U	9641
A20H8QNUJZNFAN	9642
A20HCAYYTM2PCG	9643
A20HEZJ0LI69UC	9644
A20HKG24909B6Q	9645
A20HM81911V9KD	9646
A20HN3SJ9DNYFU	9647
A20HSV5Z6DYO0A	9648
A20HXKAKF32DP	9649
A20I0A56GM97W3	9650
A20I6J57U2AQ4S	9651
A20IG24DLFALIA	9652
A20IGGGE1URYOQ	9653
A20IGI45XGVRVZ	9654
A20IIR0422G3A5	9655
A20IJK1ETV5IKZ	9656
A20IK6HC5D1ITI	9657
A20IKJERCOP9MQ	9658
A20IN60EYD64O7	9659
A20INUHZOU4E61	9660
A20J2OYQ8WUFC0	9661
A20J4FB33G3X4X	9662
A20JLETP8KRC5J	9663
A20JON50YOUVWK	9664
A20JZTQ4THMCJB	9665
A20K22R28LQ8Q1	9666
A20KBDBJ60WACA	9667
A20KKN1TJYKTX9	9668
A20KO8DBCS17SB	9669
A20KPZ8VU6R0PY	9670
A20KS8F5QG61HW	9671
A20KVZTGPD278A	9672
A20L47W92XV88R	9673
A20L57SY1PAIH4	9674
A20L63B48RPSOH	9675
A20L6E635PAEQX	9676
A20LLRPOYH6V36	9677
A20LM4JY6D47UC	9678
A20LUW7276V329	9679
A20MBUOT9S7AEP	9680
A20MKW1B0L1ZJU	9681
A20MM8065EOMWP	9682
A20MMOYFA8BTNR	9683
A20MMPWGELUTSF	9684
A20MNUV0OLWDQY	9685
A20MROBTM7MF5J	9686
A20N4M4FBJZGZC	9687
A20N8DWQ54NADP	9688
A20N9XJYPZ0F18	9689
A20NBG1DV4SOX1	9690
A20NI83ETCNUQ2	9691
A20NK15HWH7OL7	9692
A20NZ1Z1BCEIBM	9693
A20OAXZSG607PP	9694
A20OBCQWBKCGZT	9695
A20OCK17SAWC7Q	9696
A20OCQNP96UDNB	9697
A20OYKBNP30I5X	9698
A20P6GS677B7V7	9699
A20PB1TIHZJXH2	9700
A20PD6WLO2QH1B	9701
A20PEER2NSBQV	9702
A20PJE2PS8IC5	9703
A20PNMOSUNVJFN	9704
A20Q3RCBO2AOQZ	9705
A20Q6OJDS3XXW8	9706
A20QPK1I53TM3U	9707
A20QVQ6PAZ4S25	9708
A20QYH4MXDOXBG	9709
A20QZ65ZH3GII3	9710
A20R0T8NXW9MRC	9711
A20R6KA6GFMN82	9712
A20R9VN8SW43D6	9713
A20RGDA4WCJGN2	9714
A20RGRQ7PHBLGM	9715
A20RK06Z7VBGKJ	9716
A20RS2WO3JJTLF	9717
A20RZA1AV2K6VM	9718
A20S7RQWDWPENT	9719
A20S7XV2JK0UXL	9720
A20S81B4LXMVJS	9721
A20SBEM098Y748	9722
A20SC4D3CS5P8P	9723
A20SLHFRYV781G	9724
A20SPGLF2L9U2U	9725
A20SQURQ3G1BGY	9726
A20SRR71Y6U8BK	9727
A20SUN7P2SPUTI	9728
A20T6TZQUM476M	9729
A20T719V7LJWDJ	9730
A20TBNLCVB19RJ	9731
A20TH86CT1MJKH	9732
A20TMP8AINNVL0	9733
A20TU6T7CI6OIL	9734
A20TX9KNZF1E5	9735
A20U0UHCJ6ZV2N	9736
A20U77CAVXKDET	9737
A20U9XO9GVWD2J	9738
A20UDR7V42OMZW	9739
A20UDUWVZ2N4W0	9740
A20UQ3OY8LMRIV	9741
A20UUZRHU58TMP	9742
A20V0LRVF0VYQQ	9743
A20V3PS9JP9RM9	9744
A20V7N5A22F4BM	9745
A20VF8PBPJPXRT	9746
A20VG5W98SX99L	9747
A20VP1WKBG344J	9748
A20VQ9HLIW3HUO	9749
A20VQBFSFWU9Y9	9750
A20VQSJJO1PQFA	9751
A20VT4B081D0MY	9752
A20W06JQ9PRC85	9753
A20W55PTAUBWZK	9754
A20WJ7OH9ARBIE	9755
A20WJFNIA1V0PQ	9756
A20WKTYKTJPRDW	9757
A20WLZXTRI3EZ4	9758
A20WM1434XLQUR	9759
A20WR2OJXFJCUE	9760
A20WTWQ3NJ1YHG	9761
A20X4A7UNJ67IJ	9762
A20XFC7QXT0SX7	9763
A20XMQ6DXOC56H	9764
A20XUFXAJ7G8HB	9765
A20XVBSVYOWNIQ	9766
A20Y433PDWVNRZ	9767
A20Y4QCOQ9JFJB	9768
A20Y9D15XKKHXK	9769
A20YGYCHDUSFU4	9770
A20YJ3Q3JC3027	9771
A20YM1PXY5BP15	9772
A20YTXKP2GHCJ1	9773
A20Z0BPS4P55O9	9774
A20Z3OEMGSK2R8	9775
A20Z4I038Y4TFW	9776
A20Z5C9R4V3LCI	9777
A20ZDV9ZEESN5K	9778
A20ZJMWG611LXK	9779
A20ZQ39MKNJ157	9780
A2102JU3Q4LXZW	9781
A210C9QBMXUJ78	9782
A210OIHEIJ11KY	9783
A210RPBJAMV0JC	9784
A210UZTIFQ6FLD	9785
A2111EPL1QQGFQ	9786
A2112JOEYGMYN9	9787
A2117W2A8OEF1N	9788
A211IIX05DXR1Q	9789
A211QYKZXHBY2K	9790
A211VGTUF01SXG	9791
A211WNHRHDGAZ4	9792
A212OVSMD1WYUM	9793
A212SVQN8PB58X	9794
A212UEBIYQF0AS	9795
A213257J8K3XAZ	9796
A2132W112F63SV	9797
A213GT1IEJASV9	9798
A213MNNCABU95F	9799
A213O31IBH6US1	9800
A213POYMNUCVC6	9801
A213S25ZMM7AXR	9802
A214ABCHFD1CYS	9803
A214MC9ZR8DH3S	9804
A214NXF6J5COUG	9805
A214RK048M8QA9	9806
A214V7IAU1MQ6R	9807
A214W34F0Z78MX	9808
A214WJ64AAALNS	9809
A2157L23AJS1WY	9810
A2158Q3GDLSC83	9811
A215D8A61X6UC0	9812
A215GY3VJAQXLP	9813
A215IN14OKAE2T	9814
A216LTQOORNDWO	9815
A216NC2QR7F3MY	9816
A216SKRFFQU4ZM	9817
A216VDO5BCPX4X	9818
A21739F1SUNCKR	9819
A2174D8Y0G6IQT	9820
A217HGF9JC43WM	9821
A217QN6NODDGFU	9822
A217RENOFBK0PL	9823
A217UEH83RHN1Z	9824
A217UXXG9OTM1Z	9825
A217W27XKHY5C5	9826
A218KS1G67I760	9827
A218THF45IKWKH	9828
A218TIMT2NOSBR	9829
A2194PH8DKGB7I	9830
A219G1KGU04NL2	9831
A219HDY7BIUKUR	9832
A219N9MB3EDWKE	9833
A219WEJVT0H9RV	9834
A21AGISWCFINL	9835
A21AGOTRHUDFZZ	9836
A21AJ9GNCM89MK	9837
A21ALZXX68DCUE	9838
A21AXQYWDS8TKC	9839
A21AYEOVQPZ04H	9840
A21B2MLNQEY94O	9841
A21B5O4E5YY867	9842
A21B8BWKZGQ44U	9843
A21BE1LLY0NWQI	9844
A21BH5QF60775Z	9845
A21BKJJPYDTTPG	9846
A21BONT2PK9E05	9847
A21BPMOV9NV2DJ	9848
A21BRX2VSHU10S	9849
A21BV7SEL1ST1Y	9850
A21BWG5FM4V3V6	9851
A21BWWRBEJ7QU1	9852
A21C21LVLURMQR	9853
A21C8OBFJJ9OBD	9854
A21CE99Y7OQU6Y	9855
A21CHACAU33XA0	9856
A21CPPA7K4IU33	9857
A21CR6QBS7CAFR	9858
A21CU8J2IMOLLA	9859
A21CVKAV4PLJH9	9860
A21D1LW2OUZVOB	9861
A21D2FLIOX208O	9862
A21DAKV9WGV6BY	9863
A21DB01H0ZGRO5	9864
A21DJ2Z32C1S8R	9865
A21DO5CERZ4RZL	9866
A21E81WHMJFJ5Z	9867
A21EAQFKSIUPFN	9868
A21EVY467OR3IT	9869
A21EX868TJ5WQ1	9870
A21EYLW1TG7KUH	9871
A21F85P49BQ6L	9872
A21FIR9FSLNW5J	9873
A21FK93V1WSXCY	9874
A21FO8HXJECL08	9875
A21FQSM5I5ZLIR	9876
A21FULRZNDAGV	9877
A21FWV7IMMPSXP	9878
A21G8XF090VXN4	9879
A21GMBV4KU0V4	9880
A21GQ4RIS0XDG5	9881
A21GSCTH4B3AVX	9882
A21GV4ZUU7VLR	9883
A21GVCA62DSNL4	9884
A21GW4L8FO307V	9885
A21HGY00Y2ERMA	9886
A21HL4W5CZCQNG	9887
A21HN2MLBIDYM0	9888
A21HQ7JSKWTCYV	9889
A21HWM8SSF6NGK	9890
A21IF8YOZJ3BT3	9891
A21IGP0VK6KOJN	9892
A21IHJXK29A8AD	9893
A21IKDGF1NVFTX	9894
A21INUA35HX4XQ	9895
A21IO0D2AL131O	9896
A21J5YFPMTM7ZI	9897
A21J6AKQZ0V6C5	9898
A21J7X6D5ATX8E	9899
A21JSE5O38NMYK	9900
A21JYQK7AO7ACA	9901
A21K9607F476BK	9902
A21KBTAS2W46WT	9903
A21KJU17WPUGJH	9904
A21KLMG885MRNA	9905
A21KUCPK6KS5RA	9906
A21KZEGKPORO59	9907
A21L2RURENZEOR	9908
A21L62AE7S7DHM	9909
A21L6OOGCB5KUK	9910
A21L7QYJRLT4YV	9911
A21L860NCMAJHX	9912
A21LDIFT02EMXX	9913
A21LH8EEMXK4A	9914
A21LQ0SRKE8B9D	9915
A21LQ4GK2C9FOR	9916
A21LR9WMFLTU8T	9917
A21M71QTD44GQ1	9918
A21M8X5FW0HG34	9919
A21MIBH1VX395G	9920
A21MLQQXFC7VGU	9921
A21MMTDAFAUPQT	9922
A21MOKXYZJ44PU	9923
A21N8NSXC2NT2Z	9924
A21N9ACLVOMDLP	9925
A21NA6X6FYG7QR	9926
A21NBMOERHFKNH	9927
A21NMSG9R0QB55	9928
A21NNFGPYIMRUC	9929
A21NREICO6ICY8	9930
A21NVFKZQH4A5D	9931
A21O53HUXIER6H	9932
A21O8QIHI8I9VT	9933
A21OA8773GTIKD	9934
A21OBYW0N5ENS7	9935
A21OI8AYRC3UJ0	9936
A21OMSEJB8Y10V	9937
A21OMTBD3ITU8W	9938
A21OS6PWQG5YOO	9939
A21OVAH6AG6RQJ	9940
A21P04WNYKIGGB	9941
A21P3TBJI5SEOE	9942
A21P7NCYM3RFUE	9943
A21P8XG15YDOUX	9944
A21PBFWI2KV35L	9945
A21PGLDMIEIDTL	9946
A21PP21MN72JOB	9947
A21PPHCKVTDCP2	9948
A21PVDXV0LQRJF	9949
A21Q4PC4SARB9G	9950
A21Q6HK00IUFNE	9951
A21Q7WZ03JKFK4	9952
A21Q9HY3XGJIU3	9953
A21QCT4R0OOQGS	9954
A21QGFKU4YHSWX	9955
A21QP0KYCHIQKU	9956
A21QS88GO63SJI	9957
A21R934BTF819E	9958
A21RHA9WFR39KC	9959
A21RJ74JLAZN5V	9960
A21RP61K5BW3KZ	9961
A21RU23FMI0XSS	9962
A21RVX7HV8R7G9	9963
A21RYGJ9H9QCXL	9964
A21S3DLGEQCS7A	9965
A21S6B8TG9Y034	9966
A21S6IAM6J1XT6	9967
A21SC6EWVU1UYG	9968
A21SDFO4MQNAIB	9969
A21SEXOVU5O0GG	9970
A21SEZCYRGSGF7	9971
A21SGHS6PCOX5G	9972
A21SRQ181Z3AF6	9973
A21T5C3KL41REL	9974
A21TL6NRHH5ULR	9975
A21TWSJ12YERBH	9976
A21TZ4IXFUVSZT	9977
A21TZP2ULKYFFA	9978
A21U0QEPO6W5MA	9979
A21U2DASBTGP2	9980
A21U4DR8M6I9QN	9981
A21UM5YRHDFAHL	9982
A21V1T0D7P2ZJJ	9983
A21V42N6AG1I48	9984
A21VGNU5959O85	9985
A21VMZNVL6AMN5	9986
A21VPE9WTLN17P	9987
A21VYSJQ07PXSR	9988
A21W6EWDJJXJ4X	9989
A21WJO4MB240NF	9990
A21WOY9XATG7ZB	9991
A21WT3WTVAQSYG	9992
A21WXXCKC1BU66	9993
A21X32F7VQGTBF	9994
A21X4X3WYV5FQZ	9995
A21X6W7MQVRXD1	9996
A21X8ZL3DO86FG	9997
A21XIXRP3TDPJY	9998
A21XMKI3NH9JN3	9999
A21XTND3EF4WR9	10000
A21XUDC9QBLLSI	10001
A21Y3K7S08BNNZ	10002
A21Y4G5NI0FYQJ	10003
A21Y5X34AATMER	10004
A21Y9WA5KBJGJQ	10005
A21YB4X04JG540	10006
A21YBXRQZHTBXG	10007
A21YR7F2RJLBXE	10008
A21YRX2HTSJY10	10009
A21YSRCW64N5LI	10010
A21YSS0FJLDTBK	10011
A21YTKBWNH6IQX	10012
A21YYSEEM0RIL3	10013
A21YYZO81M5I0R	10014
A21Z1A0GG8WUR4	10015
A21Z6XK24XEL99	10016
A21ZEUWRHIPJDS	10017
A21ZFE8N92LVTW	10018
A21ZZUXAM2PUCA	10019
A220059NEEBEX7	10020
A2208H10HHY474	10021
A220CH67BTNFO3	10022
A220T6GWC391Z5	10023
A220VLCQJ3QZJK	10024
A2210F987D266J	10025
A221AS3L4TBTOH	10026
A221CPEU5FJY3W	10027
A221JKA5LCTNPZ	10028
A221Q8AOE2XD84	10029
A221U9AU6RZR4G	10030
A22200AUZF7RW5	10031
A222FKB5UY1G4Q	10032
A222GF8539XKTD	10033
A222IA1SDPRRFZ	10034
A222RXYPA6VZU1	10035
A222T9W9FOZISJ	10036
A222TJM2BI29GA	10037
A222WBG5V12EXY	10038
A22328ZJNVIRR3	10039
A223523XCSYBOM	10040
A2236W0X2LTB7J	10041
A223DL0M7NXZMK	10042
A223GETLO02N9L	10043
A223GK6YCLN00F	10044
A223H9HCSQ03NA	10045
A224HKCSWUOHQ	10046
A224KM22RQ5CD4	10047
A2252WG7M6J74E	10048
A22544DDR0RCH3	10049
A225L8NTXN221E	10050
A225M3GAYN01IG	10051
A225MLJSQFFI35	10052
A225S4YJQDH8CN	10053
A225UWT247BBBH	10054
A225WHD7XZVIXL	10055
A2260UL6CQ8AG9	10056
A2265X68RLA8AD	10057
A2268HLGPC3N24	10058
A226GFM0Q9L37H	10059
A226JAZ9IJTUR9	10060
A226LPMB30GN67	10061
A226TWP16PZ8YC	10062
A226VGZWOEBPGL	10063
A226ZYPZ78F0PC	10064
A2275FQ5V1S5YZ	10065
A227BIJ309IRM5	10066
A227D0H0PPWCDN	10067
A227IMN9BB71BO	10068
A22801HMB53QJS	10069
A228ATG0B3EO4C	10070
A228CVPNVGAZ48	10071
A228NQ471I4R8F	10072
A228PI4UU3VMO8	10073
A228YK3KWGEGRN	10074
A228ZUZYDUBUSI	10075
A229ANWHC6D668	10076
A229CC51YTKNSZ	10077
A229D6Z69AHO37	10078
A229DGCMXUEUL6	10079
A229SXZMZVS0CV	10080
A229UREEV5ST1T	10081
A22AGS2NKIUKVR	10082
A22AN9TBX20ESW	10083
A22AVXYEDK4PAP	10084
A22AYJ3SK090WH	10085
A22BA0UKMIG13Q	10086
A22BG88HYZLJVI	10087
A22BGI38W7Q9X9	10088
A22BLJR5YR5Y2E	10089
A22BLWQ2T3GYQV	10090
A22BPC7LRSGSYQ	10091
A22BR3272GKVLZ	10092
A22CIR3Q0OUQ2	10093
A22CMKN3CE1TAB	10094
A22CW0ZHY3NJH8	10095
A22CZWI2UVN348	10096
A22D0NPBR09AFI	10097
A22D45TA882S6Z	10098
A22D7DC7G4CYXV	10099
A22D9VHDE71YI3	10100
A22DOQSB2K3C09	10101
A22DRIYV2RA741	10102
A22DRON541MSMG	10103
A22DRQMROONYOK	10104
A22DWHAFFEVMKS	10105
A22DXDIYXPBVSP	10106
A22E3KHZNRB190	10107
A22E61YVWAJBG4	10108
A22EDEQOIZ64NU	10109
A22EG9K0WDF7LR	10110
A22EHGH0BLDJ0W	10111
A22EJWPI7MPIC9	10112
A22EV5KQTXQKHJ	10113
A22FHK6ZFTKMQ4	10114
A22FKV6CJWQECN	10115
A22FMXMDSLPDCP	10116
A22FR3IXEIRAST	10117
A22FV0O6CABSNI	10118
A22G0HMYN6JQ3M	10119
A22G6GP4C9T8OK	10120
A22GASP3N5O2YI	10121
A22GDI466G3M70	10122
A22GHD1G3OQTED	10123
A22GJ2SRENMZS0	10124
A22GLZ0P4MGO0W	10125
A22GOBF4GTJL7H	10126
A22GR786249ODT	10127
A22GTAFTQ9C635	10128
A22GZ9LHF43N	10129
A22GZM56K8NNPQ	10130
A22H0OWCHD2ZGZ	10131
A22HBTEUKPKGNM	10132
A22HTT6MH7LH4T	10133
A22HVBE9S3T3N8	10134
A22HVCG5AM31P0	10135
A22HVOBKJGIWN6	10136
A22HW6IOLSTBIZ	10137
A22HX53K1EK63D	10138
A22HYBGJHKT2GW	10139
A22I55P15NSAOX	10140
A22I86XKI4513L	10141
A22IDP8YERZ79X	10142
A22IFJ0YT2Y41R	10143
A22II8SOD3FGMD	10144
A22IME7CRARK22	10145
A22IUT92R3BQ7U	10146
A22J5U7QTBS8GW	10147
A22JHBHTPZLIKU	10148
A22JHP6SSV2UNW	10149
A22JM8QUONOOAS	10150
A22K36X80X815R	10151
A22K7FR59KKIKC	10152
A22K9LBJ498QHY	10153
A22KGO6Q2YWS0C	10154
A22KHWES7PX8MX	10155
A22KRTIWDLOA98	10156
A22KZVSWFXFV8T	10157
A22L02G8FAVHHL	10158
A22L70GOYVB3QY	10159
A22L9WS4ZAMVMJ	10160
A22LCJP70ZBX1K	10161
A22LFANACXF9PT	10162
A22LLJTQ27GX24	10163
A22LO2KC1R833E	10164
A22LO88UY25KQR	10165
A22LR7YD48SU9M	10166
A22LY7ZJI8YLLC	10167
A22LZBF99GN3V	10168
A22M9VM8S9YCZ6	10169
A22MBOTNHD2167	10170
A22MG5TPNUU3EB	10171
A22MJM4AYN616A	10172
A22MMQ46J89Q7E	10173
A22MOHRBKKX1XW	10174
A22MUBHPQ7JRJT	10175
A22MXW4S7F1YDU	10176
A22MYF2RYO5UKP	10177
A22NDH08R37HSC	10178
A22NHMJ1Y238OA	10179
A22NRDA4G7S9LE	10180
A22NZT0G7BS1WZ	10181
A22O62O5R7WT1U	10182
A22OAHYDRU7PJQ	10183
A22OH1CPILVKAX	10184
A22OKDLB76PW81	10185
A22P7JE5EVSUO4	10186
A22P9SEOH816NC	10187
A22PASAP1Q7N0M	10188
A22PEVVB4286O0	10189
A22PF1TWWOEHUN	10190
A22PUBSSNP54L	10191
A22PUIJ1W90MFQ	10192
A22PZ4G1YT2Q6F	10193
A22Q44J6QJOG80	10194
A22Q47R4EB3JAR	10195
A22Q7XVVCMTTMW	10196
A22QEJ0WFXXBN	10197
A22QIJY2CB21MV	10198
A22QKNGN59XYZG	10199
A22QS7X2NK0Y9O	10200
A22QT64LPU0AMO	10201
A22QVPHZ7VJB67	10202
A22QZ9F7URDFY9	10203
A22R0GHP6J816B	10204
A22R2FM9IWTH0J	10205
A22R3FVF2B1B0I	10206
A22R5M64JLKQBM	10207
A22R6BKDWC7800	10208
A22RE1889DDDTD	10209
A22RE9WDXF68KK	10210
A22RM6ARG4FW5C	10211
A22RN8UZXNHTLK	10212
A22RXNCWIC1OCD	10213
A22RY8N8CNDF3A	10214
A22S251Y4AALFT	10215
A22S4C01D1O01K	10216
A22S7D0LP8GRDH	10217
A22SAY04TN7AG8	10218
A22SBD5R61HBOO	10219
A22SCJCLCI2VVA	10220
A22SFS83G9A6AW	10221
A22SM585HWGFCX	10222
A22T168F06NQ2M	10223
A22T3PYX7179ZC	10224
A22TA9IFJEJJHO	10225
A22TJPZOUI9DE1	10226
A22U1FTGNP8HN6	10227
A22U3IKLLG3D87	10228
A22U8CB5NNVCKG	10229
A22U9W7EUFS56Y	10230
A22UGU9JKAQI9C	10231
A22UH7IQBQ54G2	10232
A22UPUT91OED07	10233
A22UX1TLGNUGTA	10234
A22UYOMV9W14A	10235
A22V782AYGN8Z3	10236
A22VBGMBR8V77I	10237
A22VPQ6SY5CFNQ	10238
A22VZNM4FQOL4X	10239
A22W5121N89BK7	10240
A22WDO0OL33NVB	10241
A22WK9KW8X90ZT	10242
A22WMP7YIWM73S	10243
A22WMU1XBL9U7B	10244
A22XBRYJC1APJO	10245
A22XOTFWKLLAMD	10246
A22XSS731TW51S	10247
A22XSSJYHSQK6J	10248
A22Y08RTJZC1KL	10249
A22Y3L07FC0NMN	10250
A22YCFD0JG4SEO	10251
A22YL2X6MGKQB4	10252
A22YM6TW54YN0Q	10253
A22YNEPMJE8ZDK	10254
A22Z554ZQ8NFPC	10255
A22ZAK8YED7SUR	10256
A22ZAXVCZKJDCR	10257
A22ZBXL7W1HU3Z	10258
A22ZE30JQPMQ5Z	10259
A22ZFUM62NSITG	10260
A22ZW928BAOVGE	10261
A2300QMPBRUPH2	10262
A2301M9NVORQX2	10263
A230980T2K5AG3	10264
A230B7QRNYW1DT	10265
A230F9A322N9PC	10266
A230FYXTQ3GXC6	10267
A230HVZJOFN7FJ	10268
A230K9FUKDTQAZ	10269
A230ZQN0658722	10270
A231DG79N0EBO7	10271
A231HIFHICNAVG	10272
A231NAA9YQZL32	10273
A231ZVJY8YK4BO	10274
A2320C78PPOHT1	10275
A232BQ7FCCTPV9	10276
A232C2SXKFEAOM	10277
A232D9M1G6Z5PD	10278
A232GERJK2H90U	10279
A232KD5MXOSDJA	10280
A232RNIQJLIUAX	10281
A232TBZI7YYXG1	10282
A2337VEHDVLBDR	10283
A2339CN11S4BDW	10284
A233DOBX5HJSWO	10285
A233VN28I5HJAR	10286
A2340A0X4CO8RJ	10287
A2345IMLMM85UA	10288
A234822OGXBCKB	10289
A234GO3KZYKKTE	10290
A234L4I87WP575	10291
A234T6CIV5AB57	10292
A234WTI28O5RY	10293
A234X1MVIMPMMC	10294
A2355DM3YVU3CP	10295
A2355ZXW8OO9B9	10296
A235AJLCDXT9B1	10297
A235H2S8L2SIAH	10298
A235JVJCHSLCMH	10299
A235LYLCXOO07	10300
A235MJ09NKXE9J	10301
A235OOKT58COBF	10302
A235Q94PXELID9	10303
A235RTAZ25UFSM	10304
A235S7E4UE4IUN	10305
A235TF8H6O8TPN	10306
A235ZXG7B63M8A	10307
A236A7N781JV39	10308
A236H3QQ015FKK	10309
A236QH2KFHIJ77	10310
A236T11TK39S0D	10311
A236VA4DQJ4D2Y	10312
A236ZZ7SLJ5M8H	10313
A2375PQVTKJ89N	10314
A23784ICMPQ7SY	10315
A237LD0Z3MGNDO	10316
A237P6ACWJR9LM	10317
A237V9GJCUKAMJ	10318
A237WO5F1LC6TZ	10319
A237XM2GL2Q1HK	10320
A2381PRHDWHZNZ	10321
A2389K7EVH2J4E	10322
A238ARZDY0QA5M	10323
A238H67UIQCXR7	10324
A238I582FQ0QV4	10325
A238IQTEUYS9AE	10326
A238S96IR6924C	10327
A238VS1K7S85CQ	10328
A238XHDJC0XTKL	10329
A238YS4D2E3GPW	10330
A238ZSESNZ0OPF	10331
A23905B02BDSN8	10332
A2390NAO62VN3Y	10333
A2396WBCUF77FM	10334
A23988QCPXJY3T	10335
A239CY4KZ6YFI1	10336
A239DFU5CSWR0M	10337
A239KE1HZINDB5	10338
A239NDG5GYYZY8	10339
A239NSUTJS4VL3	10340
A23A978EHKEOTU	10341
A23AC1L5BLPQV2	10342
A23AGMSWEUGUQ3	10343
A23AILB0YJBPP0	10344
A23AKO4BZLZ8DE	10345
A23AMPQH9T68VQ	10346
A23ATDEXUU8TRS	10347
A23B0EJNSYDM5D	10348
A23B0XMDE4UPBH	10349
A23BCMQN9ZU97B	10350
A23BF7PYYT23UK	10351
A23BJGR6KMMDZC	10352
A23BN3GWVYD78N	10353
A23BNT7UYCWBX7	10354
A23BPMYWEAKFZ7	10355
A23BU9RKOA02GB	10356
A23CIS24TPIQZP	10357
A23CZ2ZQRF3UZ7	10358
A23CZDM3YPST84	10359
A23D13HKTA95WX	10360
A23D1SE1KX5DRR	10361
A23DGY0S6MN945	10362
A23DKKRA1YEIO7	10363
A23DL7KCN60GZD	10364
A23DPSVJOMBHAC	10365
A23E1UTWSB0PXT	10366
A23E9ZPS2RQZS0	10367
A23EFK613MQIDI	10368
A23EJFTKTGV09	10369
A23EU9LUDOXWLV	10370
A23F5V0BB9197Z	10371
A23F9KUQQG04CT	10372
A23FM0S3J3JYAL	10373
A23FPDLYKQUZ8K	10374
A23FR2AOB23MZL	10375
A23G3A8YQU6RJM	10376
A23G5H3ALDSTK8	10377
A23GFTVIETX7DS	10378
A23GID7Z8TC8ZQ	10379
A23GS4UGLQBG2V	10380
A23GTPRHLN78S2	10381
A23GZC4R1EEHQE	10382
A23GZEDVHR3H2N	10383
A23GZVHBTSEPDW	10384
A23HFR7LP5K9BP	10385
A23HGJJXPI61F9	10386
A23HHKG7EZLD1F	10387
A23HNKP97F24JF	10388
A23I152X4N77CR	10389
A23IGAIRTOP178	10390
A23IGLU85KYAWD	10391
A23IM7QAUN6284	10392
A23IP1QBVHUFIQ	10393
A23ISSANIA99ND	10394
A23J2AOTEV8ZKU	10395
A23J679ZTJ88ZY	10396
A23JBW1NOPQWMO	10397
A23JEX2065D0VS	10398
A23JKGY1LAZWG7	10399
A23JQC3W7JN2U3	10400
A23JX8OPSX27MF	10401
A23K0A6DL5HQQ3	10402
A23KDA686N6T4Y	10403
A23KDCWEBF7PN8	10404
A23KEN4HK5CBN3	10405
A23KJDQM8Y5FXJ	10406
A23KPN0085FYZP	10407
A23KRSQQFMTQ6	10408
A23KV8CXK8JXZ8	10409
A23KXLB49XNM0W	10410
A23KZ0TXHGU110	10411
A23L26F4HYPR2H	10412
A23L3N51Z0AJ51	10413
A23L3Z31ROPT74	10414
A23L8SRI078VP1	10415
A23LNX3CPCJ2TY	10416
A23LUVHZEOM2RV	10417
A23M0PIP4IVL5Y	10418
A23M1GHQBFDVOE	10419
A23MS9I89EQFBY	10420
A23MTO1M86SVEJ	10421
A23MXBL1ZH3WPN	10422
A23N6TADLUN3AB	10423
A23N788PTEBIYA	10424
A23N9M68BISLWW	10425
A23NALXEGS085Y	10426
A23NQ4C1HBSDRP	10427
A23NSKTMSPPBTR	10428
A23O0G5F8G4IBY	10429
A23O6STWFV4NSS	10430
A23O94XN0B0U6T	10431
A23OH3XT13W5WX	10432
A23OIZ7VK5GFYU	10433
A23ONMGKEWDG4M	10434
A23OO5PL0D93CY	10435
A23OPZ0YZCCF99	10436
A23OZ6PIM20UB	10437
A23P3X4KU8NFDP	10438
A23P5QXL939PN8	10439
A23P5YQ8YAHF6L	10440
A23PIWT2H7G24P	10441
A23PRGE14NPEDK	10442
A23PS6C983M67K	10443
A23Q0H2FMZ96UQ	10444
A23Q0WIXV4II0U	10445
A23Q5P5FNVVBSH	10446
A23QJJST14T7A9	10447
A23QJS24JSA40H	10448
A23QLQ7E7YM06F	10449
A23QXNPS5M3ME6	10450
A23R5EJG2EY8ZU	10451
A23R7Y2G9EGRLU	10452
A23R8EL3VXZZDH	10453
A23R9OADT1Z20P	10454
A23RAZKNJLJ66P	10455
A23RB7WZL4XLBB	10456
A23RG88GPPZMWS	10457
A23RIMMQPR7ZOY	10458
A23RIQG5KB14YB	10459
A23S443CQSS0AA	10460
A23SE77CDU60SE	10461
A23SJRESBP90T8	10462
A23SO2TOJJC4EA	10463
A23SQ0N17IIVM6	10464
A23T4K3HOI98VB	10465
A23T5Z8KQDA3X	10466
A23T8JUZAQPMPU	10467
A23TAQ993VXGY3	10468
A23TJLLCP01EQ2	10469
A23TRTC79NECJ5	10470
A23TT1WKYB0OS9	10471
A23U0Z5Y8YINS0	10472
A23U4UJ8G96V90	10473
A23UK9LZRWTLV4	10474
A23V7MAIXMMSW4	10475
A23V8AZ4P3R6W6	10476
A23VE86QDR5PJG	10477
A23VJ2BV4XAE0S	10478
A23VOUYQU4SXMN	10479
A23VTC6VKNFZVE	10480
A23VZYB672MB8Q	10481
A23W6BZLD69NUY	10482
A23WBD5753O029	10483
A23WCNP29M88QX	10484
A23WG86MEPAY5I	10485
A23WI6TDZAVDS4	10486
A23WPABR5VXAXM	10487
A23WPWLYT3P1CZ	10488
A23WS8S2MG8HTQ	10489
A23WW4KGYK0253	10490
A23WZIHXZDY0AM	10491
A23WZY5LD3IMB1	10492
A23XF8U25MSZD6	10493
A23XM2JE8EXNM7	10494
A23XU0AI2ZUTIF	10495
A23XZ3LONAZ5HJ	10496
A23Y83UE9PD8AP	10497
A23YJX44H08HON	10498
A23YK3Z1D0Q0RE	10499
A23YKBOXHCNBGK	10500
A23YKRQECMH4EJ	10501
A23YMH502GREP9	10502
A23YNLI2ND95YE	10503
A23YPJR8R49DXA	10504
A23YW4DT7LFSEG	10505
A23YY82QKBV73D	10506
A23Z1VKBFMHWN2	10507
A23ZBWK0PP4S3O	10508
A23ZNGL704AW7O	10509
A23ZP8NTLCMZQ4	10510
A23ZRFLO4FCVXE	10511
A23ZW6A15HOGNE	10512
A23ZZPJTXLLNG1	10513
A240ER3NK0N4SP	10514
A240FRPD4MEXND	10515
A240MFT2P7SU8Y	10516
A240PH3Y8N8CFO	10517
A240S01ZKJ6N01	10518
A240WRX5GMZN37	10519
A240YSGNSKUZW	10520
A2410SA2FLW60C	10521
A241E1CLRYQR44	10522
A241NQZGW8JTUS	10523
A241OH2YXYHU3C	10524
A241RBLF20JNN7	10525
A241UDYWOGCAGX	10526
A24205KRU3FFPM	10527
A2422RMVPF79C7	10528
A242442QJ0DE2P	10529
A2424YRQZO9LE0	10530
A242NHKVYIYHHP	10531
A242NT93V44CAF	10532
A242VQRHLQVT7G	10533
A242Y9VPO3BIF2	10534
A242ZUAFF53JSD	10535
A2437HEOWXFDAE	10536
A243AT6TL1KQ58	10537
A243D2MUXQ4LR6	10538
A243DUM7RJ6RUF	10539
A243Y7O88LP0V4	10540
A243ZGW79BOT70	10541
A2445S45WP543	10542
A244BRLJEFXOR9	10543
A244CRJ2QSVLZ4	10544
A244F31P3JZRNV	10545
A244F3ZDB2BSWR	10546
A244FC5LVIDPAF	10547
A244GE6M6OYR66	10548
A244LRZ6PYXBDA	10549
A244ODGWRUZCD2	10550
A244QXA1V5UX25	10551
A244V9E30DE74S	10552
A244ZZHL5NMZYH	10553
A24567RFWNB0Y9	10554
A2456MHO5G6G6W	10555
A245847KYYDMSN	10556
A245DTGCSY59ET	10557
A245HPSZH89SQJ	10558
A245LQE2PFI7GS	10559
A245S2IWK4VH8I	10560
A245X2G98F6C7Z	10561
A24620I77R919P	10562
A2464OR7K38FV8	10563
A246BUK3UW6B5F	10564
A246EE7SWB63HW	10565
A246GRVBSPL9YS	10566
A246GSCHQA5E8W	10567
A246I5D7XQ14UR	10568
A246UDD5APLYJ3	10569
A246Y5GTPKRPTY	10570
A246YIFE5M6M2C	10571
A24718TMPXS68S	10572
A247DD28851RE6	10573
A247HSPBWM18IE	10574
A247IGJNGNB0QT	10575
A247IY6VFH0W2J	10576
A247PBDX19DWHC	10577
A247Y9Z3DY68PV	10578
A2480CI91NG7U7	10579
A2484ICMI33LN	10580
A2485MARC8SCIS	10581
A24885I4AHSYZG	10582
A2489FO8C2XE4F	10583
A2489Y9R4EQBQQ	10584
A248DLENS7QMOI	10585
A248E6O04VI31N	10586
A248M77QXHNZ8D	10587
A248MFCM6V6GF6	10588
A248SYEK46AOCT	10589
A2497D5OTPGBUC	10590
A249G4SVEWV9UX	10591
A249L2OXHM0K3P	10592
A249PQY000ECIE	10593
A249V0X69QLQZS	10594
A24A0POE60AVB9	10595
A24A4FTCDJU3Z5	10596
A24A9PFKUM1ASJ	10597
A24AB6DJ00YOJ6	10598
A24ADQXXVMDYDN	10599
A24AE98TBO15FP	10600
A24AHLI6J02WD4	10601
A24AOLUK4HLRIP	10602
A24ASRY0TRV5VF	10603
A24AV85KJKN2QX	10604
A24AVH6Y1P8Y66	10605
A24AZFHWKJ30EM	10606
A24B2CJOB0SPLC	10607
A24BC8WNWMJIXC	10608
A24BITO1HO6VDG	10609
A24BJ61WWUU3IK	10610
A24BNJO5SFWTJG	10611
A24BTVXTMXGQSR	10612
A24BVOQ3OJ3HBL	10613
A24C41MWYD1FS6	10614
A24C9GO4AEY3MR	10615
A24C9V2525FI3X	10616
A24CAOHJ7RJHO8	10617
A24CB38BNUDF5A	10618
A24CCSKIIKOT20	10619
A24CE9Q5NX2KDE	10620
A24CETJLKBIQUQ	10621
A24CHMQM1LWMNF	10622
A24CJAGFYNWH2H	10623
A24CKJPMH5C3EG	10624
A24CLE4AHK5SAB	10625
A24CTE9E0RNS0D	10626
A24CVTS4QZM2EL	10627
A24D662VWD6FLR	10628
A24DAH5XVNET9F	10629
A24DBII251LU99	10630
A24DCELP7PJQ4	10631
A24DDZCJWZ46L7	10632
A24DJQQT3IUYW8	10633
A24DKG9Q5F2PZ1	10634
A24DQBKMB58H7T	10635
A24DXMZ9N9SL3B	10636
A24E3S32DDP4HY	10637
A24E70YBPH5YVS	10638
A24ECZE233P19Z	10639
A24EDPJGZJNTBT	10640
A24EE725GY516B	10641
A24EIOVTXXVKTB	10642
A24EP3BEJ7VJDD	10643
A24EPCE34N48U8	10644
A24EQC4LXYPT4E	10645
A24ERJIN0XU4RB	10646
A24ESPFJJ0DO0F	10647
A24ESQZK6V9U2O	10648
A24ETPGRJ79780	10649
A24EUIOUXHZ2FY	10650
A24EWW9YP5HN62	10651
A24F1UX8ZT5IXY	10652
A24F385BETBP4N	10653
A24F61TLXETHN4	10654
A24F6GVPYR8T0C	10655
A24FALIPWP6850	10656
A24FCNDBE9STKJ	10657
A24FE715I2M4ML	10658
A24FH1DUCFZSFT	10659
A24FQKYEPUQBRG	10660
A24FQNZ2ZCP9UH	10661
A24FUPHIQHAQR0	10662
A24FX0OC356XUQ	10663
A24FY1EBJ7EWLH	10664
A24GE1ELFBFJMT	10665
A24GIIFYZ6LS76	10666
A24GJ5SPWVIZXW	10667
A24GMWTPYE9S52	10668
A24GT8FHZ10LUD	10669
A24GVAJ1N85G7W	10670
A24H0SNSSJAXV0	10671
A24HCVQI8P7O2H	10672
A24HQWVDBJ5ZT5	10673
A24HSXD103N7VR	10674
A24I1O2ZBU0Y4M	10675
A24IJK58P4YMI5	10676
A24IJY3V0804WJ	10677
A24IOF8IXC4WEH	10678
A24IR2Y55VCXQH	10679
A24IXSNUS4VZBW	10680
A24J12D5UUYTG2	10681
A24J12FERZMJEE	10682
A24J35IYWC0GT1	10683
A24J7M6C3I13QD	10684
A24JF0R30FS6LG	10685
A24JIE3OBKCO3P	10686
A24JQPIML5S1G7	10687
A24JRVJFYYXKPS	10688
A24JSV2V3XI6P3	10689
A24JUT24W1K3CV	10690
A24JWRRUENF7SI	10691
A24K1J3I1S1CPG	10692
A24K23E2K0DG8G	10693
A24KCJK5FMAUQD	10694
A24KJ50NHBCQYP	10695
A24KODNTX19PG9	10696
A24KUTKDRQK5AA	10697
A24L216B4NVNR7	10698
A24L32H47L2MA	10699
A24L7CNCQY0FT4	10700
A24L9693W832UC	10701
A24LD8FA0B92WN	10702
A24LI0TC5N9Q18	10703
A24LKP1RY6U4V9	10704
A24LXERYIRANLN	10705
A24M26GJBTLFDY	10706
A24M4NXAF9ZG26	10707
A24M6HHB6FEC45	10708
A24M844DDE7WIV	10709
A24MBCP8TFODID	10710
A24MCVGH3KD5J	10711
A24MEPZGVB9Z8O	10712
A24MPCBRVNJURI	10713
A24MUR7JGFFAXF	10714
A24MWT099UWNWG	10715
A24MYLQYL554NC	10716
A24N00EQ14TZOJ	10717
A24N04NNPKR7U4	10718
A24NALT1DO9ZWP	10719
A24NCWV3AED2DP	10720
A24O29OBUML3ZE	10721
A24O7BTKG95MPB	10722
A24OG2ZAGZ9C2I	10723
A24OJFC9EGH3KQ	10724
A24OP0ZM295ML3	10725
A24OT2SHEISWL4	10726
A24OUO9F173UMT	10727
A24P9F6NZ7I0EL	10728
A24PC71GNRTVZN	10729
A24PJ2I90DB3M8	10730
A24PK4Q70CS0N0	10731
A24PLV74ILRB0V	10732
A24PNVLQKEOZ2N	10733
A24PP3E1K8WPZ5	10734
A24PQ5N29A4UQ8	10735
A24PTHRXFOKFDN	10736
A24PV6186QTW5D	10737
A24PVEW8C8WFY5	10738
A24Q3W2CVVNSEF	10739
A24Q5RDTWEFTOA	10740
A24Q6EJWVWNOLP	10741
A24QA99TB8OTA7	10742
A24QFAP1ZAWXKD	10743
A24QGJ1ZIPCX4D	10744
A24QKN74AOH8C	10745
A24QLA72AQUUP9	10746
A24QMFWZV8LDBX	10747
A24QSSWFMQRL6M	10748
A24RCBRDXRXR0Y	10749
A24RJLKAHPCI3W	10750
A24RKNJFGL1OIZ	10751
A24RO5CNE31L7R	10752
A24ROU4VXAET1V	10753
A24RT6AVJXJZHF	10754
A24RZCW40TTQF5	10755
A24S1DGF66K6PV	10756
A24S3286NS24SU	10757
A24SCH81NLQW9A	10758
A24SQOFK7I5DE4	10759
A24SR0XYJAZELI	10760
A24SR5DRMG8095	10761
A24SSUT5CSW8BH	10762
A24T5A5I7RO1HL	10763
A24THJRUZWFJ3F	10764
A24TLE560M5DRD	10765
A24TTDC12YO8BX	10766
A24TV4IT1GYB2E	10767
A24U05FKTVCWVU	10768
A24U1RAFXHA004	10769
A24UEY1MG5BZT1	10770
A24UR3Y5EJUFIP	10771
A24UU2RNP3SDGV	10772
A24UY3XGS2KYVU	10773
A24VB5D1XAUMY1	10774
A24VCDADYAIHAM	10775
A24VIWH6HFDV7A	10776
A24VKRYWR2YR55	10777
A24VLSBVOTBY85	10778
A24VXHMKI4XU1A	10779
A24W8UMNE12531	10780
A24WB8RY685E1E	10781
A24WKOS7B5SLVA	10782
A24WLIXQZWYGYB	10783
A24WPSDKFU01TY	10784
A24WT4QLE8IKF3	10785
A24WUY5ENO7S0O	10786
A24XBEOJVYR2Q6	10787
A24XC265WMFFM1	10788
A24XLUTIMFYYQJ	10789
A24XMDZVHI7MZH	10790
A24XUWT3SCRAPT	10791
A24XVTXHYCE0AA	10792
A24XWQW0JAHTT2	10793
A24XXSJY0HJ3AX	10794
A24XZNBQTQLC3F	10795
A24Y3095I35WLR	10796
A24Y85BRN67ATV	10797
A24YEQSCZIO1TM	10798
A24YKIWN90ZQJV	10799
A24YLN1H4FVFM0	10800
A24YMMRX426RU7	10801
A24YMOLQIBCJBA	10802
A24YW9YH3GWDM4	10803
A24YX4H6AUC3MC	10804
A24ZEOIU7E2Z2M	10805
A24ZVN2IM02KYC	10806
A2503LT8PZIHAD	10807
A25056SVSVRVOT	10808
A2506QP5B8WDP0	10809
A2507ZYWGMY9BK	10810
A250AXLRBVYKB4	10811
A250HGRZ6U4UO2	10812
A250HHH6LNASFA	10813
A250NYN3EWBF2E	10814
A250Q4BGDVRL98	10815
A250YKZ3995LA7	10816
A2511OHUR39KHE	10817
A2515S58R2A64G	10818
A251HVOPIBBNMN	10819
A251I021FM8G7N	10820
A251I9D17SIHZD	10821
A251JW8BHJELE4	10822
A251V6MRRG6AFP	10823
A251W6L9FAN02Y	10824
A2521H8ADEI73U	10825
A2523SBQ4CFKMA	10826
A252CQFR4E1PKM	10827
A252IGIPF54RCF	10828
A252LLMM82ISKV	10829
A252MWTJRM1V67	10830
A252NTYCZ6L01L	10831
A252OOXJ4DEGEL	10832
A252TJGMGD45E3	10833
A252UER9089YGO	10834
A252XCRU9VQSV2	10835
A2534FUU4LDMIQ	10836
A2539N0V9235DO	10837
A253A3PEJGE2W8	10838
A253BH6R8OYGEW	10839
A253EJP6QI5A8Z	10840
A253IOATGMT2UP	10841
A253JOY67IWYW	10842
A253KPS5ZQ15VP	10843
A253Z9DTPPTDVA	10844
A2541IC37RESMF	10845
A254AUBPVOSDKZ	10846
A254EBBW0W3SOW	10847
A254EK329AIX7M	10848
A254JU5MYX496C	10849
A254MASMYHLHFF	10850
A254NK8DUZTY37	10851
A254VIZ8VNFFHZ	10852
A254Y2XOZ93CX8	10853
A2551STC2K9C9X	10854
A255301FELMFG6	10855
A255I8D8BEJMVD	10856
A255Q3NNHNAV9I	10857
A255QGTTIYMCT5	10858
A2561PYW9TTMYD	10859
A2562308ONSJBH	10860
A2568GH3F12X8	10861
A256J4OJ7LAZ7B	10862
A256NZRCDNI848	10863
A256SA0PNN78BD	10864
A256T5PCQ0UZIM	10865
A256U10ZSNJ906	10866
A256U67VWO0623	10867
A256XCNKSTI9HW	10868
A2572XSZYICG1I	10869
A25753LXTGO1BV	10870
A257FIH86MZ15O	10871
A257H33BF3WAJ9	10872
A257MQBWPPR8WK	10873
A257RNPUVLQV8Z	10874
A257SAV5WMGMW4	10875
A257TAOSCQQ5Y9	10876
A257TK0YDW246K	10877
A257YLDH44HS35	10878
A257YYKJ74AWL7	10879
A2582KMXLK2P06	10880
A258WGV26GFMZN	10881
A258XUD7V9GWXF	10882
A25907BTJ0U7QR	10883
A25932ULAHQSB3	10884
A259JNNRBV4WTC	10885
A259KQ85YYM6AX	10886
A259MPG6SOL02P	10887
A259U7E2COXEE0	10888
A259XP9SSO7HGH	10889
A259Y1W0CH6TQL	10890
A25A12AVAL83HZ	10891
A25A1IAVXCUPA4	10892
A25A5S1PPK1MRH	10893
A25A8WAXKH50F4	10894
A25A94JQUMTHZE	10895
A25ATGX1WHKORI	10896
A25AWWVSJ1ZN25	10897
A25B1VP26KATBN	10898
A25BDBDOSACK04	10899
A25BEY7FVX59VK	10900
A25BRYWI7H9BII	10901
A25C2M3QF9G7OQ	10902
A25C62DSAIRYU1	10903
A25CGBLRJB6X0S	10904
A25CJRPP3YLB7O	10905
A25CPO6CU84O5B	10906
A25CXFWN4678TP	10907
A25DFACMUNYHK8	10908
A25DFK4WKGRM47	10909
A25DP7C6BPKLHV	10910
A25DT06UOR8PLT	10911
A25DTE6D194JTC	10912
A25DV2HBQ02MCK	10913
A25E1LA85KAXJ8	10914
A25EG5BSWE9O8A	10915
A25EGTGMF8V06Y	10916
A25EIY43QE4AQ8	10917
A25ETQLKGJ56KK	10918
A25F3A3WTR1IOM	10919
A25F3XKST31GJ7	10920
A25F6XIEZ84T85	10921
A25F9P4W8QAVEP	10922
A25FI5BLO0MEX0	10923
A25FT39BS5I6U1	10924
A25FV0XA4SGG9P	10925
A25FYZAJ2ITLSN	10926
A25G0PGT4R6SI7	10927
A25G3543IZ2SY8	10928
A25G4LAAIRAGIU	10929
A25G56Y2TJJ2GU	10930
A25G88U6ZII2P9	10931
A25GEMX98Z9YUA	10932
A25GF7BZ1PLMXJ	10933
A25GJ57FV00THP	10934
A25GMONBLGQE1U	10935
A25GN0147LAGGU	10936
A25GN69AL8NG8	10937
A25GOFX4NM68X8	10938
A25GPZF3B0PC33	10939
A25GR9RAM8AO2L	10940
A25H64OFHIODZN	10941
A25HC9M8ES60PP	10942
A25HJ4EVI8DUVF	10943
A25HVIAOHLFQ6M	10944
A25HVKGSZVMS6P	10945
A25HYPL2XKQPZB	10946
A25I2ZWNABXCBX	10947
A25I3AGW1BEGKZ	10948
A25I8JCN70I0YW	10949
A25I8JE1JTSQWY	10950
A25IIU4AU3BCQH	10951
A25IMX8YRGK3A8	10952
A25IN4PWFEQLP7	10953
A25IPC6PUQQE82	10954
A25IQW9DRKOQ5Y	10955
A25ITBYH1TIEO3	10956
A25J168NSTHMYW	10957
A25JDCEEMM63KT	10958
A25JFQMXMF18Y5	10959
A25JLUCNFJX0JC	10960
A25JPKFJOZF2FQ	10961
A25JQA6CCRS81E	10962
A25JQXQ6RTI4Q1	10963
A25JUE9AFX7SUC	10964
A25JV9509NZVRG	10965
A25JWG3T0ZMDT8	10966
A25K5HLW6R5AX3	10967
A25K5VFJLVLN66	10968
A25KBY9W3R0ZZU	10969
A25KDAMREZ38KJ	10970
A25KGZFXPKMSUX	10971
A25KKJ09Y3G5X6	10972
A25KMTD2TF0DM4	10973
A25KVM6GJBLISZ	10974
A25KYVMB29A6S8	10975
A25KZDHFZKWC4V	10976
A25L3I5LYRI65X	10977
A25L85CB59ZD85	10978
A25L9GN6XH3WV	10979
A25LC7TO07QYE3	10980
A25LZ7AAJUBNA2	10981
A25MAG068H335L	10982
A25MLGY8JAC424	10983
A25MP3LOXML3CT	10984
A25MWC78PCDFZ7	10985
A25N3THDQPMPEZ	10986
A25N5QHA3NXDOI	10987
A25N7JDFGW5RAT	10988
A25NBNONKM67KK	10989
A25NIBAG2705WZ	10990
A25NS5TMRWB6D7	10991
A25NV91EJ8ZBPS	10992
A25O1CD0P6RGEK	10993
A25O5MQL4M6W78	10994
A25O9DNGIK1N6	10995
A25OATLU1DYCVV	10996
A25OPQ3GYAVT6L	10997
A25OW9J29HF24M	10998
A25OWEWTSLMCUL	10999
A25OYS240ILBOW	11000
A25PA4XRMZMF0G	11001
A25PLR89SU7H1U	11002
A25PNHM97EALLU	11003
A25POFRQ7WFI42	11004
A25PWCZWZPVIDJ	11005
A25Q2N23KNW8NY	11006
A25Q8DVB0NMABM	11007
A25Q96TJSBU8KQ	11008
A25QBBALW0UDJ6	11009
A25QJBK33C4O0R	11010
A25QNN6LGEKG5L	11011
A25QOOC1QRADAC	11012
A25R6EQMYCF290	11013
A25ROXG8RU2Z78	11014
A25RTRAPQAJBDJ	11015
A25S0VFENDZR1S	11016
A25S4YR4OZ1M67	11017
A25S8SZ06RWLEI	11018
A25SCHKOM6TLYN	11019
A25SR27XA8GXJP	11020
A25SV4A5C67BXI	11021
A25SZT9BM6GPOQ	11022
A25T32N9PJHMOP	11023
A25TEDEO04VOXS	11024
A25TJVKB67REGF	11025
A25TM90LWUAQQT	11026
A25TMWFMVX5Y1K	11027
A25TNBMJ4ZO7RD	11028
A25TQLMIAPI1T6	11029
A25TRGMYNEBJTM	11030
A25TT44FXNV0F0	11031
A25TVKUU7ZI77X	11032
A25TWPRMVV2Q2U	11033
A25U5WJ69O224K	11034
A25U73JH573200	11035
A25UDKRKT9K5IP	11036
A25ULT96DIC4BV	11037
A25UYAQIV2BO93	11038
A25UZ7MA72SMKM	11039
A25VF81SSK8XTD	11040
A25VJ7GTBRRL5A	11041
A25VSJ0CJU9UW2	11042
A25W1192JLKR39	11043
A25W2LX9ITNXSI	11044
A25W365WSAESZZ	11045
A25WF8GKVK1VSR	11046
A25WNGW7OKXCI7	11047
A25WXKQ4KKJNA1	11048
A25X1SE34P03HD	11049
A25XAPQXT5GE6X	11050
A25XL4EIKQAMLU	11051
A25XODZMZX1FWL	11052
A25XPIQYQ8VGCA	11053
A25XPMB533XGYF	11054
A25XTD5FRG7C4V	11055
A25Y2432ZYUMYR	11056
A25YG4K4KB34U7	11057
A25YOKM1MM8ETM	11058
A25YQCSYXSRJD5	11059
A25YX1YIKW9882	11060
A25ZAWZMH74COS	11061
A25ZBYVW8ZINLM	11062
A25ZJTJ2J9DTV3	11063
A25ZZ8KVLU9937	11064
A2603WFM4OMO48	11065
A260AG7PT5N02F	11066
A260CII1EZZ8JO	11067
A260H0VL7SXJ4G	11068
A260HDNM91BQYR	11069
A260JQA1KR2MTI	11070
A260QLS8Z33KCQ	11071
A260RVJQ79L6VB	11072
A260YYTXMTW4ML	11073
A261SIVTUM1WKB	11074
A2623J29CFZVA4	11075
A2628GRX57R8KV	11076
A262AEAYVUFS3U	11077
A262B3K57YX1CS	11078
A262DSKLVNS1WO	11079
A262KWBT6F0HHF	11080
A262OFDBLNQ92N	11081
A262S7VHU17VIO	11082
A262SWHVXZUZZD	11083
A262U3N5F9JHRX	11084
A26324OQZPB6RE	11085
A263N9X9B2N499	11086
A263OQLPKEXPF1	11087
A263OU6234MFUN	11088
A263XE4A4AGTBE	11089
A2640MR57JBD8D	11090
A264RY89UAWJ7G	11091
A264ZOT35TBI2Z	11092
A2651SEXJT20MJ	11093
A265B1IZE5RVG6	11094
A265I0YPY6TC7R	11095
A265PCQZA1Y1WF	11096
A265VFFJXO4861	11097
A265VNQYHVMGRL	11098
A265Z31TQCREN1	11099
A26624KSJ3FBMZ	11100
A266565UPKHQAX	11101
A2666ZR1Q1VZ16	11102
A2667MDAXZBL8Z	11103
A266DOZD7VOWQX	11104
A266L4NC7EQLHJ	11105
A266MMBD23WB7J	11106
A266QFNGPX2ZAU	11107
A26753KP8Q1TA9	11108
A267CNXZTWED3N	11109
A267L1OWC7DDJV	11110
A267QVA1GWNZMY	11111
A267TQ5NMC1BLB	11112
A2681IOWNSUHWV	11113
A2683OJ85CLWFA	11114
A2687A91TC80BH	11115
A2687YK25E4G7B	11116
A268D8TWYZ0EDI	11117
A268FUMTQXV215	11118
A2693ME9RZQ327	11119
A269A78KT2CRQG	11120
A269D8MB0PIX6U	11121
A269FUW0CJR1PI	11122
A269GZ9V8NJTIY	11123
A269PDPNYKNUI5	11124
A269YV2J2X18VQ	11125
A26A08GP9OIPXD	11126
A26A5ZUUO33VBG	11127
A26ABK1NNX0POD	11128
A26AOUB2AK86T6	11129
A26AW5FIWCSBZP	11130
A26AY1BPGZ50AG	11131
A26AYLWQP2CMEA	11132
A26B4MGVT2T38	11133
A26BFVJRAHFA99	11134
A26BMMC4V75IMJ	11135
A26BQ036DMNJL8	11136
A26BRFNLLQ3H5Y	11137
A26C5J4ZGCJ05R	11138
A26C5OJO6YF2CK	11139
A26C9BI5KV3NXE	11140
A26CBN6G51MOUQ	11141
A26CHHD31R9LAM	11142
A26CNPF5ORISTQ	11143
A26CPEEWB2WKRE	11144
A26CPEMD4T2EU1	11145
A26CT8OLAAR24C	11146
A26CV9OWSEHEQ7	11147
A26CYSKKY3VU7B	11148
A26D56PABCKL8H	11149
A26D5NBXF42R7F	11150
A26DERB77D2BWN	11151
A26DG05WFGH2V0	11152
A26DHA7SIHTY3F	11153
A26DQ2WXKPRPVC	11154
A26DS3R0C8K8JZ	11155
A26DSWYHJNWAVX	11156
A26DW0I78545FV	11157
A26E2V7YIFF4TX	11158
A26E68WQMH85NO	11159
A26ECP55JCWN3E	11160
A26EDCWR63UGR3	11161
A26EGZ20JPDGN3	11162
A26EH9GQPCD9G	11163
A26EKA7L9Z66XA	11164
A26EMT63YAYK9P	11165
A26EPRAF2EX1SZ	11166
A26EQ8U96JA92T	11167
A26FDXP9L9P622	11168
A26FJTNC1Q9BPH	11169
A26FRGMW71X12N	11170
A26FS0CT3NM3LI	11171
A26FS7Y81XIZUK	11172
A26FT6UTD4T56B	11173
A26FXP043URT1P	11174
A26G4ROEE5XL8Q	11175
A26GDOTYTVKL0X	11176
A26GJI4MPLS93J	11177
A26GLL966N27R0	11178
A26GMAQFLI27KG	11179
A26GSXIPICYJ4V	11180
A26GUM1C5M1E51	11181
A26GV8DEWF5ECZ	11182
A26H1ZD3UQLFAD	11183
A26H6ED294CF1Q	11184
A26HEJG47YE1VC	11185
A26HIBSTJE6AP1	11186
A26I2XO0NY3GCF	11187
A26IDTBMHP5UQO	11188
A26IJR9H3LQXBQ	11189
A26IKBWCSJ2Y9K	11190
A26IOQ1AITQ1O1	11191
A26IRZJV6D220M	11192
A26IU7DJZRREZE	11193
A26IWTA23EXIOB	11194
A26J6V28G6W2GA	11195
A26J9TK5AMO429	11196
A26JAG1JVGINFH	11197
A26JK2M10K48TM	11198
A26JMW353DRDSK	11199
A26JYIPTHH25VC	11200
A26K0C2SMYMSI2	11201
A26K2P7I2VWLZX	11202
A26KAXDTS7QA37	11203
A26KFZRSSV7NKI	11204
A26KGQ2B9Z66YF	11205
A26KKCSS2ZEHWT	11206
A26KKZ01ND3PQI	11207
A26KVXUVXP3G76	11208
A26KXNN6H1IL0I	11209
A26L47KKF6AWRI	11210
A26LD9FQHTM8ZH	11211
A26LG94YQUYKB6	11212
A26LHMSRGXQK3N	11213
A26LT8EM8JA6DD	11214
A26LTNHYVA12RR	11215
A26LU90V9RGRQY	11216
A26LVDY6HVV19A	11217
A26MDUJHD4JV6A	11218
A26MEYQVX65Y0R	11219
A26MTSRFQJTABT	11220
A26MWNE6B3RJPV	11221
A26MY4TPFQPWZ	11222
A26N27LJVQNVI1	11223
A26N6WRMHKL6Y3	11224
A26N7CBL921XUB	11225
A26N9GOIH4TA19	11226
A26NMF2MWPBBDR	11227
A26NMTIHEUM65Z	11228
A26NO8LBOONDE6	11229
A26O3DHUTGEMG6	11230
A26O3HFLZG26UC	11231
A26OALL5BYR5UH	11232
A26OE21BNVP9UB	11233
A26OHN4KVUYULK	11234
A26OJK8UEO3JE5	11235
A26OPY4EPFKHJG	11236
A26OSWRMDFWMB7	11237
A26OY1QCKP75DC	11238
A26P3V0AFTHYPO	11239
A26PAPZBXHHO0F	11240
A26PEGXTHPZQEE	11241
A26PO8AXVH3MGH	11242
A26PUP378YZANN	11243
A26QL0T3E7MOAE	11244
A26QMKJHWS80RQ	11245
A26QVZ7RXFCYYJ	11246
A26R0VQEYGCZR	11247
A26R28KK62FOEV	11248
A26REMGCUYBSI5	11249
A26RSA06GNOXG3	11250
A26RT3QMF9U3V0	11251
A26RZ75ZQD2DNW	11252
A26S4QRICCBPJG	11253
A26SCIIRG5634Z	11254
A26SN2CVQM4FKM	11255
A26SRLAQEHOKO7	11256
A26SRSAIGJMH39	11257
A26ST5X7D7QIEQ	11258
A26SXPDGKLEDZE	11259
A26T4G9Y9GWX5X	11260
A26T9SRYE77VIZ	11261
A26THMIOVGFQ1L	11262
A26TQNKHQZ4T6A	11263
A26TT1Z0ZC8HZV	11264
A26TTBMLW158KD	11265
A26TZBHF7JBA7G	11266
A26U7JA8IAE62L	11267
A26U9ZXLCTDAPY	11268
A26UIP964MHAJE	11269
A26URMN31RCEM7	11270
A26UXDM50PU75	11271
A26UXRTP0J8QR2	11272
A26UZ7UQWAHAVJ	11273
A26UZWV8K75SO2	11274
A26VBYL4T0J9WI	11275
A26VCXQU8MLCK9	11276
A26VG8Q3J3RFKO	11277
A26VJK83RG7Y00	11278
A26VNVF41R3V8P	11279
A26VQXROT7JMOG	11280
A26VRVQCMWWTHL	11281
A26WKPOPEPWCV7	11282
A26WQKYWC8XK4P	11283
A26WS8QVUY1NAO	11284
A26WWGMO9RZIKF	11285
A26X3TD937BAD2	11286
A26X7W5UM5QFT4	11287
A26X8829IISSA2	11288
A26XB56IWEW0OA	11289
A26XCKLWCTRFGN	11290
A26XDDVL9QQJES	11291
A26XUACYY5ET0B	11292
A26XXKU3YT6IVG	11293
A26YAX1M2B89HB	11294
A26YC58GXMHUWG	11295
A26YCV1WJ35G0V	11296
A26YF89Q2JN162	11297
A26YG57WQMY97F	11298
A26YHXZD5UFPVQ	11299
A26YNPXWCA4TDR	11300
A26YO5A2Y8EBEG	11301
A26YQJ985H269X	11302
A26Z5110LID3YU	11303
A26Z8I1UZ0NDCU	11304
A26Z9CXP7WO31U	11305
A26ZD2A9VQ5LOJ	11306
A26ZKUQ49EJ9XU	11307
A26ZNZI4260WBA	11308
A26ZZZ3IU19Y77	11309
A270049CBETKR4	11310
A2700AZT2NLBQS	11311
A2701UXI8QGRHE	11312
A2705TYWNRS495	11313
A270FMCRBB521J	11314
A270HNLGJ6PE1R	11315
A270P713ORH8IC	11316
A270PPU3AVV331	11317
A270R7D2FXWMI7	11318
A270UG4XNGS49L	11319
A2712HC7D970XJ	11320
A27186J5P0OM5X	11321
A271CFYWWR623O	11322
A271D4IN0BJ4ZU	11323
A271EBJ9HSUPVI	11324
A271GL9H5UK6R7	11325
A271N6MTS4FTU4	11326
A271QPK17TTIBY	11327
A271V0AMBF6EA0	11328
A27234H03Q7Q9X	11329
A2725N1VSUMBIQ	11330
A2727QM6G6J4IC	11331
A272STGXT162E4	11332
A272U3IRE0TM49	11333
A272YVDT76XNOO	11334
A273FADVQDMDQ5	11335
A273L0HI95MGZA	11336
A2749RH7Q61I1Y	11337
A274A2M3W5JJDK	11338
A274MBC1HARUPS	11339
A274MXTX3DYLUV	11340
A274X54O9CN2SR	11341
A2750X7H3VXROM	11342
A2752OPH05XGZP	11343
A2754UKBN6HW0E	11344
A275C2673SVAG1	11345
A275D8SFPXJO33	11346
A275L12XC23G9I	11347
A275R7IQBJZXI1	11348
A275TD8LYC91R	11349
A2760RUK7WP9CG	11350
A27618HRXT4IOX	11351
A2761ZGBIPSOC9	11352
A27629FQT5RPHY	11353
A276D8BJF36A0L	11354
A276FADR6R9U4D	11355
A276FMITKY7DU0	11356
A276HLYW54TCZQ	11357
A276IJV197Q219	11358
A276OI0NHBYORX	11359
A276R42NK700MO	11360
A276Z3OL222ECU	11361
A277GP2U2TXH51	11362
A277HD4HB3YWAU	11363
A277J73WMEKNIN	11364
A277J7MTBBWXTM	11365
A277M7XYF6TEUU	11366
A277OE4NJZX81T	11367
A277P59FPQSCBI	11368
A277SFEVQV594N	11369
A277TR3LC9L30Q	11370
A277Z4T1WJU373	11371
A277ZZE20UE9PP	11372
A2785RLTB433MO	11373
A2786LBP3X7JXD	11374
A2787M9V3MG57E	11375
A2789KO3Z9CSYK	11376
A278FLV3PHGTDE	11377
A278KTRR0MCC1K	11378
A278Y6V1K0ECLV	11379
A27951S4ZN7T2K	11380
A2797QQ98M9MQS	11381
A279A4Y2N1CQ26	11382
A279PAKJJWBHXV	11383
A279W7VXS4O8RY	11384
A279ZQRS9G4RB9	11385
A27A00G8ZVI1JP	11386
A27ACJWTEPBPT4	11387
A27ADCSD15F3GL	11388
A27AF4DLLOBQDQ	11389
A27AGVQMDOMKSF	11390
A27AH9NUZLNHXZ	11391
A27AI63YFV85KZ	11392
A27AJ2LMMM6NFV	11393
A27AO9BVRTSV6M	11394
A27AQ5P4H18LTP	11395
A27AVGE9XNQLYZ	11396
A27AWK6ZWD5Z60	11397
A27B4HVH9FO86Q	11398
A27B9U0LQYVRFC	11399
A27BELUML1TWIV	11400
A27BK7SZJ6GS1V	11401
A27BKXQAR305QL	11402
A27BM0VZSVKXZD	11403
A27BMFKOEIHZUX	11404
A27BQYMFIUZGOD	11405
A27BRZB2NHCKKV	11406
A27BSME585OBEV	11407
A27BX2HYC3BBY4	11408
A27BYJ8UVYLEAU	11409
A27C52W23MUNQS	11410
A27C7JBMBS4D7J	11411
A27C8GP4614EUJ	11412
A27CGFT063Y36J	11413
A27CMYM4J1O86Q	11414
A27CRIGCQXPIA7	11415
A27CSYZPPULWKG	11416
A27CUF4FOXQQNU	11417
A27CUJPZ1SM6FY	11418
A27CUS7C0Y8EDI	11419
A27CV2G5MP05PJ	11420
A27D08QOZ4X5IN	11421
A27D0VRNOOUNRR	11422
A27D18LW0GF6UC	11423
A27D6MQMCHZUWO	11424
A27DDHWHE540I5	11425
A27DHH0P0LNDKA	11426
A27DNSEA1L04L2	11427
A27DT2AXEPK4O	11428
A27E0SGEESGDNY	11429
A27E3DWAGD1EKB	11430
A27E44IWS3B7VD	11431
A27EE7X7L29UMU	11432
A27ELUE5EAUEHR	11433
A27ESE329MSDYX	11434
A27EUEJP8EKORV	11435
A27F11B2Q2F0GY	11436
A27F3BZUXF725	11437
A27F65TR1OTD62	11438
A27FJMTTINZO3R	11439
A27FP0S5QH7GNE	11440
A27FPKOKRNWKJM	11441
A27FUG2V3HPQCR	11442
A27FVFSXOP10E3	11443
A27FY4T850V4HC	11444
A27G99X6ME53RN	11445
A27GBFYR1L00QF	11446
A27GPXG538KWHU	11447
A27GTBNUF8DUEF	11448
A27GV6ASWA6XG7	11449
A27H0T39U3FZB5	11450
A27H2OTP5PGO6K	11451
A27H61OHW44XA7	11452
A27H9DOUGY9FOS	11453
A27HJDDAMMQL5R	11454
A27HL5IXY24YGC	11455
A27HPUFJSOWS8M	11456
A27HRE4OIP7WJ1	11457
A27I8ETYT41602	11458
A27IV3GGCK076K	11459
A27IY071VXBSD6	11460
A27J3D3IGGWVSZ	11461
A27J6KEPV3QWV2	11462
A27JAW8J95CMUQ	11463
A27JD0WH8VOJ	11464
A27JJWG2VKSD5E	11465
A27JL8BVG1NG01	11466
A27JU93NC06175	11467
A27JXR6QL0I80S	11468
A27JY3I4QELLLD	11469
A27K0K9109HAGN	11470
A27K274HRETQBJ	11471
A27K3MFJ6NE1LY	11472
A27K5OWR4XEBJQ	11473
A27K5RT7VDB7BU	11474
A27KDWS39HNWYC	11475
A27KI0N409G8UN	11476
A27KTLDSBWXNED	11477
A27KX259J4HCPX	11478
A27L2OEZZPXOZ4	11479
A27LJF1YEPE6UH	11480
A27LQM2N6Y9OAG	11481
A27LRU8KUMA6YB	11482
A27LSP37MDQIY	11483
A27LUJQVBGA4LU	11484
A27M0XI3C0BNDC	11485
A27M3YPDI1YU5B	11486
A27M75LRSJ788H	11487
A27MIEF6D2IL7Q	11488
A27MLLJHWNIGHB	11489
A27MM5PWVN7A4M	11490
A27MV0LJDBSCVV	11491
A27MXHW1VNWWM4	11492
A27MY21JLR2UG8	11493
A27N1XFMMM2PO4	11494
A27N2LOTAE1X5I	11495
A27NDDP47B5W90	11496
A27NGWWNT6UHVH	11497
A27NJEC5CGUNFA	11498
A27NKDSY5J9MEB	11499
A27NPKQXBAC4LZ	11500
A27NQ0WF8U2FTV	11501
A27NQQCNSC54PF	11502
A27NQQXW2G3FEH	11503
A27O87OWVTN2DL	11504
A27OA05T5EMHRX	11505
A27OB8JCVD617R	11506
A27OFAZQ6UWWZ3	11507
A27OLW52GMNM2J	11508
A27OMVFGJXH1VB	11509
A27OPRDXPZT2I0	11510
A27OTTW1CSOYWX	11511
A27P8NVC9LIMCL	11512
A27PA4H3IUJ5OS	11513
A27PDPYP73V64U	11514
A27PJ468VE2KLT	11515
A27PLBE23K9C0W	11516
A27PNS5LRZ0YU7	11517
A27Q1X75QCWTID	11518
A27Q4MKRQD2OO1	11519
A27QA7QHKUZHPA	11520
A27QD703BKTFFM	11521
A27QJMJK31F595	11522
A27QLJGI722MRO	11523
A27QP4IT958BML	11524
A27QXQQOLAMRRR	11525
A27QY3TP5RUD65	11526
A27R2V3WLS43LP	11527
A27R3S1WWUQUK4	11528
A27RBB6SNLXUI0	11529
A27RC6KATWJCOU	11530
A27RIKJSPFF2J1	11531
A27RKEYR0NRQ2U	11532
A27RS5ILCICHJ2	11533
A27RSTA62L1P4S	11534
A27RSV5NHZK73Y	11535
A27RVM5HMAHK9A	11536
A27S3PD94KNNIY	11537
A27S8K32YUP9UZ	11538
A27SCERV7QS3VW	11539
A27SDZROEMD6AP	11540
A27SEH7FJJIKIC	11541
A27SRDIYZSFG5L	11542
A27T02B5KFANRE	11543
A27TSVC4V5DXTA	11544
A27TSXW89DLW89	11545
A27TZQ9XG2795W	11546
A27U1EPS1ASLR6	11547
A27U48VSRJRQ0X	11548
A27UCDBYBSOC6F	11549
A27UCKE2V6ZYL9	11550
A27UE9HJRZ22YI	11551
A27UGE2PYSC9XW	11552
A27ULEJX0JGNIN	11553
A27ULPK1RGCNU6	11554
A27UR4O2CB82C0	11555
A27US4XMN17RCI	11556
A27UUIUZSOTF24	11557
A27V1YFLFVD8O6	11558
A27V7PJMS4VB76	11559
A27VA27EP2UD1L	11560
A27VAV8WFLJ68	11561
A27VB8XM69VG2H	11562
A27VUNRCSGF8MI	11563
A27W34KWRQUIQ9	11564
A27W3FT6D3EAFG	11565
A27WEUV6IV54J1	11566
A27WMM9CJ6MC1O	11567
A27WNB1BNPKEWJ	11568
A27WVE7JTYUCMS	11569
A27WZYVA9CUMRA	11570
A27X7TWM8WB1ZL	11571
A27XDFZ2NUJ3D4	11572
A27XDGYPXVGB0L	11573
A27XDRLLQITQ5K	11574
A27XOK5Q7O6Y77	11575
A27XUAC8XRV1UQ	11576
A27Y4OEC9MD9PA	11577
A27YSYBR6HQMMB	11578
A27ZCJ7S25W86P	11579
A27ZDYNQHX0V0W	11580
A27ZGT15GK9TTM	11581
A27ZM87TGRGNGK	11582
A27ZZAPLQJI4A0	11583
A2800DZRKFY5JZ	11584
A280FN7J3H2PTH	11585
A280GZ1AMMM7XH	11586
A280LC42X6PRDJ	11587
A280QNBD45WTAM	11588
A280XS60DKT8U5	11589
A2812T15HPAR06	11590
A2813BXOXISZ9Z	11591
A2814D76415WYJ	11592
A281CK2WZWRCQQ	11593
A281CUDDNY774H	11594
A281LSAAWJO0N8	11595
A281M7I68AKUZ8	11596
A281PJO0SFRQ3K	11597
A281T0IMVSLD96	11598
A281YGHDBE3Y1I	11599
A2822TKIO44FXW	11600
A282GHZU48ONQZ	11601
A282JW8YCDWV2W	11602
A282URBWAE1451	11603
A282VMLEZ46B1T	11604
A2836FIFRRUY59	11605
A283AT38DRU89C	11606
A283CENWMT4MIT	11607
A283GK74EYV9AM	11608
A283J8HYL4O7F5	11609
A283O1CUTBE1B4	11610
A283OPIHO6NJG7	11611
A283UGN8XJFTLU	11612
A283UOBQRUNM4Q	11613
A283VB7OX4QMVK	11614
A283ZFTEYOS69U	11615
A2840FX4SVXT3N	11616
A28414VSQR7IW6	11617
A28428NS4ISS6W	11618
A28455RG8CGNHQ	11619
A2848E0YNYU9O7	11620
A284CKDR4LLVFC	11621
A284FA07BMQ2MV	11622
A284ICLE430ZUL	11623
A284J1ELVYO3ZH	11624
A284K4K3R6FO55	11625
A284N4V7W8FWKS	11626
A284P8XSG9HREA	11627
A284S1T1LVRNMT	11628
A284WIX6B7RRQ5	11629
A28502MYF6RNBP	11630
A2851JJ8K1ND8Q	11631
A28525P0S5ZVJ3	11632
A2853ME3AJM2B2	11633
A2856KW0PLUSRP	11634
A285A4DPWOCQ8K	11635
A285J776UD1MV8	11636
A285JKET286G45	11637
A285ZE4P2YU9NM	11638
A28621TSIR5EOG	11639
A2864Q0WX7MR1Q	11640
A286MHK4N6VPHU	11641
A2872HUELOYZW8	11642
A28749A7D7FL7K	11643
A28774QTCK7MJZ	11644
A2877636PYV2A3	11645
A2877PSE6NA9UM	11646
A287ESNIDTZUXF	11647
A287WX9I9KWR9I	11648
A288410XJIGLXM	11649
A2885K9UV7HRAI	11650
A2888L74GO0XT9	11651
A2889VSRUCBC0B	11652
A288AA3OK8CBHP	11653
A288HV4I4ZGAYT	11654
A288L4UBVV9ZHT	11655
A288N5K3N25OKX	11656
A288O0CZE82LWW	11657
A288PJZUS1WRX5	11658
A288WTTUAO2U4N	11659
A2896AITBHP4XW	11660
A2899NJ99NP4ET	11661
A289B44HT9DFCS	11662
A289I5DG8DZEZ2	11663
A289KWSHX47FYV	11664
A289MOPXWZ0Z6O	11665
A289RHK23DRZLW	11666
A289W34CEUI6VK	11667
A289XLT61PADKA	11668
A289XPU0HEH4GQ	11669
A28A2FRUWIKXDX	11670
A28AHZ36TJX92N	11671
A28ATWMJLIBZUO	11672
A28B1W3969W2NN	11673
A28B55TZABEHE0	11674
A28B9CARXQTKHY	11675
A28BCX3J727FVD	11676
A28BG0ZAFDLG5K	11677
A28BH3BARX9FIH	11678
A28BHY1B6C4IPU	11679
A28BJZROR4DAW4	11680
A28BL07VPB7Z49	11681
A28BSV6KDF862D	11682
A28C6DF05LQ9NK	11683
A28CCN6VYHRUKS	11684
A28CJL1DS50BYL	11685
A28CKYZ307B8YY	11686
A28CUYCCMP4KGW	11687
A28D1LDJ75SCK5	11688
A28D4GN4M7SX4O	11689
A28DIDU8KWH60R	11690
A28DIZ6KDD6DYR	11691
A28DNJJ11VXFDW	11692
A28E78SD35QREG	11693
A28E8NRX4PA4ZA	11694
A28E8NXPAXRNM0	11695
A28ELXMPHFK3K7	11696
A28EMTHVF120XV	11697
A28EOPX568MXX4	11698
A28F1AJ08MA1OP	11699
A28F5NZ5B7IE0Y	11700
A28F60L6ENRLZH	11701
A28FG4CDYC3E63	11702
A28FJ93TJSSQS4	11703
A28FQNGKL2UQ7Z	11704
A28FQQI153HF6N	11705
A28FTNAET0MOB3	11706
A28G3DQD6RY8WB	11707
A28G5CPB852BLG	11708
A28G5WB6XEXWFC	11709
A28GB8E6YY2UB9	11710
A28GBCV3V4ROZ3	11711
A28GBRG3YPD92K	11712
A28GDAGV6C5HNW	11713
A28GJFNSO6Q9L3	11714
A28GOVB7DH3WW7	11715
A28GXDBJZPQ855	11716
A28H0PJ476S1BQ	11717
A28H1NW7R7AWW6	11718
A28H5XEBTG9S0E	11719
A28HBJOYP6BL62	11720
A28HDFKA2PX2Y2	11721
A28HEO62IGXHRT	11722
A28HFAVRIWL7JH	11723
A28HHD4X2PDNMT	11724
A28HJK0WAY42K7	11725
A28HQYR7UWKEEI	11726
A28HR96PNS584C	11727
A28HUBMSCXVQW0	11728
A28I0PAY6O624P	11729
A28I5ZJ9L49QCO	11730
A28I98PKHZZKVB	11731
A28IBGD0PY12YS	11732
A28IBOLVCSQRLQ	11733
A28IFUYOHITOQJ	11734
A28IHCHYHE98GX	11735
A28IIVKXOE1ATF	11736
A28ITOM9XCK901	11737
A28J0NGW4AOEGJ	11738
A28J3123I1QDKI	11739
A28JQ1DYRP1MCB	11740
A28JTHGHM7AE0T	11741
A28JTPZX99N98A	11742
A28JYCMR166H7V	11743
A28K1QPWOTMPI8	11744
A28K7LCY4GNITJ	11745
A28KEAVXSCJFZ1	11746
A28KGQ8X4Z5EI4	11747
A28KNCEHFWVOQ0	11748
A28KVM17HZ1HVL	11749
A28KWU1U4WM5PS	11750
A28KX1IANKZL4S	11751
A28KYDRU72UYJF	11752
A28L5KRSLJ7YQS	11753
A28LB82O5P1LS6	11754
A28LE8CMPWHI27	11755
A28LMTLKIH3762	11756
A28LRN95IHOP42	11757
A28LSXAFJ0EQW9	11758
A28M4QAM1D07DI	11759
A28MBNGVHXO93G	11760
A28MNXMNM9ECYW	11761
A28MRU6URZE1X5	11762
A28MY5CK0V8VEQ	11763
A28N1QVRF32RLQ	11764
A28N5NQG1IHWB5	11765
A28NF3TLWTEZVN	11766
A28NGCAR22S9E6	11767
A28NKCHH0Y17UO	11768
A28NKXJ38HUZ0V	11769
A28NNM6OFXA1RO	11770
A28NNN91S2BJOH	11771
A28NNY8RA9EVW1	11772
A28NOXL9VLRL1B	11773
A28O0F8ZN06NL4	11774
A28O0WEXHE2FVN	11775
A28O4EJFZICWHM	11776
A28OAVP2KLZRV1	11777
A28OBBTY3R8FE5	11778
A28OFTZIF7MLXR	11779
A28OOZEJ1W4I5T	11780
A28OQ927IYIEEM	11781
A28OSR2O97NWVF	11782
A28OUR10B18X5X	11783
A28OZBLQKKYGOR	11784
A28OZSWZA298I7	11785
A28P0VV0JJ9TJF	11786
A28P37O12W4O2G	11787
A28PAKG8CAZ9Z8	11788
A28PB3O97BX2PN	11789
A28PFY1B19HNKA	11790
A28PHO540GK9US	11791
A28PM63VH0OV6E	11792
A28PO3UK7AV3RD	11793
A28PSUEKLF3ZH3	11794
A28Q287BHK4OXF	11795
A28Q8IU60L1JGW	11796
A28Q9FHHOFWDWM	11797
A28QEF3WTQ58RC	11798
A28QJH7PJ31AEK	11799
A28QK01ZMRMSPX	11800
A28QK8NZBMNPD6	11801
A28QOJWB4AON0Y	11802
A28QU8U4I49KIN	11803
A28QV95UBAY886	11804
A28QWRE4VEJKSW	11805
A28RC2MJ4ON78Z	11806
A28RD08XNUYAHO	11807
A28S1K3AJGNYBS	11808
A28SIUYEXPBU8M	11809
A28SKOGWMBJP91	11810
A28SMA3I9LUP4X	11811
A28SO658RWT46H	11812
A28SRQVS9XN0MD	11813
A28SS6QMH3OW36	11814
A28SXNGLOOWBFI	11815
A28T0EGT63SU84	11816
A28TEPFSBN17V2	11817
A28TGHFRRGA1TG	11818
A28THRMGXP13S	11819
A28UH0ED1NMA5L	11820
A28UM750B2RUUA	11821
A28UMA3GW9L124	11822
A28URWJG10BO54	11823
A28UUX2BWGV361	11824
A28UW9KEMZNNFO	11825
A28UY4DGUC27LW	11826
A28V0FF4DBBGIE	11827
A28V1DYZXTQI2V	11828
A28VJIAI46PVAY	11829
A28VM3R12GK9IF	11830
A28VNHV9UWB2FI	11831
A28VO2EWAADJ3N	11832
A28VR3JT68GWCO	11833
A28VZMJFN0X0SV	11834
A28W262UE85MR6	11835
A28W7JMZAQ51HQ	11836
A28WAQEH531VQ6	11837
A28WGAG3ZEMGRQ	11838
A28WTKQ2IFV5SB	11839
A28WX52J1PS4OT	11840
A28WZ4GPNUHK9O	11841
A28X5665S047RN	11842
A28X8HDZWHTVF8	11843
A28XFFI2KU65NZ	11844
A28XFTYMEABSRM	11845
A28XG5G3JC5RLG	11846
A28XI9D7MI4DX8	11847
A28XKUSYWWOV87	11848
A28XLRMDS3C0P	11849
A28XP9XJB5JVPZ	11850
A28XR93SVDJEUB	11851
A28XXRZ4TLG7W1	11852
A28Y22AUCQ4VX2	11853
A28Y27RXM0AQQD	11854
A28YBL28P03P8V	11855
A28YMQH26AX2KN	11856
A28YSUJ65GF0X2	11857
A28YW88JUTZLZ6	11858
A28YYBQVXN9WGY	11859
A28Z27JNHJK9Q3	11860
A28ZA3U8Z0OQ67	11861
A28ZDVY6NV75P	11862
A28ZLUWYKXKZLW	11863
A28ZNB4Y7ZOXF5	11864
A28ZNN6TNE9UCX	11865
A28ZPULHP9QJI7	11866
A28ZYYYH5VRUY8	11867
A2909NNH5T3BCN	11868
A290LCTO9G30OR	11869
A290QF2ABPXSYX	11870
A290RUPRQNI341	11871
A290SIM6ERJ0Z7	11872
A291EY1CS4DDV4	11873
A291GR22UZ3FYT	11874
A291KV7VE76RUX	11875
A291PKWV1JM83G	11876
A291U0OJ3F4F90	11877
A291U450MC7RS8	11878
A291XTI6NO7DEG	11879
A29219VY8CVJFQ	11880
A29265S983B0W5	11881
A292CYNW4BHF2R	11882
A292D1V3LMSQ7P	11883
A292GFO16TVDD0	11884
A292RW9VVIJC2O	11885
A292U9Q1J8J75C	11886
A292US0YO2N15I	11887
A29313797NGT9L	11888
A2935RRCBF84ES	11889
A293D2FIH1IX83	11890
A293RHU9PWYTMC	11891
A293TFQ9DQAGRA	11892
A293UPVW99U4YD	11893
A293VL9NIXP7D4	11894
A2945SEZPEN3XB	11895
A2948QWE72VNMQ	11896
A294CCXP2SPGQN	11897
A294D7GXBG2AA2	11898
A294HM5GDL7VZY	11899
A294SHLWPSG1BP	11900
A294TWJXJ35AFU	11901
A294VEONYCF6JA	11902
A294WDDU7PKTVN	11903
A294WFOP4GFH0K	11904
A29516CVXMZODV	11905
A2959V3UJQTYSF	11906
A295D1MO0B8REV	11907
A295DSUVHFNI1V	11908
A295GYY84Q5CFB	11909
A295NNBOOZ09ZJ	11910
A295PX0GT215W3	11911
A295QSYIMB7BGD	11912
A296Z4WZUOX9HX	11913
A297D410BDJ3N4	11914
A297X3OBNU3QKB	11915
A297Y763KFR9Y7	11916
A29808PDTSSUEP	11917
A2981L9DIXIBS4	11918
A298FULW5DEU2G	11919
A298HLZ2QHOYS6	11920
A298INP66DHIQV	11921
A298J0HMUITQHY	11922
A298J0YWDWGPFS	11923
A298NL4V4XS8NT	11924
A299BS1MQM2HKR	11925
A299CQPVWT0HIZ	11926
A299F36RL7NDH1	11927
A299IGRBXYEH68	11928
A299T33PU4JGW5	11929
A299TORDJZJRN5	11930
A299URMCWRDB5	11931
A29A2W20LS60C1	11932
A29A8JPZ89UGO1	11933
A29ADW1P94TQ3E	11934
A29AJZCQ2B2S43	11935
A29AP3XLK4SL29	11936
A29ARABMSNY5TC	11937
A29ARB31FXI08Q	11938
A29ARX8PMR48ET	11939
A29ASQH9QK4YHP	11940
A29AXYPFOEEW0Q	11941
A29B1JION8F16G	11942
A29B4R4UTQAXM4	11943
A29BHW9YT2FZ77	11944
A29BPMJI0ZYH4H	11945
A29BVJKJHCU7J8	11946
A29CE0MREG2HK9	11947
A29CGYHTHRCAOF	11948
A29CKCF5ID9MA4	11949
A29CLFLQFTQU8	11950
A29CQOLPMFB0WW	11951
A29CT3MXKBWVQ6	11952
A29D3GAKPCH5AV	11953
A29DM5LSKTFZ4E	11954
A29DMPH3SYXQ83	11955
A29DNTEXTEW2L	11956
A29DQSRMUDN6AE	11957
A29DSQICGWZBI4	11958
A29DTB7LKCLW1Q	11959
A29DX9MZKXI2U3	11960
A29E6ZWGY11AQQ	11961
A29EAMVSAM64RL	11962
A29EHAPJAXPQHP	11963
A29EHMVU60SQQ1	11964
A29ET76U6ZPAJK	11965
A29ETCOUM1WMTA	11966
A29ETQHGIARZPM	11967
A29EVG9P1EK0DW	11968
A29EXHCBTBZQ6I	11969
A29F19D63EOQE8	11970
A29F9JQ0JYE7X2	11971
A29FB3D1SM1SGX	11972
A29FBG6VL6BTH0	11973
A29FBV2AGNCY5O	11974
A29FDW14WTGHKG	11975
A29FI46DBS4466	11976
A29FJK41SRREUH	11977
A29FSPKT2L66SP	11978
A29FXD4BM20WWY	11979
A29G64NXCV1FJ7	11980
A29G719R7QY78P	11981
A29GE20E8QU8OU	11982
A29GRZN2BB50IF	11983
A29GV4VSQUIOF	11984
A29GWIJL72GXXZ	11985
A29H0MNT20XH74	11986
A29H8NGB2AY8QU	11987
A29HCZGVJMA5G	11988
A29HLRLZ4ON9I7	11989
A29HMA1ATAK4MB	11990
A29HP2INTPN0PZ	11991
A29I4B7EP1BZQO	11992
A29I4FR71K3EWW	11993
A29IDH9HRAPN24	11994
A29IE483D5HY5R	11995
A29IPF6KF8D5YW	11996
A29IXVRVPAT5W5	11997
A29IYYVRAV06I9	11998
A29IZ7GOQD0RK4	11999
A29J5RY91K7ASN	12000
A29JB1BINMP0EJ	12001
A29JO4UMF0X8BO	12002
A29JUMRL1US6YP	12003
A29K2QXKWSMUO3	12004
A29K6CAJUYNS9M	12005
A29K6T162MON7F	12006
A29KAWSTBD6M8I	12007
A29KJ1B32SL5FD	12008
A29KK6NLGAOQID	12009
A29KT7UP7DLM1J	12010
A29KZGUW9JNTVH	12011
A29L0C6ZHA50C	12012
A29L0XUSG8O697	12013
A29L27FISUU4FL	12014
A29L9FQ61DYWUE	12015
A29LA3BGHEWXDF	12016
A29LEWUR99TVAO	12017
A29LJ2HZAXCLN3	12018
A29LN0NLLO0AJT	12019
A29LX2DFSJHMN	12020
A29M09QBG9TZLP	12021
A29M26SCWPLDBV	12022
A29M3JCTE50N8K	12023
A29MA6F6YEVM6F	12024
A29MD9Z3KVIP4K	12025
A29MGV5E2ATW96	12026
A29MQLMIY85XZ	12027
A29MSBOK10WEHW	12028
A29MW6Q1CRPOK7	12029
A29NO61G1WH74V	12030
A29NV3DTW63GGR	12031
A29NW96P56JONM	12032
A29NY9UN56LCGU	12033
A29O2ZI5UEFGM5	12034
A29OB3VVKU4DLV	12035
A29OEPP0N74F2N	12036
A29OGQ83C0KYLE	12037
A29OLJ3OP6CU7M	12038
A29ON9AL978NEX	12039
A29P94V654A0XL	12040
A29P9VJO54IAHP	12041
A29PGVJZU5WDOI	12042
A29PJ8TRTPTMWS	12043
A29POXACZLZFJB	12044
A29PPQXDNB5HLP	12045
A29PXZFJ7YMNC0	12046
A29Q4R53TBNAYR	12047
A29QB7CK7BPFDE	12048
A29QCPFDSDNNKQ	12049
A29QGFGUDW7YJH	12050
A29QSKNQ7X808J	12051
A29QUBAN0DGWD3	12052
A29QY127R679KS	12053
A29R4S3OIG26FF	12054
A29RIEQJ6IYOCM	12055
A29RLLLY7KWSC5	12056
A29RPRN84UESAV	12057
A29RS30NUTBVP9	12058
A29RS33N281XNJ	12059
A29RUDY93WX2VJ	12060
A29S042WGD6FFK	12061
A29SCRRJBLB98	12062
A29SL443S0BDKQ	12063
A29SOTX2WMKPPA	12064
A29ST3JHV6T3SA	12065
A29T0SGXKCAU4P	12066
A29TF60F3I9HKC	12067
A29TOZWK44675K	12068
A29TR3KKLBX82I	12069
A29TWJSG39IDBD	12070
A29TWWXDJC51J9	12071
A29U0PFLZLFS0Z	12072
A29U4ERAHTW1T3	12073
A29UH663BZ88D9	12074
A29URAKPF14X76	12075
A29UWURF6DN5J9	12076
A29V7GE9FQ5T17	12077
A29VJPENXE000A	12078
A29W0BO1APFPWJ	12079
A29W0JAFVU6INU	12080
A29W31EV9M9TIL	12081
A29WEYSRC6AS2W	12082
A29X7U6NXNWOH8	12083
A29X9CP7YQE4QR	12084
A29XC5FALWE6IB	12085
A29XKFNC6FO2LY	12086
A29XM7Y2LMRN2W	12087
A29XS6APSPNMEA	12088
A29XUM6HO4WUQ1	12089
A29XWDJKTCE5L0	12090
A29Y601HEWKCIA	12091
A29Y85LOFTA02O	12092
A29YCPVU4Z9REC	12093
A29YEZ18S9IFQ6	12094
A29YFIOQ4VEB30	12095
A29YKT85YFAY87	12096
A29YXBFTD7QUP3	12097
A29ZA7OPSYKRO8	12098
A29ZAD72PTL0BD	12099
A29ZEV20RCXV1D	12100
A29ZHBENQZE232	12101
A29ZTEO6EKSRDV	12102
A29ZYD31GBW57X	12103
A29ZZU6Z1JULYP	12104
A2A01AJ58FPRJZ	12105
A2A06RDLPCUM27	12106
A2A08EY9TBRU	12107
A2A08PPGPKPS4F	12108
A2A0AXUFL9Q444	12109
A2A0IM8HULL9SI	12110
A2A0KAMIKCOKZ5	12111
A2A0PEIYG3WXXN	12112
A2A0TRKLER61UL	12113
A2A12LSODBDBXW	12114
A2A14EKIQ2UQZ7	12115
A2A14Q1JLWW6R1	12116
A2A1IM8NEL49KY	12117
A2A1J4Y4OVY5BR	12118
A2A1KVZYXXVWRB	12119
A2A1NHMIM8QR7T	12120
A2A1Q3FT6XCXZ4	12121
A2A1W0SZRWHVC2	12122
A2A1WL5H2WLOWV	12123
A2A1Y2INQ9KGV	12124
A2A1ZI364H3N7J	12125
A2A26KED39175E	12126
A2A28DJDS6LEHP	12127
A2A2GAAHBTWJ0I	12128
A2A2NFSPJYCXVK	12129
A2A2TOL00S3W6G	12130
A2A30ZLVUZZXAT	12131
A2A31KLOSW75AT	12132
A2A33KJUP7T2FK	12133
A2A33Y40X4AEHD	12134
A2A349KXZQ2Z6	12135
A2A35M73DD6RXP	12136
A2A3628IVU55ER	12137
A2A3AS8HAZYT6T	12138
A2A3H0CUAV62W1	12139
A2A3IZTFAOH64Y	12140
A2A3L3079THZZA	12141
A2A3RBSRR4G1RB	12142
A2A3RU6NN7MPOD	12143
A2A3WKY2REQ7Z0	12144
A2A3ZFNE6B1YIX	12145
A2A44VXJ0JW824	12146
A2A46UUJJ5GG2W	12147
A2A4M3EDEUKG3L	12148
A2A4QJ4CCWQ27H	12149
A2A522FJHUZ9JD	12150
A2A53JH23ZCBMX	12151
A2A56T1K3UTUR1	12152
A2A5FBW4HJKWBB	12153
A2A5FHHPVZX3Q7	12154
A2A5J5HC8K15PN	12155
A2A5NDF9ZOK09Q	12156
A2A5QANQAJCYFK	12157
A2A6381IVI3UMP	12158
A2A66WKM840X7Y	12159
A2A6HNVJS9W0HO	12160
A2A6R6RXPD9DHO	12161
A2A71G4GBB9S5N	12162
A2A760LUUF6QBK	12163
A2A7ENTPIQEDDH	12164
A2A7IFJZX7PLNO	12165
A2A7SO6BBYM13F	12166
A2A7V2XCA052LN	12167
A2A852DIZCNYVP	12168
A2A8DBL1DOPOKH	12169
A2A8KWCE8RKB9T	12170
A2A8SQ2G1494C5	12171
A2A973NYYQYPQS	12172
A2A978QL1GKER7	12173
A2A98CS33I9YM2	12174
A2A98ODDDU8608	12175
A2A9BA56TRDIQB	12176
A2A9H6PL8ZOKN5	12177
A2A9I2KYPAZ4LT	12178
A2A9JZVY6M383F	12179
A2A9RUKYJVB2FT	12180
A2A9SHCI0QHH9L	12181
A2A9X58G2GTBLP	12182
A2AABMEGMTDFDM	12183
A2AAHBWHLJ8BEE	12184
A2AAHVGCWOMVEW	12185
A2AAOW56ICBNQ4	12186
A2AATPH0R28TL2	12187
A2AB0GOXYMXPFI	12188
A2AB0PZ9OANNZJ	12189
A2AB49YIEZAMVS	12190
A2ABKYN9127BMT	12191
A2ABRNDQT9DCY1	12192
A2ABUGWA6BFOBT	12193
A2ABV5SIZSRHTR	12194
A2AC6GQ24S45GA	12195
A2ACQ53K9HVTEL	12196
A2ACUF3JRM4FW3	12197
A2ACW8MWQ94PX	12198
A2ACWLI8Q176A	12199
A2ACZD16S9EXXI	12200
A2AD796QVIRWZ6	12201
A2AD9V438DGUYU	12202
A2ADC9XMNOO6G1	12203
A2ADG1C4HB7BSJ	12204
A2ADK5HZNUEDG2	12205
A2ADKFRPNRBAIG	12206
A2ADPKDFJCHHG8	12207
A2ADUV9VGOEVDS	12208
A2AEA0RMFVKQW1	12209
A2AECU5QSJ6UB7	12210
A2AEFVKA0TPD4N	12211
A2AEJI0ZZFMX44	12212
A2AEU919XOJR2I	12213
A2AEZQ3DGBBLPR	12214
A2AF0ISXVVB6SP	12215
A2AF0NOCM71J0B	12216
A2AF36NVRKP38L	12217
A2AF4U7E94VMGJ	12218
A2AF9E91VSPU9Q	12219
A2AFA48MLJU567	12220
A2AFD8P6MZ4GZH	12221
A2AFDLKX25JNXP	12222
A2AFGNABEUWPCS	12223
A2AFK43V1NZM5K	12224
A2AFK8D674G3MG	12225
A2AFW2N3KSTDBT	12226
A2AG3S5MUI3EEU	12227
A2AGDFZCT6NVCU	12228
A2AGITLSHQYCSU	12229
A2AGVB7KNXQ75D	12230
A2AGZHYNTBFOAZ	12231
A2AGZKL5N1MPR1	12232
A2AH0FVI4OYB9V	12233
A2AH2E0MMGLZ3Y	12234
A2AH4N16BT2WBW	12235
A2AHDJ2P5BBLOV	12236
A2AHYKICC9PXYL	12237
A2AHYYFS4YTXBN	12238
A2AHZFVGVJ6HSF	12239
A2AI1DC2ICGWKF	12240
A2AI41024KM79D	12241
A2AI4PWE1ISRK5	12242
A2AIDH3GRPHS2Z	12243
A2AIDU54G4AO95	12244
A2AIMRRQ492RIS	12245
A2AIONQEH5LI5Z	12246
A2AIQYXKN9V80L	12247
A2AIRFEAWEQC91	12248
A2AJ41VX5NDSLI	12249
A2AJ4WE1WO55KN	12250
A2AJBEZ7VGCZEV	12251
A2AJBFHXHO01R	12252
A2AJYS9PX58ZV2	12253
A2AK37FK58A1X2	12254
A2AL1N48NMFQRX	12255
A2AL7OU30CI4T6	12256
A2AL81AYTJDHQP	12257
A2AL9EZDP5UK6X	12258
A2ALDG7TGUN1BI	12259
A2ALGJDQUL5FGI	12260
A2ALK5TW65IHW8	12261
A2ALMW6CSEEFBE	12262
A2ALRHOJPSJ8EO	12263
A2ALRZ0ENQLYY5	12264
A2ALWPIXQ32MRF	12265
A2AM4MUI121YUF	12266
A2AM7592UJANYG	12267
A2AM9IPXQKNO8L	12268
A2AMAOJ8680R10	12269
A2AMCRY89N3K9R	12270
A2AMDBCT7Y5UKS	12271
A2AMEHVU8NTLDV	12272
A2AMHHS9OJPMV7	12273
A2AMHZOS31J834	12274
A2AMKET3CXF5U9	12275
A2AMNGZHPX5H22	12276
A2AMR3RFTL43S4	12277
A2AN8EL34HPP7J	12278
A2ANANL79452DI	12279
A2ANIKW5TJK3D2	12280
A2ANN4TDNZ9ZWV	12281
A2ANX1TOFPNTHO	12282
A2AOF5OU0XK1WK	12283
A2AOLV77AF11M2	12284
A2AOQJN018QK42	12285
A2AORSU8B65K7E	12286
A2AOW20EGSCAY2	12287
A2AOZQ3WTNVVOK	12288
A2AP1E5TILZLUA	12289
A2AP56WEH2P2RV	12290
A2AP5PBC6BHSZE	12291
A2APPIP7E01KGD	12292
A2APS8XYSD9V2E	12293
A2APYYCK9DXLDA	12294
A2AQLJ86NFCAH5	12295
A2AQNXKMJ6C5TB	12296
A2AQRLO0IIZA0S	12297
A2AR2G8F5J61EE	12298
A2AR2ZJ1QHHK01	12299
A2AR69JQ7OWUXY	12300
A2ARBQQSHR5IY3	12301
A2ARI8JN4RJAWQ	12302
A2ARJWY74M5JHY	12303
A2AROLSLUS5UCE	12304
A2ARRAS50O8FID	12305
A2ARSKPNMB6NOI	12306
A2ARTZ9VDPROVV	12307
A2AS0L9XXWIAFK	12308
A2AS1OV35T7DQC	12309
A2AS281JRDBLTQ	12310
A2AS6ZR74I4E1E	12311
A2AS90DPWN2LMY	12312
A2ASDHXL9NK9W6	12313
A2ASHZ79JQRQHW	12314
A2ASJCZAYXEK0J	12315
A2ASOFF4RZVUBK	12316
A2ASP462CGXSMN	12317
A2ASPHXF6VUL41	12318
A2ASRQGZL26V6O	12319
A2AST69Y6YAMJT	12320
A2ASUEHIFE9RQV	12321
A2ASW6L6IEKU5L	12322
A2ASZ3TUBB07R3	12323
A2AT1JVXDCNXQ9	12324
A2AT1VB213NFEZ	12325
A2AT49613Z0I5K	12326
A2ATETD4GZWLVN	12327
A2ATF2RSZBNIX6	12328
A2ATHP220RCHLF	12329
A2ATOQVDCB3YU4	12330
A2AUBNZHR8KK60	12331
A2AUW1S4O2TG66	12332
A2AUW5Q1FBY18C	12333
A2AUZFU4EN8RQ6	12334
A2AV1E6ZKSQ7CB	12335
A2AV9LN39POHBC	12336
A2AVG8U6S2ZRJZ	12337
A2AVMEB8PQOTTE	12338
A2AVOVUTRTABTX	12339
A2AVQKTJCOA7DX	12340
A2AVUI5SWXF9YU	12341
A2AW0AFN3DUJR2	12342
A2AW5HK1VBMBFI	12343
A2AW5V07ESKVCN	12344
A2AW6O1CQD2OP5	12345
A2AWDN78GY6WNM	12346
A2AWOSR27IV98Z	12347
A2AWSHXOW9U2PQ	12348
A2AWU7G615LUP4	12349
A2AWVROFGSZU4E	12350
A2AX2YNZLIIYYP	12351
A2AX9C569CKHOJ	12352
A2AXD2HV5FUTDJ	12353
A2AXGB36JKL3EN	12354
A2AXJDFMF31WYC	12355
A2AXKUSM1SB5BD	12356
A2AXN1I18XIP72	12357
A2AXRINZGFJIEE	12358
A2AXWQVA5V9GPJ	12359
A2AY2OQ9XWBNFH	12360
A2AY4OGQ4LRC4F	12361
A2AY4YUOX2N1BQ	12362
A2AYEZ8NP2SS25	12363
A2AYPUIEG8KK14	12364
A2AYU3DW4HHCSJ	12365
A2AYWRVMABG4NF	12366
A2AYYKD4OODSLY	12367
A2AZ2ZSQVHV0DH	12368
A2AZCTAXMIO7CY	12369
A2AZFMRH2QA03V	12370
A2AZGK5JIF862G	12371
A2AZPSFSU1JJ5Q	12372
A2B04PQYP5YT6G	12373
A2B084NBTFR8OM	12374
A2B0A0AQ8QW5OS	12375
A2B0FGKAU4CWNC	12376
A2B0FTX096EYHR	12377
A2B0UMAX2IT6E0	12378
A2B1MMG6CFHERY	12379
A2B1P49AL9EWDR	12380
A2B2069UWNTJKG	12381
A2B22LABHGIEQD	12382
A2B24NNMT9IDDU	12383
A2B2AADWSL6JAY	12384
A2B2CM3M5FQB7H	12385
A2B2CR2H9FDCOX	12386
A2B2CXCT4U5IXG	12387
A2B2O21VP22413	12388
A2B2TVVNS6NII1	12389
A2B32YUU9LI9SZ	12390
A2B38KUO6WOD9D	12391
A2B38WJFTN6MRB	12392
A2B3AXOUH67AAU	12393
A2B3H7RQ3MTFGX	12394
A2B3R0WVVJPKZ4	12395
A2B3T42QBKDFFX	12396
A2B3UQLWYB72M4	12397
A2B3V5V18PT6QE	12398
A2B4E80M3AWKR8	12399
A2B4HE8UUHF3DG	12400
A2B4XLG35W28A8	12401
A2B54000WDS6D2	12402
A2B57Q73EWZLNB	12403
A2B5D5C1RZJBTM	12404
A2B5F1P7E7RT7W	12405
A2B5RONITQKUVR	12406
A2B5RVOAEPEDLH	12407
A2B5TY53TNUDA8	12408
A2B5VCS2MI1WUZ	12409
A2B63341CGS958	12410
A2B64DH20UWY6J	12411
A2B64T1NREVUEO	12412
A2B65FZCTSPWC2	12413
A2B661UUYUUBUT	12414
A2B6D7D36VR85B	12415
A2B6QDHAHWFOI7	12416
A2B7769N5KUHDJ	12417
A2B7AECKJLTAKC	12418
A2B7B55544GWN7	12419
A2B7BUH8834Y6M	12420
A2B7GKJVADH9CV	12421
A2B7JMKJJ93VQX	12422
A2B7M84IMO6OKA	12423
A2B7MPSNIVJ32X	12424
A2B7WSIBZIC2F5	12425
A2B7Z2RENRYUZ	12426
A2B80HZVPE6G57	12427
A2B81WJLGKRLVH	12428
A2B840THILGS7A	12429
A2B88ST860SVR2	12430
A2B8C9Q094CJQD	12431
A2B8KE2KGCS52H	12432
A2B8PBY0I81KTJ	12433
A2B8RC1LPD65PU	12434
A2B95D7YB0VWVU	12435
A2B9APQHCIIHMS	12436
A2B9EHNYRL6FD3	12437
A2B9KFJ04YO3LN	12438
A2B9NM9SU7X2F1	12439
A2B9PH9BUWNAY3	12440
A2B9PLLUDFUU7D	12441
A2B9Q8EULUJ5ZG	12442
A2B9R9LAZ29V7G	12443
A2B9RJ7T73QKS6	12444
A2B9UJR2DF8NV7	12445
A2BA06EPPSN55W	12446
A2BA2SUEH1RH80	12447
A2BABMGIWFHM43	12448
A2BAK271RZQYJL	12449
A2BAWLYA43PJYN	12450
A2BB0QA0Y7UMIE	12451
A2BB43OAYMLBKB	12452
A2BB4DGBRVGKWW	12453
A2BBP03FW5HQ43	12454
A2BBWCXSGKC0HR	12455
A2BC625J7XIY2C	12456
A2BCDZO1XQLDH	12457
A2BCGPLKMAD1GX	12458
A2BCJ1HZLRGC1V	12459
A2BCKORJ1M1RG5	12460
A2BCTX2YQ4F3AP	12461
A2BD0G4SRK0WMV	12462
A2BD4FGMTL0GYV	12463
A2BD60H7BLZP0Q	12464
A2BDBLKJ36YUBA	12465
A2BDT8C8FGPNF4	12466
A2BE0FVUFGN9GF	12467
A2BE1MPEC41H4X	12468
A2BE5Q3X1LTCAK	12469
A2BECCJQHNGRQC	12470
A2BEI9QC4XQFYD	12471
A2BESHHTTDGI2Y	12472
A2BEX9F8YLBL67	12473
A2BEYSSBDRDSZ8	12474
A2BF1MC2DAQYEO	12475
A2BFDIE2GUDZ2	12476
A2BFIYZYNK54QX	12477
A2BFK79F7CCIX7	12478
A2BFUKDW103O7T	12479
A2BFV8KGTP1T7W	12480
A2BG2IXO32MWXP	12481
A2BG6XQNS16AAW	12482
A2BG974ADW44CW	12483
A2BGA3SF70654L	12484
A2BGDV09HCHX8E	12485
A2BGJ2Z7NR9E9E	12486
A2BGLAUV7ZA3U	12487
A2BGLSJAWTJHG4	12488
A2BGOSSTU99NKK	12489
A2BGOWLESKPK1U	12490
A2BGQF6UGHE463	12491
A2BGWFB10OC5XN	12492
A2BH1SWUSOOJ0Z	12493
A2BH49SI2C8C4O	12494
A2BH9DHKBIBDX3	12495
A2BHK02SKZAEG8	12496
A2BHKF59PTUT5M	12497
A2BHU4XEV3JAF2	12498
A2BHX5MSK24Z2Z	12499
A2BHX5PIBETYJF	12500
A2BI0MM3SB3674	12501
A2BI1NXBP7G97H	12502
A2BI4AN3UYQSO1	12503
A2BI9I4T028U24	12504
A2BII435N2E9BY	12505
A2BIJMB2BITQUM	12506
A2BIKV76VP9CJ4	12507
A2BIPEEBW4B90H	12508
A2BJ3EU0MRTYRT	12509
A2BJ6PCZOWEA1E	12510
A2BJ6QBHUOG72U	12511
A2BJMS5DLVDD28	12512
A2BJUAC6XEEY1B	12513
A2BK9Q5AY4O8YS	12514
A2BKFLTAUJP9UM	12515
A2BKGHKQE94CLO	12516
A2BL2GP44159DK	12517
A2BLD2LVB2W8UF	12518
A2BLDYW9BXLRI	12519
A2BLFCOPSMBOZ9	12520
A2BLJGGWN8GTXQ	12521
A2BLRBS8CFTQN0	12522
A2BLRKWS3LHLD1	12523
A2BLRT79WUTLXW	12524
A2BLYZ0P4QGET2	12525
A2BM30ZOA6DQPP	12526
A2BM4EHFAGCOSQ	12527
A2BMAIMJ2SGRWG	12528
A2BMB4RDAWXZ38	12529
A2BMCY6TL9P68D	12530
A2BMCYGOI8DIOV	12531
A2BMHDVVS35HBB	12532
A2BMZRO0H7TFCS	12533
A2BN98IF8M6JMU	12534
A2BN9DIBP9A0XG	12535
A2BNHR5F1KBAO1	12536
A2BNIRXVM8MWOX	12537
A2BNYEBPMSMLY9	12538
A2BO5I6UAPPTO5	12539
A2BOL8LPXCPWKV	12540
A2BOZRU1XQRCMP	12541
A2BPQ3V8X986VO	12542
A2BPSY1QMAB8M0	12543
A2BPVPHCDERJP1	12544
A2BQ3Y96Y4C7YW	12545
A2BQ5U2L3GBZFS	12546
A2BQCOM1J4X24B	12547
A2BQGKESUEHCN6	12548
A2BR08Q5NXYMAJ	12549
A2BR13RHAL4V0Y	12550
A2BRDLOA3DT7ZV	12551
A2BRF56HC20ZD7	12552
A2BRIG2RHSK3XT	12553
A2BRJC16SPWPC4	12554
A2BRO3XLF1TRRK	12555
A2BRRE1IGPQ7LQ	12556
A2BRXREMT5WZJ0	12557
A2BRXYWEJJ9VL7	12558
A2BS3W04Q98A7I	12559
A2BS5M9DQ2HR36	12560
A2BSHGYLDCIA69	12561
A2BSLTB5DDILBA	12562
A2BSNVWUCO9MBU	12563
A2BSTGN2SKN04L	12564
A2BSY11ZLKTH5Q	12565
A2BSY1OUQKK017	12566
A2BT6NQIXQTR8A	12567
A2BT79HBTN7ZKQ	12568
A2BT8CWIR9X83Q	12569
A2BTDCBP60VQ4X	12570
A2BTMANRCX75DH	12571
A2BUERM83NAFK4	12572
A2BUPFYUOFL8WH	12573
A2BUX0XLL1FM8L	12574
A2BV01F023AUW1	12575
A2BV4U9FAXALU0	12576
A2BVA4V4T9855B	12577
A2BVCETTDA9QTU	12578
A2BVLMFC3TZ6L1	12579
A2BVPHD9JYR7GT	12580
A2BVT5QJSEEQI8	12581
A2BW7YCN8WJ0PO	12582
A2BW9S5NYMO5OL	12583
A2BWDWM84E0MSK	12584
A2BWERY9C2Z7ZJ	12585
A2BWH9PQUNOREU	12586
A2BWM7OHZ5D8TD	12587
A2BWXMY1C3O3EE	12588
A2BWXPYTH2MXFA	12589
A2BWY5J8NC3UM2	12590
A2BX8DDQGCCG2J	12591
A2BXG6W3BBNJAL	12592
A2BXTC108SBICP	12593
A2BY0Z3DPBA6SY	12594
A2BY1DRVCVA7DH	12595
A2BY3DO63PQL5L	12596
A2BYL7F2G2VORY	12597
A2BYV7S1QP2YIG	12598
A2BZ21KSBQJQNW	12599
A2BZ38DQM1CZ8W	12600
A2BZ4WAQ4P1N59	12601
A2BZ7MYTSNYMEW	12602
A2BZBKFSMSGGCV	12603
A2BZH1IZDQGNJJ	12604
A2BZKLSFGIXO50	12605
A2BZRQUNMSEHX7	12606
A2BZSY7FQJG7PR	12607
A2BZTF4I6AB276	12608
A2BZVE4BIWPFK6	12609
A2C094A43IBLUX	12610
A2C09BA1D2IAMQ	12611
A2C0ALI7MLHLJZ	12612
A2C0M1VZU9UPMO	12613
A2C0N1P2NCVJ1R	12614
A2C0PMO596WRM4	12615
A2C10NTA1PN9F3	12616
A2C152MYGM11LQ	12617
A2C195SPEJXKNB	12618
A2C1G0L954QFCH	12619
A2C1IC69T3STAE	12620
A2C1KWVCK0PUXL	12621
A2C1QLRW696S9	12622
A2C1Y5F8DE9H6P	12623
A2C264HY1HHZVX	12624
A2C26SCX7YHKDS	12625
A2C27IQUH9N1Z	12626
A2C2CRLUI6RYHE	12627
A2C2DO8D0QAQ2U	12628
A2C2FTE3FGX8IP	12629
A2C2TAVPVH0HWZ	12630
A2C2TR55J0OH5I	12631
A2C37OPTVYDLJ1	12632
A2C3BWJJ4TT7FY	12633
A2C3PXQ93GORL5	12634
A2C3VC5JTYVRCL	12635
A2C3X64YTNLV14	12636
A2C44ROENCQ8LR	12637
A2C47WK9UPJRPL	12638
A2C49XJQSTRYT1	12639
A2C4DMSC2Z283E	12640
A2C4E3RQFZEN6C	12641
A2C4JLHC2NW3AO	12642
A2C4JTZK4DM0V0	12643
A2C4K73UNTAGJX	12644
A2C4Q08KF7V41Y	12645
A2C4R3MYEN97GK	12646
A2C4RWS482CWQL	12647
A2C4WKBSZJNBMS	12648
A2C4XWSPX6QQGN	12649
A2C51FABQF1LZM	12650
A2C5AFJ50H9GV4	12651
A2C5DG8IBPZLYF	12652
A2C5HGJ90IQ1ZH	12653
A2C5LA07JCDWTN	12654
A2C5MKOYGDQ6CD	12655
A2C5TI1JZ781ZL	12656
A2C5X16Q9PBKK6	12657
A2C5Z5ABN7LCFW	12658
A2C60W96ISDXQ4	12659
A2C6FPTXVJU2V	12660
A2C6GD7Q1LKOOD	12661
A2C6IDYPIOYF6V	12662
A2C6PJK1LWKEIE	12663
A2C6R2F8UGGIIO	12664
A2C6SV2Z38S808	12665
A2C6WSNIDVGJXR	12666
A2C6X6KM79Z7F8	12667
A2C75FKNISYS8J	12668
A2C7D65XX6K2OD	12669
A2C7F0SCPDT0WQ	12670
A2C7JVG1GWC3PB	12671
A2C7OWE18LWQF1	12672
A2C7PQFDW7MMD3	12673
A2C829P9LPHJD6	12674
A2C84HFHNY6JVZ	12675
A2C88CSQK85W2W	12676
A2C8H7E3MSM673	12677
A2C8I2RQ0WG940	12678
A2C8OCVR9MQVXM	12679
A2C8S29IIXWXSA	12680
A2C8VY2TQLF1CL	12681
A2C8W1VCVWPY13	12682
A2C8WSKBMJ5JOI	12683
A2C94XZM62WW8W	12684
A2C9G9MDFMRZMK	12685
A2C9JQ0GXYMDWG	12686
A2C9L2TOE5CHME	12687
A2C9MURXVUCBMM	12688
A2C9N2WKU44JXD	12689
A2C9XE9I8RSKNX	12690
A2CA1GH4IIOT3K	12691
A2CA6W8V67P0TS	12692
A2CAAZAS6HA133	12693
A2CAFZRWB7PFTC	12694
A2CAOFWPQCIAJP	12695
A2CAVHL6VTCT6C	12696
A2CB22LJTTH4TY	12697
A2CB6C653SOHOU	12698
A2CBA7ECAOQGJ	12699
A2CBAZ9DDPNFME	12700
A2CBI030KB4UFZ	12701
A2CBIRT60T0NDE	12702
A2CBNO9TTWKYFR	12703
A2CBNT3AFB2P8V	12704
A2CBNZNN0FQ1JH	12705
A2CBSIJ7SDOVNK	12706
A2CBUI7QHWJG23	12707
A2CBYGMX1S6KS6	12708
A2CBZX20LLTAEX	12709
A2CC3SH8EGTZIS	12710
A2CC7WEZ0EZ07A	12711
A2CCA7U66RSXD5	12712
A2CCC23L39189R	12713
A2CCDMMC1MIV15	12714
A2CCI0WK1KNBKE	12715
A2CCOPG4DQREY0	12716
A2CCUJAA47AKFO	12717
A2CD3LGE5I6CY7	12718
A2CDO31DY815XU	12719
A2CE20NRG6JF55	12720
A2CE5LBTN0EXQ2	12721
A2CE7UZ6QMIJ5I	12722
A2CESKU4AN808H	12723
A2CF0AVJSR0Q1A	12724
A2CFA2HABDD3N6	12725
A2CFCASXVT8OIT	12726
A2CFGPKB8HDLCE	12727
A2CFHWYKHKUMNR	12728
A2CFKEMXPX0G6M	12729
A2CFL7RQORZ9L5	12730
A2CFO5GP915SH3	12731
A2CFQE15BDL1D1	12732
A2CFVUP96WXLCU	12733
A2CFWLKAHLRMRI	12734
A2CG3L2NEBTUFY	12735
A2CG4I7OJCHUUF	12736
A2CGEPII7YO9DD	12737
A2CGIJA00E5EPX	12738
A2CGL6SJXR0A2D	12739
A2CGOA2CIARNDF	12740
A2CGOAS5QYI981	12741
A2CGORRQGDEL37	12742
A2CGVCY5ROGAXX	12743
A2CH1H7JA26RY5	12744
A2CH84L4ZT630U	12745
A2CH93T0MGEIOF	12746
A2CH9MVEM9A1DP	12747
A2CHBJSZT0SNFQ	12748
A2CHH5U12THP2D	12749
A2CHKU3KAG045R	12750
A2CHLEUZGLSQDY	12751
A2CI5S1KVURZCQ	12752
A2CI6HGHA3LAYH	12753
A2CIIGBJT0YPBU	12754
A2CIJ4C7CE8RWQ	12755
A2CIOHUMVR9NW0	12756
A2CIP1WZ1O9P5H	12757
A2CIVCT9S4U2G7	12758
A2CJ4DLE8TWAGL	12759
A2CJKEJ75246CS	12760
A2CJLDPPANU020	12761
A2CJNNCBCI41EB	12762
A2CJP2BYVCTLU1	12763
A2CJT3Y0VQPQII	12764
A2CJVLER896Q7L	12765
A2CJY05DD9CFZ3	12766
A2CK4HVRUS6PW0	12767
A2CK5RZCHB1SKB	12768
A2CK7LOCTX339Q	12769
A2CKDAXQSU7Z9D	12770
A2CKDZWCM8PSZU	12771
A2CKHOAV0RSLY2	12772
A2CKTB1FE298ZJ	12773
A2CKVHP0NZIZEC	12774
A2CL5D71LXEV7A	12775
A2CLCP6FYOEOJZ	12776
A2CLKB89X106D2	12777
A2CLKEKG6DQZFK	12778
A2CLLFAJUNN36W	12779
A2CLRN5A3XR0J7	12780
A2CM1VYDRORTZA	12781
A2CM46I3XBXEO4	12782
A2CM62J2BWEYQ9	12783
A2CM63X1NLPFHW	12784
A2CM8W3BNEESD7	12785
A2CMAVU0WJLWS8	12786
A2CMEEY9MHO96X	12787
A2CMETDVOVHXYZ	12788
A2CMO4AYBREAKN	12789
A2CMQW8XNH6DA	12790
A2CMSTLI2O4ZAD	12791
A2CMZCIK79W62O	12792
A2CN62ES6FN3LU	12793
A2CNDQ48V64TRL	12794
A2CNEYME0LYZI5	12795
A2CNF4KIAGSVZ	12796
A2CNG0BHQ9S4G2	12797
A2CNK3GG9IOCWK	12798
A2CNXS86JY4JV4	12799
A2CNZ9CG28XO8L	12800
A2CNZUBFWM361Q	12801
A2COE7ZZGIFPN5	12802
A2COH9HTY3DFG6	12803
A2COMPWPEP62X	12804
A2COUIZR5V53EW	12805
A2COWE56COZ0L0	12806
A2CP4MRR7T2YU3	12807
A2CP5L0LX670UJ	12808
A2CP9F00J7YIHE	12809
A2CPBGAYYLCERZ	12810
A2CPFXG9FW9DK8	12811
A2CPII49YGABL2	12812
A2CPRLNDFB80U0	12813
A2CPWZ4KCQHN6M	12814
A2CQSJS2PUB9RL	12815
A2CR5GL0ZUJ6TR	12816
A2CR5LGFITLF87	12817
A2CR5OKU3D2M4D	12818
A2CR6V2E3FV3WM	12819
A2CRCSC9ILAYUK	12820
A2CRD04RXLXYPS	12821
A2CRDQAIOVF2LR	12822
A2CRG6ZZHSOVFO	12823
A2CRGFJJC2HMQX	12824
A2CRH1CNOL3RWM	12825
A2CRIQOX1SYA3I	12826
A2CROG36CT7EXA	12827
A2CRQSTLNYRXJD	12828
A2CS04ARKA73KJ	12829
A2CS0L1T4PZQ4T	12830
A2CSG0ALKXBD44	12831
A2CSL68GQYSYN3	12832
A2CSPUSEE5UHH4	12833
A2CSQOMZYH51LL	12834
A2CTEXGHLKT5B	12835
A2CTFX94QW4755	12836
A2CTNU084DLTKO	12837
A2CTPDGXM1NC0N	12838
A2CTPV2QBJP7SC	12839
A2CU557W6D33MF	12840
A2CUK5NKH68JUA	12841
A2CUSNSJEW52VS	12842
A2CUWCJHUPGL9W	12843
A2CV21TP95Y7R4	12844
A2CV6KXDKFYIN1	12845
A2CVRXUSAZ96P7	12846
A2CVV17BO8LM52	12847
A2CVW09VY9RSCP	12848
A2CVX6D9MCLI2V	12849
A2CVXJ7MQ0A6TS	12850
A2CW0JNNX8FUMQ	12851
A2CWEL24YBOPAM	12852
A2CWJL4KYF5KUW	12853
A2CWKFPZOPLWO	12854
A2CWTGJPUE0MC	12855
A2CWUM49ZWMGEY	12856
A2CWWP6RXRZMB9	12857
A2CWZ6XVMGRDWK	12858
A2CX3DT54CSFIH	12859
A2CX4X0IIKGSNJ	12860
A2CX6PNSI3O555	12861
A2CX8ESOH69DI0	12862
A2CX9BJWDRPFHH	12863
A2CX9IMGMCJP2F	12864
A2CXCF5RE4G9A5	12865
A2CXJ9OAEX0FQX	12866
A2CXT3A901DGMP	12867
A2CY71E7GAQDI1	12868
A2CY8Z7F64ODNC	12869
A2CYCXPGYI4IEE	12870
A2CYD9PBNMXFT3	12871
A2CYE6HNCG32K8	12872
A2CYG46F4INUYA	12873
A2CYN6O34W7U4S	12874
A2CYQTVHKWRP17	12875
A2CYXQOAR1EJRQ	12876
A2CZ3PN86TF61W	12877
A2CZ5JGTHRCBWX	12878
A2CZ7AZ9F0K3M1	12879
A2CZ98V784SRJ0	12880
A2CZEAKLNA96XY	12881
A2CZO3D5JCL4PJ	12882
A2CZPKV10FVJI2	12883
A2CZSHT95JSZOI	12884
A2CZTEY5IVDTGE	12885
A2CZTGY7JUZFLA	12886
A2CZTKB3AF0UN2	12887
A2CZWXBDRROZSW	12888
A2CZXRWXCCN9JX	12889
A2D018U0NANWDK	12890
A2D03CYPM5PLBS	12891
A2D05CSR0HMX3J	12892
A2D0CM6SAMN31R	12893
A2D0CO1OA6DSWY	12894
A2D0KYXH5X2OCX	12895
A2D0Q3984RYVBL	12896
A2D12QNIPYONYA	12897
A2D133FDNY8U9A	12898
A2D135RWVZT6M4	12899
A2D1AEM4UYUQ5R	12900
A2D1G30T9I6FF6	12901
A2D1LPEUCTNT8X	12902
A2D1N6Z7WS9AQQ	12903
A2D1NOF1I9446U	12904
A2D1PTMMCA93BV	12905
A2D25FRJ25MO6M	12906
A2D29CMZGARD20	12907
A2D2AORHOMU0CV	12908
A2D2BWGF3LCHLU	12909
A2D2E5B2XC8YV9	12910
A2D2F2RLP2EAWQ	12911
A2D2G9GUF20EKX	12912
A2D2UKR06CPZ7D	12913
A2D2WK5UZNYTI3	12914
A2D34EXJRVQ5UA	12915
A2D398PXAR5WF6	12916
A2D3BBD9EQ7KVR	12917
A2D3J8SX03YRK9	12918
A2D3MPMC1OJLOQ	12919
A2D3NPOOFAIOHO	12920
A2D3RQJWZTC6C0	12921
A2D3TJ3I4H878I	12922
A2D452C99N12EP	12923
A2D47CG4B3L47J	12924
A2D4FQHV506EPB	12925
A2D4J55CHOJABX	12926
A2D4YIWEAEDX6L	12927
A2D5A7ABY757PJ	12928
A2D5BEINCTYQQJ	12929
A2D5FCH1F7382U	12930
A2D5RRUFR0XIDT	12931
A2D5T9N94S88WB	12932
A2D5UR2N8TYK17	12933
A2D61LWCSYYGQV	12934
A2D63MZ5QVQLXH	12935
A2D6914PKBFTM2	12936
A2D69R8YZAWKQ	12937
A2D6F7Z48459B4	12938
A2D6IX1WCFIZ61	12939
A2D70TP4E9YBS3	12940
A2D77SR2EP3U7Q	12941
A2D7B5I7ZQ51XL	12942
A2D7FKH5PFXA4C	12943
A2D89XPM8EI840	12944
A2D8AWL1BBQ0R7	12945
A2D8B3U502LRUK	12946
A2D8RONRIHQFXX	12947
A2D8UYLSY720FZ	12948
A2D92SFTNPSM97	12949
A2D9796H6JX0FS	12950
A2D983NNZE0LFQ	12951
A2D98S1RJOQ4IF	12952
A2D9HP8DA0JVYH	12953
A2D9O4SBCS38LX	12954
A2D9SDQ33PNEH8	12955
A2DA0K2WJOEQ6W	12956
A2DA2NJZ2RIYAB	12957
A2DA85F3KFGQP1	12958
A2DA8O08OLVH04	12959
A2DAFPPANOQHG9	12960
A2DALOJXHQFK6V	12961
A2DANR1L6PNWIQ	12962
A2DASK6NCQHW6D	12963
A2DAUTE63LQB7J	12964
A2DB26GLTHHL59	12965
A2DB581JXSN6RP	12966
A2DB720I9XRX7K	12967
A2DBC7C20CIV3I	12968
A2DBFR8HA7RPOB	12969
A2DBGS0POTPRJW	12970
A2DBHCXEV1OXA8	12971
A2DBLDB2GWOZ1U	12972
A2DC3AHYCABX4G	12973
A2DCGJQIY1E7E5	12974
A2DCJV5HKJOM5E	12975
A2DCMCTT3YV0A3	12976
A2DCNPG5XU9F65	12977
A2DCRFRP1ZIE	12978
A2DCSP4KCZ41	12979
A2DCVXX6H94T0B	12980
A2DCXXNQCZERQ8	12981
A2DDF8NAREKGAF	12982
A2DDIHBR5JD18Y	12983
A2DDNJEHD4VRJF	12984
A2DE27ZR910RQR	12985
A2DEA8ECE4TV5	12986
A2DEBLEH1I9AAD	12987
A2DECAYCAFFOQ0	12988
A2DEL0G2N3XLOJ	12989
A2DEVSEH8TVDNX	12990
A2DF1QUAZ9E35S	12991
A2DF4YEE655UM2	12992
A2DF50X62AFH5W	12993
A2DFH7BV2FRAF2	12994
A2DFI9XJYA31AE	12995
A2DFIHSPVE0GW3	12996
A2DFM26VLNVYNY	12997
A2DFQQOBEJH3TV	12998
A2DFRY4YMFL3D4	12999
A2DFT896ECAHNM	13000
A2DG02JLMDC31D	13001
A2DG0NDPIIR4AS	13002
A2DG63DN704LOI	13003
A2DGBX9H39N082	13004
A2DGDYGBY9PDJU	13005
A2DGEHX1XG08OO	13006
A2DGGKUKAB4KK	13007
A2DGK02WHF3VVA	13008
A2DGMWAKJQGQF9	13009
A2DGNW4HQLDC45	13010
A2DGPOX6XZ7Y8M	13011
A2DGUCW36XA3WA	13012
A2DGYYODCIEF9L	13013
A2DH4OT8OJ140F	13014
A2DH5474ELF858	13015
A2DH8N83KE8O5S	13016
A2DH8UVKIHX8LU	13017
A2DHGNIMYYIOVU	13018
A2DHMCTPVDBE25	13019
A2DHQX1BBQYZUF	13020
A2DHT59392FL3I	13021
A2DHXL91LL85B3	13022
A2DHY9AVZK42Y7	13023
A2DIPUAC4DOZAK	13024
A2DJ6C1JLY83W5	13025
A2DJ8N25WTJHGX	13026
A2DJARXUQ6I6VF	13027
A2DJFYBB2L5VSN	13028
A2DJGK541PFK1L	13029
A2DJIHD4JAPKW	13030
A2DJKIXGD0U9A	13031
A2DJVPCBPBFAQH	13032
A2DJYYO7OX9HUO	13033
A2DK02WGRTXLUT	13034
A2DK21W7LBSQGA	13035
A2DK8VPNFPXDPG	13036
A2DKJTBLJ47Y0M	13037
A2DKZWS9HLUXT6	13038
A2DLEV5REI17OX	13039
A2DLOXPVKMGGMI	13040
A2DLQCUXW529UM	13041
A2DLQOP90ZTR9L	13042
A2DLY1BLDQRWGX	13043
A2DLY8BX0TINJC	13044
A2DM5DBXWYUIRH	13045
A2DMFFWFKST6R5	13046
A2DMG8BHA0E8Y5	13047
A2DMJ2XA828PVK	13048
A2DMN1WJOSMGO0	13049
A2DN2L9XBWOP1M	13050
A2DN4G7IVPDXNC	13051
A2DN8S2P7SULGE	13052
A2DNGVGCC5K8TS	13053
A2DNMLB44SJBQQ	13054
A2DO37RWF8JMML	13055
A2DOEHS06PZ30Y	13056
A2DOH3IR0E12DP	13057
A2DOKI3HUPALWE	13058
A2DONKOXI3JU6A	13059
A2DOWKHY7JYFED	13060
A2DP6NTLPN012Y	13061
A2DP8WH4IC3FOX	13062
A2DPFSYVD3ABWF	13063
A2DPKWY1G2QAUV	13064
A2DPLBLU7BLA3M	13065
A2DPRU8CY3A4KZ	13066
A2DPYMNI2HCIOI	13067
A2DQ2U5BYIXNUJ	13068
A2DQ7TPAS1EZLO	13069
A2DQBKN11FR8MV	13070
A2DQFPWF699PWO	13071
A2DQGD2M6EZRS6	13072
A2DQGEAILTIM9Y	13073
A2DQHJWS2EL9IW	13074
A2DQL30PL4T0PN	13075
A2DQL5HYMM7TQD	13076
A2DQM5S3RMHN7M	13077
A2DQM8KG7BY8B6	13078
A2DQQUEPK53ORW	13079
A2DQTVYKR9XU8D	13080
A2DQWF6V5JJV19	13081
A2DQYPX7T7TBEU	13082
A2DR5OKFD66AIE	13083
A2DR6OCGCEU08O	13084
A2DR6UOENRW432	13085
A2DR7XHW474WAM	13086
A2DRACV77CQ8UN	13087
A2DRFHK7J98NK1	13088
A2DRGGCUUU3LJT	13089
A2DRKH32P278BF	13090
A2DS9VMCESEH1O	13091
A2DSMM0MPNRAAB	13092
A2DSPWKVQ8EP3Q	13093
A2DST7LB705IIJ	13094
A2DSYH5G2QKDP1	13095
A2DT3LM6SS1D6G	13096
A2DT53TAMH49ZA	13097
A2DTH2TZM0QJ9E	13098
A2DTHRA4CJ3O10	13099
A2DTIDOQKNGMAF	13100
A2DTN16XUCJ0I5	13101
A2DTOM3B9M1IQ5	13102
A2DTP6PTEZWMK8	13103
A2DTZUZK9YRJVK	13104
A2DUJRBOUXAMXO	13105
A2DULTTZ8MF6WJ	13106
A2DUMNNLIXBTJD	13107
A2DUMTXCZ6T6TI	13108
A2DV38V3ZFREIS	13109
A2DV3OLKUN6MO1	13110
A2DVBBARHJIW9J	13111
A2DVC8HR1BVTEB	13112
A2DVF0RE690FU1	13113
A2DVFAST0ZW2KV	13114
A2DW1L3CQ2NIQB	13115
A2DW7QRJYJUY3Z	13116
A2DX8N38UK8WWO	13117
A2DX9LIXC9KG6B	13118
A2DXF4QKIMFK48	13119
A2DXISH3UX7EPJ	13120
A2DXKNFPHK9V4K	13121
A2DXPWKN8BRLHQ	13122
A2DXS6BL26N69F	13123
A2DXT6Y0ZGYS73	13124
A2DXTAVXHNNXS9	13125
A2DXTC4VVSETT	13126
A2DXVCYU2BSJ85	13127
A2DY103RYERLA	13128
A2DY3AJR5RL4F6	13129
A2DYTAZJ28WWRH	13130
A2DYYPOY2ZGM2M	13131
A2DZ4EOECOD1M9	13132
A2DZA2UTCL0VYX	13133
A2DZO8MWVM4WKD	13134
A2E0B7BKOVU0AY	13135
A2E0BBYO6PBQMO	13136
A2E0DR1HSPC6J	13137
A2E0HOFVNJ0GWL	13138
A2E0IW071U0FNG	13139
A2E0ULZEP3AUOG	13140
A2E0VSAZF7E62H	13141
A2E0Z26LYEG16E	13142
A2E1HAX1LFWM1K	13143
A2E1N1WA8ESVFG	13144
A2E1VN8KWIEHYC	13145
A2E1W5KHNQW9OR	13146
A2E210S0N3F2KJ	13147
A2E2428ICJ9WFO	13148
A2E24RCSEDVX7I	13149
A2E28XCN0LFYE3	13150
A2E2BMXO5WCNNJ	13151
A2E2BTMHXJNGWN	13152
A2E2DIEJNGN688	13153
A2E2EC7RD7CWFD	13154
A2E2SRNFBJRUQE	13155
A2E2TJT1EUFY3G	13156
A2E35G5CZEVCV3	13157
A2E3DYA8GK7JFL	13158
A2E3L36WTNQJEJ	13159
A2E3LXRKRF8SRH	13160
A2E3MDC96N248V	13161
A2E3NAL9ECE7VS	13162
A2E3T0OZDPWPP8	13163
A2E40HK9X19A38	13164
A2E41E0N9S4GOM	13165
A2E444XGJOEHNK	13166
A2E4G7L2QPS1NW	13167
A2E4H16WT0XRV9	13168
A2E4R2WYU20CRX	13169
A2E4R7YISIM4QM	13170
A2E4ROH3UVXCEJ	13171
A2E53GIVJZGMMM	13172
A2E58CS41V9KS6	13173
A2E5IK9TUH8UPD	13174
A2E5R72TIM2KCZ	13175
A2E5T3N64RRF1W	13176
A2E6AHFDJ3JBAZ	13177
A2E6IOZ5ZDX2IM	13178
A2E6JNJTJKHTSN	13179
A2E6R7YGPYD7BN	13180
A2E6UTQTZ79C0F	13181
A2E6UTR38ZX9B3	13182
A2E71TZ6GSFL3P	13183
A2E84QMV8QK4R4	13184
A2E8DCZE4OFE79	13185
A2E8G2ZQR73LJ2	13186
A2E8KYZP8DISFD	13187
A2E8NLDC025JS3	13188
A2E8O3D9GD02K3	13189
A2E8S63YPJ5PGK	13190
A2E8XBBWAEPO52	13191
A2E95CAM5IRZ3K	13192
A2E9BKLBKR2ORS	13193
A2E9DO9KZASWJZ	13194
A2E9H31J5826X8	13195
A2E9N9ZM9T4L3A	13196
A2E9XCZGASEY1	13197
A2EA26LR7DYE40	13198
A2EA36NIS10GQX	13199
A2EAN4CZNB2A36	13200
A2EAO0AW60CRIV	13201
A2EAP492P4021R	13202
A2EAW9C31JE4L6	13203
A2EAZ4VMSZ7Q9G	13204
A2EB9X0EDW5UV6	13205
A2EBAZQBTR7QNZ	13206
A2EBTHOPLWJA5B	13207
A2EBTJR7VL9GS	13208
A2EBZEWN55GKN7	13209
A2EC2S6O5DCJT9	13210
A2ECB15TPUEWIE	13211
A2ECFG94ZV23ZO	13212
A2ECVLS413WKCF	13213
A2ECX6458ON66J	13214
A2ED7ZZHTO3ZGY	13215
A2EDGGI3EUOTU5	13216
A2EDHT8OJI1LYI	13217
A2EDMT3JSQMWQ8	13218
A2EDTVVR9IFNLW	13219
A2EDYSY4M8TESS	13220
A2EDZZICI0RVUZ	13221
A2EE6CRSJOXV5C	13222
A2EE97DL28JAH6	13223
A2EEE841RGBG9T	13224
A2EEQJ2UYVC80O	13225
A2EEWMXRX1245B	13226
A2EF1KIQ7TMPPF	13227
A2EFKDYHXUM65C	13228
A2EFXCI2F6MC59	13229
A2EFZF68T4U2R4	13230
A2EG26HTVEG0ZD	13231
A2EG6PT45NLSJ1	13232
A2EGFXQG29PDUV	13233
A2EGIJP9ULQ9XB	13234
A2EGJ514GPIGCG	13235
A2EGNH6NVPQBLI	13236
A2EGO4BF7FKXYP	13237
A2EGSV7LMEWX4T	13238
A2EGVYPHQGP8O3	13239
A2EH8QS1OTCIK4	13240
A2EHF06DHNCYSJ	13241
A2EHMJUMMHNS7K	13242
A2EHVPT11JF13J	13243
A2EI0U7SDLHP10	13244
A2EI10I0O2D5VX	13245
A2EI4JSAT7S111	13246
A2EI9JLGS744Y1	13247
A2EIEXY523GA5O	13248
A2EIFZA54OG45X	13249
A2EIICBMR0SZ2	13250
A2EIIYV1JUE9Q9	13251
A2EIN4FQ84GS9F	13252
A2EIRAA1TZJWNU	13253
A2EJ3R8Z9ZIN4Q	13254
A2EJA7BULJTR56	13255
A2EJR9QGA1442B	13256
A2EJU8H6V4M8PW	13257
A2EK1IA0EAETY8	13258
A2EK2IDBR30QW	13259
A2EK4KPZ66UUPF	13260
A2EK4QVFTSQREC	13261
A2EK6NJFMONJ5K	13262
A2EKE189LL1S2R	13263
A2EKIE8ATFNAWU	13264
A2EKJDK7LB5QT5	13265
A2EKPIN655LOW8	13266
A2EKX87HLHZLIW	13267
A2EL69WS9QJV6D	13268
A2EL6L2GW8HKNE	13269
A2EL8TA19T8CJB	13270
A2ELC6D28B6UE4	13271
A2ELEO06E2K4FF	13272
A2EM4AZL4SQU4R	13273
A2EMA1YSI7HUMF	13274
A2EMCVANF61D5E	13275
A2EME8JVGB38AE	13276
A2EMHBRZJ876YZ	13277
A2EMJSBMM8G6T8	13278
A2EMM9HWOSY2Q5	13279
A2EMP03PRWR2VT	13280
A2EMUBEGJ9K0ZR	13281
A2EN2I7F1U36BR	13282
A2EN4P3XN2B49W	13283
A2EN6NWCLIWQEU	13284
A2EN82VBJT44QP	13285
A2ENC3OB738H0S	13286
A2ENC59IPSXYLV	13287
A2ENR8GQFGU4UR	13288
A2ENRZLSCFDT3S	13289
A2ENTWUQ7T7318	13290
A2EOBSJWF4D6OO	13291
A2EODHQXCCWMDH	13292
A2EOGW0X3LKTW0	13293
A2EOLUF36JG91T	13294
A2EOLXPGVSYTY8	13295
A2EOS5VVXAY6B1	13296
A2EP01H4QB9KQI	13297
A2EP0WOZE8HCJX	13298
A2EP1RX8D2NMI3	13299
A2EP57EMKWH6QY	13300
A2EPDMH8SLTHUJ	13301
A2EPG25IF8BNCB	13302
A2EPQ4JAMLV1R4	13303
A2EPRUHXQHL31Z	13304
A2EPVBSAXIY72F	13305
A2EQ0Q38TPO2P9	13306
A2EQ1AE5QW946K	13307
A2EQ8GHKXEF141	13308
A2EQEBOUUSUAXU	13309
A2EQEBZ5GJOS8X	13310
A2EQFAAEFRXDBQ	13311
A2EQW7ARMZ4UQK	13312
A2ER8Z81N29KO3	13313
A2ERIPPSO1YO2W	13314
A2ERMAM9K6DEOR	13315
A2ERPQCDJLS00	13316
A2ERYR2KUTJW3T	13317
A2ERZ82EC2WHD2	13318
A2ES9EVI5S8ZT8	13319
A2ES9QWIA0RT3Y	13320
A2ESJ050BSHMER	13321
A2ESPNN31X5YX	13322
A2ESR6FGCXKJCX	13323
A2ESR8EIFHI2JZ	13324
A2ESZD1Q7VDR9V	13325
A2ETOFMKWSOFVT	13326
A2ETU7AGNRVJUL	13327
A2ETZFYVRCW8FD	13328
A2EU16PZJ4ERNB	13329
A2EU2DD8LJT35E	13330
A2EUE6PV1IKTR1	13331
A2EUH5XN2FKHC3	13332
A2EUHTV1B2SS8F	13333
A2EUQ5UC6VA7D3	13334
A2EUUWOB2WY8CM	13335
A2EV399NUQW9AJ	13336
A2EV8A4U0VAKQ3	13337
A2EV8ZSBVR1V0N	13338
A2EVA4NZDQ7RUU	13339
A2EVAH7MZG4CM5	13340
A2EVEO552TVNU	13341
A2EVO31IF03XQJ	13342
A2EVP0NCXR6IYS	13343
A2EVRKDBMLTRMW	13344
A2EVSJIUHKWIXD	13345
A2EVXVD3MTZAYH	13346
A2EW4C3Z2BG7Y3	13347
A2EW6ZBQ2Y5889	13348
A2EW7EI993AFDJ	13349
A2EW7OW2UEW18E	13350
A2EW9K7KKZ00WL	13351
A2EWGBMNGLX1Q5	13352
A2EWHC4E4NJWMI	13353
A2EWVNQXOSL2YS	13354
A2EX0AD15E9NY3	13355
A2EX9JPUMC7COM	13356
A2EXAIT3Y9KP5A	13357
A2EXBLH4T19960	13358
A2EXJZA8SZ3WCN	13359
A2EXL3YDNMS71N	13360
A2EXR5YN1OKTOS	13361
A2EXX81SQ8EA3U	13362
A2EXY3DYOGN70X	13363
A2EY02PGFDNE5C	13364
A2EY44NH6XI64	13365
A2EY4ZLEMXMWWM	13366
A2EY76NSTMJIRH	13367
A2EYHAJFHYU42T	13368
A2EYIJ0EJQ3FA7	13369
A2EYIPSY8Q1IE1	13370
A2EYRXN2B5CC7I	13371
A2EYVGXW1H3ZFR	13372
A2EYW8YJTOTAGQ	13373
A2EZBKKBVLNXQ4	13374
A2EZCUVYOJCH1Z	13375
A2EZDEAW4YYL54	13376
A2EZNQI4D3FTRE	13377
A2EZPWPPV25KY5	13378
A2EZTM9WY5B5IL	13379
A2EZU2N46J2F0O	13380
A2F03WNSN2NOKD	13381
A2F04953XTHAF	13382
A2F06YMCAZ1TZL	13383
A2F09D0OFQI0RJ	13384
A2F0FEE1NJ8BKQ	13385
A2F0MFYHFEW4HG	13386
A2F0MX3FT66GL1	13387
A2F0ROXOUD8890	13388
A2F0TKHXFTKK4A	13389
A2F0XT3HBYXW2C	13390
A2F1999XMTDB5P	13391
A2F1ACZTJF30CN	13392
A2F1HROM136FKA	13393
A2F1MSIONMUU4A	13394
A2F1P10GGZ7K2T	13395
A2F1PXL27OH60A	13396
A2F1RET9GGGWRS	13397
A2F1Y621TDW7XH	13398
A2F1YGZVQBEYXV	13399
A2F1ZJM6YPO1EP	13400
A2F2GX8AJT5O85	13401
A2F2H3UPS78AAC	13402
A2F2HBXMLHLYU5	13403
A2F2LC1XD7KXGK	13404
A2F2S1L61X1LA9	13405
A2F2W3APPX51PG	13406
A2F2Y0KQKUH5L1	13407
A2F2ZSP8K8WZ13	13408
A2F300193C5XH9	13409
A2F33FCYF1NPO1	13410
A2F38XEOZD8NOU	13411
A2F3BZP3KGVAVB	13412
A2F3M365OCZMGH	13413
A2F3NIU0ZFL1X	13414
A2F3ROFHYPL9QK	13415
A2F3YDC2PKGA52	13416
A2F4BNBT5GNWZJ	13417
A2F4HP0J5VNOYR	13418
A2F4KQRBO2U2VQ	13419
A2F4OUYS6G6LM0	13420
A2F4VNRRG2TQT3	13421
A2F4WYQRUCTLY7	13422
A2F4XBBGUXM19V	13423
A2F4Z24LK8WJLQ	13424
A2F52PN84RTHSL	13425
A2F56AEUMIMXUP	13426
A2F57UZPMZT1CY	13427
A2F5B09QDQ9CSY	13428
A2F5C0EBPWKFOU	13429
A2F5CZHS39GDHD	13430
A2F5HC0J9BAE1B	13431
A2F5JMHCQ4VTCR	13432
A2F60ZCFELDS22	13433
A2F6DKMQYMI7F7	13434
A2F6IFYVCM9DM2	13435
A2F6NMLCGIRZIA	13436
A2F6SMQOWYGNRK	13437
A2F6SSC187DIUE	13438
A2F6Z7413OIAZ7	13439
A2F70QII69R8P5	13440
A2F7FO8H4E6Q2H	13441
A2F7MX6U5J42BO	13442
A2F7RHSW5XNO1F	13443
A2F7Y9VZ628A37	13444
A2F7ZZ2OBVMCIK	13445
A2F80T0IUGFXG	13446
A2F84H8D2U0S95	13447
A2F84YHXON5TNO	13448
A2F8IH21GKLKI8	13449
A2F91AY2NSPSLO	13450
A2F91L8SQH2KGU	13451
A2F92115IBV4RK	13452
A2F99B7LEFVYH4	13453
A2F99JXUJH2Q48	13454
A2F9AT91XBRZ5G	13455
A2F9BXVU5XAOK6	13456
A2F9HPWZ8GRPOG	13457
A2F9I7CI9GWANO	13458
A2FADHG8HLXZRC	13459
A2FAHY26BXZFWZ	13460
A2FAS9WOXM5BBC	13461
A2FB01QZVYRR45	13462
A2FB1NNSZRA93X	13463
A2FB2HRCHCCA6T	13464
A2FBH92A4265QL	13465
A2FBPS1P12N24T	13466
A2FBSKA1CU4ECI	13467
A2FBWUQK2DDCLA	13468
A2FBYE8Y2PLQ2F	13469
A2FBYRA4EC1Z7M	13470
A2FCSA7ZA598UV	13471
A2FCT8D5MDXDXC	13472
A2FCTL932Y03AD	13473
A2FD3BKI7STWQ7	13474
A2FD68WZT9K8KD	13475
A2FD968UE59NML	13476
A2FD9B8CMYY78R	13477
A2FDQNGLH4U48N	13478
A2FDV397XG6O0Q	13479
A2FDYC0Q44ZPO9	13480
A2FE2U1SJ0MT4	13481
A2FE39W85RN2UE	13482
A2FE4E8IZSMTVX	13483
A2FELIJ31H94GE	13484
A2FELXB4ZFOM5Q	13485
A2FENQ6A5V3RHV	13486
A2FERKZOQCHAVM	13487
A2FEWR4OVNEXNU	13488
A2FEZ4ZGL7Q27B	13489
A2FEZP1TNEWMOY	13490
A2FF436AD49VGL	13491
A2FFGPJ5B50CJS	13492
A2FFSEAKN3GRD	13493
A2FFWYG9YYZFA5	13494
A2FFXTKBHRTPIW	13495
A2FFY1Q6L2CIXN	13496
A2FGEAVCCUF9H0	13497
A2FGZ83ECTP0OW	13498
A2FH2OUX8B1XXV	13499
A2FHCVQAT9Y0LH	13500
A2FHCY4ULFZV45	13501
A2FHH3N9BW3OHV	13502
A2FHHZ6DTSHLXG	13503
A2FHIEU3PV18TY	13504
A2FHQD0V1JORKK	13505
A2FI3YOBU8RLKY	13506
A2FI78JWTKM6IB	13507
A2FIC05DY3HT7J	13508
A2FICQ6IEJFK9D	13509
A2FII3I2MBMUIA	13510
A2FIQFWJ260RZ2	13511
A2FIQX6UNOUY0E	13512
A2FIYXK97CTS6D	13513
A2FIZMDFYU92CN	13514
A2FIZTDLE0Z4CE	13515
A2FJ01QYVIQWKU	13516
A2FJ7BKWTQ620U	13517
A2FJFNJPFOFB1T	13518
A2FJK1ISRDJEDI	13519
A2FJKITDY5UUHJ	13520
A2FJNBUUNJBSL	13521
A2FJNUMU9Q097N	13522
A2FJTB2JCV4A2M	13523
A2FKA49K6FT67S	13524
A2FKAMPKL54LA8	13525
A2FKBJMZHQ59NX	13526
A2FKDV5I2Z69Z7	13527
A2FKJ7NGNJFIII	13528
A2FKR2PS626LL5	13529
A2FKU9QFPHTC1M	13530
A2FKUHWZK2SZ0L	13531
A2FKXF5PIY4XNT	13532
A2FL1JCOIO3WKV	13533
A2FL335JPFOLA2	13534
A2FL3IPO6YNBX3	13535
A2FL4S4QZS1EFG	13536
A2FLGNA0TV143T	13537
A2FLJIKJZHRQHF	13538
A2FLNJ8SZT36EZ	13539
A2FLNQJM3QOCEC	13540
A2FM17NGYGQ38S	13541
A2FM8LO9ZOK232	13542
A2FMC0XMUAYS7P	13543
A2FMJSS2G8A99J	13544
A2FMLB5CSV9I18	13545
A2FMQKRKY6QP3T	13546
A2FN0IE9GFFKDR	13547
A2FN0NPCHL03FH	13548
A2FN7WYZP26QP5	13549
A2FN97XZ8IM2BL	13550
A2FNB5YN837MY3	13551
A2FNDRDEQC4KC0	13552
A2FNELJ90JAHAE	13553
A2FNGWFDUJSAZF	13554
A2FNXZYS6SPJ8H	13555
A2FO0DTDADUV26	13556
A2FOS0Q1MV3YGF	13557
A2FOSEIDQETSEO	13558
A2FOTZOZIDLL5J	13559
A2FOXOCGCXCWW0	13560
A2FP03I365VUQW	13561
A2FP1DSJVIYNMB	13562
A2FPLT1C5ARYD9	13563
A2FQB5EAJCMYVW	13564
A2FQEYDRUYC517	13565
A2FQFNC1ASP4ZL	13566
A2FQIOU39ZHLM5	13567
A2FQK4F5MXRTE	13568
A2FQL3421LQWAY	13569
A2FQMFB3J0FEBS	13570
A2FQWQ3I5VLPRH	13571
A2FQYWVBTNJSIN	13572
A2FR0YM3WWZ1WQ	13573
A2FR4QKMSU2Q3B	13574
A2FRFAQCWZJT3Q	13575
A2FRFDKKTDHB02	13576
A2FRGBH6BA2GOM	13577
A2FRKEXDXDN1KI	13578
A2FRPSROV7WR62	13579
A2FRTWC6THQZU2	13580
A2FRYKYU1TBYIB	13581
A2FSBV7GWV3FX3	13582
A2FSCJF0QZECHR	13583
A2FSE22UWD16XX	13584
A2FSOHSM9X13JT	13585
A2FSUMOO31ZVNQ	13586
A2FT0L6KTNRPIK	13587
A2FT2LAKHT1RQJ	13588
A2FTB7GA7EZ018	13589
A2FTRJ6NYCW8N8	13590
A2FTTTN8ABAWY7	13591
A2FTWDAERR0P8I	13592
A2FU5LRHY17OY2	13593
A2FU5ZNYSMGWS4	13594
A2FU9CSHFVYAWO	13595
A2FUD7TNC8HRYG	13596
A2FUDEGJ3R65C5	13597
A2FUGJKJ1NPKWG	13598
A2FUGWBZ7P6ND1	13599
A2FUNN2NPIZXIA	13600
A2FUYL0VVWV2XB	13601
A2FV6JFOAUS9PJ	13602
A2FV7Y8OMFHE6T	13603
A2FVOBIB2G8Y0Q	13604
A2FVX3UAIT3LHU	13605
A2FWAL0RN0LHGQ	13606
A2FWDBKX76ILA7	13607
A2FWKCXS4UQXQU	13608
A2FWKKGF17XN2A	13609
A2FWNUXY1TYDZH	13610
A2FWOBSR97NJUI	13611
A2FWXZ1JATXRH7	13612
A2FX22Q5GSCWHF	13613
A2FXAND2PR5CZL	13614
A2FXBO9EGHSUOK	13615
A2FXBWR4T4OFQ	13616
A2FXD8OFB5LAZY	13617
A2FXFNJ1ZUTBQ3	13618
A2FXQL6DG2ZQKY	13619
A2FXS3E6UIVQXE	13620
A2FXUGSZEX0KAZ	13621
A2FXW6WAU0M8M3	13622
A2FYIB8I55KZEL	13623
A2FYP339SCGKFV	13624
A2FYPI03LN857Q	13625
A2FYRTOJE0LLYK	13626
A2FYTLK6LF86DO	13627
A2FYVKQWTW1BZS	13628
A2FZ544H4U3XT9	13629
A2FZD64CWP7141	13630
A2FZGV30JZNULQ	13631
A2FZVPR31Z0F0A	13632
A2FZXOEZX7334P	13633
A2FZZ5GBGKN1D5	13634
A2G04D4QZAXL15	13635
A2G05BRSHWRRHK	13636
A2G0FDTY9AXNNM	13637
A2G0K3XB5FTAYL	13638
A2G0NNGIMQTB1F	13639
A2G0NYFY1QUG5K	13640
A2G0TVYAGSKV2G	13641
A2G0ZIU8BE6JAE	13642
A2G1FGOABJVDYJ	13643
A2G1GNKRTBQEV3	13644
A2G1H2PC7EENB6	13645
A2G1S86VU4UALA	13646
A2G235JYPLZFKM	13647
A2G24936LOQJYO	13648
A2G2HPUZOAGOL1	13649
A2G2LQDI6HV1HV	13650
A2G2UHBBWVGAYR	13651
A2G32CUOW9GH1X	13652
A2G33D5KZQCK08	13653
A2G343JST0KYKB	13654
A2G3R5XISR71T	13655
A2G43E6FI85SGG	13656
A2G4EKHINPPX52	13657
A2G4LE9ROVV9CM	13658
A2G4MGVWR20OOI	13659
A2G4NAP4ZXXSN0	13660
A2G4OZIYYDN6JE	13661
A2G4VBD4VE9R4Y	13662
A2G4YIO49106HS	13663
A2G563AC1HME2R	13664
A2G564R9F8721P	13665
A2G58R3EDGEOQP	13666
A2G5BE78O1R92R	13667
A2G5H51EFJE2G7	13668
A2G5O30KOVQC2V	13669
A2G5RMMHKRFBGO	13670
A2G5TBOB0CGLRZ	13671
A2G63896Q4QY4M	13672
A2G6AVFMX15TL6	13673
A2G6B4RO3QDOZ	13674
A2G6CUQSZIZ879	13675
A2G6TC3EQY0SY0	13676
A2G75S57TJXXG7	13677
A2G7AXV0AECKWD	13678
A2G7B7FKP2O2PU	13679
A2G7FO0O9NM3BQ	13680
A2G7YC89EHUP2G	13681
A2G7ZTIQDJC1MX	13682
A2G802DC2EOBBR	13683
A2G8CLS6JZ1C27	13684
A2G8G9OY3HIULN	13685
A2G8NUSFCLYXO9	13686
A2G8O3QXM9EGJS	13687
A2G8VUPL4UE70M	13688
A2G8XKV2WISMH5	13689
A2G95HWG4FGTUV	13690
A2G97FURZ94KH7	13691
A2G9BIOH5LDYLN	13692
A2G9C73B44VH4V	13693
A2G9PDL7Z5V69G	13694
A2G9Y4Y5KWNIS5	13695
A2GA26AEIRRJVY	13696
A2GA2SO3YK6CXI	13697
A2GA55P7WGHJCP	13698
A2GAKGT138CJZS	13699
A2GAKPXUACRPRT	13700
A2GANR9I6XHTU9	13701
A2GAX9G9ANHFT8	13702
A2GB5URTPDDVUG	13703
A2GBBFPROUYQQ9	13704
A2GBMCM85HEBRG	13705
A2GBPTQE0AKNNN	13706
A2GBQVP43UVKTA	13707
A2GBWBP9KQTXTB	13708
A2GC5IG3EN0QRC	13709
A2GC9O1HDTNOE3	13710
A2GCAXEAVBW2AG	13711
A2GCFD2FCQ572M	13712
A2GCG4E1MQUPGS	13713
A2GCJMPR4E9X04	13714
A2GCMWJAFC6LXM	13715
A2GCS5QU0SITDR	13716
A2GCX56ZS2S0LA	13717
A2GD2HORAJHBK5	13718
A2GDCQCAW7MROS	13719
A2GE1OE1PX6HQK	13720
A2GE1RV1B4BQGA	13721
A2GE5TAN73Q3FA	13722
A2GEELTYH72AS0	13723
A2GEGDLQIT5DME	13724
A2GEQ4OKOOHGD2	13725
A2GEZK7H9ZCR9W	13726
A2GF4HIGGUOXLS	13727
A2GFE6N13S1ED2	13728
A2GFFZOR37D63F	13729
A2GFJD5YHR82MA	13730
A2GFMYKXJ60WBW	13731
A2GFOEIMI7HEJP	13732
A2GFZ854VZYV8F	13733
A2GG0N2YR1CMZ8	13734
A2GG80H7CDJZY6	13735
A2GG8DQ0LRCKXD	13736
A2GGC71FBT97WD	13737
A2GGHGT1HNAR5F	13738
A2GGKJ318HO2GE	13739
A2GGSATDJDSA7R	13740
A2GH0ZT2XLKJUS	13741
A2GH3XBSJN0VJD	13742
A2GHHXNQM9C23L	13743
A2GHU2PSJU8EYW	13744
A2GHWHSW97USHX	13745
A2GI8J7RW5XTUL	13746
A2GIBY67QBVVP6	13747
A2GICPT6674DXV	13748
A2GISQ90CZVKZC	13749
A2GITZ46FAPUIG	13750
A2GIVMQVE3QV4N	13751
A2GIXK9IT6J13X	13752
A2GJ3UXWWG720C	13753
A2GJ48Z6QZCNC2	13754
A2GJM8UOG6KGVP	13755
A2GJVHVP167ZRN	13756
A2GJVUM5R4BQAE	13757
A2GJX2KCUSR0EI	13758
A2GKHS8I77QMD1	13759
A2GKLOCE3A3L3O	13760
A2GKU7ZS8DIIG7	13761
A2GL4ND7RYKQWX	13762
A2GL6WUBSXI3EV	13763
A2GL70AZ8MWXI3	13764
A2GL7LL9AXU6AG	13765
A2GL81ILB9TOBQ	13766
A2GL934UT3XENH	13767
A2GLAUISMPF5P1	13768
A2GLB8JLSGJON2	13769
A2GLL4QLIGHUS0	13770
A2GLVJ2BSRN5YQ	13771
A2GLZXVZ58WQE3	13772
A2GM1432F61RY7	13773
A2GM88360Y6TQJ	13774
A2GML5RFMHMAYW	13775
A2GMMSEVCLB3TW	13776
A2GMZ5T5UTLZ8I	13777
A2GMZZ6TDYOHY7	13778
A2GN6P9QI578AF	13779
A2GNQJT9BAMZGA	13780
A2GNW5N923EPCS	13781
A2GO3TQ91Z6ZU4	13782
A2GO5Y2Q3H1KW2	13783
A2GO9986W3S3QI	13784
A2GOHWIB3YUXLI	13785
A2GOIWB3ZXN98V	13786
A2GONGZDK1V6NO	13787
A2GOQDL887BYJO	13788
A2GOXKVGZ7ZCSQ	13789
A2GP3K6OA56Z49	13790
A2GP3V1B8Y2C6D	13791
A2GPESJB64JUW2	13792
A2GPHG95QZBIXQ	13793
A2GPLOLLE6BUDT	13794
A2GPMFZ3BWVUCS	13795
A2GPNXFUUV51ZZ	13796
A2GPXR26YE0GHW	13797
A2GQ00F5BVSWGF	13798
A2GQ5OU1199USN	13799
A2GQFOXU55F0B2	13800
A2GQLUHTIRLOX6	13801
A2GQOFA3U0YWCL	13802
A2GQS16NHRJGPM	13803
A2GR8DKPGFS0FX	13804
A2GRLX5RBQ7S50	13805
A2GRXKP57LXEK	13806
A2GRXWBX79MVWL	13807
A2GRYH1RMYA2LV	13808
A2GRYN2DYGFM8L	13809
A2GRYRS1K24HXL	13810
A2GS0Y30WD8UCA	13811
A2GS8LBEKDP1CW	13812
A2GS990KN29NLW	13813
A2GSEWRGV8SDAK	13814
A2GSJ4ZUKDKTX	13815
A2GSKHGUPAM59E	13816
A2GSKOEQTILQB7	13817
A2GSLO6QB8DEKQ	13818
A2GSNN6EH9K2HD	13819
A2GSTGJBMF5SAS	13820
A2GSX4G2RMNFVA	13821
A2GSYHFM4ZBCR5	13822
A2GSZLSCWNE15C	13823
A2GT9DQBWWIYT	13824
A2GTBEL7DQCHPM	13825
A2GTBPR5CC5R9A	13826
A2GTDOVJSCPCVJ	13827
A2GTIB46JPJKZQ	13828
A2GTPS5XW6KDZO	13829
A2GUALW8JRM3Q6	13830
A2GV1D90JNS81L	13831
A2GV96XCT8BJPI	13832
A2GVIEI8JINBLE	13833
A2GVM2T7J83D22	13834
A2GVM8GIPKP1K9	13835
A2GVN2PGS1PEKD	13836
A2GVOG52LTACMD	13837
A2GVQFV1U570NK	13838
A2GVVAO242EK1D	13839
A2GVVLUS9N1ABT	13840
A2GW0CGJYRVG28	13841
A2GW10GDD6O3DB	13842
A2GWG83M55OWRA	13843
A2GWI8ETASAKJS	13844
A2GWKOS628IZHD	13845
A2GWUGD1MRB4K5	13846
A2GWWSS1IO6UHK	13847
A2GX0J855MQIB5	13848
A2GX4KWO3V42Z	13849
A2GXYEOM1JSZRG	13850
A2GXYICAWU5MRT	13851
A2GXZGPJMZB64L	13852
A2GY2CR1J65GD5	13853
A2GY7OZE8SAX9H	13854
A2GYK1G1AYJ6W1	13855
A2GYQ4GLWE7LMY	13856
A2GYV87WW0DMSN	13857
A2GYV8V1EWOERG	13858
A2GYWG2SSVWEOT	13859
A2GZ0XEBG58DV0	13860
A2GZ6DMYRXFADP	13861
A2GZ8OZHKN23IJ	13862
A2GZ9XFISB3NDB	13863
A2GZRAEIECRVGP	13864
A2GZVMW4Q8UTR6	13865
A2H0734J35EB5Q	13866
A2H0CCQ794RW19	13867
A2H0N7LIZKT8YG	13868
A2H0RDOO3JWNY8	13869
A2H0TCT00MCGZA	13870
A2H12N6RUCZJFZ	13871
A2H18QM74QL2XF	13872
A2H1B7S8CMBZ7Q	13873
A2H1KT8AS0BZI9	13874
A2H1LEEDGEGN5T	13875
A2H1RVM8WJVIYA	13876
A2H1U31KRK5X5L	13877
A2H1UKS9Q4DC59	13878
A2H25I12T49OH7	13879
A2H26T28BZT4XR	13880
A2H2H6SQVHRIER	13881
A2H3EUG31V891I	13882
A2H3H8ODGO6LBW	13883
A2H3QFVKZ1I74A	13884
A2H40QBLWUWPHT	13885
A2H44WVZS59KKT	13886
A2H466J5UT3PAR	13887
A2H4A6N3USQWS4	13888
A2H4BI73T22WOZ	13889
A2H4BSWKWF259W	13890
A2H4DWHRZY2WRJ	13891
A2H4LL38D7AZSB	13892
A2H4LYX1UJ0S9A	13893
A2H4OMJLE7JFM2	13894
A2H4PD9JQMQ7S8	13895
A2H4R3DOVF10TI	13896
A2H4TWGVULW3Q	13897
A2H4UCO29FQ9OR	13898
A2H4WBSL2RY503	13899
A2H52ZWQ4MVWW3	13900
A2H532HBU2CCTG	13901
A2H5L2PD9Z5HNV	13902
A2H5NDVV3WL1HT	13903
A2H5NQKUE739YL	13904
A2H5PMVROR0RUF	13905
A2H5PWKGS0EKY	13906
A2H5XX1GR5IGT5	13907
A2H5ZMH5TFB9GK	13908
A2H6435DRTHNEQ	13909
A2H667ZUNLNTF1	13910
A2H66CUWZL4R29	13911
A2H6KP4QFS31TQ	13912
A2H6Q6AK8S90F3	13913
A2H6VATF15AI4J	13914
A2H74I05QE5PSC	13915
A2H7878HZGMKEJ	13916
A2H7BH7KXVT2C9	13917
A2H7ICQGFXDI4S	13918
A2H7JLY74FAOCL	13919
A2H7PPIJFI1I69	13920
A2H7Q4UOD7JV80	13921
A2H7UAC1KYRGZY	13922
A2H7XI46MOT0NL	13923
A2H7ZNSQQ48YY	13924
A2H8B0VM2XLYM2	13925
A2H8QTYB4OG1HI	13926
A2H8UOGDHZL1GD	13927
A2H8W05KTHYG8O	13928
A2H8XAS6LBTW94	13929
A2H915TSRIXZVR	13930
A2H91FJED7R0MA	13931
A2H96KYWABB5MW	13932
A2H97JLEGE2LPL	13933
A2H98RXIKTJDVV	13934
A2H9FWMB5HY87E	13935
A2H9R64T8WOMAB	13936
A2HA2HYRPAX38S	13937
A2HA5IZNHXGRC8	13938
A2HAD8X14BVSCR	13939
A2HAPS71LCNE5W	13940
A2HAY3Y1YU796X	13941
A2HB257WPURN1	13942
A2HB8T3YR1WPML	13943
A2HBKE72S3OUZR	13944
A2HBMRT4U5G7S3	13945
A2HBP3JIK6PBNU	13946
A2HBQF4RXO8EUS	13947
A2HBXVLFBLRGRQ	13948
A2HC6QWJDXIFAP	13949
A2HC94KQKVGIA1	13950
A2HC9549CZAKNN	13951
A2HCGBJESN9UA6	13952
A2HCHU60G30OFD	13953
A2HCKG7PE4YR1N	13954
A2HCMUM6BKMIC9	13955
A2HCOJH2VXW9BN	13956
A2HCPEH28KNK5D	13957
A2HCS79UZ5Y66B	13958
A2HCSRKK2JL0T1	13959
A2HCUHE2BLADJ8	13960
A2HCYN0LHBNKO	13961
A2HD3PJH71FO5M	13962
A2HDANIG41SKEW	13963
A2HDFVGOVTXVIQ	13964
A2HDHN3ICK8D7L	13965
A2HDNC32IICQXZ	13966
A2HDP6VU3PLJ81	13967
A2HDRLRKSPZSDW	13968
A2HDUXGAEC1050	13969
A2HDZT3MDNVLJ9	13970
A2HE81NLOBVGNK	13971
A2HEFKR3769OMM	13972
A2HEPQFEHWBY0S	13973
A2HEQZZ0NGG0ZN	13974
A2HERR8HPFY5Y7	13975
A2HF3IPLRCSVWV	13976
A2HFDOZ78GT414	13977
A2HFFOI0PYEKPR	13978
A2HFI6QDZM5DZA	13979
A2HFNL2I6JRBTE	13980
A2HFUBD5S1TNY9	13981
A2HG37UWGBAD9H	13982
A2HG57DFYAHGZA	13983
A2HGH4RJLMK72T	13984
A2HGHE44XGKMS3	13985
A2HGI745U4M2V7	13986
A2HGP48RRYBA54	13987
A2HGQP9OQEQFHR	13988
A2HH1MK56OW5YS	13989
A2HH9JBPU188JZ	13990
A2HHAUALCNU4DV	13991
A2HHIK3SWFT395	13992
A2HHJ0KPA7GO81	13993
A2HHJH9VNY5084	13994
A2HHLC25NIQ64X	13995
A2HHMQPWBJ0XVY	13996
A2HHX32L7VW1NA	13997
A2HHZ8YT10ETP1	13998
A2HI35H2BOCV9R	13999
A2HI3BFDVEBF94	14000
A2HIMT9BK0VHUI	14001
A2HIVY7X6UKRU2	14002
A2HJ6NYMRS3L3T	14003
A2HJULF2DPKRME	14004
A2HJUTN2EMIILZ	14005
A2HJZ4L0Q1BXKB	14006
A2HKDX5H3EV1W3	14007
A2HKPMMLKYH1VO	14008
A2HKUM9OEBQKDW	14009
A2HKVEP7IMUT76	14010
A2HL19TX37LKHQ	14011
A2HL284XMU9E4G	14012
A2HL609RR13WNZ	14013
A2HL6I3GU3ELGQ	14014
A2HL8CL6QLU04S	14015
A2HLO10HRPI5KN	14016
A2HLWF7ECHOTIA	14017
A2HM0BB7RATTNT	14018
A2HME0Q2K23B5Y	14019
A2HMF8ZR67BNZS	14020
A2HMG925YHACE2	14021
A2HMOPMDG3V0O2	14022
A2HN4PXJB3FAA	14023
A2HN5AMWG02F1	14024
A2HN5PFYDNW4RM	14025
A2HNB7IBHRXA34	14026
A2HNERMXSG49RV	14027
A2HNL6Q79Q0A3N	14028
A2HOA0W5WDF9XF	14029
A2HOCQJKNNN2GQ	14030
A2HOG3LY823CCX	14031
A2HOG3W6M8060T	14032
A2HOLM5I1ARX9J	14033
A2HOPI1ELLH0M	14034
A2HOQBRJR6AF35	14035
A2HORC7THGZ5XA	14036
A2HOSSXOI2WIQK	14037
A2HOX3YLZZR427	14038
A2HOYTOAPX9XTU	14039
A2HP6MAQN7D3JJ	14040
A2HPBVI43YXCCG	14041
A2HPFQG1ZZGD60	14042
A2HPKWCRQT4KGR	14043
A2HPTLW9K09WYW	14044
A2HPUO5CLWZ795	14045
A2HPW4X7429R3W	14046
A2HPWRPW2A29D4	14047
A2HQ971GTX0SVR	14048
A2HQHUEOTG9XUI	14049
A2HQK8KUF41U4N	14050
A2HR3VCCR2ETBD	14051
A2HR892W9K2G8L	14052
A2HRHF83I3NDGT	14053
A2HRNALH3SXVVX	14054
A2HRZFF7OV955A	14055
A2HSH20U8P90C0	14056
A2HSLZFSWS72FG	14057
A2HSMGTQY6FADK	14058
A2HSQM5KNHX9XL	14059
A2HT05OASZO53B	14060
A2HT6JWBE4YBR1	14061
A2HT6X1MMOBOAU	14062
A2HTOG7TTBU5Z2	14063
A2HTWILZUNAWJ0	14064
A2HU0QQC7XPYCE	14065
A2HU8UHKNP1TNZ	14066
A2HUC0ZMZ6T5YB	14067
A2HUEH780SN4NG	14068
A2HUJQL69W4F6X	14069
A2HUJRL6O0I35I	14070
A2HUK7FFSZQM8W	14071
A2HUUWM3ZEQWBV	14072
A2HV7COJAVH40	14073
A2HVFRTVJ4898G	14074
A2HVGA61G22KI3	14075
A2HVGWIXST8SOO	14076
A2HVMUMOKOGCQ9	14077
A2HVQEMIN4FUSW	14078
A2HW0XHWZO3O8J	14079
A2HW3SRO577YL7	14080
A2HW6O3O1CVO7T	14081
A2HWI2NJW39GBT	14082
A2HWMIRHZ5FOST	14083
A2HWNVFQ2Z9MHM	14084
A2HWNZ3UF83YW0	14085
A2HWR1MAFFD5UC	14086
A2HWZGVL5R7MSN	14087
A2HX0329FY3HDS	14088
A2HX1BMDW2WK2K	14089
A2HX1OWXTWQB60	14090
A2HX5KDLIX1Q2I	14091
A2HX71WL0CGQPA	14092
A2HXFV813OS22D	14093
A2HXPG9E2YDM5Y	14094
A2HXTYKVZ8BWJD	14095
A2HXYAMSGOKKNA	14096
A2HY1IGOK2MX5G	14097
A2HYAM92LWVPWS	14098
A2HYTCI07BRL8E	14099
A2HYWEKO09K483	14100
A2HZAJOSET6UF	14101
A2HZE2D9UZDYQ2	14102
A2HZLT6N4OLB4J	14103
A2HZSEPLBC71K4	14104
A2HZXO2JBQ747S	14105
A2HZZ1IR0AHQSR	14106
A2I0124K2A4YW	14107
A2I01KAQLS6BEU	14108
A2I0XOKD1SF8P	14109
A2I11ADRW6JBUQ	14110
A2I16H4G45XDM0	14111
A2I19MSKK7G4P	14112
A2I1B7GHNP1JTA	14113
A2I1N9NJL55I54	14114
A2I1R1KTU6FFLL	14115
A2I27S48Y59RH0	14116
A2I2BWGSKPRIY8	14117
A2I2KPNJDQ9SL0	14118
A2I2SVP54OAQFE	14119
A2I2W3EGGCONX8	14120
A2I2WS8UL72QFY	14121
A2I2XP28QSHAOZ	14122
A2I30PYLWBQ9Z4	14123
A2I335VWJFHOM7	14124
A2I38NWB69TY45	14125
A2I39WJIGIDSJG	14126
A2I3AGJ2AHZL1X	14127
A2I3BRKJIZ8JDQ	14128
A2I3BWIY35O2SX	14129
A2I3EJOMFO2V6H	14130
A2I3H6UPBB4HN7	14131
A2I3OSED11QXG1	14132
A2I3PB5SUBRG8W	14133
A2I3WBBLEAH35M	14134
A2I44YCIIV9TYM	14135
A2I47S2TXIS432	14136
A2I4H32PHTJIVW	14137
A2I4H965C16V7Q	14138
A2I4NRKPMGL07Z	14139
A2I56LKPCFLX38	14140
A2I5JB8YY7317N	14141
A2I5LVVQ7WXEH6	14142
A2I5PCHNQD4HT9	14143
A2I667PQJERBZE	14144
A2I689S2XU9V51	14145
A2I68CD3VP1VW7	14146
A2I6F1QQ8YDZ01	14147
A2I6GN7OHB9JKF	14148
A2I6HLZGE4TE0E	14149
A2I6PZN4NH3X73	14150
A2I6UHVC3D913B	14151
A2I6WVMSP85CYP	14152
A2I78OKM03ZTZ2	14153
A2I7FNNMP8ALI4	14154
A2I7K5OIEXUI6R	14155
A2I7ONASN9H14D	14156
A2I7R6UNJK0WPT	14157
A2I8FCRW5OT9RG	14158
A2I8J6GW1H6LWU	14159
A2I8JIY709ON92	14160
A2I8KGQRIXL59C	14161
A2I8KUDXTC9WYI	14162
A2I8LFSN2IS5EO	14163
A2I8M60NM4CCB5	14164
A2I8OSIAQ214VT	14165
A2I90O5FVEVH6J	14166
A2I93OMO3ND10J	14167
A2I94W1M53X3QU	14168
A2I96ZLAZEE7B2	14169
A2I98OOPNIJNYY	14170
A2I9AKBQD404C0	14171
A2I9NJ634JTN5E	14172
A2I9R1C8LQ5W2A	14173
A2IA1EAYCYN4F2	14174
A2IA9SKNDS6ZN2	14175
A2IAHAHMT4ZTDE	14176
A2IAHIO9LCK1VO	14177
A2IAL57T8BWVMQ	14178
A2IAMRTW4K0N6J	14179
A2IAP43WJSU7LM	14180
A2IB32JCADBIC7	14181
A2IBAI6PGMWF0V	14182
A2IBK1SXKJGBHH	14183
A2IBRQ1TSN1A7S	14184
A2ICAW3JU0YHNC	14185
A2ICHRV0PDKF34	14186
A2ICJLMV0FYZD7	14187
A2ICKE6A3MJMM5	14188
A2ICKZFBMHCMUK	14189
A2ICQKPAZ3PV22	14190
A2ICSUK15O59V	14191
A2ICTRC5BF0JB2	14192
A2ICW4F3OGVGJS	14193
A2ICXQ3XIWLTI0	14194
A2ID0K4XTGUS4R	14195
A2ID2B5JRMIEOU	14196
A2IDBXJOCZYWMY	14197
A2IDDA8HKZE73P	14198
A2IDIEB61HHIDZ	14199
A2IDKPB55BUEOX	14200
A2IDLA79NWQ3ZX	14201
A2IDQKOD7GLNXS	14202
A2IDRAYYZ5GKBZ	14203
A2IDRC0KFN4QQL	14204
A2IDRP8XP6FQ28	14205
A2IDUU3MB0I480	14206
A2IDY2ONT68A4D	14207
A2IDZP6NK9MBOS	14208
A2IE2973DST5CI	14209
A2IE4ZEX28PAM3	14210
A2IE7DOM6LCEJG	14211
A2IEGPUUBSYTHT	14212
A2IEMWCKM2VEP9	14213
A2IEOHFEJYJUZ3	14214
A2IEPJSI49NYB2	14215
A2IEPRFVN9VGS5	14216
A2IEUX8S2XA4HI	14217
A2IEZRUSOLPU75	14218
A2IF2OND8SJMAP	14219
A2IF554Q0XSAJ9	14220
A2IFE5XHZ0DEG5	14221
A2IFGGXG3YV3Y6	14222
A2IFKH3TJ10387	14223
A2IFO6ATLW6RYG	14224
A2IFSBCMM4W1X	14225
A2IFWELIS6HIHH	14226
A2IFWZVL0I6T2A	14227
A2IFY6958MRGEM	14228
A2IG39NCTE0JR1	14229
A2IGDO6NZFC4VM	14230
A2IGQH1EMZ4F63	14231
A2IGQTO0WAO02R	14232
A2IGS53E10TTHY	14233
A2IGW6WPVX0HSL	14234
A2IGZLYJYZD070	14235
A2IH2QGM2XCFLF	14236
A2IH4A4NBX6KPO	14237
A2IHDSWGOJBZ2Q	14238
A2IHL93U4QA9B	14239
A2IHMGDDWVH21Z	14240
A2IHO7ST5VIANJ	14241
A2IHUG92CTF0Y1	14242
A2II09GQGWOMTQ	14243
A2II52L57DPUA1	14244
A2II5RVB13J0M5	14245
A2IIAQ7VVAHXTD	14246
A2IIB10X0CECYV	14247
A2IIH53MGQ41PG	14248
A2IIOKFYWCBRS3	14249
A2IIOKUHLJK0IZ	14250
A2IIS89RQRZ2UW	14251
A2IJ25BP9GB454	14252
A2IJ492ZI67ASZ	14253
A2IJ5J49LZKLH4	14254
A2IJ8LK57KPF8W	14255
A2IJ8P73DJS84X	14256
A2IJ9UOPEHJSGQ	14257
A2IJKI8J1QXWJH	14258
A2IJPSIB1X1KX3	14259
A2IJVM0M2JSS41	14260
A2IJZREEQ9FUPA	14261
A2IK5ATG02VZRK	14262
A2IKA0X8X4M3N	14263
A2IKBGVWRIC49X	14264
A2IKISKPDXNQ8B	14265
A2IKM7EO7M7NBQ	14266
A2IKRYZMX9AB7Z	14267
A2IL6TBD2PFTHM	14268
A2IL8GDDPLA5E2	14269
A2ILEFMS2AIITR	14270
A2ILMCJBXWF5TS	14271
A2ILO0HT8MH7D5	14272
A2ILUNU5WIB9E1	14273
A2ILUWOPU3H1EA	14274
A2IM8FIJ4TRXJ8	14275
A2IMGXKDCVQ0YH	14276
A2IMLOJ2Z2QEU2	14277
A2IMNOTNFUMQW2	14278
A2IMNPA7DUPZES	14279
A2IMRTPCOY7OX5	14280
A2IMT24918V7V7	14281
A2IMXULGCT0A6X	14282
A2IN8CA0B54CYJ	14283
A2INA3KNWJWM1Z	14284
A2INOMQNVE6XU1	14285
A2INPKN9X03GWF	14286
A2INUQMZX1BJ37	14287
A2INXDFPTAFI75	14288
A2INYUJVYI71UB	14289
A2IO1ESNSIAXG3	14290
A2IO8XY0DNUA0M	14291
A2IO9TH5RIBF1M	14292
A2IOJW6BWSO55P	14293
A2IOJZ85PLXKMG	14294
A2IOLLEW59GC37	14295
A2IOQZR1KNFNJK	14296
A2IOUTF1FEQOIJ	14297
A2IP1S6EIHNLDJ	14298
A2IP2F3FRSWSRS	14299
A2IP5YRO1LVUK8	14300
A2IPAQZ8GTU7RC	14301
A2IPDJISO5T6AX	14302
A2IPGRY7422QN0	14303
A2IPM65FLSHIZ7	14304
A2IPNS3EBNKRYO	14305
A2IPQF3ILYCNZV	14306
A2IPRIFUBUEF44	14307
A2IPYAJOD0OG0U	14308
A2IPYGF7WFSFN6	14309
A2IQ70PCVBTLWT	14310
A2IQEB5BRPOIOG	14311
A2IQF161DYA68V	14312
A2IQNM33F848T7	14313
A2IR9PGIBU6A0G	14314
A2IRN6I56X6H9W	14315
A2IRW33MJ0HUMB	14316
A2IRXEN4UWOFDI	14317
A2IS2CYVKQD3DO	14318
A2IS2O8MBLC962	14319
A2IS6DLR9D9DBM	14320
A2IS6XOKWVP25Q	14321
A2ISFIAWJZLYTH	14322
A2ISQAKVQCNHR5	14323
A2ISXNMAL6KGVX	14324
A2IT7S59GSASN7	14325
A2IT923TCUM63I	14326
A2ITC68W9RTCLP	14327
A2ITLX73DNJAYI	14328
A2ITXO8D1RED3Z	14329
A2IU6HUGZREULC	14330
A2IUBC6UUMXCWC	14331
A2IUBVE4MGRYLF	14332
A2IUIOFOUUGA7E	14333
A2IUKR58R88PG8	14334
A2IUL0D0THXBDD	14335
A2IUS6LUIOQXBA	14336
A2IUTQGMCLC3LT	14337
A2IUWIS8F8ZSZN	14338
A2IUWULLASAOH9	14339
A2IUXC55PAOY06	14340
A2IV4J4Q2SFY4M	14341
A2IVD1I8IBCKHJ	14342
A2IVFR4GJL1TEH	14343
A2IVIBICSMI3FO	14344
A2IVMRCGXJ5ZQ9	14345
A2IVNNV2N8D2MD	14346
A2IVZLCPYCOFTR	14347
A2IW0326MP3ZZZ	14348
A2IWPHVSMDQUT	14349
A2IWSO5TUUDXUU	14350
A2IWU4GDMGGX3Y	14351
A2IX78SEP2XHA	14352
A2IX8I3GQ6NYEV	14353
A2IXKV6RUJEHUI	14354
A2IXZAHIAOMQO1	14355
A2IYA98RF2AN4R	14356
A2IYBF3BLJ2NJI	14357
A2IYLOA1WC5AW1	14358
A2IZ9IE58SXIX	14359
A2IZ9ZSFBW7JX8	14360
A2IZG5QZVKXZXI	14361
A2IZI3R3VMXRNL	14362
A2IZPNW75ZYZME	14363
A2IZYDPYDIQEPR	14364
A2J0346RDF9242	14365
A2J065ZZK89T64	14366
A2J06QNGAXV2FC	14367
A2J0CBOX33QZAR	14368
A2J0QEOGHVHXTC	14369
A2J0VUHYJB83CQ	14370
A2J0Y7L1MXGUB2	14371
A2J0ZIPH37WB3C	14372
A2J11LO19PHVDC	14373
A2J12DAAK9PW4H	14374
A2J13SI7KEUGPB	14375
A2J14781GXRRKS	14376
A2J15NIEXN1VJV	14377
A2J16UN5L86OVC	14378
A2J19Z050JG88W	14379
A2J1I2E9NVE28V	14380
A2J1M1TVR3H3G6	14381
A2J1OKBX2W5Q4E	14382
A2J1PH0ZLSD4SM	14383
A2J1QMGQ432RAJ	14384
A2J1TCMP9U4LP4	14385
A2J1TW2O0EWMML	14386
A2J22M1W2FG6P4	14387
A2J2C45KM6169W	14388
A2J2V7BOE9CZPI	14389
A2J36GPBJE1NV5	14390
A2J3KCEE4LBEZ9	14391
A2J3NK0SC66TD1	14392
A2J3NMGPPNT4NT	14393
A2J3R7YH9DQE3R	14394
A2J3VCGBNDLAKF	14395
A2J427YKNDISZP	14396
A2J48R128QPIFB	14397
A2J4AD9S4REUCS	14398
A2J4GTZ0EE4W6G	14399
A2J4JBKUPHM6K8	14400
A2J4LBOA2ZLQ7Q	14401
A2J4LI8B2KO6G0	14402
A2J4NPT7IYNOOB	14403
A2J4XMWKR8PPD0	14404
A2J559AG3AFAZY	14405
A2J57VGDETZKF6	14406
A2J591OLWPBEMQ	14407
A2J5ASQLRWGPST	14408
A2J5B8PEVMUJUM	14409
A2J5K34IVW758I	14410
A2J5LLKS4PKW6M	14411
A2J5VR1Y5XT8O0	14412
A2J5ZYAM27DY09	14413
A2J63IBWUEHCFE	14414
A2J68YYTEHZISC	14415
A2J6CLO6NQT13J	14416
A2J6DEWYK9OXYS	14417
A2J6UJPUXJMB8C	14418
A2J79L160EOHPR	14419
A2J7FEGDIK115E	14420
A2J7G7OMMRFT6E	14421
A2J7GDSD5B3Y52	14422
A2J7HPDIZHVX6J	14423
A2J7SCPS0IS8BO	14424
A2J7SLFE2U4XFW	14425
A2J7WJZA34WVY	14426
A2J7Z4IPF74HMS	14427
A2J80MM6Y3EB4O	14428
A2J811I8ALGPIG	14429
A2J82UXECZA63F	14430
A2J84AFOAA2VUS	14431
A2J86871M4QTPK	14432
A2J86GX5QZCEJ5	14433
A2J8DE8R94ZB02	14434
A2J8NCGR14OSJG	14435
A2J8P71K1DWF6J	14436
A2J8Q8WJA1924J	14437
A2J8T0PPDZ5XSB	14438
A2J93WD0W5I1EE	14439
A2J97NYA3HUXR5	14440
A2J99N1B1Q5HX9	14441
A2J9DFIQ2EEFXC	14442
A2J9LAGI0DEDIL	14443
A2J9QPXOG89WKF	14444
A2J9ZB8BZNFYY8	14445
A2JA6DFZIM4AF9	14446
A2JA8EMRNT3ON	14447
A2JAB8O2WUFS9Z	14448
A2JAEZ0FMAMJVW	14449
A2JAFF2W8R4BQN	14450
A2JAODDUT66BKP	14451
A2JAV75NHHM54C	14452
A2JAVRKP5MBXBY	14453
A2JAWQ0WCHWWTE	14454
A2JB3U70NTYSOD	14455
A2JB9BKQSAL9FW	14456
A2JBADPRRLJMQK	14457
A2JBC4GLQYYA73	14458
A2JBFLVM49QPP3	14459
A2JBQYGS9TPGSU	14460
A2JC3J1AYQ63	14461
A2JC5S2966M2WE	14462
A2JC7B8BSVQGQS	14463
A2JC7IX0CV1Z4W	14464
A2JCCDGEMNTR93	14465
A2JCFZ0HYLSD9D	14466
A2JCHTDOU14RCS	14467
A2JCKEZPNEV98D	14468
A2JCMZBIU1JFU1	14469
A2JCSQBDMZQEML	14470
A2JCUPWL08XK9I	14471
A2JD2BQFIXRS96	14472
A2JD4XDONYWODM	14473
A2JDOCFFSLY684	14474
A2JDR7FP80EZ2S	14475
A2JDTSEOGB8W25	14476
A2JDUHUCHA17ZC	14477
A2JE071UW97J2A	14478
A2JEIY0NEJSR53	14479
A2JEM8Z0H278KU	14480
A2JF42XAIYERU2	14481
A2JF94G7O0EV2K	14482
A2JFE2NC71ADKI	14483
A2JFF23K5FUHE3	14484
A2JFL163HUJZG3	14485
A2JFMZEVGTZF3M	14486
A2JFRW0J346BM7	14487
A2JFZCR01VPGF6	14488
A2JG5LR4OU9VZ8	14489
A2JG7N5JJAHIOV	14490
A2JHGCWWCNSIYI	14491
A2JHGQYTYZ6V66	14492
A2JHQJEAONWIBR	14493
A2JHXYTA6LU1PL	14494
A2JI9Z6EUX0LVZ	14495
A2JIBDS7NU574	14496
A2JID1UT9IGH14	14497
A2JIDRETQ88QUB	14498
A2JILAIDJAZ6I7	14499
A2JIMCGM0MP5D8	14500
A2JIO1OLZ4QZBW	14501
A2JIWJQCQ0190K	14502
A2JIYYKV28AMCP	14503
A2JJC5A3GKWCKW	14504
A2JJIBBRQ3A3IG	14505
A2JJIYK65V1K40	14506
A2JJJ1I9AI3AL1	14507
A2JJP5G4T2TF43	14508
A2JJQ5G1OOEOV9	14509
A2JJW7GS8UF79D	14510
A2JK2N3NI9TFIJ	14511
A2JK4A6PS4IFQ4	14512
A2JK5JDP5IVUWA	14513
A2JK990M4ZGI31	14514
A2JK9V7AK253V9	14515
A2JKFPK9FPNIAE	14516
A2JKJWSKICT3YM	14517
A2JKM8KF3296CW	14518
A2JKX2F1M12YBW	14519
A2JL0WY886OU3S	14520
A2JL1GIC0JAFW9	14521
A2JL1VSF7J69Q7	14522
A2JL7G6A66ADZG	14523
A2JL86LINAF4M2	14524
A2JLDOBCZCP8DE	14525
A2JLI05ON1GN4M	14526
A2JLQEPHB605Y4	14527
A2JLTBV7Y9RI5L	14528
A2JM70FHAO0KG4	14529
A2JMFHXKXUGH32	14530
A2JMHVTKWQXMWJ	14531
A2JMJVNTBL7K7E	14532
A2JMTFUPMSR4Z1	14533
A2JMZ2K991NIXX	14534
A2JNDORHLCGKKS	14535
A2JNERP35PJ5QH	14536
A2JNI86BFRL3LG	14537
A2JNI9V0X3YHK	14538
A2JNKODXS3U09Q	14539
A2JNR61X5VS34B	14540
A2JNZ8SPTJ4YK7	14541
A2JO7CO6MDMEPT	14542
A2JO8PULIUV44U	14543
A2JOBUCXKEXYY8	14544
A2JOBUJ4C9JNHD	14545
A2JOEDWGXLYDL8	14546
A2JOR29TGBP2VJ	14547
A2JOVHS6HEEOOP	14548
A2JP5UOLPFB888	14549
A2JP637GJSG9HP	14550
A2JP6PEBS5Y2WK	14551
A2JP7U540K2BA3	14552
A2JP9E1H0SF392	14553
A2JPB0S3VG1G3G	14554
A2JQFBOY05207A	14555
A2JQIKXYC0VCYM	14556
A2JQNZ8BBXKL1C	14557
A2JQROIH4NDB1L	14558
A2JQUIZZEGHVHK	14559
A2JQVHXSXHLAKA	14560
A2JQVLMCFGWWXP	14561
A2JR1948JFYM6H	14562
A2JR3GG2WOXRI	14563
A2JRLFJ90C7EMN	14564
A2JRN2WK9MUIWD	14565
A2JROMDHVIUSKB	14566
A2JRQ5QO2ELF48	14567
A2JRZ8A9E1CUSC	14568
A2JSAPIQRC0JO	14569
A2JSJ996SB0D0V	14570
A2JSKM60VTCNI	14571
A2JSNATDX9X23T	14572
A2JSU4TZ5Z71OX	14573
A2JSUDNRLSP5MY	14574
A2JT4LY41N6Z04	14575
A2JT9J6E1HJAHY	14576
A2JTHZE8W3UGIN	14577
A2JTT6E8TMNUIG	14578
A2JTVYO5CBWAUL	14579
A2JU0HX4MLZ912	14580
A2JU77JV0NWLDK	14581
A2JUO2M5VA8EGU	14582
A2JUPCGRPYNX7F	14583
A2JUPT35QG679N	14584
A2JUXLYUKCJZMQ	14585
A2JV0WYZ7ZVC28	14586
A2JV4PKNL5HWKI	14587
A2JV8SDXDCZPUL	14588
A2JVAIXFK7N4ZH	14589
A2JVHZIK64Z6D0	14590
A2JVIA9P648H6Y	14591
A2JVISJC1V6GWB	14592
A2JVMQXPA3DMKQ	14593
A2JVMYJQBXCL1M	14594
A2JVTZSSKG5ON	14595
A2JW269KB13V6V	14596
A2JW8GV0P5PUQB	14597
A2JWDDN6WDGF3P	14598
A2JWG61E6VYZU3	14599
A2JWGB0VPO9X4	14600
A2JWKO8VQIBKV4	14601
A2JWRPAAO1J0OP	14602
A2JWSA0PM0L7TC	14603
A2JX3NFANZI0SG	14604
A2JX5VVB8NEG7D	14605
A2JX88MIGT5BBB	14606
A2JX9HWTK7TS95	14607
A2JXCOUGYS5Y4J	14608
A2JXGJV9FXBKYI	14609
A2JXS222CBMZP0	14610
A2JXTXEPFVU1JI	14611
A2JXYQDTXGQZCN	14612
A2JYCRT8LZTT0U	14613
A2JYGJ51259YW7	14614
A2JYH1QBI4D32G	14615
A2JYJUEP4WN8PF	14616
A2JYOE9OH5NU1J	14617
A2JYR5KRZ02HJS	14618
A2JYRAJVNV6HHC	14619
A2JYUDOQ3AGLT6	14620
A2JYYTQ64J5Y44	14621
A2JZ8KU2BPXBDC	14622
A2JZAV0O4LJKSR	14623
A2JZK4Z01EQK7D	14624
A2JZPEW49WB9KN	14625
A2JZQOXGA52F68	14626
A2JZXIVUW9SOQM	14627
A2K08OI9WUNS69	14628
A2K0D19N83G6U2	14629
A2K14FCD18XF92	14630
A2K1947AO1ANL6	14631
A2K1IE2VMCV9NH	14632
A2K1MEMTCMRWLT	14633
A2K1MIW41VEVJB	14634
A2K1UQJOQYB61R	14635
A2K1WL5E6LEVKI	14636
A2K2054VRYRI03	14637
A2K21MF7FAJO5P	14638
A2K2DGXRRR77MN	14639
A2K2DIMCE003V4	14640
A2K2OTCDCQY4QK	14641
A2K2SLV5CUV0HA	14642
A2K2VBP7DCGPHT	14643
A2K2VJSQKHKLUF	14644
A2K31Y29YIDQCA	14645
A2K3AVCDE0AMUJ	14646
A2K3D4H7FEM2GG	14647
A2K3ORXJBHE1B8	14648
A2K3OWD6UIS9KV	14649
A2K3RY8F2VEOB2	14650
A2K3VD0JXZSBVG	14651
A2K3YEJXPOM2RX	14652
A2K40RVHXMTA2A	14653
A2K4RZMQD7Q6QD	14654
A2K4Z6HHSCAHHD	14655
A2K4ZBTY3F61K1	14656
A2K58NJKIN3HGE	14657
A2K5BIYYQ0DIB1	14658
A2K5EP7ISUKS4H	14659
A2K5RRMPICZ606	14660
A2K5UP68FUVR5O	14661
A2K5X0EIJ1HXE7	14662
A2K61BW1Y5MFG5	14663
A2K62CO34Q419H	14664
A2K6AX6MSLR0R8	14665
A2K6BVTLSGLVTM	14666
A2K6H1XDYWOA9B	14667
A2K6HUTTJABW4P	14668
A2K6IICRDLUDT	14669
A2K6J7TAS1BBPU	14670
A2K6UH93P73YV6	14671
A2K6VDHSE2NU4R	14672
A2K6ZASIDYX77T	14673
A2K6ZD7HQ2OGWM	14674
A2K77RJZNJL1GY	14675
A2K78KQRZDQBIS	14676
A2K79HZ6H98TUO	14677
A2K7GKACXGVTRS	14678
A2K7I48JOJAX1D	14679
A2K7R1010AA17V	14680
A2K7VEOJIM1MEI	14681
A2K7ZP9LX249DR	14682
A2K88LSAN5PA8Z	14683
A2K89R0B20LYHB	14684
A2K8F08QM76D5L	14685
A2K8NA0HLC5LCZ	14686
A2K8NUOWYX6UMP	14687
A2K8OB97QISS6C	14688
A2K8P3PA7N6392	14689
A2K8T39ZCUXNOB	14690
A2K8UHKWPCXU76	14691
A2K8XNPJEYKF0R	14692
A2K925J2ZN2U6W	14693
A2K9FOWCP4D86L	14694
A2K9HOATQQXAJ8	14695
A2K9O88S5VRUWI	14696
A2K9S2970SR3T1	14697
A2K9WRYLZLWL8E	14698
A2K9XFC31BCR5C	14699
A2K9ZQZ8UJXKAS	14700
A2KA0ECNXADQPT	14701
A2KA2Z1EKREZZU	14702
A2KA6XZF253ARC	14703
A2KA74ZHRQ6IB5	14704
A2KA8NKIU70W5C	14705
A2KAF6G5U6ARIM	14706
A2KAGAGC1C8W1C	14707
A2KARZ3ZBWOD97	14708
A2KARZG5Q5O8KS	14709
A2KAWYMLBFQBHI	14710
A2KB05ZR1BO6P6	14711
A2KBBCKKZX5E24	14712
A2KBK5CWF1LAU3	14713
A2KBM63C502UMB	14714
A2KC8T0E2WRJVN	14715
A2KCJ93U3I61BW	14716
A2KCLEVX3Z5A58	14717
A2KCNRFE5NL5B6	14718
A2KD2OZFGS33YQ	14719
A2KD9EDKK7LVTI	14720
A2KDF2BO7C3Z7H	14721
A2KDUH6PC9XPKX	14722
A2KE3JR4D3ZR60	14723
A2KEAD7HBZSFZU	14724
A2KEDH2NYC28VS	14725
A2KEDQ7MXVR973	14726
A2KEXPHIO2W628	14727
A2KF1JRGZV95VD	14728
A2KFAEOHLMLX0H	14729
A2KFBSVCYZ8HN4	14730
A2KFKEME4A9ATW	14731
A2KFN1OZ0K3BXR	14732
A2KFPO1MHIX6V4	14733
A2KFUFR36SD92Y	14734
A2KGEARD7R3PYN	14735
A2KGOE2P3C7RT6	14736
A2KGVC27EQ5TZJ	14737
A2KH3KR6AJG29I	14738
A2KH6GDDQ97EW7	14739
A2KHG3JOFXQ4CE	14740
A2KHTID56YN3ZY	14741
A2KHUISKVUGVR0	14742
A2KHVWA9S5VDV6	14743
A2KI9BQN6QHXCK	14744
A2KILNYE6LV4Y2	14745
A2KIWBYCGVVLE5	14746
A2KJ3OIKXEWJ7X	14747
A2KJAPSBHFVNFE	14748
A2KJDGOP0E6FGP	14749
A2KJGMFKGRZU1R	14750
A2KJHS6SWDLKQ1	14751
A2KJM61ULYIGGN	14752
A2KJN6SLSITZBJ	14753
A2KJN6XUEP2NFW	14754
A2KJUDXYN2BTDX	14755
A2KJVLXFHLC7J	14756
A2KK1BA3AIN0XA	14757
A2KK3BSJRKALPX	14758
A2KKBEB5CKCFIW	14759
A2KKFHWK40IGDX	14760
A2KKFIV4W369EU	14761
A2KKIP978LAZ7B	14762
A2KKLLPXBEMS89	14763
A2KKRIBHJ5QCYF	14764
A2KL4S9HU9K409	14765
A2KL7FP39POAW9	14766
A2KL8XZRCWJSG3	14767
A2KLFZA1BT5VQC	14768
A2KLJ2C77W1KES	14769
A2KLSU6EM5NHYT	14770
A2KLU0VJQLPDV	14771
A2KLYVG6A4IXYL	14772
A2KM42JFU74UO7	14773
A2KM6WNMSP900D	14774
A2KMRJ71KFB0JS	14775
A2KMSHCO2NDQG8	14776
A2KMTNFX3SZSGR	14777
A2KMWYRK5UGRPE	14778
A2KN2OGPXEFIF	14779
A2KN4ZH1MUHDQ9	14780
A2KNLRRVEHFQ2S	14781
A2KNNB4FZVGO5C	14782
A2KNQ0P1G1ZIE6	14783
A2KNX3XLKHH8HY	14784
A2KNZ7MRTIOIDK	14785
A2KOJWXB9WT3HC	14786
A2KOU5P5Z3569Z	14787
A2KOV8XWZOZ0FQ	14788
A2KP0HGLYXVRSC	14789
A2KP1VLT5KXWQ9	14790
A2KP1WRPVQSRDJ	14791
A2KP8DDNF0Q2SH	14792
A2KPBYOH74PJR7	14793
A2KPDRY4YRR7WP	14794
A2KPFHG3WSPM2U	14795
A2KPJ9V8TDMBCW	14796
A2KPJCVBBCG1KR	14797
A2KPMZN9PY9IHS	14798
A2KPOJUHKQAMZW	14799
A2KPOTE14P54H0	14800
A2KPR8WH3U9812	14801
A2KPSU5MIDJ8VS	14802
A2KPVMYKFB7494	14803
A2KQ69AVFFC5P7	14804
A2KQC4QQ8BPOLA	14805
A2KQFSAYYKHDXP	14806
A2KQRNK0NVR8PU	14807
A2KQRUKXGEIPJ8	14808
A2KQT4D0OZR569	14809
A2KQVR3XVUFU6N	14810
A2KQX5NKNDZA52	14811
A2KR1481ARVYNP	14812
A2KR41DOBNCF5Y	14813
A2KR618EJ0ZRX6	14814
A2KRHP656FW8HB	14815
A2KRU03FDA0GI3	14816
A2KRW5NJ7Q26HB	14817
A2KS0XOY3WHGL4	14818
A2KSAA9UCRCVU	14819
A2KSBSIKAH365Y	14820
A2KSCTDO7E19TN	14821
A2KSI9HP27450I	14822
A2KSJ10GE635YE	14823
A2KSLVVN5JKP4R	14824
A2KSXURX8F5583	14825
A2KT9TFLLMJE61	14826
A2KTAMHSVIEQ3S	14827
A2KTAVAXCSFQTR	14828
A2KTBFKOQZJ1M3	14829
A2KTBJ4BQRBORT	14830
A2KTJSLIJ0ZDYY	14831
A2KTN8HV3A0UUZ	14832
A2KTRO275LJY1R	14833
A2KU82UB7C9F8M	14834
A2KUEGMSLHUNNP	14835
A2KUPH96YRYLJZ	14836
A2KUUIJ52MWDAS	14837
A2KUVXCNLD74VZ	14838
A2KUXJJTRMYJSY	14839
A2KVAGB52EOKLS	14840
A2KVPI516XNQDJ	14841
A2KVR36PTOHOWE	14842
A2KVSPY232Y1ML	14843
A2KVSZCMONLS4G	14844
A2KVVZAGGQBXZW	14845
A2KVXCCYL4ZPP3	14846
A2KVYT8JX39EE1	14847
A2KW0ZMJQVHHRU	14848
A2KW2CYEFOG5RV	14849
A2KW4E4VYLNGA6	14850
A2KW8NPKAP78DE	14851
A2KWDY25OJOV48	14852
A2KWE2ZM1EEBGJ	14853
A2KWNAP4OTJPCP	14854
A2KWOB7K11I7JS	14855
A2KWS0106RXPQG	14856
A2KX4CPM1R7SHG	14857
A2KX6ZEEJD57M0	14858
A2KXTSYJGFOBMP	14859
A2KXZ68G2LCKW1	14860
A2KY1DXBJCVL5B	14861
A2KY6V482KOCTD	14862
A2KYCUKG1KSVJL	14863
A2KYNMRXQBZB70	14864
A2KYVS7LKNA8S	14865
A2KZ5WW6K87XSV	14866
A2KZH1QYHRJRB7	14867
A2KZP6HPEGM2GW	14868
A2KZQD6LI1OMEZ	14869
A2KZW5L8OQ58QD	14870
A2KZWL4NQ65C7P	14871
A2KZXYJRJGMJZS	14872
A2L01ZJ3HZ743I	14873
A2L023U8KVZ9B4	14874
A2L05QIOZSOTJG	14875
A2L06432POE51Z	14876
A2L08538YQ9LAY	14877
A2L0HFGE7C7P5B	14878
A2L0IA8K4S7CQM	14879
A2L0WPO87DAI0K	14880
A2L0ZWXWF476NU	14881
A2L1S50GABL5SI	14882
A2L1Y2S5X4YOEZ	14883
A2L1YLJEKPHFFI	14884
A2L2BYEM2DZ3YQ	14885
A2L2D8GWRVK5M7	14886
A2L2EA5Z8B9SNH	14887
A2L2J644RUYSOL	14888
A2L36AGL8CKY3D	14889
A2L38QK6JRPYS2	14890
A2L3D7NPU5BXH3	14891
A2L3FFWY1HSP10	14892
A2L3HC3S5OKQC5	14893
A2L3IXYDX4U8KD	14894
A2L3JCHFMBVRWR	14895
A2L3LK7Z4F2D9L	14896
A2L3N1HAI4J456	14897
A2L3R2YNQ5UL9J	14898
A2L3TUEYUJ7P84	14899
A2L3XYN1Z8WMC2	14900
A2L3ZOXJL8OR9G	14901
A2L40EFEOOII71	14902
A2L40F1EUZ79BA	14903
A2L42QEWR77PKZ	14904
A2L4DI5HVBTU3X	14905
A2L4NOQBU10DL2	14906
A2L4UHYPE4RQ7I	14907
A2L4WAZDE4SIR7	14908
A2L4ZGN7GZJ95T	14909
A2L54TESDO32Z3	14910
A2L5B6Q4UQBKAT	14911
A2L5D2ZY6GVBFA	14912
A2L5EUWO0XASXV	14913
A2L5FNJ6X03MQY	14914
A2L5JMUB7BMKF7	14915
A2L5K99GVMIG5A	14916
A2L5LFVT373ATL	14917
A2L5LXIES8ZTU	14918
A2L5MJIBNOHRER	14919
A2L5NKHS28Z6D9	14920
A2L5P63SWUA4MR	14921
A2L5XWZWF087GE	14922
A2L64JGS7STEM5	14923
A2L658RAOSOLDF	14924
A2L68X30GI45ZM	14925
A2L6FS65Z20IJE	14926
A2L6YT7MMR6DL8	14927
A2L6ZWPBJ94MKE	14928
A2L73KNIMIF3TY	14929
A2L75878GWWT14	14930
A2L7GLBBCP1RT8	14931
A2L7MYSQH20POZ	14932
A2L7PUTY37VZ47	14933
A2L7VG1KO4TZ0K	14934
A2L7WN3WI90EQV	14935
A2L82O3E8IP8P4	14936
A2L87DAPD0IQUD	14937
A2L8BPQUKSD1YE	14938
A2L8TCXQ05AUQC	14939
A2L8ZBNFYFB1B9	14940
A2L8ZMRQ6U20N3	14941
A2L90SGUP36KGA	14942
A2L95I5DUHMFIW	14943
A2L98F33PDW6UV	14944
A2L9ANW1KNVMOF	14945
A2L9I9PN8PMKNY	14946
A2L9JKK3JC8RC	14947
A2L9MEGV3519GH	14948
A2L9OPJAAEK08Q	14949
A2L9RNEYPYQA8W	14950
A2L9RRGLE2I644	14951
A2LA2I4ZJYWXD2	14952
A2LA4FSEIMMYB1	14953
A2LA59186BG8KK	14954
A2LABIN90O974N	14955
A2LAGLW74WJHXI	14956
A2LAJ23TKWE30Y	14957
A2LAJ8CPW7YE3S	14958
A2LAKH7K69VKK7	14959
A2LALRZM8L3LP3	14960
A2LAN13KE9G175	14961
A2LAS014NSRW72	14962
A2LASJJVTCI2QC	14963
A2LAY1JRN4GD3K	14964
A2LAZKE6APCL1F	14965
A2LB4FLRZG6CUV	14966
A2LB8LMUTO1JJ5	14967
A2LBBI65QRM74J	14968
A2LBHJUA4K41E0	14969
A2LBHMQ3142G3S	14970
A2LBJES6JWY8BP	14971
A2LBK3DGMT4LEQ	14972
A2LBUY6PLHYP86	14973
A2LBV5I8JBW3Q4	14974
A2LBWD1BOK76MJ	14975
A2LBWNRLSD2O41	14976
A2LCAW61I7P1MX	14977
A2LCBGF5GT9I55	14978
A2LCE1D0TW2XY0	14979
A2LCHST774ONVE	14980
A2LCO37ZQCK5R3	14981
A2LD9D5OZX9YH2	14982
A2LDB3QKJC8O74	14983
A2LDG5A5ST5YAH	14984
A2LDH7NL9UH8KH	14985
A2LDHGJB6DCUXI	14986
A2LDTYS4YLY6V4	14987
A2LDUY2YY28NVG	14988
A2LDV4XTI66WU1	14989
A2LDYS1XV52F8R	14990
A2LE8U8K5K0CJI	14991
A2LEBPHKFE2TEM	14992
A2LEOAOJHMSKHP	14993
A2LEP050DO70UQ	14994
A2LEV53TEZBZQ3	14995
A2LF16F0KX9L7P	14996
A2LF18QWLUZC7N	14997
A2LF577GKTID0	14998
A2LF76EL7OEF8C	14999
A2LFKNQ6X3QPXI	15000
A2LFN3BMY9F285	15001
A2LFN4XOWRGMQC	15002
A2LFWJ8X817QGX	15003
A2LG0HL3HU6CM1	15004
A2LG9ST6T7YD2X	15005
A2LGCBD8HB2NRY	15006
A2LGD0CFG94EWZ	15007
A2LGGKMLUDG9QN	15008
A2LGMZILLL4V7F	15009
A2LGOA22ZYX3FN	15010
A2LGZALJAS2O5C	15011
A2LH52P81X5LR1	15012
A2LHIWTXCZB5VY	15013
A2LHJW35RW477V	15014
A2LHKQSBH3T45Z	15015
A2LHKYGMU0J6CP	15016
A2LHN1WR9PYA8D	15017
A2LHNJY8NN8YNH	15018
A2LHNYLN33RTRY	15019
A2LHTWZZJY2NGW	15020
A2LHVYJFMHLDWH	15021
A2LHW5I9PGVWHK	15022
A2LHXU407PMZ9G	15023
A2LIFBSQC7U1MD	15024
A2LIGTSDHJY7U6	15025
A2LIKBPDDEAAFL	15026
A2LIL65IC042WC	15027
A2LIMVIVL558I2	15028
A2LINNB0T986FU	15029
A2LIPLT5LJTN5B	15030
A2LIQOW3N9IHAD	15031
A2LIWN91EUUSRC	15032
A2LJ2UT0I9LHL8	15033
A2LJ50V2UVDV77	15034
A2LJG7EIBV8BJE	15035
A2LJJLSIT8PWIC	15036
A2LJLQO6ZXFOHN	15037
A2LJUJPPH8I68B	15038
A2LK4QRKR1LRW	15039
A2LK54BNG0JY4W	15040
A2LKB3Q6EW3BJW	15041
A2LKYL15PQ9F5S	15042
A2LL5AFECEU3N9	15043
A2LL6C53YLIH9	15044
A2LLO611FE9XZ0	15045
A2LLRDGZECLRVV	15046
A2LLUW6O6LSAEW	15047
A2LM1LA3IUTD53	15048
A2LM1QJ30P5A7Q	15049
A2LMPQQG25LQK1	15050
A2LMR5ZB95B4D6	15051
A2LN462EB315YQ	15052
A2LNE2IDNQHOSH	15053
A2LNFY0U3TG7QB	15054
A2LNHYBQOTXH4K	15055
A2LNI700NTZWTG	15056
A2LNJSV3SHLEFA	15057
A2LNPKSMC3RR0Q	15058
A2LNS4TRS65QNR	15059
A2LNTHC8PJ7RWW	15060
A2LNV4MJXGQZTW	15061
A2LO7A83XBR5AS	15062
A2LOBAZBVYV94C	15063
A2LOCNLCDMUKS0	15064
A2LOFPX6KASXIX	15065
A2LOMG1K0XPQLU	15066
A2LON30ANLCQFF	15067
A2LOWY82VUCDYR	15068
A2LP92GOP9JFPT	15069
A2LPFFSML28WWM	15070
A2LPI6M57J68IA	15071
A2LPIZJHE33AXK	15072
A2LPJIXG6CCTNO	15073
A2LPP3Q0LGZ6FP	15074
A2LPXJO29K1X8Q	15075
A2LPZI0YMSV6EE	15076
A2LQ025H831RHI	15077
A2LQH4AH9DRNOQ	15078
A2LQN25HW5IGSB	15079
A2LQXYQABH4ULG	15080
A2LRDDIGW3I9FS	15081
A2LRFPJOIC51KY	15082
A2LRFZ3OTIJKUZ	15083
A2LRGTFWBAI2OS	15084
A2LRJTZJ2NBUD7	15085
A2LS6XCSYZAEVH	15086
A2LSB0W3R2AESH	15087
A2LSCFZM2FBZK7	15088
A2LSCHJ1T1OUSI	15089
A2LSGHWLSDQ4MX	15090
A2LSIM8X52240P	15091
A2LSXLLPQR6ZSN	15092
A2LT0ZKWMDX20Y	15093
A2LT418RX9VAXC	15094
A2LTESHSUR1D2O	15095
A2LTLMN24GTYY9	15096
A2LTTDNALI5484	15097
A2LTZS0603WMZ2	15098
A2LU0TDP2264E4	15099
A2LU4JTVFTTW0E	15100
A2LUG40LH98COQ	15101
A2LURV73KO23LA	15102
A2LUZFZJH6WYTU	15103
A2LV98R9SR0R5C	15104
A2LW127W13XBJ6	15105
A2LW5AL0KQ9P1M	15106
A2LWAUVZWWLYR5	15107
A2LWM2LGXFJ9V8	15108
A2LWYTOFGA64ZL	15109
A2LX0QY3L8458U	15110
A2LX0VF1P864J9	15111
A2LX285KLNY8M3	15112
A2LX7CUHEMGCO1	15113
A2LXAA8GOWEU0A	15114
A2LXC5ZHHP0WXP	15115
A2LXCAOT9603OL	15116
A2LXX47A0KMJVX	15117
A2LXZBAIK0FCJ7	15118
A2LYAX3FJ5A2A6	15119
A2LYBDOZ57NE91	15120
A2LYC67LM7GQE	15121
A2LYCK55VIQ0G8	15122
A2LYE44WVLANW7	15123
A2LYY264P2R493	15124
A2LYYZX378GXO5	15125
A2LYZNFX7D39I6	15126
A2LZ76OFJ8G1PS	15127
A2LZ7ZHGOGHZ8J	15128
A2LZ9P56V3GAYU	15129
A2LZB0ZF18Y1G1	15130
A2LZI5NIWDNHDI	15131
A2LZICX1MMX66J	15132
A2LZMW0UEUPLFN	15133
A2LZP2YM846R4K	15134
A2LZSPR192KEX6	15135
A2LZW6EMEQENIP	15136
A2M05KVXUEZDDE	15137
A2M0YL9DLH1C1Y	15138
A2M1363J1K474Q	15139
A2M1C7PVHASWIJ	15140
A2M1MNG7G40V85	15141
A2M2522FFM497K	15142
A2M27ET0SFICBD	15143
A2M2DC3PKMX5Q1	15144
A2M2HSP4AK22B0	15145
A2M2OANTNUGWHG	15146
A2M2RSFA32KA1K	15147
A2M2SQ0JYVXP3Y	15148
A2M2X6EHMLOXQS	15149
A2M2YW7K00JW89	15150
A2M2YZFLZ3PB45	15151
A2M31FTC3ETYDW	15152
A2M3CMF4WV7L51	15153
A2M4014R6SPZYU	15154
A2M443O35XI7EC	15155
A2M45HOGJGXM57	15156
A2M46TW89BIJBM	15157
A2M47F06363ENQ	15158
A2M481CZNGAEZD	15159
A2M4BJK1LPB2OW	15160
A2M4FTSTK9JEOE	15161
A2M4HIZ94OBG4H	15162
A2M4HO0ZXZ7BDM	15163
A2M4K8AQKBLYQO	15164
A2M4R1O9C1TWPA	15165
A2M4RLU0ETE3BP	15166
A2M4ZXEM3J3C92	15167
A2M574Y8E8UH33	15168
A2M5HXLIGVEKT6	15169
A2M5K8MMHJXQS1	15170
A2M5LB2BOQB1VL	15171
A2M63XKQCBFHDN	15172
A2M66B89MYA54B	15173
A2M67NF929W1HE	15174
A2M6DI4VRJZ02P	15175
A2M6FMXE1CKEBP	15176
A2M6N40Y2KAQHQ	15177
A2M6SAHM4XJTAC	15178
A2M6SWPK1CCMN7	15179
A2M6V4YZGRMM5S	15180
A2M6W59FYJSM55	15181
A2M70YFNKU27AJ	15182
A2M775WAM2DXTD	15183
A2M78KOGM7R2WS	15184
A2M7DIXNM5MUGG	15185
A2M7PFGKZI26PZ	15186
A2M7PPYXV7AKD	15187
A2M7UO0F90QYU9	15188
A2M7VCK3VR88	15189
A2M82MII1L9HHJ	15190
A2M86CIJH04BN1	15191
A2M8E2W9XZKFJ	15192
A2M8QXEY6VGGXO	15193
A2M8UYN0ZH5IJ	15194
A2M8ZBRN972V94	15195
A2M92VQQ3GBMOA	15196
A2M92VT1OM9WFA	15197
A2M93OC5AOMMM3	15198
A2M9E4W6A4BJ4J	15199
A2M9GE5ES28APB	15200
A2M9H5OOB4Z2KG	15201
A2M9KKL6LCN9ZN	15202
A2M9OOGW7TRJ3X	15203
A2M9S98ESSNXCR	15204
A2MA3O3M2Y3O3Y	15205
A2MAJK49M3CBIY	15206
A2MATGX04G6F3G	15207
A2MAUVX9JMBT5Y	15208
A2MAVOHJIH8S6E	15209
A2MAY0YTAAM71K	15210
A2MAZFPECIGJ10	15211
A2MB11PJHNLPCB	15212
A2MB8XHDDT1BRD	15213
A2MBLVMVDLHK1L	15214
A2MBN6OIV2MCAP	15215
A2MBUN24GNWH3U	15216
A2MBWNNPX8D29V	15217
A2MBXOQ2GDV7SD	15218
A2MBYDJV2VGHMO	15219
A2MC0N85KTN7ED	15220
A2MC4WFRXQV627	15221
A2MC80PMTVEYQN	15222
A2MCD8PP5EVZNW	15223
A2MCJNMZZ2MTPR	15224
A2MCNKVMJWFPEJ	15225
A2MCQXCF6EA82A	15226
A2MD0IJ645ZB7D	15227
A2MD0P17YDNJ09	15228
A2MDCA55UQ6588	15229
A2MDJ4CCWSTINF	15230
A2MDPAFGD5ADRN	15231
A2MDROXY2HY0L9	15232
A2MDSFSQAJQIHL	15233
A2ME89MSWVG9NF	15234
A2MEIA0TQRXYKZ	15235
A2MEKP13S4RMKE	15236
A2MER51ZO1299P	15237
A2MESRT1438SZL	15238
A2MEXAU72SKHHI	15239
A2MF8VOL0LN3JO	15240
A2MFHUYGWPD0OD	15241
A2MFR1HGGBO0ZN	15242
A2MFV37TVT7AUF	15243
A2MFWRAKNLQY1B	15244
A2MG2NBB2DU9EL	15245
A2MG8X1PKH7C1	15246
A2MGAO2M3O466V	15247
A2MGBR88IHNASI	15248
A2MGJ33YCV2DJM	15249
A2MGQF3O17VCD3	15250
A2MGXC5NAYZYMC	15251
A2MGXCW6LW0IAY	15252
A2MH62DVE17BPJ	15253
A2MH6X10UANSQ3	15254
A2MH9OUIMOO9GZ	15255
A2MHGWVQ9R7CEK	15256
A2MHJNBTJEBAO	15257
A2MHKJXAETWBKI	15258
A2MHKWLAEERLV	15259
A2MHLKWN3ND9AO	15260
A2MHRO94UAB38D	15261
A2MI9M5AM37SR3	15262
A2MIB7Y8X04WG5	15263
A2MII72LWM9DB6	15264
A2MIIYHHY1AV3P	15265
A2MIJIPC9ZZRXX	15266
A2MIP3AQVSF2SS	15267
A2MIVOLAN127OW	15268
A2MJ0SKW1WVDSD	15269
A2MJ9CBDJGSNDN	15270
A2MJAZOQ5IPNRI	15271
A2MJI2TGX1JLJY	15272
A2MJKO3XEJY876	15273
A2MJMNOL8221NA	15274
A2MJOZUC9KI1YD	15275
A2MJT9UYY4O5YA	15276
A2MJTCG89GF95O	15277
A2MJVPFR5ZMF10	15278
A2MJY3R3BFRR56	15279
A2MK474SVAN63L	15280
A2MK72I1SJN6RS	15281
A2MK7BQSZ4WHBJ	15282
A2MKC7V2V4P9KQ	15283
A2MKGEOHOM2VPF	15284
A2MKS9CVPYG24W	15285
A2MKWD9PM2BE6P	15286
A2MKWNA5WDB7CY	15287
A2ML3X6FOB1WGA	15288
A2ML48W180WKA0	15289
A2MLCDNF281RIW	15290
A2MLP4LBU6V0SP	15291
A2MLUAAQFEB6WF	15292
A2MLX078LASTU8	15293
A2MLZ5O8OAUOOR	15294
A2MM30EFRMPL5Z	15295
A2MM4FOF6WKXWN	15296
A2MM5RMCXOSGAE	15297
A2MM6BN9MOQM44	15298
A2MMDUYNYTHG41	15299
A2MMF6Y22MXJVM	15300
A2MMKEFF76VJF1	15301
A2MMLFSE9PKOY7	15302
A2MMUX8TFCK0S1	15303
A2MMY0A3P4YQA7	15304
A2MN20HVV8U7SP	15305
A2MN4QMWRLSPKB	15306
A2MNB77YGJ3CN0	15307
A2MNCGXMO52VXM	15308
A2MNDC1O9CMV71	15309
A2MNGTBHEY6KVE	15310
A2MNO8ZFIN752V	15311
A2MO8LNGKG5JMJ	15312
A2MOD50IHEDH3G	15313
A2MOGFB5796SJI	15314
A2MOL8QCK661R6	15315
A2MOOQMP5QNMUM	15316
A2MOREZ3AFKKOK	15317
A2MOUPAVI5I1JK	15318
A2MOVLZ429BFLZ	15319
A2MOYHY49QTB6D	15320
A2MP25A1IBO2SC	15321
A2MP302OES9ZYR	15322
A2MP9Q1SN4MHJU	15323
A2MP9ZNACRRT0B	15324
A2MPFC9AKSNZGO	15325
A2MPGGBVWWR5WA	15326
A2MPY75L9T5W6U	15327
A2MQ3CPD2VZX66	15328
A2MQ7HB7IEH4OL	15329
A2MQACD08E1AW2	15330
A2MQIVMLUTZCYW	15331
A2MQMJ0CFENMSV	15332
A2MQQQJJAVZVUS	15333
A2MQR4MOL652GP	15334
A2MQUQ2UF61LEF	15335
A2MQWWKMBOKBR5	15336
A2MQWX2W2RGEZ7	15337
A2MR13MNQ1T66K	15338
A2MR1NI0ENW2AD	15339
A2MR22VVKZXH54	15340
A2MR5PBWJ70147	15341
A2MRM5FWJCKK9R	15342
A2MS0FV9DLYMQ9	15343
A2MSB7ETGOZNCO	15344
A2MSBIA18RXYQC	15345
A2MSE5SZ1K0I2X	15346
A2MSGW3YRPECJW	15347
A2MSMH81LH1WEV	15348
A2MSO668NYJQUO	15349
A2MSPQH6OUV5GJ	15350
A2MSQNPTNAAGL1	15351
A2MT2X9KXONOQU	15352
A2MT8ZD500YG8F	15353
A2MT99W9F9TPR9	15354
A2MTKOKCNQJ0SS	15355
A2MTLXQIH1DD0U	15356
A2MTPVXL6HD5VP	15357
A2MTVIR1FR405T	15358
A2MTXS6IQIDIFC	15359
A2MU7NBIWOHATH	15360
A2MUGFV2TDQ47K	15361
A2MUH6DLH94TYW	15362
A2MUL3LZVQUAMH	15363
A2MUME3DJ5SXZC	15364
A2MUPGT6AMIK2M	15365
A2MUXLUR3HID5	15366
A2MUYTPSA64ZT3	15367
A2MVHQZ76IQ3C2	15368
A2MVJYARMRTQ9D	15369
A2MVO2GIPEL7WD	15370
A2MVPY9XVYST9H	15371
A2MVW0WM2INV8	15372
A2MWAWK5COZU0	15373
A2MWNS4UBQFD0P	15374
A2MWOEUAP5IOOY	15375
A2MWRNR7WY58CQ	15376
A2MWRRPBD8EIWW	15377
A2MWX0GYCB1LZ5	15378
A2MX15LCJ7V4CY	15379
A2MXGBILLF9TGN	15380
A2MXJ2BLM93VUB	15381
A2MXKAS2C8L645	15382
A2MXL2JNFBISTJ	15383
A2MXNUTPQPML8K	15384
A2MXRB2ETER08	15385
A2MXZQ70EVMIQN	15386
A2MYHDQWXH39XA	15387
A2MYM0XC5JNHBS	15388
A2MYPWZAYBZZW4	15389
A2MYQLINR5NC26	15390
A2MYTTWDQ0P4PP	15391
A2MYUG0WTLBUCT	15392
A2MZ2NED0LUYGC	15393
A2MZF2IY1ICZEU	15394
A2MZH8YHG4IH7G	15395
A2MZO9FF614A4F	15396
A2MZV79U8F8HMR	15397
A2MZXJJ7M8CP1M	15398
A2MZZ52EAGXYGN	15399
A2N06OM3REBZ3A	15400
A2N074EA2KZU42	15401
A2N0E1LXZRD92K	15402
A2N0WKWYNY1YJB	15403
A2N12M7RY9FUK2	15404
A2N16C7DFEU0QI	15405
A2N1P2W9JFH0DN	15406
A2N1RAHIA8VLFC	15407
A2N1TPTH0GNYLI	15408
A2N22KORW0VC5M	15409
A2N27BQPTBVVHE	15410
A2N2BCCT9T3J6P	15411
A2N2O0LJW1B6Y6	15412
A2N2QHMSTU6HKX	15413
A2N2S0AY3WH01K	15414
A2N2X7L7LB3S6X	15415
A2N2XSX54EJQ7C	15416
A2N2YF1RLW4T0S	15417
A2N33H4VCFTWKV	15418
A2N3GJWXTC2LVT	15419
A2N46OVU887328	15420
A2N476BMT19972	15421
A2N47RFN7XIE6O	15422
A2N47XZTYMDRKO	15423
A2N48ORWVYOZLF	15424
A2N49AKKKZZM3J	15425
A2N4AB5ERL59YG	15426
A2N4FUE5S5JZZ2	15427
A2N4OFSVFC4SFV	15428
A2N4U5KSYZM1OT	15429
A2N4Y0J6R6T9U8	15430
A2N56RM7B5YCDD	15431
A2N5CV6X828WHW	15432
A2N5HXG37BJC08	15433
A2N5J3E0QR8BH7	15434
A2N5K78FMKO33U	15435
A2N5Q5RI0MN62N	15436
A2N5RYJ3W63O2A	15437
A2N5YHZS9HH0OL	15438
A2N5YX7DLGPG3K	15439
A2N5ZWTGAMXDWO	15440
A2N64ERPTI3YQK	15441
A2N67RQAOH872I	15442
A2N67VW99YXWAQ	15443
A2N6AJIO7ZM4PF	15444
A2N6D3CI3AXW9S	15445
A2N6F1THPUEGVK	15446
A2N6FSA1B4RLAP	15447
A2N6GD93NEED7S	15448
A2N6J50B3XRUQ7	15449
A2N6MS2FNKU5PS	15450
A2N6QEF5MNXYLY	15451
A2N6ROIO1VNOET	15452
A2N6RXJWM6QCLY	15453
A2N6ULDUETUAVU	15454
A2N74X8VCQ3IUJ	15455
A2N75ADJSRW0AH	15456
A2N77RUV94K570	15457
A2N7ACWA7DFDV2	15458
A2N7KGDEAB7XOC	15459
A2N7KWJOOMJJ31	15460
A2N7NTCW6NQ3M7	15461
A2N7Y34JYG020	15462
A2N7ZJGQ9VC55A	15463
A2N80C8XKZNMTJ	15464
A2N87ZTJJ3NVD6	15465
A2N89R9F3YN2CI	15466
A2N89YVH2LB3PA	15467
A2N8APC0G9M3QM	15468
A2N8CK0ZJ08H3Y	15469
A2N8OAIF4WS4U8	15470
A2N8P4Y65DJNTT	15471
A2N8WE45KRPT67	15472
A2N9ESSELDUEY	15473
A2N9RN9X3NK3IH	15474
A2N9UYQMWK8BXV	15475
A2N9XP7B51R1TL	15476
A2N9Y04UFXIN8B	15477
A2NA7RRPY0482T	15478
A2NA99PH6OPMG3	15479
A2NAHCB4YW70WF	15480
A2NAIDTY04FC8A	15481
A2NAOP1UJSYVFM	15482
A2NASW7U6IJFVF	15483
A2NAVGRYYEW3DM	15484
A2NAYFIVOKE5N1	15485
A2NB0K0HWEN8UW	15486
A2NB6RHF90U2KC	15487
A2NBFVGSX89MHX	15488
A2NBKRIIJF1Y5K	15489
A2NBRT1DJSM8GL	15490
A2NBW0BXFS5DGT	15491
A2NBWD4E3UYKT3	15492
A2NC2TFA2KSORB	15493
A2NC7B3MCZY2QD	15494
A2NC8CG0J6NH7U	15495
A2NCHH08CJLI6Z	15496
A2NCMQQ4AWZLXJ	15497
A2NCN71KTVQPKG	15498
A2NCO79BXDXVCQ	15499
A2NCSZWB17QDCC	15500
A2NCZWXT116TKZ	15501
A2NDM4CIJ4YGP5	15502
A2NDMKZIM7FOOB	15503
A2NDN7ED08JTVT	15504
A2NDRTL04VLM05	15505
A2NDSBZK57WWPN	15506
A2NDTRO0N75EN4	15507
A2NDX5EZ9O62S	15508
A2NE0X28R6R6DW	15509
A2NEGQB18DXR6I	15510
A2NENYFHIDUVYZ	15511
A2NEOAHLB3DYWJ	15512
A2NEOHRAIAEEVB	15513
A2NEPY8GIR1OI7	15514
A2NEQ89J8NI997	15515
A2NEROXOQPZ0A9	15516
A2NEVAGXIB4PMO	15517
A2NEWQXMXRDNFC	15518
A2NF4F1B6XD9VU	15519
A2NFBKUWLNNLW9	15520
A2NFEGCOY2TO1Q	15521
A2NFGW8TY3S899	15522
A2NFMS36UHJB4X	15523
A2NFPQ44U90N7W	15524
A2NFPYK01WGFSV	15525
A2NFTY34RC3BGI	15526
A2NG324KT1AV8H	15527
A2NG5RJPR5JD9J	15528
A2NG5TQ4ESBR81	15529
A2NG70LPRMXJLO	15530
A2NG8TWD8WVLHR	15531
A2NGLQZKRHT4J3	15532
A2NGT2RSC26EBC	15533
A2NGVF8DHZ5LQP	15534
A2NHERI3W195Y	15535
A2NHGDH46HG1J3	15536
A2NHL1JPU0AW4U	15537
A2NHTKNU65HKY6	15538
A2NHVC551D9NQI	15539
A2NHXGU09NGDSU	15540
A2NHXRO578LXVC	15541
A2NHZ1OVZ9I2TN	15542
A2NI0LWUJDGTME	15543
A2NI2CFGEKXHKE	15544
A2NI2J8W72NW28	15545
A2NI3EQW0H32BQ	15546
A2NI6COCOZ5P2L	15547
A2NIA61G7LWZC	15548
A2NIBQXMWJQ7SS	15549
A2NIDPA2TFMRTO	15550
A2NIGPQX34K47O	15551
A2NIJAW9HVP7P7	15552
A2NIJG9Q52V45R	15553
A2NIQZZXAMPHXM	15554
A2NIYIRVXDOV9Y	15555
A2NJ68QSIYRV3N	15556
A2NJ9S9X35MWTB	15557
A2NJBYE3HYSLDW	15558
A2NJDG5NXK7K4K	15559
A2NJIC8BE01AU6	15560
A2NJQF2UI60VGT	15561
A2NJQUAF1B4M79	15562
A2NJSLQAPXXTAS	15563
A2NK2X9ZPX2TMT	15564
A2NK4MTIZYC4GH	15565
A2NKHNO8VA378W	15566
A2NKKJHLRZEI19	15567
A2NKWEBNH0KMNC	15568
A2NL2OK48N8AFR	15569
A2NL5JJ7MAV0FK	15570
A2NL6FXAX75QKF	15571
A2NL6YKJNI81W3	15572
A2NL9VKDN1E60M	15573
A2NLCN3VKYQ2AN	15574
A2NLCPBJ34K883	15575
A2NLEJIM4GMPB4	15576
A2NLH0V2KJF0BC	15577
A2NLJ2FMVT2U97	15578
A2NLMNMG5AT2JR	15579
A2NLQU8BQZPIO3	15580
A2NLRZVHY0DLKB	15581
A2NM9HSGVNYEM8	15582
A2NMD8CBFQR9X8	15583
A2NMIW0RRH9J6S	15584
A2NML53YCHS80S	15585
A2NMLECLGBRW3F	15586
A2NMQ6J3DOT185	15587
A2NMRVP98F6LII	15588
A2NMT8TP6SYVSS	15589
A2NMTGI8JNLI0G	15590
A2NN1KIYEM2SKS	15591
A2NN90DAFI3FIZ	15592
A2NNEWIRNK3KLX	15593
A2NNOLN5C2C6GJ	15594
A2NNYECJNT6HCK	15595
A2NNZQYZQB42HO	15596
A2NO4UHYF5TQJ3	15597
A2NOB01UMJPAB9	15598
A2NOGP7ENDYZNZ	15599
A2NOGPFW4FGPH4	15600
A2NOKCHMLQFT46	15601
A2NOLJFUW9NFWF	15602
A2NOMJI63J3DKG	15603
A2NOSUGEJQ3GI3	15604
A2NOW4U7W3F7RI	15605
A2NOZB6VZCTOI4	15606
A2NP4DSGFA45UJ	15607
A2NP8W9548OY3L	15608
A2NP9CGUSFP22E	15609
A2NPBK4U8MQ4MU	15610
A2NPLH7APMYVBT	15611
A2NPQM672LHELI	15612
A2NQ2FSQYUEMYU	15613
A2NQBMIIWEGUT4	15614
A2NQUYSIJ3OB9S	15615
A2NQVPLLJ05E98	15616
A2NQX5T8WWXD00	15617
A2NQXCP3W370J6	15618
A2NQZRODOJQQJK	15619
A2NR3K39X19YQ6	15620
A2NR8KWE4ABYSP	15621
A2NRBN0PF3G95P	15622
A2NRBTDJ2HPJUR	15623
A2NRK301PG4CHV	15624
A2NRLDL7IHUEXD	15625
A2NRSHAK4UM2XH	15626
A2NS5FRX1DSSGA	15627
A2NS6RJQXFIR0J	15628
A2NSA4M8PDH815	15629
A2NSFFJ6NJPN6P	15630
A2NSLRWKQIFYZQ	15631
A2NSMJVQY0RV9S	15632
A2NSNKE1G2CI9T	15633
A2NSV1LIJRB27U	15634
A2NSWPZ78W7XR4	15635
A2NSX3ASG1MFI6	15636
A2NSXY5L42ZUGO	15637
A2NT274XP6RX09	15638
A2NT8PTA3C4X8T	15639
A2NTDBVOZIPYRP	15640
A2NTHAPUCOC4J2	15641
A2NTQ3D64R1HKG	15642
A2NTXW0T3RB4QQ	15643
A2NUBL2UYWPBWR	15644
A2NUDATFPZLZQ7	15645
A2NUGLYQ62Y69K	15646
A2NUQTF9TE21KU	15647
A2NUTM1FBPSTOE	15648
A2NUVZ5QNGH2FC	15649
A2NV1OA0DQBQ87	15650
A2NV9B5B834QYJ	15651
A2NVHA6A8VCMZK	15652
A2NVKA7FQCGRWD	15653
A2NVQZ4Y7Y0J1R	15654
A2NVWHMZJGDQBA	15655
A2NVY93OVMDLZP	15656
A2NW4O9BJLWDDY	15657
A2NWDL4M8W3RCA	15658
A2NWJ6J88P66IL	15659
A2NWU0FCP7EA98	15660
A2NX0W07WSWPSJ	15661
A2NX29NO9KAGAU	15662
A2NX2Q7UGL6ZBT	15663
A2NX41QKGUX79F	15664
A2NXAF65VHNREB	15665
A2NXGQ98TXL1HH	15666
A2NXGS34F5QMKJ	15667
A2NXH3BQMAFAV0	15668
A2NXMAMBI2LNCA	15669
A2NXN5KR1KJ7U3	15670
A2NXPHN3GWKUIE	15671
A2NXRGYSEAWAZR	15672
A2NXRN1C00R7GR	15673
A2NXT5WQ3E7RMJ	15674
A2NXV297LQ6BUB	15675
A2NXY1BYCSX17P	15676
A2NY0QEQI49DND	15677
A2NYK9KWFMJV4Y	15678
A2NYLAJ4PI0CVK	15679
A2NYM4SXIX0NB6	15680
A2NYNV1Q16UGJH	15681
A2NYR6K2NAOQVT	15682
A2NYSDO4SQMGE8	15683
A2NYU7RWR3AFGD	15684
A2NZ57ENYIWQE0	15685
A2NZB5S3QTQRVS	15686
A2NZCRHLTFKKCB	15687
A2NZF9QOKYYT2V	15688
A2NZGC22KNCRNI	15689
A2NZGFDGYIZU3O	15690
A2NZLFWO8D6D6M	15691
A2NZVTTHAR94IK	15692
A2O0HOIQDSOFPI	15693
A2O0ID3OM86ODF	15694
A2O0K4NACLJM0	15695
A2O186CL9LQQVB	15696
A2O1CSO0AYR4UA	15697
A2O1I07YDG1G1J	15698
A2O1IEAYHA2GS	15699
A2O1ORO52GJB3U	15700
A2O1S9JKVUAHM5	15701
A2O1T06CBH02K5	15702
A2O20UDJQFWACS	15703
A2O26F56G0S8GE	15704
A2O2GYOCGSDNEQ	15705
A2O2JMFMMG0XYY	15706
A2O2URVPIAVCMK	15707
A2O2V2OO61GXOY	15708
A2O2WG4IPTH4OX	15709
A2O2YJB6DBR4GF	15710
A2O421DTA8J0RW	15711
A2O489VAPVIH35	15712
A2O4GCQUEFOHZW	15713
A2O4JR8B37MITK	15714
A2O4M9EC8RDU1F	15715
A2O4POZNUZRZHE	15716
A2O4WB8RB5JCAP	15717
A2O4XPP9UKP9B5	15718
A2O51A63J7E2B3	15719
A2O52ICJCRQYVK	15720
A2O5EXPH8UKUS3	15721
A2O5P2FNQMVWTX	15722
A2O5XZ42N1SBZ4	15723
A2O60GG6UEIOI4	15724
A2O62ZP28H9S9Y	15725
A2O6DZKW0X449R	15726
A2O6IC9KWY8TQR	15727
A2O6J4MNDFJFEW	15728
A2O6VC66U03ST9	15729
A2O7G9WKL3PWGO	15730
A2O7GDWNVZIZNP	15731
A2O7IKI1X057WF	15732
A2O7Y461HOESO7	15733
A2O811M8VKKGJ8	15734
A2O81W1QHDGELV	15735
A2O874Z3E2CKTA	15736
A2O87JHEWXAVV1	15737
A2O8AWDEGV9FI3	15738
A2O8EJJBFJ9F1	15739
A2O8UDAVQ5CPGZ	15740
A2O8VCG3FWKW59	15741
A2O8Z4MX4I8WYT	15742
A2O8ZECSI4R6UE	15743
A2O9188COTYQLP	15744
A2O9A8GI1M1KEC	15745
A2O9BXRREXO5J1	15746
A2O9EVKAXP0I65	15747
A2O9KQG7VRGYGN	15748
A2O9N2DS0NAT2H	15749
A2O9UK5B50KKYB	15750
A2OA3KTOJN1WO8	15751
A2OA46Q4Q6GO8Q	15752
A2OA8TE8CGQCJO	15753
A2OAJTCPJX2WNR	15754
A2OAKC47GIDXUK	15755
A2OAMYSEQMKMSN	15756
A2OAPN3YYB709T	15757
A2OAWB0RRB6QNQ	15758
A2OB0X7NNAHRYF	15759
A2OB8TK2Y0CPFL	15760
A2OBBNQ6O4JIJ4	15761
A2OBD498I3S258	15762
A2OBDNQ5ZYU1L8	15763
A2OBDPVJKF118G	15764
A2OBH0O1FHPZCR	15765
A2OBNNSB9MJANW	15766
A2OBPNC8IFUMU1	15767
A2OBZC9R7I6VYE	15768
A2OC47K9J2F9CM	15769
A2OC6Q03UVPCR9	15770
A2OC9H9OAMJOS8	15771
A2OCCHKTVJIN26	15772
A2OCDK0BOW6UCY	15773
A2OCFY81BELYVJ	15774
A2OCGGJTXN5M8O	15775
A2OD23L2HALWKM	15776
A2ODAJFZJKTUB5	15777
A2ODDT99WQMG1T	15778
A2ODEEAL4UAG46	15779
A2ODEW4DDE9OK6	15780
A2OE0PU41QF7PI	15781
A2OE56V7GH0W7W	15782
A2OE8Y9ILQ5PGI	15783
A2OERI2FWZ8L3V	15784
A2OESAJV3U3I1V	15785
A2OEZIIK61GDW0	15786
A2OF3KUPYGHOOU	15787
A2OF3NUCMCVOBW	15788
A2OF63HGS7CVK9	15789
A2OFV03UHHBO5J	15790
A2OFWDRK6SKPQD	15791
A2OFZSFHTLGIHY	15792
A2OG02RDIG3X72	15793
A2OGE7Q0N371GI	15794
A2OGGM1R4HJPIA	15795
A2OGHB6L692JP0	15796
A2OGIT6A5CBMW5	15797
A2OGVQY0OYC6M7	15798
A2OGXGW2O6HWLQ	15799
A2OGY8YG695WX2	15800
A2OH11RXZJDOEV	15801
A2OH512XHOX3S8	15802
A2OHB4V6XKRMSS	15803
A2OHMIABM6DYX9	15804
A2OHQ42JSU8ZAZ	15805
A2OI3TV43XXXC3	15806
A2OI5F3YPE5WYH	15807
A2OI5R82OOVUGT	15808
A2OI5X8CQXNLA7	15809
A2OIUXTRXACSEU	15810
A2OJ0I1G3OF2NK	15811
A2OJ4CK4PFWC4O	15812
A2OJ6LBO76F2KI	15813
A2OJD69H9QAXJK	15814
A2OJDG7A17QSNY	15815
A2OJKQQT3U0HLD	15816
A2OJM97W9FDM9G	15817
A2OJWTZT1FOTFI	15818
A2OJXT1HH5O6TF	15819
A2OK39OSYUF37L	15820
A2OK3VOBXEPSR6	15821
A2OKCVZF1IYTO4	15822
A2OKHAHIOPK950	15823
A2OKJPPN1ZX5LX	15824
A2OKLZ78D0JP17	15825
A2OKMBVTV4V23D	15826
A2OKNQWLFBOGMM	15827
A2OKRFLUZT95T6	15828
A2OL0H2A2MYAXY	15829
A2OL45A9CD7KQV	15830
A2OL5WLCNZVD9K	15831
A2OLDBUPUV8VHK	15832
A2OLHBCTMYOTOJ	15833
A2OLKGT4Q6C9AH	15834
A2OLOEZXPGNYF1	15835
A2OLR4WBGEWJ94	15836
A2OLS1M1TQQEO6	15837
A2OLX6JO29WNBU	15838
A2OLZ4Y8Z36MJB	15839
A2OM2JV95JQDKE	15840
A2OM3GVGDE3JRW	15841
A2OM5R38PL5W2Y	15842
A2OM6MZ4YQ0FBA	15843
A2OMG3GYEFXOC9	15844
A2OMH09UILRMYC	15845
A2OMOSWA43YYJS	15846
A2OMQEK9OW2FY6	15847
A2OMRLYHTLIYFH	15848
A2OMSKB0LPEWAX	15849
A2OMV81HS4EYIN	15850
A2OMZ8QPFZQBO4	15851
A2ON7CC30JZU5O	15852
A2ONLHSNB9J6YY	15853
A2ONMW0OPINSZY	15854
A2ONQ7XXBTK8L3	15855
A2ONQJN868TGHI	15856
A2ONRXBN7XDX16	15857
A2ONVMBM8Y3NHM	15858
A2OOBVB2RQP76N	15859
A2OOGB18LUGFT8	15860
A2OOLI2WFY4L2	15861
A2OOQPH4D33DLM	15862
A2OOWFBXDC8K3S	15863
A2OOZE8IXPF0A4	15864
A2OOZN6YK52CSW	15865
A2OP6VVDKF2UBO	15866
A2OPEN98LRGNBW	15867
A2OPEUPCCYWAGK	15868
A2OPNU61K3GSFN	15869
A2OPQHX0YICRFI	15870
A2OPV9YOTRMHHL	15871
A2OPYFA5NZAXD3	15872
A2OQ7EPRHTR0X2	15873
A2OQ8Q5WSKYHG5	15874
A2OQIETSGORSR9	15875
A2OQONSST5ALCR	15876
A2OQQT3X2H8BVB	15877
A2OR1MMBZ7EBFR	15878
A2OR4QUQSUMOW7	15879
A2OR5V6DV60Z6O	15880
A2ORE2294G2H5T	15881
A2OROW5ECYUN5B	15882
A2ORZ35WH424LU	15883
A2OS01QDPSUHM9	15884
A2OS3TIVAKUAHG	15885
A2OS6SQXPBJD7V	15886
A2OSD9SFBFSLXW	15887
A2OSEL4JDMPBAS	15888
A2OSJSU8MGONFA	15889
A2OSR89R01DP9E	15890
A2OSYYN8BM09RA	15891
A2OSZF63XBU5VJ	15892
A2OT4VDS8QACNB	15893
A2OT5UW4ADG05A	15894
A2OTA7SLLJ1V0B	15895
A2OTDPDIGUJV8R	15896
A2OTGX253O4J4D	15897
A2OTLOW1BSB90M	15898
A2OTOUNVZWL3B2	15899
A2OTWDOP0C6FFP	15900
A2OTX0Q81MTQD3	15901
A2OU47W7XBCE77	15902
A2OV0EKZK35VC1	15903
A2OV6GD4KWAKV	15904
A2OVSD9E5UBSI3	15905
A2OVTMOI3TGZ3C	15906
A2OVX8MJMEF0X0	15907
A2OVXI6URFKDHS	15908
A2OW1FKQFPIA5D	15909
A2OW2RM544F419	15910
A2OW8ZNBXLUBIB	15911
A2OWF3HTT7VYXD	15912
A2OWH0V1B4ML7U	15913
A2OWI6FXHYQ0FT	15914
A2OWKKF8ISFYX7	15915
A2OWL0NS33ZQST	15916
A2OWR5G2OAQF7C	15917
A2OXIZFMC7YVER	15918
A2OXNP4H9VE751	15919
A2OXSOOG2Y5HPP	15920
A2OXTTN0C1LP54	15921
A2OXU5UFHVIKX7	15922
A2OXVU0UVCO8W	15923
A2OXWWWCJJPB32	15924
A2OY5YNT2040OT	15925
A2OY6FD3OC5MD1	15926
A2OY938ZNE1GTB	15927
A2OYCXOCWN5K3S	15928
A2OYLBRHH42KWR	15929
A2OYNLWE4BJWW3	15930
A2OYQ8JRQHNDT2	15931
A2OYSRFTFIJSE	15932
A2OYXIQC0ERM90	15933
A2OYYP9ZKHXKDW	15934
A2OZ4GOYPSFQ0T	15935
A2OZGSK2SPY4FC	15936
A2OZI3RYS7FGUU	15937
A2OZKM3TCCG8VG	15938
A2P03MAQG51UPG	15939
A2P04EAFUXK57	15940
A2P0537ENMX6HB	15941
A2P06K653ZTGXN	15942
A2P0DA65ZQBQR6	15943
A2P0HSG8FQUO76	15944
A2P0RTWVNRI3MS	15945
A2P0THMK47FXZJ	15946
A2P0V9EAALBIM0	15947
A2P0WVABB1GTO7	15948
A2P1F7SZ0FKCWU	15949
A2P1KJC89PX2HV	15950
A2P1NMQ5THQICT	15951
A2P1YCM626VGG5	15952
A2P1YEUZVVATVE	15953
A2P26T9MWPZ8OK	15954
A2P27F0RSBBQLH	15955
A2P2DQ05EAYQZ5	15956
A2P2FTA24RAFBA	15957
A2P2IN28VN26M3	15958
A2P2JM5ZR7DP4B	15959
A2P2KIKUWRBX42	15960
A2P2KLP7VCDTMB	15961
A2P2N3WZA1J20H	15962
A2P2NFY2WOAG6K	15963
A2P2OJBPPMR8EX	15964
A2P34GZC2PET54	15965
A2P383PA54QY65	15966
A2P3A6IV8OA6H8	15967
A2P3D3WF520JDT	15968
A2P3HO3TC4SU1H	15969
A2P3LMWDQR78B4	15970
A2P3LQ5GTPLRJU	15971
A2P3MUAJQAR050	15972
A2P3V1BG6FMUS5	15973
A2P42109EAAWON	15974
A2P4EL137EB659	15975
A2P4OONJ85803I	15976
A2P4R74K9Q1E6K	15977
A2P4RQG5HFOD35	15978
A2P4TE642HS9ZD	15979
A2P4YWTRTW40Q6	15980
A2P533VJVSDPBT	15981
A2P5356D1S5UAQ	15982
A2P53J3PA5TH2O	15983
A2P5A55EE4UPP4	15984
A2P5GE4JNB3LUW	15985
A2P5I4DPNOR9G	15986
A2P5UBYPWHVEMX	15987
A2P5UEQ5EAR24O	15988
A2P61PJ75J7TU8	15989
A2P6D7BPVKEJ2M	15990
A2P6FU1HQ1OFAP	15991
A2P6GX8V66XLAD	15992
A2P6IHWVW8TSNM	15993
A2P6JDD13PPMTG	15994
A2P6P1JMM7PIVO	15995
A2P6QCZWW3H1X6	15996
A2P6U94FVYCH07	15997
A2P6VHQQIOGRK5	15998
A2P6Y0PUJ8CZ6R	15999
A2P70OKERYW3AC	16000
A2P739KOM4U5JB	16001
A2P76DQPH6MSMO	16002
A2P79PZQTH9P03	16003
A2P7FWSDH1WOLF	16004
A2P7KRRF0O2QL4	16005
A2P7LI4NG8LFW4	16006
A2P7O9BSMAUCBV	16007
A2P7RD0Z59UQOP	16008
A2P7WO7OA0MVPJ	16009
A2P7YZ8DWDWWPQ	16010
A2P8517SOJGNPM	16011
A2P86DEND7WJG0	16012
A2P88RQDEDT21A	16013
A2P8A9SINJ4NZR	16014
A2P8AJXEREPWQI	16015
A2P8F8AY3D0RK9	16016
A2P8KK8MOP8DU2	16017
A2P8XBW9664GV3	16018
A2P8XWKTYA9XW7	16019
A2P99LRDXBF8NF	16020
A2P9Q6BBLURY6H	16021
A2P9V65B874JI5	16022
A2P9XZ5R4FP7B4	16023
A2PAFNZ5D4J4WN	16024
A2PAI3U61C46HM	16025
A2PAM3ZKHGL7T5	16026
A2PAOYUND1XT6S	16027
A2PATWWZAXHQYA	16028
A2PAWMGNOAULRU	16029
A2PB1DYYOVS7DQ	16030
A2PB2TZ1S8ZNIS	16031
A2PBG0ZYX4BT89	16032
A2PBGEMF924EQI	16033
A2PBJCTTPAXW3E	16034
A2PC20K9K0TZJ6	16035
A2PC6KJ50P32KE	16036
A2PC7PZ22EN7M6	16037
A2PCDFWOY3GV3Z	16038
A2PCFJ07ZOY4UI	16039
A2PCKMHX4OIAHT	16040
A2PCLAMIIBRI0Z	16041
A2PCSERWUJETL9	16042
A2PCWZ7W615HXN	16043
A2PDBAK3J6R4LH	16044
A2PDFZTEN1UIC9	16045
A2PDJBY8R9DI35	16046
A2PDKIH1XJ2BQ2	16047
A2PDWX3BGOS3F9	16048
A2PE1TFQN01TI0	16049
A2PE6YSJ4BVVXN	16050
A2PE8375PAUKVM	16051
A2PE9PVZ9L75DQ	16052
A2PED5QNFA6T64	16053
A2PEG4VR9FON8R	16054
A2PEIERQZR3COP	16055
A2PEJJLVU2MNTW	16056
A2PEPNET02RZWT	16057
A2PES9M1KNV7HP	16058
A2PEUTR6YG05ZE	16059
A2PEVTCTD9NP8F	16060
A2PF64RBR1G1SZ	16061
A2PFEYS27L721S	16062
A2PFIOG31HL9L7	16063
A2PFK2C3X4CG9E	16064
A2PFK9QEESCO2W	16065
A2PFOD4Z8RBQZA	16066
A2PG04HOPABSKK	16067
A2PGG2Z2Z8923V	16068
A2PGMAFNO1EPXW	16069
A2PGUOIOTAUT1	16070
A2PGZKO2QPUE0M	16071
A2PH3JQFQCB44R	16072
A2PH41N0QCLGOE	16073
A2PHHB4AP5ZZFS	16074
A2PHORIP1WZ7AA	16075
A2PHSG5V6ZEV18	16076
A2PHV4KPMDH55H	16077
A2PHXB4LFHO5UZ	16078
A2PHZ1N89WCVOR	16079
A2PIA4RF233MOT	16080
A2PICNZWHEINQC	16081
A2PIJ5DYDK8TXV	16082
A2PIJQ3S3J5ROY	16083
A2PIMV34TSWOUM	16084
A2PITNOMJZ6SZZ	16085
A2PIX11F2XYZWS	16086
A2PJ3YFE32NLV6	16087
A2PJAWWUDRXID7	16088
A2PJG6HNF221QA	16089
A2PJJEZVHWVAKZ	16090
A2PJMCP5ISR8UR	16091
A2PJV6DEJCSWBJ	16092
A2PJZFX7PAM11K	16093
A2PK64OVZA1U8Z	16094
A2PK7FRJGJ05CX	16095
A2PK7S4VXUBPYM	16096
A2PK9T58SJ57YE	16097
A2PKCOL8Y2IVYA	16098
A2PKGPQ6VNKWPM	16099
A2PKK1TEA4U21Z	16100
A2PKKAA1MOSIOG	16101
A2PKP40YA4UIAO	16102
A2PKQXFHI5C21O	16103
A2PKR4K8NPFDHO	16104
A2PKS2SYOL3ERE	16105
A2PKSB28ZOLIR2	16106
A2PL0US7RN67G	16107
A2PL6TW3HJUNH1	16108
A2PLC0CT2C92ZT	16109
A2PLD524ZG1TSE	16110
A2PLDRHC5C1DYE	16111
A2PLFET0C2KPY3	16112
A2PLGB52VCSYHG	16113
A2PLSJ7AGWSEG2	16114
A2PLTTHY4R5DHH	16115
A2PLVHYIKQ2DQH	16116
A2PM48CB7KH1OE	16117
A2PM4KGSCYCPYZ	16118
A2PMBW0TI7V1MT	16119
A2PMF8D84OIESC	16120
A2PML45NRZ7FLP	16121
A2PMQ4KBQWNK95	16122
A2PMR1V4ME0X2W	16123
A2PMRH16H0HR6P	16124
A2PMSEL8EOI5TH	16125
A2PMTY6NYUAE7P	16126
A2PN2CSU2WA49N	16127
A2PN55MTK1BIL5	16128
A2PNDF69YW8F8C	16129
A2PNEDOOF3O1V4	16130
A2PNFKFDUSL8P2	16131
A2PNH6KRUWBGRI	16132
A2PNI5KFZHP0YU	16133
A2PNK4ZY6BXTYZ	16134
A2PNNUJFGNP6SD	16135
A2PNWNCIYTH1KT	16136
A2PNWTD4YQ583S	16137
A2PO6KN99VYIB7	16138
A2POCRFI5U8WBN	16139
A2POD5P435RZYK	16140
A2POE1UPP0PCHF	16141
A2POEL0OACVVJL	16142
A2PONXDYNG3PW7	16143
A2PORYI9ASQJZS	16144
A2POV2JAFWUSCZ	16145
A2POVYI1QASG6T	16146
A2POXR5VS3PHKR	16147
A2PPI40XT8H4C6	16148
A2PPIKOEMQUKU3	16149
A2PPIQCRY0ERNL	16150
A2PPOMGLEBCTM5	16151
A2PPQJ6SYRJUD1	16152
A2PPR66QACJQ51	16153
A2PPXA3C17D3EF	16154
A2PPYOM9OC47M3	16155
A2PQ3CTU0PD9Y4	16156
A2PQ3WXMKCT4NX	16157
A2PQ6QHFISNVO9	16158
A2PQB2QK8WAXSS	16159
A2PQJRBRH1IVB4	16160
A2PQLARQP90RKU	16161
A2PQUL8TI4P4HV	16162
A2PQVSD4MUESI3	16163
A2PQW20O49HB0A	16164
A2PQXRNX8J122N	16165
A2PQYUA02G3O1V	16166
A2PQZ5WHZ6W841	16167
A2PR1W5USIOR1L	16168
A2PRDKKCPK3W10	16169
A2PRDUL8V415AE	16170
A2PREU4LOFQRB1	16171
A2PRIC2Z93CBCG	16172
A2PRJE5AGPRAQT	16173
A2PRLE4DELY9DA	16174
A2PRONC84TV98X	16175
A2PRS2CZ2LVINW	16176
A2PRV9OULX1TWP	16177
A2PRWTMJNH90IQ	16178
A2PRZ7MS5Z9PW7	16179
A2PSC7LUNIDEAH	16180
A2PSD2R9A1CXG7	16181
A2PSFA91GQ0RF7	16182
A2PSL28PIEE1HK	16183
A2PST7BRUOQ5GP	16184
A2PSTWYS4P4LQZ	16185
A2PSVETZUVZUQR	16186
A2PSWK1WRRY43B	16187
A2PT05TL6NWP1X	16188
A2PT4NKNDECTWN	16189
A2PTEG090C7E2B	16190
A2PTEI1QU8B77K	16191
A2PTFW5G285RHT	16192
A2PTTRQQ8WB7KO	16193
A2PU80LCKRMC9X	16194
A2PU8FLS7RCO9M	16195
A2PUDX7VRQN5M5	16196
A2PUIBBIO075BH	16197
A2PUINNA7KTADL	16198
A2PULMKKK4H8Q0	16199
A2PURMYKPGBLKT	16200
A2PUS6OBVH0NFQ	16201
A2PUZHUAYF4TPY	16202
A2PUZK47XKDKH1	16203
A2PV0TBG04BZKF	16204
A2PVM6IX02BDRB	16205
A2PVPLITEFJRMB	16206
A2PVSBWA35R18P	16207
A2PVSOR5FFOWVP	16208
A2PVSY9KAIPJ8Y	16209
A2PVTJ9T33POCO	16210
A2PVX0ZXOOTOGD	16211
A2PVZLUJIFDNL9	16212
A2PWH428VXORLF	16213
A2PWK6BBRNQN4Q	16214
A2PWV4IHUVSWYE	16215
A2PWWL6QGS85B2	16216
A2PXINGDPPCI0F	16217
A2PXJRXQQ4NJS2	16218
A2PXM4US7NDU4T	16219
A2PXVMF9DH8NDZ	16220
A2PXYYAS9KF88G	16221
A2PY1ZVCYUT7B2	16222
A2PY5ED630H0QJ	16223
A2PY8B33NP5UXT	16224
A2PYCTHZOS8FZI	16225
A2PYJGH8SXGYP0	16226
A2PYLB2U3BP02R	16227
A2PYPBC4IFAGXU	16228
A2PYS280Q1UH7V	16229
A2PYU5PTVHN25I	16230
A2PYW8W3F5G9TM	16231
A2PYZOBSKPUHN6	16232
A2PZ39BYJ4C1LS	16233
A2PZ78ZE0ZUG1L	16234
A2PZ85IEP2VG1R	16235
A2PZE17ADHBO6C	16236
A2PZIJ28O1TUTK	16237
A2PZLIZ0KMGY6K	16238
A2PZMKJS5YIYKA	16239
A2Q011FX89Q6N2	16240
A2Q01LS55DH8HZ	16241
A2Q07YKGP8HSQ1	16242
A2Q0A3IX8UAQ0G	16243
A2Q0EYU1X6B08B	16244
A2Q0GRPEGYUMX9	16245
A2Q0R61ZY5Q3CJ	16246
A2Q0UGKMVOO7T3	16247
A2Q0ZB6WLB646	16248
A2Q1046M09398P	16249
A2Q12G0CRKK0KP	16250
A2Q16KFI2I7SF6	16251
A2Q1CH6AP7KGPI	16252
A2Q1CMST1FOKBD	16253
A2Q1D9ISKC32J5	16254
A2Q1F981D10V1W	16255
A2Q1ITOM6BNIGZ	16256
A2Q1L1DVG9LOOS	16257
A2Q1LWAY11WOU3	16258
A2Q1N4MFBTUB10	16259
A2Q1SVWZE8ZEFM	16260
A2Q1XPIQMHXSQ2	16261
A2Q204DY2L7YRP	16262
A2Q22QD3D85S3K	16263
A2Q2A6JKY95RTP	16264
A2Q2BNNIIX0ZR3	16265
A2Q2IJIR17BCQP	16266
A2Q2QZH42ZEIFF	16267
A2Q2T2SCXTY4LY	16268
A2Q2TLXR4IPQ49	16269
A2Q2VUSLNM0MUP	16270
A2Q2WRVKDJM1O6	16271
A2Q2YNES669LPY	16272
A2Q2Z7A7W1T72R	16273
A2Q2ZDM3MOKF6F	16274
A2Q3786V5266B2	16275
A2Q3GGH31BCWV3	16276
A2Q3JAF2FM9O4S	16277
A2Q3SGQCTOH3XC	16278
A2Q3W6WA59IKA	16279
A2Q3WSU5PS2MZO	16280
A2Q3XMSURK1PDP	16281
A2Q42HSJ7Z27SL	16282
A2Q487NJW0YCC6	16283
A2Q4IXEQN0AI22	16284
A2Q4JUXCOSVCEL	16285
A2Q4NQLJEMFC3S	16286
A2Q4PUXLTH0QR7	16287
A2Q4XNNIBWIT93	16288
A2Q50IRWMFFEGJ	16289
A2Q51L8MVGK5L6	16290
A2Q540NTQ3E7R2	16291
A2Q5A5DRK2XMPE	16292
A2Q5CCXARJYKTK	16293
A2Q5F5OY0EAM8C	16294
A2Q5P8ZRODRBKQ	16295
A2Q5YNKC4HZZC5	16296
A2Q65YGP86DVZB	16297
A2Q66G7GVBHDCA	16298
A2Q67QBQYESLD1	16299
A2Q6FAU6C12WFV	16300
A2Q6IMFITXQRRJ	16301
A2Q6QAARYD41W9	16302
A2Q6YSXWJN3H5H	16303
A2Q77AT27OLN3H	16304
A2Q79J76PISBAJ	16305
A2Q7AZFRV2DGDF	16306
A2Q7DE6NA7VKAJ	16307
A2Q7IUIZK1BTIE	16308
A2Q7T4AX31Q2Y5	16309
A2Q7VY0358PA3W	16310
A2Q7WOW00DYGPV	16311
A2Q806IOXZ43HX	16312
A2Q8AT657XUX31	16313
A2Q8GFSEUSGJ51	16314
A2Q8JDG8A7T70H	16315
A2Q8UPZ58PT1S3	16316
A2Q8YG9BR7Y395	16317
A2Q905F6VOTGM9	16318
A2Q94A5O4LS6FA	16319
A2Q9EE4UKRBFOV	16320
A2Q9ORIBPMCZ40	16321
A2Q9ZWQ5NVT19E	16322
A2QA9KWBGQCRV1	16323
A2QAAUFVL0X18I	16324
A2QAP8H186EU05	16325
A2QAVAG6KTCOYP	16326
A2QAZNE22AV2WA	16327
A2QB0KKBWDV9OC	16328
A2QBAYRY8SKL6O	16329
A2QBDWTQN88BJ4	16330
A2QBQ53ITOC38Y	16331
A2QBT1V2NGYVJW	16332
A2QBVWY1NBDSK0	16333
A2QC1R1PB432QD	16334
A2QC2X0IRR5JFE	16335
A2QC7V9IXJC708	16336
A2QC8N3OCWATZK	16337
A2QCC3ZR0LXZVK	16338
A2QCV27JS4GQHB	16339
A2QCWRDPIKJLBG	16340
A2QD2YREIAO1ID	16341
A2QD372EYA38YH	16342
A2QD5XXO8VTFYO	16343
A2QD73SUVZSW6Z	16344
A2QDC6KFEL4W3W	16345
A2QDFBWKB7GWFE	16346
A2QDOJFFLFGF18	16347
A2QDRZUWV6J3U	16348
A2QDZ4P82VRC00	16349
A2QE5TCQHX32Q6	16350
A2QE70GG8V1E15	16351
A2QEA7N0K26N22	16352
A2QEGQLJGWAOOB	16353
A2QELJ8HI35SS1	16354
A2QEPZKATEOCUG	16355
A2QEYP28U6YXM4	16356
A2QFOQJL272X3K	16357
A2QFP008LBFRPX	16358
A2QG4YM2SQI8AM	16359
A2QGCMZ0K7XMC	16360
A2QGG3OQY7BSP3	16361
A2QGKUF4M3H1E2	16362
A2QGOE9VHBNPKS	16363
A2QGQP11OOMR3X	16364
A2QGS9R04W65FA	16365
A2QGUDVNZUTE0B	16366
A2QGX0QOKG1IU	16367
A2QH8AGE1MROJC	16368
A2QHIB1WRGPSFT	16369
A2QHO1HUQ37K2Y	16370
A2QHTX9Q2O6BEJ	16371
A2QI2JHSIQ3SN3	16372
A2QI3DJTKQWMHI	16373
A2QI6BQ95C0BB3	16374
A2QIB13E4TR50S	16375
A2QIG0M7PB2FT6	16376
A2QIP9NU7HH0CT	16377
A2QITU39O9RNNI	16378
A2QJ3PN6SB3Q8T	16379
A2QJ9QDOB60TIJ	16380
A2QJSIXU8ZM3UX	16381
A2QJWVGQ6TH5Y1	16382
A2QJYAOHEANTZA	16383
A2QK06G5K0FVQH	16384
A2QK7UNJ857YG	16385
A2QKBEU9WQ24KB	16386
A2QKCOX5ACRHC5	16387
A2QKDSQ48K8J2	16388
A2QKMH39Z161CR	16389
A2QKXW3LDQ66P5	16390
A2QL0OIYS7ZYA8	16391
A2QL4DCXUC3P69	16392
A2QL6TJWM767OC	16393
A2QL78QX9AXRTX	16394
A2QLIWBF9I6MLD	16395
A2QLUHQT3OK0IY	16396
A2QLV9BOC92CMI	16397
A2QM4C5PJ8BJG5	16398
A2QMAJ3PYEFGHW	16399
A2QMCLD8GJN2FY	16400
A2QMF79VVI3VVX	16401
A2QMJRI2OSHH5A	16402
A2QMK9PUCQ986M	16403
A2QMLSRRXU4AVB	16404
A2QN1V5J9FYW37	16405
A2QN2LXRKSDZ9S	16406
A2QN7J9ROQU72A	16407
A2QN7RNE5WBRP0	16408
A2QN81DBTK77L5	16409
A2QNATY2L0YRAZ	16410
A2QNE5QMWS5N9	16411
A2QNICD82NYHSI	16412
A2QNL2GWN1TO7B	16413
A2QNMPNXW1QAQ5	16414
A2QNODR542GZTA	16415
A2QNOR1QGC79K2	16416
A2QNS95WGN35G9	16417
A2QNXIPA6ZD3VO	16418
A2QOBZN4GUWAFQ	16419
A2QOC8CFVWK551	16420
A2QODNE2VEIG4C	16421
A2QODR4T992O6G	16422
A2QOKMWMDC5Y55	16423
A2QP56X8SSDTDP	16424
A2QP5ZEZ12F8CR	16425
A2QP8KQ4XSCXA1	16426
A2QPCJOMR0GAHI	16427
A2QPEAOKEWUZ84	16428
A2QPKVCLRTKYMD	16429
A2QPZJ6BMTQ2XI	16430
A2QQIRN73QIWNO	16431
A2QQT2RUF81FQV	16432
A2QQWULXWQ4N3D	16433
A2QQX01KRX0OWT	16434
A2QR4TK3BDEY3K	16435
A2QRASO3QFVZ2L	16436
A2QRKASL1VUV5M	16437
A2QRKOCQH5PR1D	16438
A2QRP6A8IK109U	16439
A2QRSLA0V1GZFW	16440
A2QRW6IQ7CSK5G	16441
A2QRXQPHDMFCQV	16442
A2QS1XAJPCNTF4	16443
A2QS23JF82GP8Z	16444
A2QSFXFMY9GP2B	16445
A2QSMKSU07K1HV	16446
A2QSRNN45LX9X1	16447
A2QSUVXYB2KLQ0	16448
A2QT4MVN42YQ9J	16449
A2QT6VD6P8A3XW	16450
A2QT8GWGHHNPJF	16451
A2QTDL1XR2HTX	16452
A2QTMQR6CBEHOW	16453
A2QTPNOT8NDRV4	16454
A2QTT8YDCK2Q67	16455
A2QTXCVYOU6WEO	16456
A2QTYTJ8DANBOB	16457
A2QU2VY4J0V13O	16458
A2QU4I4DH467AX	16459
A2QU7OJ458D02Q	16460
A2QU9HB4A41A4U	16461
A2QUDBI7R6Z3ED	16462
A2QUEDOVLOTZNX	16463
A2QULEPZFU0PR2	16464
A2QUQ94PAUKZHD	16465
A2QUUF7MN7MEHR	16466
A2QUZQNUEWQR4Z	16467
A2QV6QJG4WSXOJ	16468
A2QV7TCLK5MCA5	16469
A2QVIHMOLZRAZG	16470
A2QVSZEMIOQT94	16471
A2QVV9JPF3LP9D	16472
A2QVVMYYDA47LU	16473
A2QVWI86859HTP	16474
A2QW0WOQOFMFFT	16475
A2QW3U7T82OI4P	16476
A2QW42TM87ECOS	16477
A2QW8NM5KD7M79	16478
A2QWBGAGS1PXHB	16479
A2QWHEI914GHRZ	16480
A2QWJLHS2BEEM2	16481
A2QWN1CYGPPZXV	16482
A2QX2M4UMCP2HR	16483
A2QX49LS3Y3ANI	16484
A2QXCFB7RMP1VB	16485
A2QXF249LSQPSQ	16486
A2QXG8LOXOT32O	16487
A2QXL12BBVYOAJ	16488
A2QXM1SJDKTCTR	16489
A2QXOBQP0BN4UA	16490
A2QXUAJWSAXRII	16491
A2QXVW83BWGLA4	16492
A2QY7506XMXEKH	16493
A2QYBHNOKK9AUG	16494
A2QYD9ACMOG9AU	16495
A2QYYE6Y09N33G	16496
A2QZEAOMKHXTKI	16497
A2QZI7UXL671AP	16498
A2QZLHQK1GVZZW	16499
A2QZR5M6D52TXT	16500
A2QZV53YOFRSJ8	16501
A2QZY1FDO30535	16502
A2R0CR7IJ0IG97	16503
A2R0E7W9YY3OLE	16504
A2R0GYPW8JJNZW	16505
A2R0NV8K4QP2XH	16506
A2R0RLAIYI1FG	16507
A2R0T1SV7T3ZDW	16508
A2R0T67A9L42AK	16509
A2R0WKJVXO0GC8	16510
A2R0ZWC8P12XW5	16511
A2R1HUYHXV7H18	16512
A2R1UEE8OP09W7	16513
A2R1ULM7JP0EA1	16514
A2R1VCV9QJAWFR	16515
A2R286TYG1XZMC	16516
A2R2HAJYAZLQSA	16517
A2R2IXSJRYYVEE	16518
A2R2KWXZQHK5EH	16519
A2R2O9TVCDOTSF	16520
A2R2QMYHBMZMSI	16521
A2R30CG0EWJYPJ	16522
A2R3CYNF4R3TJT	16523
A2R3FU0SJPURIK	16524
A2R3ZW9ISV8ZSK	16525
A2R49ZN3G6FTCQ	16526
A2R4EM300D3TNC	16527
A2R4KJ11ABBDXV	16528
A2R56EMT7ME2K3	16529
A2R5BU6IDAWZIO	16530
A2R5GK6YVGDP67	16531
A2R5RGHCSWYB2E	16532
A2R6BIGHA2XAC6	16533
A2R6KRU36P2SUO	16534
A2R6O2K95IAINF	16535
A2R6RA8FRBS608	16536
A2R76KD65EJDUY	16537
A2R79X2CWE695G	16538
A2R7LL2PT9WNRT	16539
A2R7MBN4F5BESX	16540
A2R7N9UTPD3VKO	16541
A2R7QJBRJIONU6	16542
A2R7V4I4H7ULIO	16543
A2R80172BBNSTA	16544
A2R82VSX6OZBH1	16545
A2R83M32R8UJ1Z	16546
A2R862DIGRJSO1	16547
A2R8CZLEAE2GJ8	16548
A2R8FAL1SR1KZK	16549
A2R8LQ382BLQJB	16550
A2R8V7PSWBD439	16551
A2R98RKOSU6UKX	16552
A2R9CT91CLSCSV	16553
A2R9PALQULY2JJ	16554
A2R9RV7I7JKDZ4	16555
A2R9V0KKWKPQ9M	16556
A2RA8C3WS07B84	16557
A2RAB7CBUJGYTJ	16558
A2RAMERT7XAQ6P	16559
A2RAN8O99QYGLT	16560
A2RAW5GEXZ7GX7	16561
A2RB2HPDFHDFCK	16562
A2RB3UQ77CZQ8G	16563
A2RB41D86AN247	16564
A2RBDW7XL6TOBO	16565
A2RBHUDQ7H7VMM	16566
A2RBIV2Q6W3ENY	16567
A2RBLVVMMLZSIO	16568
A2RBQ3DUWGUPUA	16569
A2RBQEAA7MVJCG	16570
A2RC3KJ2GHVCQP	16571
A2RCD1GBZNRL2P	16572
A2RCEQSJTYVGUI	16573
A2RCGIDO7IA33T	16574
A2RCMHV3MHEBDP	16575
A2RD1DGD4B61ZT	16576
A2RD48TIYSG6QF	16577
A2RD78CYLIN3UR	16578
A2RDF4GOGW7743	16579
A2RDKJAIV8SBQP	16580
A2RDMHEAR5ACC0	16581
A2RDR5G65D9H84	16582
A2RDSPT23GR4ES	16583
A2RE4A2S8LN9WC	16584
A2RE9P12YH19TJ	16585
A2REDHGIHMXBPQ	16586
A2REDXJC3RBHDG	16587
A2REFHAQ91B0GA	16588
A2REHWZ3SBRMSL	16589
A2RENJY08UEZ2U	16590
A2REOP8I34E9S9	16591
A2REOQ6J8QKXIN	16592
A2REWT5KG0UBMS	16593
A2REY1H3GD5FA5	16594
A2RFI0CWALWUNR	16595
A2RFJDMO5YOY8I	16596
A2RG1ES6N647FJ	16597
A2RG3GGH74YULJ	16598
A2RGA7UGAN3UL7	16599
A2RGFYOYMH586A	16600
A2RGMPEOOA0XSD	16601
A2RGQHJYRGCP8T	16602
A2RGTFVLPA1W2K	16603
A2RHAOT4MYTBR8	16604
A2RHGSCESD3S71	16605
A2RHTNJIHXV059	16606
A2RHYEL9RKBD5T	16607
A2RI2906M3N0N8	16608
A2RI4OTC3PZROS	16609
A2RI4QE6EO29CA	16610
A2RI65NZ9NNZT2	16611
A2RIG0KLVMX2MS	16612
A2RIK6PB0SLQ48	16613
A2RIRYNG6VSICB	16614
A2RIXSMGE9VIBG	16615
A2RJ2IIZSN8P9M	16616
A2RJ4DUC9IUDY0	16617
A2RJ5B22MBO7K7	16618
A2RJDA5SQPCPH	16619
A2RJKVBUNZCSXI	16620
A2RJZ26I30VFUZ	16621
A2RKAJX5WAJ1OE	16622
A2RKFRQSN54QZW	16623
A2RKI7RPP5CJMG	16624
A2RKLGDQPRP9FJ	16625
A2RKQQL0JW8VM9	16626
A2RKZIGPBZ33N0	16627
A2RL6F7MFQZUU8	16628
A2RLB35OUCIRTP	16629
A2RLEMP7ET9G8L	16630
A2RLJGGZPQ74PP	16631
A2RLL7BESPS3RR	16632
A2RLLC0EGSXPPR	16633
A2RLLXP336M68K	16634
A2RLPYOQDA46LZ	16635
A2RLS5RTWTZO8M	16636
A2RM2PPMDMFWFT	16637
A2RM5ZSZJQL7WY	16638
A2RMHDLA931QAV	16639
A2RMMA2NNJW9QX	16640
A2RMQ9JKNWERFV	16641
A2RMVV2WEANJ9P	16642
A2RMZMXQUQ7TRY	16643
A2RN2AO4BE6F4K	16644
A2RN3Y5CQ0WAC5	16645
A2RN6D9LSO31WS	16646
A2RN9X7931Y25X	16647
A2RNAGW0F29D8G	16648
A2RNF85EQ3WS2C	16649
A2RNW51PI6RWQS	16650
A2RO3VB5MDP13B	16651
A2ROBJLUU683NZ	16652
A2ROBO96G69ABZ	16653
A2ROTZ0WTW58P9	16654
A2ROV55EGB1AFI	16655
A2ROXG15LPTFC6	16656
A2ROZYC8ENU4WI	16657
A2RP0GY861JBRV	16658
A2RPJSEDBITZO3	16659
A2RPRAQ1FBK5M0	16660
A2RPSR58JJQIQO	16661
A2RPX01W346QO2	16662
A2RQCH2X6QX8JZ	16663
A2RQFZRG9FW09H	16664
A2RQOO8VYAEZZG	16665
A2RQPK8IOSGPPJ	16666
A2RQR0HF23N72D	16667
A2RRFXMK3HV8DN	16668
A2RS2H9JB5M9OU	16669
A2RSBGN7RNQ3S0	16670
A2RSIICFOC13QR	16671
A2RSKOOM3UY1F6	16672
A2RSPOLCFRPIAB	16673
A2RSR3BDOKJL45	16674
A2RSRE041IJLR2	16675
A2RSWYHXTO7WEB	16676
A2RSXIIRQ85YUH	16677
A2RT1ARHSAWVAT	16678
A2RT22SDG1UQBY	16679
A2RTB9W27HXZNS	16680
A2RTFYFK624YVB	16681
A2RTJXBBXZJY7U	16682
A2RTSX8SA0LN4B	16683
A2RTZX3QC4RPUU	16684
A2RU16H1DUVBTJ	16685
A2RU1I7HH5ND4D	16686
A2RUUJ0Y6IMBXA	16687
A2RUWCGASTXV7L	16688
A2RUYPTQDA2EPB	16689
A2RV2C2C5TJF92	16690
A2RV56C21T320Y	16691
A2RVCCS1F0FYL	16692
A2RVCWU9RIY19E	16693
A2RVGPNJ0FSY2S	16694
A2RVJBN5UAZCW2	16695
A2RVNZ4QFVR7J6	16696
A2RVOZYGMLLX49	16697
A2RW33D49PNX1	16698
A2RW35WHEF2NHI	16699
A2RW3YZWBH2M60	16700
A2RW4EUM2R7YJP	16701
A2RW587355CMVA	16702
A2RW7HRPOIXNDN	16703
A2RW8HQ7VAX8DT	16704
A2RWJ6VFCVVCUB	16705
A2RWLTTN2VQMU5	16706
A2RX47SJXYA0ER	16707
A2RX4UZNRGM8K8	16708
A2RX62V4E2BF5Z	16709
A2RX6ATG37L17S	16710
A2RX8ZX9B9W3UF	16711
A2RXEPNIMQX7C3	16712
A2RXNGSCRBV2BK	16713
A2RXOYI3EWDXE9	16714
A2RXSOAUN9SLWZ	16715
A2RXW3KXWBVHM	16716
A2RXY0RYBMG9FC	16717
A2RYE3J72833QG	16718
A2RYFFB2T4RPCQ	16719
A2RYJO26WR7S2M	16720
A2RYJQPMNVOWK6	16721
A2RYPJHJRBUG85	16722
A2RZ2ILDVFP1HT	16723
A2RZ93PT8YZDRR	16724
A2RZEDENUOOM67	16725
A2RZLWV2OMK5LX	16726
A2RZNSGKTM3L0T	16727
A2RZP40SE7AQQ5	16728
A2RZRET3M34BC3	16729
A2RZWOQNERICH7	16730
A2RZYVD79JAU7F	16731
A2S01IKA41IC7B	16732
A2S0F2OETFY4U6	16733
A2S0GQC274G82S	16734
A2S0SHW86LGGVC	16735
A2S0WBL5K7MCSN	16736
A2S14VSL1V6K76	16737
A2S15FGMUNDX4S	16738
A2S16ZWWFELYJM	16739
A2S17UF15T50UB	16740
A2S19OHJUWP170	16741
A2S1B5ADN2MJP6	16742
A2S1BRCC67Y551	16743
A2S1CINDLD3SLV	16744
A2S1EVSVRYJLQS	16745
A2S1FGMZV8Q7IZ	16746
A2S1K5JJIC5HRS	16747
A2S1O0XNTJ4QOE	16748
A2S1OOI1FPMHBZ	16749
A2S1RAKXSE1CYT	16750
A2S1ZBPXCX1P4D	16751
A2S1ZV0UZXUSBA	16752
A2S244KFX0745K	16753
A2S26YGSVXBCFL	16754
A2S2DRBGEEX4HA	16755
A2S2S2ZUI5D01C	16756
A2S2VT1CKIDD82	16757
A2S302YVG8F49L	16758
A2S31JKX5LEVDK	16759
A2S3ANCBUC93I7	16760
A2S3OJM18M4KRR	16761
A2S3RCK4NIK0J3	16762
A2S3SUKUBE08KD	16763
A2S49HPNVTAE97	16764
A2S4AVR5SJ7KMI	16765
A2S4KES9C4PE9G	16766
A2S4OOAA0WDL7U	16767
A2S4TW2PR2FTWO	16768
A2S4UO73LBY2EZ	16769
A2S4WKOT3ADYWH	16770
A2S56KKGAMO46R	16771
A2S5EICZBSW8YQ	16772
A2S5IPNLHSV88J	16773
A2S5R7VTULFORB	16774
A2S5RWES181DLO	16775
A2S5SH6P8MNEDT	16776
A2S5TZVDF3H6JK	16777
A2S5Z2XEKWJIKC	16778
A2S64SH016IMG0	16779
A2S6AAHY9DTJCJ	16780
A2S6ALM6BQG1UB	16781
A2S6C1ZCISHWZX	16782
A2S6E2EQ2CM7FG	16783
A2S6E6NVDLMJ3G	16784
A2S6Q82Z08EGLD	16785
A2S6S8DGNS2ZJH	16786
A2S6T3YHL9HY40	16787
A2S71BBPKPMT3M	16788
A2S73Z7ZR6HAMX	16789
A2S7546XS19XMV	16790
A2S78HSOOL9M3J	16791
A2S7CSBDWOLPRQ	16792
A2S7D4E0AV1SG8	16793
A2S7GJNZ4QUHUG	16794
A2S7GKWTGICC88	16795
A2S7R1IZVSORB5	16796
A2S7WFQJ1S0K95	16797
A2S7XG3ZC4VGOQ	16798
A2S7YBFPZX1IGQ	16799
A2S8065R25KBD6	16800
A2S82CIZNK5HTJ	16801
A2S85E5AZC0JH8	16802
A2S8IRFSXH042A	16803
A2S8J4OO5NMPCI	16804
A2S8QWPBB83T67	16805
A2S8REGNWWJHU7	16806
A2S8YQJ985NK3N	16807
A2S90UAOC57BG8	16808
A2S98JM2E13YSS	16809
A2S99W5QMJTMMD	16810
A2SA0LDVZ8JW7I	16811
A2SA0NRXQ2TD2P	16812
A2SA3G2RPDEVRL	16813
A2SA3NPDTZC16V	16814
A2SA5FQBD9BF68	16815
A2SA5VTELH6SB0	16816
A2SA6LR78V49UV	16817
A2SA8O675IX3P2	16818
A2SA8V0U1IIZ0Q	16819
A2SACUCHV8T3TC	16820
A2SAE8RSZVGU61	16821
A2SAGFN21EWFE6	16822
A2SAKKC6L8UJAT	16823
A2SATO5BNKWY3Y	16824
A2SB1IZV6AC9R2	16825
A2SB1JOGX0EOUS	16826
A2SBFRYRII91T0	16827
A2SBFXPN5V6A6X	16828
A2SBR1W0W146ZK	16829
A2SBU2FVEJVCJ6	16830
A2SBUV5E8KDNAD	16831
A2SBWRIYUV9Y5P	16832
A2SBX9GOG56K8N	16833
A2SBYTZ2PXMHWZ	16834
A2SCEWWILKJM0H	16835
A2SCG962SND0ST	16836
A2SCOUKUIGP1I2	16837
A2SCPI51QCDB46	16838
A2SCWC9C3VZORU	16839
A2SD0C7T9OB20B	16840
A2SD1YJFRNA6BW	16841
A2SD1Z4OROY538	16842
A2SD4SFMAVVTWU	16843
A2SD7IS5I8K32O	16844
A2SDAZMHL1UR6P	16845
A2SDF3PSU2C87X	16846
A2SDKX7SSZ2P99	16847
A2SDPQD84RFBQQ	16848
A2SDRCBPIAXVDW	16849
A2SDUCWPMK3TPK	16850
A2SDV0DH40YWUA	16851
A2SE0NALDDTF12	16852
A2SE2KAJIEQAR7	16853
A2SE5EJ7B6Z8NP	16854
A2SEAX4JV0BVNS	16855
A2SECYHEVXURY1	16856
A2SEXICKMSUK7H	16857
A2SF1WSDN4OF7K	16858
A2SF28GX8898S9	16859
A2SF4QMQH4M78M	16860
A2SF88GW3AWEFK	16861
A2SFION8K32OM6	16862
A2SFJVU38TO6W5	16863
A2SFN1ZTPFDQVU	16864
A2SFT0M6SSTPHP	16865
A2SFVAAPF6NCDF	16866
A2SFVF3MX5WDOM	16867
A2SFY2JVS69FZB	16868
A2SG879C0DVNLW	16869
A2SGDSCBPDEW8V	16870
A2SGH0AK7XKH8D	16871
A2SGP07UI0OFPT	16872
A2SGSI83XTAESC	16873
A2SGSXZ30OBCQV	16874
A2SGXDSXJEAXQ9	16875
A2SGXEXUUBEZV0	16876
A2SH2X2V65K193	16877
A2SH45ZFY4VNG3	16878
A2SH6A32BE6NEV	16879
A2SH7OWE8QJYNC	16880
A2SHF1HWNA4L2O	16881
A2SHJFITZVKRHF	16882
A2SHQAKGOX7QCW	16883
A2SI7PZ4T24Q15	16884
A2SIAYDK7GG7QA	16885
A2SID5XRX582QL	16886
A2SIG8RPTXT9ME	16887
A2SILQXDDK6UQS	16888
A2SIYP7P5HZ6SQ	16889
A2SJ3UV3NVZKG5	16890
A2SJ64X1CKN4I7	16891
A2SJAVRYB7PKFO	16892
A2SJBHWM99A4BI	16893
A2SJCFUTANFBJR	16894
A2SJJF9D8BAFOI	16895
A2SJMA8DQ44Y2A	16896
A2SJNNZUAE2X2M	16897
A2SJQJ48X1W4KA	16898
A2SJYD2F9DTYU1	16899
A2SK02OCIRA12P	16900
A2SK0LAPF3LR5M	16901
A2SK1N3AQG3QR6	16902
A2SK7LMJL5M25W	16903
A2SK8UA7QW6OJ	16904
A2SKENUWJ443KZ	16905
A2SKEQT0WTB954	16906
A2SKIUJINESKGU	16907
A2SKU8ISNKPQFA	16908
A2SKZZZBV1XYWP	16909
A2SL2GYGVFO6SH	16910
A2SLC0YVK4NMYH	16911
A2SLM2ZTA8YCW1	16912
A2SLM5PQCKFC0Z	16913
A2SLX6UHHYCMCV	16914
A2SM12SS2DTOUN	16915
A2SM38785BEM1L	16916
A2SM9P7USBWPGF	16917
A2SMDUJFXJOVO1	16918
A2SMFI7JZ4D9ON	16919
A2SMLVKHABR3TW	16920
A2SMQ05BGXOPL3	16921
A2SMY9SWNOELI8	16922
A2SMYPRBX8ME3D	16923
A2SMZKMDG7NN3P	16924
A2SMZO38OL9ICQ	16925
A2SN24DXAKI8QP	16926
A2SNGBZE7GHJM9	16927
A2SNJFU3MUUTBT	16928
A2SNKIQX65P3JX	16929
A2SNM8LWUHZVV5	16930
A2SNV1YT66CAO1	16931
A2SNZY5BHOX1MQ	16932
A2SO0BOU2RFB3A	16933
A2SO4BAX4ZHKQO	16934
A2SO53UPX3KPV5	16935
A2SO9HC2U4U88E	16936
A2SOF1GSTKDV39	16937
A2SOLMON5ZNC84	16938
A2SOP2ZCNZ64ZR	16939
A2SOQYG2LB26PW	16940
A2SOVKLYC7ZDBP	16941
A2SP1YPM49J3W4	16942
A2SP660RI0NTR7	16943
A2SP9O9C6EFK2A	16944
A2SP9T0BVGJ8XM	16945
A2SPCPZD2JJ52K	16946
A2SPEDC7WSZCGC	16947
A2SPUYD02HSTTY	16948
A2SPV96SGOEO2	16949
A2SPWZH2KSOI4D	16950
A2SPZJX5X5AIN8	16951
A2SPZZ6Q0FJLQY	16952
A2SQ8E1Y2YDFJJ	16953
A2SQDTMFHIG52O	16954
A2SQGG1FI0OW8T	16955
A2SQIDWY9SZD96	16956
A2SQK98GGWJZY5	16957
A2SQSEKQ1NUBZ6	16958
A2SQTU9GPS9DGI	16959
A2SQXB2596MCE	16960
A2SR1AIGF0W3TU	16961
A2SR7EN91A9JBX	16962
A2SRPCN0KI2V92	16963
A2SRQ4BR676OOR	16964
A2SRR2PWQAHWJZ	16965
A2SRVDDDOQ8QJL	16966
A2SS8T2USODQSN	16967
A2SSK4OD34P95C	16968
A2SSPKTTP1R0TE	16969
A2SSW9VPI4LV1M	16970
A2ST52HWDOSHZ3	16971
A2ST78JTMA1OUM	16972
A2ST7ZI24FMZTX	16973
A2ST87925CHU2V	16974
A2STCNXFYVDFXU	16975
A2STERN81GRF3G	16976
A2STPSK0JANMT6	16977
A2STRS3KDMUNUL	16978
A2SU13RQ4NWHRR	16979
A2SU63T8XQ4NSE	16980
A2SUA53UK0WLHY	16981
A2SUCAZMLYURZM	16982
A2SUFAILV9QXAU	16983
A2SUH23TKGA782	16984
A2SUIRFR0G7QI6	16985
A2SUJLJ2XGVZUM	16986
A2SUOPBCED1VJA	16987
A2SUROKZW278MN	16988
A2SUTZRQY7DOIN	16989
A2SUXJV8RKVC8K	16990
A2SV00MJEE8UHG	16991
A2SV8NGXPKRZF1	16992
A2SVJ25T8F8BTW	16993
A2SVZDG868U0O6	16994
A2SW7SB5JQQZ9P	16995
A2SW8WTHX95XWM	16996
A2SWCO4WMGJ22	16997
A2SWI565U0871T	16998
A2SWVSGTJ1BFP	16999
A2SX6CRI3MYVMO	17000
A2SXAZN1OCI0I8	17001
A2SXCU8PZUY118	17002
A2SXG5ZNPY6Y1L	17003
A2SXM99BZBKF6L	17004
A2SYAQXJGRY3XE	17005
A2SYD0CS26774R	17006
A2SYDVYQRIOZF5	17007
A2SYEERZD7EAPU	17008
A2SYYDWQFUZ5GA	17009
A2SYYQPOR5VQ50	17010
A2SZ3W3WD1NCIF	17011
A2SZJWTG4YIFOQ	17012
A2SZLNSI5KOQJT	17013
A2SZO4NEOOC0FA	17014
A2SZZQ1I7OD548	17015
A2T04VAIXSKJH2	17016
A2T0DCJT1DSMGZ	17017
A2T0HNDKJ56H6V	17018
A2T0KFWMFW2HF9	17019
A2T0N208UYQINW	17020
A2T0PL1I0YJ5HU	17021
A2T0PQHAA5496I	17022
A2T0Q8W3OJZ9KX	17023
A2T0RDLGCWKD1J	17024
A2T0U71GBYTPTY	17025
A2T0VGJ374LUZ0	17026
A2T0XT15XINSN3	17027
A2T147UPUL10IU	17028
A2T14FME68UOR4	17029
A2T1DD07FMCAKQ	17030
A2T1K6ZXDET247	17031
A2T263BPKUUWJQ	17032
A2T266WTXRX4V8	17033
A2T2DZW013GHRW	17034
A2T2NVQ14BBBAS	17035
A2T2TVHU9GLLYL	17036
A2T31KG10IVL0B	17037
A2T330GJSTVSNX	17038
A2T35N4PV78OWI	17039
A2T3KVAAS03HOG	17040
A2T3UC8S9PU23R	17041
A2T3ZZTB6DJF8S	17042
A2T49HYBYVYQ8	17043
A2T4LHK3GBA720	17044
A2T4OOE6K3RQVG	17045
A2T4QY7BV1S649	17046
A2T50QKQD1HOVI	17047
A2T5D54THZG3B	17048
A2T5F7M9435N7E	17049
A2T5R4NOTKFBQV	17050
A2T5TUNCRJMUPH	17051
A2T689YVOAYGGD	17052
A2T6A1P581H1R9	17053
A2T6KUZ514TEZO	17054
A2T73ILK4WCOSP	17055
A2T7GXFHO35NH3	17056
A2T7JBRHNKYOGD	17057
A2T7OHYNL9EK6M	17058
A2T8236NABRPPS	17059
A2T8GINN9XPL99	17060
A2T8HRL3Y7A80U	17061
A2T8T0QSOCARHC	17062
A2T90KTFE2K1HA	17063
A2T90LIIPRLVBK	17064
A2T9EHCUD7CNEB	17065
A2T9EMIFA72AM6	17066
A2T9K2I9IJRAR8	17067
A2T9LPAXP6T3QX	17068
A2T9UGB2YHTFMA	17069
A2T9WKP949ZFQK	17070
A2TA0PZ0YE281Z	17071
A2TA4URY12R79N	17072
A2TAG01G0DFQ6Z	17073
A2TANGBNZFIFP7	17074
A2TAW1DOVY245Q	17075
A2TAY3SZ3TF5EI	17076
A2TAZLEM60G52Q	17077
A2TB4W7WE0MN65	17078
A2TBAIMLQ0S1Q4	17079
A2TBGOGBHJE71P	17080
A2TBGQFHBD3SA9	17081
A2TBH487IBL9RD	17082
A2TBQ5XA3N35YC	17083
A2TBU4KCUYCS0W	17084
A2TBW90HJ8ZEM7	17085
A2TC9ZPQXQ6K80	17086
A2TCBGD1CF35JF	17087
A2TCHXH4SIN2OF	17088
A2TCMJU44GTCS0	17089
A2TCNUT0304BYF	17090
A2TCQBVRASJCH3	17091
A2TCVCBMMQ6UGG	17092
A2TD4KDBG8JASH	17093
A2TD69IWW1N5OM	17094
A2TD9FV8HTEK67	17095
A2TDDEMYKF1Q49	17096
A2TDGMC0XJCALX	17097
A2TDHYZPKQY3F0	17098
A2TDQ2DO54C4NH	17099
A2TDSJS7T78RGY	17100
A2TE56U5CB7EP3	17101
A2TEACFB51GPXF	17102
A2TEE2CXV7TQSY	17103
A2TEEBSEEYG98Q	17104
A2TEJMBABE42EB	17105
A2TEL5ES2GJID3	17106
A2TEMHC4L6DFP1	17107
A2TEN5QZN8T40W	17108
A2TF64X98BWWMA	17109
A2TF9VYCDOU0HK	17110
A2TFBF9OA0XVFW	17111
A2TFDRAW4K21F4	17112
A2TFG0GO09RERJ	17113
A2TFHEWVICMDPN	17114
A2TFHHZ7TM48QU	17115
A2TFZODZECQRPV	17116
A2TG8ZSDTH36M5	17117
A2TGCQ6LMJ4QTJ	17118
A2TGEDDBST0AUM	17119
A2TGJ7QV8VSY9E	17120
A2TGJLH77FTOIJ	17121
A2THB0A1K6EFJ3	17122
A2THIXG7X5T53F	17123
A2THK4LTZ1EMCJ	17124
A2THKIKFQZQ3IE	17125
A2THNFFFYO1A6P	17126
A2THQCHKR89E16	17127
A2THQU6U42VK9M	17128
A2THTO902TJ9RW	17129
A2TI5R93FF69UN	17130
A2TI79NM4NCEUI	17131
A2TIGUXKJXBX2V	17132
A2TIHOUUF7SI8T	17133
A2TIIF3R86TRQK	17134
A2TIN30IR9KPOC	17135
A2TIPI36IXHL4V	17136
A2TIVGU3A5DZ89	17137
A2TIYJV0CCAMQN	17138
A2TIZQGYAAQ5KJ	17139
A2TJ7FWUWAO3F6	17140
A2TJG23PLYEDA9	17141
A2TJITGLAP0AIA	17142
A2TJOYIPDU6E5Q	17143
A2TJRJ9O31OV4F	17144
A2TJS8KUMHZG2B	17145
A2TJT5ULZFJ0YL	17146
A2TJX7RZIUH4GO	17147
A2TKK32VW8ONJN	17148
A2TKKYL3GKFS2M	17149
A2TKLBP7VJR2US	17150
A2TKP9M8XY0I7K	17151
A2TKRM3YW8DCRW	17152
A2TKXVZVRAQDE0	17153
A2TL1C0WVP1XRB	17154
A2TL29SF1W1KU4	17155
A2TL3GNAQL20BF	17156
A2TLGZY8MSRE8U	17157
A2TLMIMDZW4B2Q	17158
A2TLNDHXL6M9OF	17159
A2TLYP4NHQQWGF	17160
A2TMNABTE5OM8O	17161
A2TMQ7S3RCSXP9	17162
A2TMS5FVUGSOBO	17163
A2TNA4KH5GLFN8	17164
A2TNCDOHOHKBQ5	17165
A2TNDVUGHRJPA4	17166
A2TNQZGYXTJT7W	17167
A2TNROMVX6897	17168
A2TNWHH775E0H2	17169
A2TNXMZZRIYHNW	17170
A2TO2BN3P4C00L	17171
A2TO2HNA14YE6G	17172
A2TO3RKAJZP9J2	17173
A2TOAE1FYVYNL2	17174
A2TOLBNS4WZB3X	17175
A2TOLQWF59YZON	17176
A2TONS9V2NJOV0	17177
A2TP6B1O67HEHN	17178
A2TP6H5N7V3RNE	17179
A2TPH171QFO6ZH	17180
A2TPKFTT24IPF3	17181
A2TPSQ36AM7Z5R	17182
A2TQEOHV09RI99	17183
A2TQQJZKUHYL7Z	17184
A2TQST4IPVA0EC	17185
A2TQU40F9UWS0D	17186
A2TQU474BN6JP1	17187
A2TQV6GE4QHPO7	17188
A2TQXMY7Y8FC1K	17189
A2TRFRIDTRKT57	17190
A2TRIRV16W02RQ	17191
A2TRSM0S028W14	17192
A2TRV55EJXXHEU	17193
A2TRVGIOHA71SX	17194
A2TRXEZYU9GYY8	17195
A2TS4EZ9PWIH28	17196
A2TSEMR6PLQP98	17197
A2TSHS6MQ6SS0J	17198
A2TSJB8HB9B7AU	17199
A2TSMBQ0XDHWZ1	17200
A2TSOILFPQ4WPO	17201
A2TSSOR366Y25Y	17202
A2TSYUPWE32NPJ	17203
A2TSZIR2ORPEBK	17204
A2TT123JKXQ9DB	17205
A2TT6HYE7ZS04C	17206
A2TTFKU53B6TEO	17207
A2TTR6246DH2SU	17208
A2TTR7OKJBNXXG	17209
A2TU2WEMZVSMMX	17210
A2TU2XFR99LHS7	17211
A2TU4PE8209QDN	17212
A2TU57QM0J5G6M	17213
A2TU6GRU30N6TR	17214
A2TU7H3TXMPOTS	17215
A2TU8WVSEKTKEQ	17216
A2TUAYZNVWMTNP	17217
A2TUF5OIC2Z7SU	17218
A2TUJEFRZU4H8E	17219
A2TUJK24KRKQL9	17220
A2TULVCE15AKGU	17221
A2TUZ3Z6JWFUCM	17222
A2TV1ZAM14PP47	17223
A2TV91MNMC4U32	17224
A2TVH2OBNXYXHV	17225
A2TVIGQ87H55S4	17226
A2TVJ0YDW3QO63	17227
A2TVJAUQYYJXX2	17228
A2TVK0MRET9GPS	17229
A2TVK2LTYBEX	17230
A2TW0YG4Y7RILQ	17231
A2TW1SPO9BY3S	17232
A2TW7SLZ841DG4	17233
A2TWB9P0DV52XQ	17234
A2TWDS3FPCGH25	17235
A2TWELP9PO698T	17236
A2TWFX4XFPSY9O	17237
A2TWHRTA1H0WLU	17238
A2TWTPQJSQEN1I	17239
A2TX0ETVBVZK3J	17240
A2TX22G8I4ZALX	17241
A2TX6ETPYCL2F4	17242
A2TX6Y23I17XS7	17243
A2TX79GR278JMA	17244
A2TXIYMIN78I1V	17245
A2TXR66RYK6C1	17246
A2TXR85WQLE32N	17247
A2TXW5O561KKQF	17248
A2TY271P4XSFB9	17249
A2TY5N2S51NHI6	17250
A2TY83N6WBXM7A	17251
A2TYOD3FKGRPB1	17252
A2TYULZI3BR6WS	17253
A2TZD7OY7A7XUA	17254
A2TZOV3LFZQFIE	17255
A2TZRYNIENSQIT	17256
A2TZXI0SCHBGD8	17257
A2U0C70376PAUZ	17258
A2U0D8SCZ1PQXX	17259
A2U0LY01LK9C3E	17260
A2U0QLNQW4YDLG	17261
A2U141SM1O1A0A	17262
A2U15KND8FDDK1	17263
A2U17L4QJBXMPW	17264
A2U1B69CR76BB7	17265
A2U1IG6UOQEDL3	17266
A2U1IKP93SZNXC	17267
A2U1N33RIZ07CO	17268
A2U1OUXM20PIYH	17269
A2U1QP2AU0INEK	17270
A2U1SJB87Y4BEN	17271
A2U1SSJLOQN7WD	17272
A2U1UGONKQNLZO	17273
A2U1VWTB6UYL2U	17274
A2U1XFM4HZI11A	17275
A2U1XHR9U3188E	17276
A2U222ZZX1Q6R5	17277
A2U22ZUQULQ1KE	17278
A2U25N7UDH2F7E	17279
A2U27A197AH87W	17280
A2U2FSTNCJY2IK	17281
A2U2HJGKJE5II4	17282
A2U2IBF78PV9ZI	17283
A2U2JM61VP2JA1	17284
A2U2MG0JUPIE5V	17285
A2U2RQ5F693TUR	17286
A2U2UB5AY0ZQRY	17287
A2U2WUB985I2P1	17288
A2U2YXGW39H6KP	17289
A2U30WE12S7YJ9	17290
A2U3AF1GKCHLLR	17291
A2U3JC8C9A8DH2	17292
A2U3OEIK1CUPIK	17293
A2U3PD624HHPVD	17294
A2U3R1GC6QZXFR	17295
A2U3Z8U1H8EIID	17296
A2U4AV00V0U6VV	17297
A2U4D3B7GD55FC	17298
A2U4KXG7J5DFMK	17299
A2U4ROHKANP0WV	17300
A2U52AOAFK5QON	17301
A2U55H2MZNIQZM	17302
A2U56E2NZROFAF	17303
A2U5GU21D0HHU1	17304
A2U5H82Q3T8WD0	17305
A2U5H8XUFCAW9P	17306
A2U5RMZ3A53ZZ4	17307
A2U65NLR1UNFHF	17308
A2U69L36FGYG7X	17309
A2U6E6SHH99GGO	17310
A2U6GHU2EMC5M5	17311
A2U6HQCWY8EINU	17312
A2U71E1L8KIVVI	17313
A2U78BXTNNDNW0	17314
A2U79RZB8K98S4	17315
A2U7DXDNYBBLQJ	17316
A2U7LC6GA18JD5	17317
A2U7MMN6L6U60M	17318
A2U7OVE9IL3ANZ	17319
A2U7VNT1KD7AUR	17320
A2U83HITDQ4NW9	17321
A2U83NOL95ADUZ	17322
A2U89OVK34QL49	17323
A2U8IAE1M1DID1	17324
A2U8U03HLPCEO1	17325
A2U8X8NLQTEQAX	17326
A2U914QYG3UQMT	17327
A2U98GHJ0FM2JJ	17328
A2UABXP2LS0YHD	17329
A2UAGKM02SSLRA	17330
A2UALC6KBP3XTX	17331
A2UAONFVEHWQ96	17332
A2UARPMJUUWVB5	17333
A2UAT3A0KEON7L	17334
A2UAVYFK0WQ36R	17335
A2UB63PCMZ0U0N	17336
A2UBA32GI2VFSE	17337
A2UBLIZLO2GXLL	17338
A2UBM72J469Q49	17339
A2UBQA85NIGLHA	17340
A2UBRYG49WQSIN	17341
A2UCA36COGT4XY	17342
A2UCB92JD134SO	17343
A2UCDLO7V7DG6	17344
A2UCMN7Y9Z0XPM	17345
A2UCPQZR8W7DP0	17346
A2UCPWDDD9JBJI	17347
A2UCQOODR8PQ4V	17348
A2UCY6QBFHZ5CF	17349
A2UCZAWAN5QMJQ	17350
A2UD5EG63WWTUR	17351
A2UD8P7IFUE2XU	17352
A2UDA4LKTCVVWV	17353
A2UDAY6UIABGIW	17354
A2UDF3WPKHR5BR	17355
A2UDGB5BTYY51	17356
A2UDR4HBVYT6TV	17357
A2UE0Q3F1CYGLM	17358
A2UEB48LAWFUCW	17359
A2UECPAT7RX9UN	17360
A2UEDNWC5N734R	17361
A2UEFUE4ZB38H	17362
A2UEHQ0BZ4YFEK	17363
A2UEMDTOMSDN0T	17364
A2UEO5XR3598GI	17365
A2UEX9B7BYWL07	17366
A2UEZ5Z79JNAHD	17367
A2UF5DOGEZZG46	17368
A2UF5NEZIH39PI	17369
A2UF6UI3VJGFJ1	17370
A2UF9Z5UYXMKM2	17371
A2UFD78U3D4GVQ	17372
A2UFNB9REUD4I3	17373
A2UFVWCSMLQ93Z	17374
A2UG509F865GJK	17375
A2UG7AQM3YXS2O	17376
A2UGBQN34G16C3	17377
A2UGICJAW0AYM	17378
A2UGLQANYTLIC4	17379
A2UGM2IWCSHJ0S	17380
A2UGOJAO1H8GXH	17381
A2UGXIAGSJHHDB	17382
A2UGZFWCCIP44G	17383
A2UH4Q8NUDKRAU	17384
A2UHA46FEVEVJ6	17385
A2UHDIBXT9SKH1	17386
A2UHHX9Y9H7OSI	17387
A2UHIQNHUD3XFR	17388
A2UHL2PMM819CA	17389
A2UHNT2OQVI18H	17390
A2UHVYXXEQ5EK8	17391
A2UI24354FD9RJ	17392
A2UIB4PN6V1Z3P	17393
A2UIDDXLBVA04W	17394
A2UIDMJH0ROEC7	17395
A2UIFVOUTDS0ZV	17396
A2UIIWD72TLS0B	17397
A2UIR2QEWEHJYR	17398
A2UIVGZFK2AMG6	17399
A2UIZ80AN72YXO	17400
A2UJ2VU9S33MEB	17401
A2UJ4L1RFQCH7V	17402
A2UJ5OO04UASKN	17403
A2UJ7X0WRCHUR9	17404
A2UJ8RWH26N8IQ	17405
A2UJFSJ72C29L	17406
A2UJHUFQCNHLDN	17407
A2UJKXILEQFFTG	17408
A2UJP0IICR4IL2	17409
A2UJRV0TXUK089	17410
A2UJSF8VJEFYDZ	17411
A2UJTTP214104X	17412
A2UJW06DXVLPRL	17413
A2UJWVAPHU1OOW	17414
A2UK8S8OS0EKHQ	17415
A2UKIV4GYW14MJ	17416
A2UKNA4KRL93DK	17417
A2UKR13PG0C1CD	17418
A2UKXJ0T4OD8LW	17419
A2ULRHCKZEQRG6	17420
A2UM1VOUA4ARJ3	17421
A2UM2B6FJYW38T	17422
A2UM6GF152LVQY	17423
A2UMA3ZKBM9OLW	17424
A2UMCGRN8YOU5Q	17425
A2UMI2FB1NFEKJ	17426
A2UMMNJU86K33L	17427
A2UMOAUQRFHNJG	17428
A2UMZW582R6M2W	17429
A2UN11524L3XXF	17430
A2UN4NLBBF4YRN	17431
A2UNFD0CNF8OO3	17432
A2UNI5F2K6TFQH	17433
A2UO040HWOP0C2	17434
A2UO7CDIVW1RNH	17435
A2UO8C9RKHUZXG	17436
A2UOACF9RL2YE9	17437
A2UOBUQ0WXI002	17438
A2UOHALGF2X77Q	17439
A2UOHJG8U64G23	17440
A2UOKQ01903D7K	17441
A2UOLQO90ZTQPS	17442
A2UOMPBTQYA59S	17443
A2UP15DSUPT6YD	17444
A2UP5928N088L0	17445
A2UPDL8M7P9X9Z	17446
A2UPIYNTLKPJNT	17447
A2UQ0A9S5ONPXY	17448
A2UQAHQIVHZU7G	17449
A2UQEEZRRVVWTX	17450
A2UQIQUOAB47OT	17451
A2UQXQ9GMV4ZDU	17452
A2UR2C7TIMBMZX	17453
A2UR4TVXFLLLKY	17454
A2URC097BJRP1C	17455
A2URMN4F9E4NR	17456
A2URRBE39TJP1P	17457
A2URULTKOCNGPZ	17458
A2URXH7337RDNN	17459
A2US2FKSK89VY4	17460
A2US3KOTR0THMS	17461
A2US90YCDZ047L	17462
A2USCSWGD1ZVXZ	17463
A2USF6I5GDRVQQ	17464
A2USGIY5DU7K0B	17465
A2USMIT2CSA08	17466
A2USNK40MN612G	17467
A2USVU4VBR6UC6	17468
A2USZF9IXJRCAD	17469
A2UT0FWM1DHKFJ	17470
A2UT9YWNBRWZQM	17471
A2UTBZPYS51ZOT	17472
A2UTD8IVG3SEW1	17473
A2UTRJYLFL1AQ0	17474
A2UTU1T0P7YTSG	17475
A2UTU2JKMOKP7	17476
A2UTW8TQMUPFI4	17477
A2UTZ4O5E2W4DK	17478
A2UU0MQRZ2VFWZ	17479
A2UU3ZOWZLA2SP	17480
A2UUEV4MYOJY66	17481
A2UV13ZQ7QQ99Z	17482
A2UVBXD2ZZXIOV	17483
A2UVDPBRZTWN6S	17484
A2UVH386WDQ8EV	17485
A2UVJH65OEDNB1	17486
A2UVRSTSZRDQJ9	17487
A2UW33GL23ESKV	17488
A2UWLIFD3VBKPS	17489
A2UWPPU5GZLMQZ	17490
A2UWRHZOCQW7YO	17491
A2UWRQFJ9OIM9L	17492
A2UWXDSV8FNX3D	17493
A2UX3MMSNE2HPE	17494
A2UX5Q7HMBJ3XC	17495
A2UX6FJRY9CYKG	17496
A2UX9BF36MYEXK	17497
A2UXRIBP5ZPEM4	17498
A2UY6UOAYY0QRV	17499
A2UYBKHKK3ONX5	17500
A2UYDDIFZ0G2OL	17501
A2UYF4AGD2N9PN	17502
A2UYGYHKP2UKSV	17503
A2UYRP5IT8WBI7	17504
A2UYU39FW7TEJC	17505
A2UYUQCBFV9D5S	17506
A2UZFGUOKL44YO	17507
A2UZHT3TQ9PW0S	17508
A2UZJ8OULBLNL6	17509
A2UZKG9X249UFA	17510
A2UZQ4TVDW91MT	17511
A2V03V846HZB5T	17512
A2V04W6YJLE2CO	17513
A2V0CRWORRHYO0	17514
A2V0I904FH7ABY	17515
A2V0LT4ZE2YGL3	17516
A2V0YH86NKTGX1	17517
A2V142MS1OHRFZ	17518
A2V1466RFDNQLV	17519
A2V1DGGBBZDJS7	17520
A2V1ISEKEAMCJT	17521
A2V1J3JT5OOZFO	17522
A2V1KMDGVP38LM	17523
A2V1MDBW2NKDHX	17524
A2V1XO7SDU4XQZ	17525
A2V2FVTV4SLNBJ	17526
A2V2H4MT1U0LS0	17527
A2V2J825MCQ4ET	17528
A2V2KTKL3NZV4P	17529
A2V2URLB31HG59	17530
A2V323OPZXR0IV	17531
A2V375NE7CG2IZ	17532
A2V37RL4T8CNGQ	17533
A2V39XB1Z57P0Z	17534
A2V3VDW9M2X353	17535
A2V417TNH9K4V3	17536
A2V45C9DRJ83MT	17537
A2V4K6G16J97XQ	17538
A2V4N16V0IZD1C	17539
A2V4S50RMRSJVV	17540
A2V57CEOVQ4XPV	17541
A2V58DTCSEPRL9	17542
A2V5M5EJPOD2IU	17543
A2V5R0GJ7RICI3	17544
A2V5R832QCSOMX	17545
A2V601AE4465ND	17546
A2V61OH1QZ7H3C	17547
A2V69HHES0PLYZ	17548
A2V6GYU7T73OK8	17549
A2V6GZMN495ZES	17550
A2V7ANPIO8UT7T	17551
A2V7BUEHHP8CG9	17552
A2V7QXV0H1ZVDE	17553
A2V7WKJ0PZMVII	17554
A2V7WT3D8F8X0Q	17555
A2V85X981A4RQW	17556
A2V8J7M9N87AKZ	17557
A2V8KMQP08TFUK	17558
A2V8LNAUUZQF9G	17559
A2V8P1XS9NEXWI	17560
A2V91C01KL61ZU	17561
A2V91L1PY0PWMK	17562
A2V92F5R7MLCVI	17563
A2V93VOFHCPSHK	17564
A2V942IAGH12T1	17565
A2V99RXY8L0HL7	17566
A2V9AT909S988A	17567
A2V9AWT90S20R	17568
A2V9DTXTQ5YIMK	17569
A2V9ESW2H95D4P	17570
A2V9IN61IS3OPU	17571
A2V9Q8YCZGTGHN	17572
A2V9QT43VCZ4PQ	17573
A2V9SEVDGHJ387	17574
A2V9U2PYLXTD16	17575
A2VA8MKB47ZL7J	17576
A2VAD79S4A06DD	17577
A2VAKQI8JV7UHX	17578
A2VANSMOKMA9YM	17579
A2VAQ3YM9WU7Y5	17580
A2VB6KPGPW5YBO	17581
A2VB8M4KR1SMID	17582
A2VB9F5YLUISW9	17583
A2VB9PY7TBEP09	17584
A2VBC1N52SKT08	17585
A2VBQXKZC0UCO6	17586
A2VBTN6ZR67YOF	17587
A2VBTY7KUC9PDJ	17588
A2VBZPR7WGSZW6	17589
A2VC2C3NVIRKYD	17590
A2VC48WIMY6L6E	17591
A2VC7YLJ1BLBCZ	17592
A2VCAWDJMVQ6LE	17593
A2VCK62ERKILTR	17594
A2VCL2B87969WU	17595
A2VCNCK2WOODTW	17596
A2VCVXS2UNXL8A	17597
A2VCVXT7O9BSGL	17598
A2VD46ZNGQ2KAX	17599
A2VD56S0N7SM7E	17600
A2VDJO51HY64OL	17601
A2VDLUPTPTWQSU	17602
A2VDPVI79BFDTM	17603
A2VDRBQYMAQRSP	17604
A2VDSIII404UTO	17605
A2VEKCEEUJS3T2	17606
A2VEM6DZK8SEQ9	17607
A2VEMH8SZI330U	17608
A2VEPS00ZPPKY2	17609
A2VERHVQ8LFN3H	17610
A2VEU46CA5QZ4O	17611
A2VF2JKYWB40V7	17612
A2VFCY7F3OE42J	17613
A2VFJI8UEQG7DL	17614
A2VFMECQ3GI07D	17615
A2VFQTZMPLGUF8	17616
A2VFU1K561R81R	17617
A2VFVHKFX46FSD	17618
A2VG6OG6SUIOSU	17619
A2VGEN6DVRHB0O	17620
A2VGH3EVJIJM1E	17621
A2VGICSZSEMSCA	17622
A2VGIICJZG0MHO	17623
A2VGKEZRRAQ8	17624
A2VGQ670Q6AZ79	17625
A2VGTBXWR2191N	17626
A2VGY0PSSIE61X	17627
A2VH0UT5EQFB6P	17628
A2VH0X9A6YMPKI	17629
A2VH87RW2QJMQ5	17630
A2VHFI1CQ3C2CO	17631
A2VHHL0VPT4ED9	17632
A2VHOXJAE2E0Z4	17633
A2VHR0D03JONEM	17634
A2VHTUBMWLWE9D	17635
A2VI0RG9JQ9PY3	17636
A2VI0VE18097X9	17637
A2VI1HI7NMJ8OZ	17638
A2VIF9GHOK4NDJ	17639
A2VIOJBZ35IWJS	17640
A2VIYTWXANL343	17641
A2VIZAS0IHREUH	17642
A2VIZTW4DMVVWK	17643
A2VJ5ALN1BIV3B	17644
A2VJDL38P2WA0M	17645
A2VJN2NLBQKF2K	17646
A2VJOQNIB8GLFD	17647
A2VJOTEWPG6VY4	17648
A2VJV0D20GPF06	17649
A2VK50W8WDPAZ5	17650
A2VKH0FDSTMK2A	17651
A2VKK0C8WAEK61	17652
A2VKOVYASDOHIM	17653
A2VKR14K9ETNFP	17654
A2VKRGY693HTEB	17655
A2VL5DCT9IR9MT	17656
A2VLBMMNA8Z49G	17657
A2VLRNEWFERGLC	17658
A2VLUFXB2DRHNE	17659
A2VLWXTQJMYHXD	17660
A2VLXLU9QP6YJ1	17661
A2VMA5AY9J897X	17662
A2VMF1G3P0YH50	17663
A2VMIIKQH5EE9D	17664
A2VMLAE9DZBXFV	17665
A2VMR2OOM2BV8C	17666
A2VMV6WU9K6HCU	17667
A2VMYB8HUXLNF0	17668
A2VN10GY3DG22T	17669
A2VN9YMYGV6X7	17670
A2VNABE9N72UP3	17671
A2VNAGUP6GD6ZW	17672
A2VNFH9APG697C	17673
A2VNJ8FNOD62W9	17674
A2VNNFURJ55S4G	17675
A2VNP9J5C8Z2WN	17676
A2VNPC7NKQ49NA	17677
A2VO1QPPTQ3KL2	17678
A2VO1Z5B91OS1V	17679
A2VO31KP9H5WVP	17680
A2VO4A7XPFDQ37	17681
A2VOF9FLN9N1ZB	17682
A2VOO9O4SBO3NQ	17683
A2VOP72JWPOTHS	17684
A2VOPHAB1LH20S	17685
A2VOTTXUV5HWZK	17686
A2VOZYZZ68V02J	17687
A2VPADCUBU10KU	17688
A2VPB85KHFUZWJ	17689
A2VPCKPJE6AMTP	17690
A2VPLLSO59JUSR	17691
A2VPRHXNU17OD5	17692
A2VQ98GW5FI2S7	17693
A2VQCG5K0TNEU8	17694
A2VQGBEEXIY2H3	17695
A2VQIBCCSNWTSY	17696
A2VQLV2GUC4H8J	17697
A2VQMUGEMXDEDC	17698
A2VQVL1MSH8IBY	17699
A2VR13ZY7XFGIT	17700
A2VR2BAJN8WOU7	17701
A2VR4C0H6ZZC9	17702
A2VRCPSDDON2K7	17703
A2VRE2WAWG7G2X	17704
A2VRELKW6VPJY2	17705
A2VRH34RP213ZO	17706
A2VRVKZHO1DARM	17707
A2VRWXDUS2F1TG	17708
A2VRXCY7PNSUN2	17709
A2VRYQBXSTA424	17710
A2VS2ZGJDHVAVV	17711
A2VS9IRXIGTE70	17712
A2VSD9D09W2W9B	17713
A2VSDP8EXI1IMU	17714
A2VSG9C77BOFPR	17715
A2VSI9JA8Q1OPM	17716
A2VSNUK7YLRKRE	17717
A2VSQF7JIWP5II	17718
A2VSUA9IJWTDJZ	17719
A2VSW9F2ZQNLRN	17720
A2VT2R771D1MMT	17721
A2VTAK8QKHAQWX	17722
A2VTGQTAA1QGS0	17723
A2VTPZNT6H20TJ	17724
A2VTVISFZQWOWY	17725
A2VU64HG1NH458	17726
A2VUAPBXXH5QXZ	17727
A2VUBKHMOP2OY4	17728
A2VUHY2N6CZ6I1	17729
A2VUUIW8FNH0DN	17730
A2VUV3VVCNOOKL	17731
A2VV3266MBPWH6	17732
A2VV6BI7Y5O4PH	17733
A2VVIG77XX9AKI	17734
A2VW1QYZOELXS3	17735
A2VW4FYZILSXF2	17736
A2VW4RVOP6GN04	17737
A2VWHEZTQQU1U9	17738
A2VWLW8JMDWW9W	17739
A2VWQSIBTG6NJ0	17740
A2VWVPT4V8V307	17741
A2VX21ZVYUBIE2	17742
A2VXLX76BSM4EX	17743
A2VXP3233RRVC	17744
A2VXPCT6S4I3B7	17745
A2VY9OX26E0FDV	17746
A2VYWFW7H3QDWG	17747
A2VZ24WB09CPNS	17748
A2VZ79EQGTNC0X	17749
A2VZFL7A3G8B3N	17750
A2VZGCHG3KNJGV	17751
A2VZHQKTA94RV4	17752
A2VZNEM0V65R10	17753
A2VZOC5ZQVYVAE	17754
A2VZT9RFJVEYYJ	17755
A2W063ABZ4PJII	17756
A2W0AJD1QWP1H4	17757
A2W0AP92Q68G3N	17758
A2W0B3IXSJO90C	17759
A2W0GY64CJSV5D	17760
A2W0J27ZB8PRT8	17761
A2W0M7MYTZX4KP	17762
A2W0OGJNJJ52A8	17763
A2W0XAG5IY93P5	17764
A2W0XCWOK3MW6F	17765
A2W17UJTXW1UFM	17766
A2W1AKFNKIQ6S7	17767
A2W1L12UEIH0U0	17768
A2W1XZ1VBTRDR3	17769
A2W2KURHCPPHQC	17770
A2W2M4KO19GGN2	17771
A2W2MTV1BRV2VC	17772
A2W2O8W4S7HRJM	17773
A2W31JGD0A0234	17774
A2W3201C97LWQ6	17775
A2W3CBFCWRPV8Q	17776
A2W3G4QSXAR4R2	17777
A2W3JCVW9LYQDG	17778
A2W3WWVETOMJBS	17779
A2W4014S06NAIT	17780
A2W46LAMVCGR06	17781
A2W4F5ASONKO3K	17782
A2W4XWSW6WOCVQ	17783
A2W51XND8VTK9L	17784
A2W57WDWTR2ADQ	17785
A2W5BN7OI66MMU	17786
A2W5G5QR76XH4M	17787
A2W5J3VEOPPNRI	17788
A2W5VSDBDXPXQM	17789
A2W5Y4KPGCLIHS	17790
A2W65SCAVAKF66	17791
A2W68KF55MRH8Y	17792
A2W6A1VEEQQX5B	17793
A2W6B66HO0XCJP	17794
A2W6QWMWVYS5JR	17795
A2W6TXMXQ0CYM2	17796
A2W74P283WMDFB	17797
A2W76VO4PX8EV8	17798
A2W7BASXC5AV37	17799
A2W7F1HBENDOE	17800
A2W7LHQDNINGQ3	17801
A2W7XZ6R4RYD6F	17802
A2W85TY9OIVMNX	17803
A2W8E2X9358OC4	17804
A2W8F49QLULA4U	17805
A2W8FSWP4PJ3JZ	17806
A2W8QXYMGKNH63	17807
A2W8X9TN2FNISQ	17808
A2W99QEPL45Z7D	17809
A2W9GX82SLKROQ	17810
A2W9I628I6SE1U	17811
A2W9LHUVLSJHDD	17812
A2W9U7TWPN1F5T	17813
A2W9VOWFB4LFXS	17814
A2W9W7FMTPAB32	17815
A2WA6PJ7YYF16Y	17816
A2WA8TDCTGUADI	17817
A2WAD6VPSA70XD	17818
A2WAEGYGAIUNVZ	17819
A2WAJNG94SP8IV	17820
A2WAKIWHTHSZDR	17821
A2WAMI5K64C9MQ	17822
A2WAQ2W3QJL5IM	17823
A2WB4OWBUH2VQX	17824
A2WB7LZ595CR50	17825
A2WBB8QN9S617	17826
A2WBFMOH9QTCZI	17827
A2WBXLDX7DOCWK	17828
A2WC9NFLG57W4H	17829
A2WCFDOCS73PNB	17830
A2WCGOY4SHSU16	17831
A2WCSZFNI46LYA	17832
A2WCU0A6CQ23B4	17833
A2WCU7IF2CLQDV	17834
A2WCU8J5R3YLNR	17835
A2WD0WFFAW7R61	17836
A2WDJF4K5AROTY	17837
A2WDRERG6BS4V3	17838
A2WDUIH9P0DIX5	17839
A2WE8IEJVYHTFE	17840
A2WE93LJX8PMT1	17841
A2WEC3FK3Q86OJ	17842
A2WEI0A4KVKLW9	17843
A2WESYO1SO1YVQ	17844
A2WF53JLSZFXG3	17845
A2WFF1LQRYYWRR	17846
A2WFWV7PRWHX06	17847
A2WG64KO5NGKKJ	17848
A2WGD5GNQME5O5	17849
A2WGD7ZK0MBS7S	17850
A2WGEFLLOTDAL	17851
A2WGRPKX6N8WR4	17852
A2WGZE7XALEO88	17853
A2WHC3ODVR8UH1	17854
A2WHE95DQDNYTX	17855
A2WHFJLN0R2PD6	17856
A2WHHLDZCT6IEC	17857
A2WHMTXTC2RZG1	17858
A2WHV0YLBOK0I0	17859
A2WHVEFYI431UI	17860
A2WHWEKLQVG65Z	17861
A2WI32WWOZB9X6	17862
A2WIDCL3BDTB83	17863
A2WIDLFL8E7XYJ	17864
A2WIE00DV9X3U8	17865
A2WIG35IR3J1C5	17866
A2WIJTPCV973J8	17867
A2WIL67QJRIY9N	17868
A2WIP1FKO6G0P5	17869
A2WIQJ5MMEHHDK	17870
A2WISE1M22O4O8	17871
A2WISWVBTD5LMN	17872
A2WJH1QD0M9X51	17873
A2WJLYATDQEKHP	17874
A2WJMMMOUQWJDF	17875
A2WJRBJ11CP7P7	17876
A2WJVTH9LFR7XX	17877
A2WK3ZBIMLBW2Q	17878
A2WKEOZDXD9YUQ	17879
A2WKEWI9FDR0KG	17880
A2WKQDK0MIWORM	17881
A2WKU6GBCADMOP	17882
A2WLBC0XKUOPZQ	17883
A2WLDAUPW1EDUW	17884
A2WLJW6XSIDJTT	17885
A2WLNSZ9U0T1S3	17886
A2WLPZUBL12GTC	17887
A2WM1G8U1L5DL4	17888
A2WM1X7O4M8RYY	17889
A2WM624SJ2779K	17890
A2WMA00HAV4EBY	17891
A2WMDG1TQ4L1G6	17892
A2WMFGTG3GKN40	17893
A2WMFVYZ1B4CTL	17894
A2WMHGGFE25Q7D	17895
A2WMZHRH0X5559	17896
A2WN1QF8GSVHYV	17897
A2WN5GW4IK1QW8	17898
A2WNCV5RXTVJA7	17899
A2WNHEH56ONTV	17900
A2WNSMQNYAG4P2	17901
A2WNTGZ20S17BM	17902
A2WNVDIUMPMD87	17903
A2WNVFZWWXG5R6	17904
A2WNWXUD25H5P5	17905
A2WNXS3CNAQS01	17906
A2WO7GDNHUUDUB	17907
A2WOIH7Y7GGCD4	17908
A2WOKO9DGACCVL	17909
A2WOLB2PE4QTFU	17910
A2WOM95O208MB	17911
A2WONR4I0RL1RY	17912
A2WOS89U0C5GAV	17913
A2WOUARJAPG5UK	17914
A2WP6HUL15WKNC	17915
A2WP9TW6SN8W61	17916
A2WPBXGR11I8NA	17917
A2WPHVX12SBIGB	17918
A2WPPJJWPKI3J2	17919
A2WPRHWIZ1FUQF	17920
A2WPX0EE2DZGYK	17921
A2WPZ0563N99N6	17922
A2WQ92411MF3Q1	17923
A2WQA5YPH8P4SB	17924
A2WQJ696TY4UIQ	17925
A2WQL9QRSP2I94	17926
A2WQMKFSDEU9BR	17927
A2WQOAHQ9U8R9X	17928
A2WQWVAG3WUTOW	17929
A2WR3CEO7E6IRS	17930
A2WR4BP0BXMERP	17931
A2WR5U7RS4IIBY	17932
A2WR71N41PRLES	17933
A2WR9MJ4DSG2JE	17934
A2WRK8SZGHTHKT	17935
A2WRNUAA0NRTTZ	17936
A2WRPGNL67OF1F	17937
A2WRYC5TFXXLOM	17938
A2WS40X0WQYJKN	17939
A2WS46Y0K2R058	17940
A2WS6F33T13ZV5	17941
A2WS8FM02592VE	17942
A2WSATQ1L3LXIO	17943
A2WSGDNW9LBL25	17944
A2WSHHYSUB45FN	17945
A2WSJ100KXZJ9D	17946
A2WSK60CTDAFOY	17947
A2WSM2D4Z7X6WZ	17948
A2WSMOQ912PKIZ	17949
A2WSOEKUQYHVRF	17950
A2WSYWK6ZPDQ8N	17951
A2WT032W10XXSQ	17952
A2WTHEAFA4O2XF	17953
A2WTLGLTCCRAO1	17954
A2WTT0ZUVEU74C	17955
A2WTZKL94OCH5E	17956
A2WU0H9WFQ4XUL	17957
A2WU3N8DBV3DB8	17958
A2WUHKA1I75SL3	17959
A2WUK6OX8N6D1	17960
A2WUL4TA8JPU97	17961
A2WUNEHC396NZH	17962
A2WUNNQRDC90HT	17963
A2WV5TPL1WF8RY	17964
A2WV5UZEPWN5JH	17965
A2WVLPOKW7TLMD	17966
A2WVN2VPY4SURM	17967
A2WVOKGMWD0L2F	17968
A2WVOOJB7QPOJQ	17969
A2WVRJKF05X7U1	17970
A2WVSY0513HF2T	17971
A2WW57XX2UVLM6	17972
A2WW5VUQN2JFMC	17973
A2WWE6C5NSHTN4	17974
A2WWJ6YDCP27GI	17975
A2WWL6ULY51UBU	17976
A2WWURGHU6EK9C	17977
A2WWXBJ5KV5I8U	17978
A2WWZGOI402525	17979
A2WX0S0VRI346S	17980
A2WX2420MB1XOQ	17981
A2WX588XR3LN9M	17982
A2WX5X7V4RR7CD	17983
A2WXLCO6E6T1Q6	17984
A2WY3H4IYIHXKH	17985
A2WYCJOJY6QSJI	17986
A2WYGVGWA1NQ72	17987
A2WYKLLB8LA52T	17988
A2WYLFPG9PDUDR	17989
A2WYNG6JT8HMJH	17990
A2WYTI7RYF2A29	17991
A2WZ9K5DLYPYYL	17992
A2WZARDQ5FWCLK	17993
A2WZERP72YS6D4	17994
A2WZNM833CJH82	17995
A2WZRBFLJESCSH	17996
A2WZXRD7SZZBZP	17997
A2X02RWQ8RFYUW	17998
A2X06FP2PQ6EK0	17999
A2X0GHAHQVXO4F	18000
A2X0GXQOO702NB	18001
A2X16X22QJ42O2	18002
A2X19BMP1NLRH8	18003
A2X1H50RGN76GX	18004
A2X26HXQ430MBI	18005
A2X2K7C8M9E18S	18006
A2X2L7NCCA9F4S	18007
A2X2X0Q6XI7Q3O	18008
A2X3401DZ2IUD7	18009
A2X34LIRHZ7OIN	18010
A2X354HYO55NFX	18011
A2X39LNU6YM2AI	18012
A2X39Y2PIK8O2H	18013
A2X3L31KCXBHCL	18014
A2X3LY39HK5Q1K	18015
A2X3VI5QKDEKVV	18016
A2X439E751FAJG	18017
A2X4629J2Y1DE4	18018
A2X479YD5QJFTN	18019
A2X4CLB8YKJM94	18020
A2X4ECEAVUEVT4	18021
A2X4HJ26YWTGJU	18022
A2X4MN8H2V0UGV	18023
A2X4MTE0W8DF6V	18024
A2X4O0HB0L5ZM5	18025
A2X4PBSVF3CGSK	18026
A2X4R9PZSU0HE7	18027
A2X4U0ZHNQGRXX	18028
A2X4UL21EF653R	18029
A2X4VRPFDGNUDJ	18030
A2X4Z5TPCU98U6	18031
A2X4ZE7YF38KTL	18032
A2X540PNOPJIHH	18033
A2X5A5F1PFCIY8	18034
A2X5BZQ2T1HI4H	18035
A2X5EECF508QNY	18036
A2X5KU1JE29TYA	18037
A2X5RVYD5FC5R4	18038
A2X5T87AM2U44V	18039
A2X5UPVD2643UH	18040
A2X5UYGWT5UHZD	18041
A2X5YEHN56JG6S	18042
A2X64QYO9ZKFHR	18043
A2X6C2HGF9SZWV	18044
A2X6DCDHW4UYUP	18045
A2X6HA3X0PBH5D	18046
A2X6L0IFFFHCSW	18047
A2X6QQHNTSKL1N	18048
A2X6YLY8HSKG9G	18049
A2X74LRZC2GOV9	18050
A2X7AB8DYTL5X	18051
A2X7NBUETXC19E	18052
A2X7O898IMUR59	18053
A2X7OB7TYQC7B7	18054
A2X7PFXBXSZ5UQ	18055
A2X7UZBWU6C5JY	18056
A2X7YPFHCH9B2Z	18057
A2X84O5RX6EJLB	18058
A2X8FUTEJLL80	18059
A2X8XIATBBNV3S	18060
A2X90K03MUAERP	18061
A2X9F447QDKD7O	18062
A2X9YYBK4B7JSF	18063
A2XA12HVFDY48R	18064
A2XA8CW5DF4MNZ	18065
A2XACM4TDLAGC1	18066
A2XAJD6MLXOLMR	18067
A2XAQ8EG6DUKWY	18068
A2XATM50N3DWIR	18069
A2XAVBBN5O9EN9	18070
A2XB3CNCYBRJVA	18071
A2XB3N9T2KCRCW	18072
A2XB6I3V532TJ6	18073
A2XB74S3PIU0VL	18074
A2XBFI0S22CSZE	18075
A2XBGLN4IBR8OX	18076
A2XBH0UGICXWNJ	18077
A2XBIVYJH45V4L	18078
A2XBLMW3MJF9NC	18079
A2XBN9RTJP1I2Z	18080
A2XBUNPPFTP55J	18081
A2XBYKGP936LUB	18082
A2XCCN239AR1XK	18083
A2XCK4389K0KAO	18084
A2XCQN2NAOIYF9	18085
A2XCYEBJAV0L3G	18086
A2XD0J38CGQBX	18087
A2XD2SRQ77OGXV	18088
A2XD36ONYLNU5J	18089
A2XDBU9RUNVDEJ	18090
A2XDP0282DSFH9	18091
A2XDTU7I5ISONL	18092
A2XE2KJ7VGFCJR	18093
A2XE8D6FQL6OFD	18094
A2XE8TXBZ7CGZ9	18095
A2XE9GIJWM95EL	18096
A2XED2KTG3T50W	18097
A2XEIRJCAMR6OV	18098
A2XELAJYMYWRIU	18099
A2XETF46OAJ0CE	18100
A2XEURCCWAV6D4	18101
A2XF6YX601SZ1Z	18102
A2XF9DQ9U0UEE4	18103
A2XFA2BKXFQWAB	18104
A2XFFWXSA29FRW	18105
A2XFHRKK86ZCFE	18106
A2XFKW7TQA82JV	18107
A2XFU52VCJ3UHL	18108
A2XFZVX23GP72X	18109
A2XGFPVV6P815H	18110
A2XGUHNR2EJUZH	18111
A2XGUIGG784EBF	18112
A2XGYP3WFJPEWA	18113
A2XH8F0JO2PETW	18114
A2XHEB76DAK43O	18115
A2XHUR8JIYJ06B	18116
A2XHWEIHPUUSJX	18117
A2XI0IN00RL3NO	18118
A2XI2OK87NXUJJ	18119
A2XI7AG6GN0UC7	18120
A2XIHNXODNZGV4	18121
A2XINRD69C8184	18122
A2XIOXRRYX0KZY	18123
A2XIRK8WCGR6CF	18124
A2XIYVAHNGRF5J	18125
A2XJBO401B1UIB	18126
A2XJCAQNOLXDZA	18127
A2XJCLDX4UWNB0	18128
A2XJNDV8TJAVEN	18129
A2XJQI4OJWW8TK	18130
A2XJQTV5CPTTK0	18131
A2XJX9LP6VJB88	18132
A2XK854TOM88L2	18133
A2XK9UGG9MW3JJ	18134
A2XKCJMHBEHRML	18135
A2XKMRFHB9JQR7	18136
A2XKP470NI0J8K	18137
A2XKYKV7191WSF	18138
A2XL01EGU7MRGF	18139
A2XL596ZO0KT38	18140
A2XLIC8KFEKZGG	18141
A2XMB306CA8KV8	18142
A2XMKCA2QULIPM	18143
A2XMLBREYIEGGG	18144
A2XMR4FJO34NGJ	18145
A2XMULYNIYD7T9	18146
A2XMZM9JVU660Q	18147
A2XN3EUFRCIKQA	18148
A2XN3MNIRQYUJA	18149
A2XN598ZY7RH7G	18150
A2XN72NN0YJ89D	18151
A2XNCEHLFPXAUJ	18152
A2XNJE10EFSQ2M	18153
A2XNQA6WRX0MMA	18154
A2XNUSR1B6MK	18155
A2XO88HUPI6QL	18156
A2XOAPWLYOWJK3	18157
A2XOHGOQX9OPXJ	18158
A2XOU1AQTC1745	18159
A2XOUUG5UTG1ZP	18160
A2XP290NKMXZ75	18161
A2XP3I3NHFVDAC	18162
A2XP3JXBMN8XPY	18163
A2XP43IA245PQD	18164
A2XP68AZYJTB0J	18165
A2XPBTZZ4I080R	18166
A2XPJ5FLVMFJAY	18167
A2XPTKYBZ6MVIG	18168
A2XPU5F7CK68O5	18169
A2XPYO8B5I60KF	18170
A2XQ1TZ9RJQHL0	18171
A2XQ2YMOF1FP0H	18172
A2XQ936WJESZWM	18173
A2XQEY969JGJTU	18174
A2XQJ670FN0QAD	18175
A2XQKOFBZRPU6Z	18176
A2XR09XC5UCL7G	18177
A2XR0TKKW5YHXE	18178
A2XR3M54O3VFON	18179
A2XR40GPJM6I6L	18180
A2XR4FZ5OT0WJ5	18181
A2XR4QATIRXNM2	18182
A2XR9TXCXK44R3	18183
A2XRKAQPGDHLQP	18184
A2XRM6RITQBKZ0	18185
A2XRMQA6PJ5ZJ8	18186
A2XRQ32H8MY4UX	18187
A2XRVWS17S4WI5	18188
A2XS72ZOUKIWUF	18189
A2XSNKY719WLNP	18190
A2XSPNPOSKW40V	18191
A2XSTWZ7DHNK9J	18192
A2XSVSHSGQNN4L	18193
A2XSY4L7GDHV4W	18194
A2XT1RIQPDOOSK	18195
A2XT3Q4KMMR6R	18196
A2XTA7MOZBINNY	18197
A2XTHJM4U2LJO2	18198
A2XTHTR27SFD76	18199
A2XU05HMRRB1HS	18200
A2XU3L553413PO	18201
A2XU3YEWV5IUBP	18202
A2XU6J41ZQOJ2V	18203
A2XUL6FNQX3DXO	18204
A2XUXMMCID4IX1	18205
A2XUYFBCXRO21E	18206
A2XV7776DAGYEH	18207
A2XV83C4GITJ66	18208
A2XV9OKW07ONKD	18209
A2XVF9VUOEIW1E	18210
A2XVQKCGWL19EI	18211
A2XVRVJCU0NVOU	18212
A2XVSROBIOU8PL	18213
A2XVTYA385246L	18214
A2XVVBD5OBSRIF	18215
A2XW3XQV0B8MVY	18216
A2XW4WZCLE1TEX	18217
A2XWCM1I9OPIBV	18218
A2XWG3JM9VWK61	18219
A2XWGQDADZSEP5	18220
A2XWNL7JV2VE7	18221
A2XWSG0S8LGMQQ	18222
A2XWVY6ETBH4C	18223
A2XX0KUN0Y25UB	18224
A2XX2A4OJCDNLZ	18225
A2XX732XINWLQR	18226
A2XX81FIS1GP9Q	18227
A2XX8WJD6IXNFB	18228
A2XXGAVPSRBTGZ	18229
A2XXIRNB18AKDY	18230
A2XXNQ5N1OD4CD	18231
A2XXRN2ANQDBKO	18232
A2XXWQ7W1BQBZB	18233
A2XY0LXHHMOU68	18234
A2XY1CTLU0FE9U	18235
A2XY87MB77DMNW	18236
A2XY8BWLR9SJ5E	18237
A2XYC3NQKHDJV5	18238
A2XYG4PRAAY3ZJ	18239
A2XYH8IHILWW7X	18240
A2XYLZD2DHXQY	18241
A2XYMGES9CN77P	18242
A2XYS6U8Q5B87U	18243
A2XYXYMRLCHJZO	18244
A2XZ17U949T053	18245
A2XZ1YSSPCNFMQ	18246
A2XZ2CHD4RLNRC	18247
A2XZ9Y0SRJMLOF	18248
A2XZFXWPFVRKP6	18249
A2XZUSLHF5I1EH	18250
A2Y07FRF7ZMZVF	18251
A2Y0L2PT39H5TN	18252
A2Y0V2LH2ICXBK	18253
A2Y0VWEZQOSRPK	18254
A2Y0XEMAD8Y6JA	18255
A2Y139997QJ23Q	18256
A2Y16E9G5OM3O4	18257
A2Y17UYBZON9QY	18258
A2Y1DSE34YJPQP	18259
A2Y1W87ONIEY1C	18260
A2Y1WNETD9AYHO	18261
A2Y1X56N8NPH8G	18262
A2Y21EM85XLQGD	18263
A2Y26BXUHEVR6S	18264
A2Y277ZWD0X7UE	18265
A2Y29IRSI08F0I	18266
A2Y2BV6ZG5F6PM	18267
A2Y2P7MX51ADVM	18268
A2Y2QRF0KM3S4A	18269
A2Y324WQTLUSQM	18270
A2Y3A3UG882225	18271
A2Y3AZK6UM3LLM	18272
A2Y3EXMNVOV2IO	18273
A2Y3G8K02P25JO	18274
A2Y3UA4HLC78YI	18275
A2Y3UAGJKJ636L	18276
A2Y43HLB7AHNQX	18277
A2Y454XREINW5Z	18278
A2Y4AHA9KSID44	18279
A2Y4BBTVX6N6D3	18280
A2Y4F4U0QVLX1Q	18281
A2Y4FYNWNRBMVN	18282
A2Y4H3PXB07WQI	18283
A2Y4JE64TGFPWM	18284
A2Y4KNB1JH9AAB	18285
A2Y4N0IFVNNP46	18286
A2Y4SJX8P8FZU5	18287
A2Y4Z3CY1L5PC6	18288
A2Y50SME6VPWYO	18289
A2Y55CXTDFJ8DJ	18290
A2Y55JTDQ1PL7A	18291
A2Y56Y9E4XE6LE	18292
A2Y5H3YNLVTCIR	18293
A2Y5HQB2DG3FA5	18294
A2Y5KA7LX99EQJ	18295
A2Y5ROBWG7SIL1	18296
A2Y6C110ILKDFL	18297
A2Y6CZI6SIS6KL	18298
A2Y6CZZSR8GLJ3	18299
A2Y70U750JVX5U	18300
A2Y785M3777KOD	18301
A2Y7BSQG9V3LNG	18302
A2Y7O1SHFD13VQ	18303
A2Y7S5TI3TOR5V	18304
A2Y7U8N53GM6ZG	18305
A2Y8A9QU7WBZ4W	18306
A2Y8C1YJIOZ4UC	18307
A2Y8D5NFBHTWZH	18308
A2Y8IDC1FKGNJC	18309
A2Y8QNUOL9V07I	18310
A2Y8VFDS9DJG3J	18311
A2Y8VG7CFT3H7W	18312
A2Y941QNL3SHNQ	18313
A2Y9B8SUPOATJ0	18314
A2Y9CVYYAY7302	18315
A2Y9NHRLWUUC6W	18316
A2Y9VSVX857K08	18317
A2YA54EOBZAKCS	18318
A2YA77O5RYQ1JE	18319
A2YAJTE4MWH67R	18320
A2YAUZ3NMU8N8G	18321
A2YAZEWFCG40PP	18322
A2YAZULM4I9NQ1	18323
A2YB67K66RWMJ0	18324
A2YB7DLC3FOR7W	18325
A2YBAZE7TN7R9K	18326
A2YBFMXG8XORTZ	18327
A2YBMS068ZFQUL	18328
A2YBPD4D8ZEULS	18329
A2YBZKZ586VUW1	18330
A2YC6AANV4GZ0F	18331
A2YCCEM732L8JB	18332
A2YCEKVUN1W5F1	18333
A2YCJ7XQ7HASKB	18334
A2YCN265HB0XKX	18335
A2YCSRTH9KT3D2	18336
A2YDJNFFJZ1KPO	18337
A2YDLKCMTWOZG6	18338
A2YDQUUC6TY0KQ	18339
A2YE94LKZJ095X	18340
A2YECMVP6YAKUO	18341
A2YEF3C3TQL4ON	18342
A2YEG2R8BE8REM	18343
A2YEH6W07EC515	18344
A2YEIPQU3T4M0S	18345
A2YEOR4XJ8N3QE	18346
A2YEZ8Z3BW2SKG	18347
A2YF6CYAV8GBRS	18348
A2YF8021JBIRN8	18349
A2YFDC679D6GZA	18350
A2YFEVKS485ZHC	18351
A2YFFIBMUBNUU3	18352
A2YFS7NTL9GFH0	18353
A2YGG5Q1YKW9BL	18354
A2YGKC7L2T7DHA	18355
A2YGSCOP8AGAVG	18356
A2YGWCX3DQ6ER0	18357
A2YGZRL46K0SC4	18358
A2YH2X05EPP102	18359
A2YHBCNTFA6IE2	18360
A2YHBILJA548TQ	18361
A2YHJRRB79XU9Y	18362
A2YHN3EOR0ZN31	18363
A2YHTWQKLCPS4C	18364
A2YHV6YYPL579O	18365
A2YHVKGHLSO921	18366
A2YHXGPCTENZY3	18367
A2YI8N30RC01P1	18368
A2YIA6LSIUU5ZJ	18369
A2YIH73F68TWE6	18370
A2YIKU21XW6KCV	18371
A2YILCX9BLGG0L	18372
A2YIMB2LF7HH1C	18373
A2YINUFF7QEQZV	18374
A2YJ0U8C5MOVG4	18375
A2YJ1LE44M0QK1	18376
A2YJ5NHALRNILS	18377
A2YJE1LWDVOZ52	18378
A2YJW8K0B05FOS	18379
A2YK2JPJEC9N9R	18380
A2YK5M9P9NDN3J	18381
A2YK7P52PTIXC1	18382
A2YK7YPFT0FNVK	18383
A2YKBAMCHKBT68	18384
A2YKP1BTRUV92U	18385
A2YKPEASEE9L44	18386
A2YKTR051F4E38	18387
A2YKUTZCVXPVU	18388
A2YKVQ93IV2H6G	18389
A2YKWYC3WQJX5J	18390
A2YKZKJDM5N1MV	18391
A2YL1IQSDI9JG2	18392
A2YLFY3IOKQA2A	18393
A2YLJ51TF0WI6O	18394
A2YLTV9O05LXL7	18395
A2YLYLAYLZK4TH	18396
A2YM0ZAQOV6M03	18397
A2YM2WFUWSAC1C	18398
A2YM6MIP7CFGIZ	18399
A2YM6Q51HRJJQE	18400
A2YMA1O4Y3E1QB	18401
A2YN8C352740ZX	18402
A2YNBCYYHX5ZAF	18403
A2YNF8D4ADUPD9	18404
A2YNMW3JJZ2ZGL	18405
A2YNR8SKK2OB3W	18406
A2YNW4WR5ING2T	18407
A2YO1G14Q1VI4E	18408
A2YO7311PALBY1	18409
A2YOC6O8TSH7J8	18410
A2YOC950169X3V	18411
A2YOI67EI4N4D	18412
A2YOK6AR7ITP1G	18413
A2YOKHEFFT43MX	18414
A2YOSGV8YE3NJ8	18415
A2YOW7IZXQ130D	18416
A2YOYIZGL8PBX1	18417
A2YP0ANEM0N2OJ	18418
A2YP1XYHL5FJAP	18419
A2YP7XDZMOOC0F	18420
A2YPB8IOEU10XJ	18421
A2YPE59BPGX2RS	18422
A2YPTBUWEAMXIB	18423
A2YPY74P802E71	18424
A2YQ2ZI65F37N8	18425
A2YQ7SH5H0RRMA	18426
A2YQ9TAWNCS7MD	18427
A2YQCH6XUMG93	18428
A2YQJ5O24Z4Z94	18429
A2YQNYHWTMZZEJ	18430
A2YQOD5O66J6GJ	18431
A2YR7E5AWU2X3J	18432
A2YRD71DJ6XWV3	18433
A2YRKRWXD2JZDD	18434
A2YRPZERLLTFK5	18435
A2YRQMT2JUN9XZ	18436
A2YRUEXBEYYOLW	18437
A2YS4O53MDG6W3	18438
A2YS9UGOZZSGTO	18439
A2YSKRRI301U6G	18440
A2YSRRBYDTS68K	18441
A2YSUMZF7FQWMH	18442
A2YSW0F1X91Y6L	18443
A2YT7ICDISFOBP	18444
A2YTAN0O8SCXHL	18445
A2YTHIGRVCEZR9	18446
A2YTO1EXK27VYV	18447
A2YTUBVPKWC3EH	18448
A2YTXCN1E9AL3Z	18449
A2YTY7GHN1NH37	18450
A2YU2NMLV3VB2N	18451
A2YUBAZWT32EKY	18452
A2YUC2WTINEN9B	18453
A2YUFFSGNHG7JD	18454
A2YUJ30GLFV6JE	18455
A2YUKELH3DTNHA	18456
A2YUQWU3S535UL	18457
A2YUSFQ2JI2G59	18458
A2YUY93BG8HZFB	18459
A2YV3E3B4UDQBZ	18460
A2YV66LCD5FPNR	18461
A2YV6F6DLENNTM	18462
A2YV8GYPCN5PAM	18463
A2YVFMC55P35NC	18464
A2YVI18B12FRQ9	18465
A2YVT6FN08YT0V	18466
A2YW2W4WXU53QL	18467
A2YW6VCKI02T8V	18468
A2YW6XOID7GV6G	18469
A2YWHYLGHUTXB5	18470
A2YWUHYUMF3G6M	18471
A2YX5UKUEUPAPD	18472
A2YXJXA4K4FAGV	18473
A2YY8P74ZP0XO1	18474
A2YYHSORXIHZCS	18475
A2YYKWEKAAL2GB	18476
A2YYNVPSDQLZ9I	18477
A2YYOBFO0I6A9H	18478
A2YZ0IO2AVN9SO	18479
A2YZ1QYCL7K5Q1	18480
A2YZCJBS3IPJBR	18481
A2YZCRWM6D8UIX	18482
A2YZQAJZY17U4L	18483
A2YZWSX8KVEIDW	18484
A2Z062LLU4GOA5	18485
A2Z0E5EG39ES6I	18486
A2Z0P2DXWUYAD2	18487
A2Z0T2451TEC1N	18488
A2Z0UIUDOAZ153	18489
A2Z0UMHDRDCS5J	18490
A2Z0XIM9BWQKSZ	18491
A2Z10INIM6SIYA	18492
A2Z11D7KT6G7Y3	18493
A2Z14EFCA3IZHX	18494
A2Z17MTBUIX657	18495
A2Z22GCXKCM5V7	18496
A2Z24JLWT7USHN	18497
A2Z28WCCXGPY2N	18498
A2Z2FATA8JNL54	18499
A2Z2VUFWT34SEN	18500
A2Z2VZEOYK3EMX	18501
A2Z2XJC8RKFOD6	18502
A2Z30X9M8GE43F	18503
A2Z3IALPX69OO8	18504
A2Z3LL3XEE4QHX	18505
A2Z3PND9J9HJ6P	18506
A2Z43CU6RYPLVR	18507
A2Z46T1VLNQV0R	18508
A2Z4ACR85Y3YB9	18509
A2Z4IP5XXLY7MU	18510
A2Z4Q920UGWUVQ	18511
A2Z4R2GCEGJK74	18512
A2Z4ZS9AB5XFZW	18513
A2Z579STGO925G	18514
A2Z5C2MD0XL1QB	18515
A2Z5D5HTN11OIW	18516
A2Z5FLCXPSIKJO	18517
A2Z5X7QJZ1GHI1	18518
A2Z609Z2094PO5	18519
A2Z60KCBP4PMJV	18520
A2Z63M867JULS	18521
A2Z67HW6W6G5KZ	18522
A2Z6HB9HAJEF30	18523
A2Z6I3ZI43DFOU	18524
A2Z6IKRYIACLYU	18525
A2Z6LOF82L8NJ	18526
A2Z6M29DOKM8EB	18527
A2Z6OR4CPLAE9U	18528
A2Z767BBQUTPCF	18529
A2Z77N2LHALO1T	18530
A2Z78P9C9OB19K	18531
A2Z7CGUJ1NO945	18532
A2Z7FK99LHIYP5	18533
A2Z7IYVXKOB728	18534
A2Z7N7NEZI263I	18535
A2Z7SL5CNIDWJ	18536
A2Z7SYR6F54W0Z	18537
A2Z82LIE76RAKW	18538
A2Z85JKQFRXW3H	18539
A2Z85MQMILM9EE	18540
A2Z88CXX037DOR	18541
A2Z8DJ9FHQK14N	18542
A2Z8HPRYK4S8PK	18543
A2Z8LBJGH86HTI	18544
A2Z8ULBOQHOQTT	18545
A2Z8VVFJJJM1JB	18546
A2Z8W8Z30RYX14	18547
A2Z8WINO3HU9P5	18548
A2Z9I19GOW3O1U	18549
A2Z9KHD7827VIR	18550
A2Z9S2RQD542CP	18551
A2ZAKAFXLLNRWY	18552
A2ZAMU4MP5LDPF	18553
A2ZAQ3BGD7KI8X	18554
A2ZAWPWLLTOHNK	18555
A2ZB6TP7I2JQXO	18556
A2ZB8B7VQONZA6	18557
A2ZB9H9TZ9DU3J	18558
A2ZBH1T8PZ012R	18559
A2ZBJC1HMSHRZK	18560
A2ZBMLGSBYC8NP	18561
A2ZBREVOBF3LVW	18562
A2ZBV4L8VJBLOU	18563
A2ZBVGD9NMEFCX	18564
A2ZBVU0HBUL9G9	18565
A2ZC5ZF74KO28U	18566
A2ZC6I2Q73EXSW	18567
A2ZC9LIO9LWR19	18568
A2ZCD901QJP827	18569
A2ZCG424VQZFSP	18570
A2ZCI4BTCPPI5S	18571
A2ZCL7PZ24WUBB	18572
A2ZCLYQWSMT6AS	18573
A2ZCUTXLBH6UPS	18574
A2ZCXIZHS191TG	18575
A2ZD33OULX0OG	18576
A2ZDB1KX2QOJ7C	18577
A2ZDGCX1IV586H	18578
A2ZDONFF5T79HF	18579
A2ZDRKPQ6RL24T	18580
A2ZDWAB621GFIH	18581
A2ZDWJCQ0AMQ3Q	18582
A2ZDZZ7CYOEWMM	18583
A2ZE1HCYTQK7OE	18584
A2ZE6SBDANTYEP	18585
A2ZEG6E4Y7U384	18586
A2ZENNG8S5G6JH	18587
A2ZES6GO476N2J	18588
A2ZETVWML0L8Y0	18589
A2ZEU3XBEWA2AP	18590
A2ZEXR6Y881OR5	18591
A2ZF16VOS515EG	18592
A2ZFAQP2SBG03Z	18593
A2ZFBTGPDP6PH6	18594
A2ZFD297QH1M4M	18595
A2ZFFSJ0VM6KSJ	18596
A2ZFMKVZMW9GIB	18597
A2ZFQM8ZKUS85X	18598
A2ZFUXX2QDQZ05	18599
A2ZFXDR4EN64UY	18600
A2ZFY7F6DN9H0Y	18601
A2ZG4QB0VYNE7Z	18602
A2ZG8XJ95LWKFK	18603
A2ZG9C5FAYKP7G	18604
A2ZG9MNLZKW9OM	18605
A2ZGDHLJ85T6AD	18606
A2ZGEWW0IUPOSA	18607
A2ZGIG6MBFFAB	18608
A2ZGSNWWYLW54Y	18609
A2ZH4XRRT41SEJ	18610
A2ZH5LO9X9SNCJ	18611
A2ZHJH3K8VKBR8	18612
A2ZHSHIVYKUFQQ	18613
A2ZHTQ3SN0K8MU	18614
A2ZHYN4PFOD7PK	18615
A2ZHZ042J5H6YR	18616
A2ZICT3Q48TO25	18617
A2ZIDCYC0GWWKF	18618
A2ZIDYYCGAKP82	18619
A2ZIDYYGSFM2LD	18620
A2ZIW21958YLX6	18621
A2ZIYOQNNO10MI	18622
A2ZJ2KR4ADH0E	18623
A2ZJ6XE4I1YIPP	18624
A2ZJCNKZ6NP1KA	18625
A2ZJI5CAC5954U	18626
A2ZJSLWT0IINU8	18627
A2ZK93F8Q9L36R	18628
A2ZKDNWZUV1YMZ	18629
A2ZKQC0XCIIAEM	18630
A2ZKUP1JS3GZZV	18631
A2ZKVDHF7NJKT6	18632
A2ZKZNGVDDFMGZ	18633
A2ZL28Q2PEMFJH	18634
A2ZL7KRM7WFR1C	18635
A2ZL9ZKZEGWX5T	18636
A2ZLEZ4SDYF8M6	18637
A2ZLMDYTOZXS6T	18638
A2ZLMLDFFBZAIW	18639
A2ZLSOA4XP6A9Z	18640
A2ZLUR1AD0H3WL	18641
A2ZM08KSJN0P56	18642
A2ZM99H4X84724	18643
A2ZN2OLHMG65W6	18644
A2ZN49R495OZEM	18645
A2ZN56VMF0W08G	18646
A2ZN61HBQ2DWYC	18647
A2ZN7BCU8Z9V7W	18648
A2ZN93C9CN1VDB	18649
A2ZNC7B0D4UKP1	18650
A2ZND73HZYPL13	18651
A2ZNDLI2VULCM0	18652
A2ZNIRSRD1XF80	18653
A2ZNWWOWFK9I6B	18654
A2ZNXR0ZDQV093	18655
A2ZOF20664XXBS	18656
A2ZOKN2GZLD8J0	18657
A2ZONRJK7CO30R	18658
A2ZOOW1LL5KF07	18659
A2ZOW0KWQ4QGOT	18660
A2ZOWACX9O7QC0	18661
A2ZP1CMBZZ6WFG	18662
A2ZP3KILQERAZA	18663
A2ZP5O18VQOQB0	18664
A2ZP8RQ7EBHCF3	18665
A2ZPBFPEHPPSY0	18666
A2ZPDS6HD00J74	18667
A2ZPEEX4OESRYS	18668
A2ZPJ8S28AEBV1	18669
A2ZPPK6WFF9JAP	18670
A2ZPZM9RE08JXF	18671
A2ZQ1OMIEV2ZOT	18672
A2ZQ2AL6M4HKAE	18673
A2ZQE4X9GYJMRI	18674
A2ZQIJBCH56DPN	18675
A2ZQMZ9V3T516E	18676
A2ZQZ40C3CU3TJ	18677
A2ZR12T5QORG6K	18678
A2ZR5RLHI1INB1	18679
A2ZRD95BYP7EUR	18680
A2ZRHRMB3KSHIG	18681
A2ZRQ6XQ8XNMTO	18682
A2ZRY1B470P2KJ	18683
A2ZRYWFYQBVOQ2	18684
A2ZS08F5M81U82	18685
A2ZS6GTBSJGJVF	18686
A2ZS7TP45NIAH7	18687
A2ZS7ZU767GXB3	18688
A2ZSG4JB956572	18689
A2ZSGA2CYEVUH5	18690
A2ZSNQNZVMSTXY	18691
A2ZSPFREWCAG8F	18692
A2ZSR65B6H6UA2	18693
A2ZSSWYJQ8MO73	18694
A2ZSX6R0TL8ET6	18695
A2ZSZQ5QBEUKDC	18696
A2ZSZW6YOHLSNA	18697
A2ZT3CCG52AUFE	18698
A2ZTCKF0Y9GT4J	18699
A2ZTEBEX2NL06T	18700
A2ZTN267KVV1V3	18701
A2ZTNMAL99G91F	18702
A2ZTQPKC7MOAU4	18703
A2ZTS5H4SP1TDI	18704
A2ZU2US5W2POQX	18705
A2ZU6FO019GDGE	18706
A2ZUC78H3T4S8Y	18707
A2ZUGUHSHULOPE	18708
A2ZUK2MQXV7ZDC	18709
A2ZUY30G0K718P	18710
A2ZUZE7NQHKXOT	18711
A2ZV04P3XXA2G9	18712
A2ZV4Q3VUGV3CC	18713
A2ZV4UYXQ4IZMW	18714
A2ZV8KQ6M64FH2	18715
A2ZV9B18O7EBIH	18716
A2ZVLCPEILZ4B4	18717
A2ZVSL19655NEL	18718
A2ZW87WLENRQDZ	18719
A2ZWD1RON75HX3	18720
A2ZWEQ871FT558	18721
A2ZWHNO6MA9LXQ	18722
A2ZWN41OEZIMKO	18723
A2ZX7WLWYETI0T	18724
A2ZXC3MFQTTND6	18725
A2ZXJ1DUZDEC2X	18726
A2ZXKM98757IBZ	18727
A2ZXN1FLWM7JZL	18728
A2ZXNHB293QI4T	18729
A2ZXNQYFHJZ7Z1	18730
A2ZXO7YJQ97SKE	18731
A2ZXVR4ZEEPTFN	18732
A2ZXWBEIJRZ2GT	18733
A2ZY0KG46GUVCS	18734
A2ZY23X9IKXMON	18735
A2ZY49IDE6TY5I	18736
A2ZYESL70PYOLW	18737
A2ZYITESLH4EM9	18738
A2ZYLH69W2IJTX	18739
A2ZYMISE67R60J	18740
A2ZYPJ5LMZLK06	18741
A2ZYXZ3UEDABLA	18742
A2ZYYASRZVWZ2E	18743
A2ZZ8VUVWZYCO5	18744
A2ZZ931SRYDDUR	18745
A2ZZE2W336G0NB	18746
A2ZZPK4CTEK7GA	18747
A2ZZXMBZCC00KO	18748
A3001KIUCL2D1E	18749
A3003E3T3AHXVP	18750
A3005Z4LDOJYIC	18751
A3006WHOAYJRLI	18752
A3008RZ6FDFX2M	18753
A3009H8DTZ5ZKL	18754
A300DKXKI2JY3O	18755
A300GUSDAHJL9P	18756
A300JMW5AMQ4UR	18757
A300SZ6VUHYTRW	18758
A300XRQPK5K3HI	18759
A3010H9H8ORE1A	18760
A301ABLMCH460T	18761
A301GG53KRNCUG	18762
A301HFA2O8DQHU	18763
A301JLHETXG9HA	18764
A301UNQ7PDPHD0	18765
A3021GRJLLWW3W	18766
A3022QC6WPIIU4	18767
A3027VLCG0STOH	18768
A302GMUP2J46UF	18769
A302O5USXGAI0Z	18770
A302SHU9D9XKZT	18771
A30318OQK2E95K	18772
A303ACWSFEBPUK	18773
A303DPVG2ULRF3	18774
A303QMGUS003J	18775
A303SNZ4AR7TDQ	18776
A303TX5XI1FFCV	18777
A303WCBI6444CW	18778
A30431ZFPLGUJ8	18779
A3043QA8UQWURF	18780
A304AY9M0FAI3Y	18781
A304BB10ZRFFK8	18782
A304CJD13DTNAM	18783
A304COUTEG6C5Y	18784
A304L7B89XU3GV	18785
A304OOFEJR8VTM	18786
A304R05UY7AAXU	18787
A304R311KWYL3D	18788
A304VOVBOK0H5L	18789
A305AFH0GCV6TZ	18790
A305EK9EB19NLS	18791
A305I688BWXYDO	18792
A305OM06EM3IH4	18793
A30610D3WDM52Z	18794
A306E15IW1JXN9	18795
A306QVM1JS9N04	18796
A306TWD6JI4G4G	18797
A306UV9SZIU561	18798
A306ZY2NWF4ZW9	18799
A30706VAL3QYGK	18800
A30796FLFX7V1Q	18801
A307CJMHAQQJKS	18802
A307KPG1NTJXRF	18803
A3082YVFU7KD1K	18804
A3084EA9I2CUHY	18805
A308BKNHMK8KA0	18806
A308CSLMLOO5B0	18807
A308FBCEIT7O06	18808
A308UAD6QQ0X0O	18809
A308UMYGQZJ5QG	18810
A308VF5ZWXVZ8C	18811
A308XYC471BOAJ	18812
A3091RP0SPZLMN	18813
A3094EPI56GKZ6	18814
A309C7CYX01STL	18815
A309CDGCE22KNE	18816
A309CXFXYRVT5L	18817
A309F5MQFWN92F	18818
A309J0LOYE87E2	18819
A309PFW8T6DMMZ	18820
A309ROUNTO02OS	18821
A309VCSXQGIJ9L	18822
A30A04FS5YAES3	18823
A30A3I5ASC9R90	18824
A30AAQ5AYHC9V5	18825
A30ADQ3UX1YF29	18826
A30ADSBTWCORYC	18827
A30AFTG6WSKLUQ	18828
A30AIVQKN7US3D	18829
A30ANUHSUQCBVO	18830
A30AU1HBKZJ14I	18831
A30AXBZ2JB4YOZ	18832
A30B0STWZSQE7T	18833
A30B2TJGU4ONWE	18834
A30B3BASG7368S	18835
A30B9UTVDTUQ7Y	18836
A30BFHT6LKB1P1	18837
A30BK7OPRKBHD5	18838
A30BULX8VVM4SC	18839
A30C3SC1HME1JZ	18840
A30C4HNZBZYDI2	18841
A30C5OLK3JQ5VR	18842
A30CDI4K6ABBHO	18843
A30CMD5HD3PUVB	18844
A30CPN26LS9TWR	18845
A30CS2AL07WGU5	18846
A30CSSSJR6W9LF	18847
A30D3MZBQFZIVA	18848
A30DD15WS5PEYP	18849
A30DEJO4HUKZ9C	18850
A30DEMCSDDF5IT	18851
A30DFMQ66XYXXI	18852
A30DGXTYLEWDGQ	18853
A30DIKZFZOTAKE	18854
A30DJGL9DUZSRR	18855
A30DQCRAJRUSV7	18856
A30DSL2AHBRC6U	18857
A30E1C89KBPKPT	18858
A30E1HSV7T48P8	18859
A30E205T58H90Z	18860
A30E5EEEQF4Y6W	18861
A30E9CUWRJK00U	18862
A30EBGWO7F10BP	18863
A30EE3EZ9R829I	18864
A30EEC1RRJDFLC	18865
A30EER6RAU48SY	18866
A30ELDPP5TCQ8J	18867
A30ESZGED6PVWX	18868
A30FAJKUJ7BW2X	18869
A30FCWPDSVX55D	18870
A30FG6LX4MIV19	18871
A30FLJDFNPDWWK	18872
A30FLYNBMMIVWR	18873
A30FP0QO652PSL	18874
A30FRI5346AX8D	18875
A30G26EP7HRKCQ	18876
A30GHD7MZLDD2A	18877
A30GJKBDU2IRBD	18878
A30GWXSWA6QCD7	18879
A30GYGE1QU49I9	18880
A30GZSP8VZGQJW	18881
A30H2335OM7RD6	18882
A30H8ACW807Q2F	18883
A30H8Z5M1LDW9U	18884
A30HAGYXB3WZ1E	18885
A30HIALNJ5HMY0	18886
A30HIH5U76OK6D	18887
A30HUI4T5GZC8I	18888
A30HWT1QGJE2SO	18889
A30HYKFL7ERFE7	18890
A30IC78OWIW5OW	18891
A30IP3E4MDQ36	18892
A30IP5D5DLHRPA	18893
A30IW59HCR7WUQ	18894
A30IWM9IO3FUTC	18895
A30IXG7LETFRS3	18896
A30IXQWBRD3GU9	18897
A30IYN5030UHBR	18898
A30J0DKNKCF7SR	18899
A30J1CA7XTHFJE	18900
A30J2T017YP1VR	18901
A30J791OQS1LU	18902
A30J7WQV0ZNRXG	18903
A30JBG8J7BR6T3	18904
A30JC8MIIGCGAE	18905
A30JOCT1Y6R9SI	18906
A30JPZ9TZ7I61U	18907
A30JVMVY6KL3EK	18908
A30JX3J190ALZ8	18909
A30KMHGE6TN5PP	18910
A30KNH1Y7D6ELQ	18911
A30KOBYDZQ0JO	18912
A30KOGNPS3V323	18913
A30L0QZICDQV04	18914
A30L26DRQ0QE16	18915
A30L2Y1O654WM2	18916
A30L3MT5R27336	18917
A30L6S02SE5H8B	18918
A30L7UCH8WIMJH	18919
A30LBIVDVDOPJM	18920
A30LDU466EWICY	18921
A30LFI4G0FW4O1	18922
A30LIY7EUN9NTP	18923
A30LKCJ7WBM018	18924
A30LZPCJEE1Y8E	18925
A30LZUTON7GK83	18926
A30M1AMO3Z1CWD	18927
A30M3BMJOMSZSI	18928
A30M3JN70MT85J	18929
A30M45CEO7H5BH	18930
A30MA5I5N0ZV52	18931
A30MCHETTR13E5	18932
A30MFZP9129SQ0	18933
A30MGJANAKXM30	18934
A30MOJ5UQGYCSX	18935
A30MUUYDFPM7M4	18936
A30MYA0NO8ZX1Y	18937
A30N9DI1DGOOXN	18938
A30NJX1JPTT48Y	18939
A30NW2CGUFRF7A	18940
A30O00E2OLNMSI	18941
A30O158JUA8IWK	18942
A30O3GUXYQB6K	18943
A30O78ME1LA6GI	18944
A30ODR6WBE61UB	18945
A30OF3ZLZEJVGT	18946
A30OUSOEI282Q3	18947
A30P8JJJ05N3JQ	18948
A30PL7P1WAJ5UA	18949
A30PLEI5GETK02	18950
A30PNDO8SQV1XH	18951
A30PPBTMWNHT62	18952
A30PPJVP7QJ5O4	18953
A30PVBSZHUEKYD	18954
A30Q57EB4ZDI5O	18955
A30Q8IW4ZIYO77	18956
A30QAEDH3JUDXX	18957
A30QFNTCNB1GPO	18958
A30QIFNUYOKJTS	18959
A30QKGCA7AEKDR	18960
A30QP3DMLDP4I6	18961
A30QR6KV0D8K05	18962
A30QR7214RYDS1	18963
A30R4V476ANCQD	18964
A30RFLRVSTOM0D	18965
A30RKWQBN7818I	18966
A30ROLABUGG4YY	18967
A30RRI8YSC86XW	18968
A30RX0YNQV52F5	18969
A30S2XWHFQZ8X0	18970
A30S64ZMQZ0MUQ	18971
A30S707GX5V5NH	18972
A30SBSJ1Q8C29P	18973
A30SG4FLJWD230	18974
A30SOSLFKOKX2P	18975
A30SQ028C0I38D	18976
A30T1ELYJXK37T	18977
A30T2OLDHWQ1EP	18978
A30T7LC0KVE0L7	18979
A30TOIOZXLDH67	18980
A30TT7GTLNU9UG	18981
A30TX7VEMM8T3C	18982
A30U21R84E9YFF	18983
A30U2Q7EHT4CV2	18984
A30U8DJM3PZUEI	18985
A30UFXOF0GS9NM	18986
A30UHOWN6ZAR18	18987
A30UIYZWRREGC7	18988
A30UNFIT9XNPQ1	18989
A30UP2KKD5IQEP	18990
A30UTLB3OXFQU9	18991
A30VDSVAVIM8RE	18992
A30VKWQGWYVDG9	18993
A30VRHG1WFUM45	18994
A30VX6KH8RZS4R	18995
A30VX8CZ67QYBO	18996
A30WCCIVCXKZBF	18997
A30WFP5PWTA2UZ	18998
A30WGHYVOS4T1O	18999
A30WL3C68Q8VBB	19000
A30X3UYW2PGPT0	19001
A30X750M8V1XXW	19002
A30XK0Q4NM74EJ	19003
A30XRF4LHPV6GP	19004
A30XS1YQYL2QDC	19005
A30XXOZVDGG39	19006
A30XYS6AQ17DNK	19007
A30Y2EWCJGEU13	19008
A30Y56MP4GNC9X	19009
A30YAUDZKRX0AE	19010
A30YKQY7J8FG34	19011
A30YL21SSZ5SEO	19012
A30YLS4CPWB5L4	19013
A30YQKSXH97I1I	19014
A30Z0GG96D11EO	19015
A30Z2DHA1GI70Q	19016
A30ZA70IG6G5SH	19017
A30ZHC0AUR04LF	19018
A30ZHXMSL0ZOJH	19019
A30ZJ5NBY4VV6K	19020
A30ZK49T33YUBT	19021
A30ZOML3SIP2W6	19022
A30ZXZRW7B10BX	19023
A30ZZJ0XOSG7P2	19024
A3102I08IKMPFX	19025
A3105JFR2QTUQZ	19026
A310B2H3AV5NJW	19027
A310CDZXYGLFSX	19028
A310EUWJIA852Q	19029
A310OM4JQRPKQ2	19030
A310SLUA4O2MUK	19031
A310T4M1J4M35V	19032
A3112D9P7HXV0E	19033
A31134NOWYBAZK	19034
A31148ECJ66WTI	19035
A311626XD2C4T2	19036
A311E6Y8KZZS78	19037
A311O3DNUKW1EM	19038
A311P8IFNSBM2E	19039
A311PJQXPBOILL	19040
A311QXTUUMIMCF	19041
A3128GG90H14O6	19042
A312GR17KEP2P9	19043
A312JTRQVEA4G7	19044
A312LE5GYERBD7	19045
A312TVY5P8489R	19046
A312WS81CJRM2N	19047
A3137J8R82HOM0	19048
A313A14D3TE372	19049
A313DDI0YTWP1T	19050
A313GO3QO6WIWX	19051
A313H6238N589	19052
A313QASSAAQ607	19053
A313UE4PP6894	19054
A313WZDAC70NT8	19055
A313YFDIFTUZ4U	19056
A314FPY3VST1IH	19057
A314I79QGN1WOL	19058
A314KKDIJWCNMV	19059
A314SK0FUKIQCA	19060
A314SMEQZI3NKK	19061
A314SSFZKE4FVN	19062
A3154YGHXH059Q	19063
A3154YXBIAQSZN	19064
A315F6UQECRY65	19065
A315JTUMXK1TTY	19066
A315N2ZOU348JJ	19067
A315PGQ04GC4PL	19068
A315R4CBBM3LIZ	19069
A315WK4JF91PZQ	19070
A3169X9SSE6LIT	19071
A316BFN7G6CXYQ	19072
A316F2ANIGRYMS	19073
A316HP4NGEZDVM	19074
A3176AGP16KRK9	19075
A3177U36QW4EJB	19076
A3179EHMNLUO2D	19077
A3179WITWOFZV1	19078
A317KS1DWCN4WY	19079
A317X0I2ORNX3P	19080
A3186NLYQABISB	19081
A318FSGV7B0V	19082
A3196M8N90AS87	19083
A319907IA9QFA7	19084
A319DV9CKUT067	19085
A319M5UYKNLK8B	19086
A319Q1ZFPGWZPZ	19087
A319RDF9F8K4DL	19088
A319WE5JEJYTE4	19089
A319Y83RT0MRVR	19090
A31A2LBUJQCGV9	19091
A31A96J8W51G05	19092
A31ABBV5195IXQ	19093
A31AC72FDBBEY1	19094
A31AD48SIKJ4R	19095
A31APFIC7H9FU7	19096
A31AR10I6SV9PR	19097
A31ATICFMWZK45	19098
A31AWBKFFTTNBP	19099
A31AX1NC59GJUN	19100
A31B14G3D5BNJ1	19101
A31B8BQHCG6JVW	19102
A31B8LDFDS3RLV	19103
A31B95W75QU2MJ	19104
A31BBRGKZKI3TQ	19105
A31BD4RXCON7QO	19106
A31BJRICN0DVD6	19107
A31BTPHCQCE8WB	19108
A31BUORX651ZLI	19109
A31C8VKG2KHEYJ	19110
A31CCYZHA9LA0M	19111
A31CDJ0LTU6PCB	19112
A31CIJDNOLYHPN	19113
A31CJMS9UX495H	19114
A31CMVOK2ZFWER	19115
A31CRBWII1OYDG	19116
A31CXKINNU71O5	19117
A31CY7M1LQEURM	19118
A31CYQOOL51JMA	19119
A31D8R6MISC4MF	19120
A31D9XXGD7ABHY	19121
A31DB1HPVF7YQ8	19122
A31DC6MZR06998	19123
A31DGR0RRBYRDA	19124
A31E62W3X614O0	19125
A31E7N95TR1ZKH	19126
A31E9GJW1UN93G	19127
A31ENE1ZVWEDLU	19128
A31EU2ETXCMV01	19129
A31EUP6BGVUSKV	19130
A31EZJ1KKU8U9S	19131
A31F6C8LPZDZZD	19132
A31F876Z53HOEA	19133
A31FBHXRS8UH9M	19134
A31FJTHV2E8ZK8	19135
A31FW8YUGBRBRW	19136
A31G6RZ64LVTYI	19137
A31GDXOH0ASV7R	19138
A31GEJS7FW3RYU	19139
A31GHCM0DGPK4K	19140
A31GICBOUJWVUE	19141
A31GJXMQZ0UMBD	19142
A31GO0CBA325GS	19143
A31GQ2U36G30IG	19144
A31GRVQQLNYI8A	19145
A31GRX7DM3C3W9	19146
A31GRYHE6LS3JT	19147
A31H0N1UPQP62A	19148
A31HB00TEV05OW	19149
A31HERXP7NT09J	19150
A31HJEI4COH9ZP	19151
A31HKMVX1YW09G	19152
A31HLFP0K88EW4	19153
A31HS0KC5JH0KN	19154
A31HSVO40ALOQL	19155
A31HW5YAVSJ9DY	19156
A31HW9DCN0TOK	19157
A31I6RBGSDJUZ2	19158
A31I8UUA6DEBTU	19159
A31IBWIPPTU128	19160
A31ICLWQ9CSHRS	19161
A31IOD1MRNLGFP	19162
A31J61UKR1TB8T	19163
A31JL5VLL3BQV6	19164
A31JMCEL8GXED5	19165
A31JQ7AXWMKHFX	19166
A31JRXO0KXUJY9	19167
A31JXIYSOMT8CZ	19168
A31K2IGXXPTAR6	19169
A31K5W6NWK68OA	19170
A31K9LIJCV61RI	19171
A31KI13F4W285R	19172
A31KJS3PMYEM8G	19173
A31KOAGV1QBX85	19174
A31KREJWRH2T9A	19175
A31KYIEHFS9O60	19176
A31L6N9PRJKQKH	19177
A31L77337HT4BD	19178
A31LA69JVWMPAX	19179
A31LBI6SB254KH	19180
A31LMYNGMKIZ0Z	19181
A31LQKKE5IOGX8	19182
A31LS4JQG647VX	19183
A31M1NETERQY4Q	19184
A31M3DA4AXPU80	19185
A31M3J5SKAQYV1	19186
A31M9EHALE25GY	19187
A31MJ8GJHHHOG0	19188
A31MK9C43D3JF	19189
A31MLG5DWC93WL	19190
A31MZQ64LSKEUZ	19191
A31N0ABV2R3WO7	19192
A31N0QI9IJWABO	19193
A31N2XKR0C5PG8	19194
A31NBZ2ARX3B9G	19195
A31NGIBKO6N2DO	19196
A31NKTHC3F4UFY	19197
A31NRU1JJPR4UP	19198
A31NSDJRW30D5O	19199
A31NWC0H2C4K87	19200
A31NZANTZEW31O	19201
A31O3X7Z7I59XN	19202
A31ODJAFB7AG1	19203
A31OHK8WP6F99L	19204
A31OIXDTDVNVS8	19205
A31OTXODQHGC1O	19206
A31PD15ICIB969	19207
A31PDR78F1MNDI	19208
A31PGL33FQ5Z2K	19209
A31PHQHPG7I6KA	19210
A31PHR7MAOF4FF	19211
A31PP1LB2A8WR4	19212
A31PR59RBWE508	19213
A31PROA05439I2	19214
A31PY3HQ1EIYTS	19215
A31Q2WC7K218AX	19216
A31QDHXMALAYZT	19217
A31QQPKAC0WFCZ	19218
A31R3OHF6CWQ25	19219
A31RFO77JBO2IK	19220
A31RLULNKYYBVX	19221
A31RLZB5VBKFN6	19222
A31RNITKURRC6X	19223
A31RRDJEW9UNON	19224
A31RT0OKE2ZCDM	19225
A31RULW0KNYJ5H	19226
A31RZMVAFMLB8B	19227
A31SDRRQDH2CRA	19228
A31SGQXIPM93HE	19229
A31SGZFWQGTKCM	19230
A31SH3XWLR73LX	19231
A31SHECQ20KYNE	19232
A31SOGWHKUM4DA	19233
A31SW745HVDL3	19234
A31SY8FEXFD0DQ	19235
A31SYLNEX44V8J	19236
A31SZHOH3EMTVF	19237
A31T434KSZVKFC	19238
A31TEXH0UXIHDA	19239
A31TFF48D7BDOC	19240
A31TKKJHR68DRL	19241
A31TMNEEL6VZD8	19242
A31U3I0W961OAW	19243
A31U43VN7L5GM4	19244
A31U66TMN5V1LE	19245
A31UOM33XG69QL	19246
A31UOMYDGMUSCF	19247
A31UOTYHKN91FN	19248
A31UUONHNPVLQW	19249
A31UVXEANHGDSL	19250
A31UY150PR8LDL	19251
A31V28LH0TTUDX	19252
A31V2AZWP48JBL	19253
A31V5UZDPJNRUO	19254
A31VNTGWESMFN8	19255
A31VRFIOTI5D4Y	19256
A31W3FY6NWRNMM	19257
A31W873UQ87CE2	19258
A31WAT9IZL5O1E	19259
A31WRXUEYSI1GR	19260
A31WUERWT46IKN	19261
A31WXAF6Z4ERFK	19262
A31X423PSI94WK	19263
A31X4Q53ILEEE6	19264
A31XAYSLCB8ZXJ	19265
A31XHA2KMJHFAI	19266
A31XKNA6SFPW6Z	19267
A31XL968ABCLK	19268
A31XV7S4S1JXD8	19269
A31Y19M52PJ30S	19270
A31Y273097V7JP	19271
A31Y28UEDXQ0HB	19272
A31YCNHY2QYVDG	19273
A31YKE7KJGMAW6	19274
A31YMERCR7IRXF	19275
A31Z6R7JRKXWFL	19276
A31ZJ88D97O362	19277
A31ZMD8CC8PEYG	19278
A31ZO2G7KA11AR	19279
A31ZR4FP98WON7	19280
A31ZSRBB90CBD1	19281
A3202C86H3AD1V	19282
A3203IWZ6WVIYG	19283
A3204DZCR4COY8	19284
A320AVCW8IPQS8	19285
A320FWG10MCXHQ	19286
A320IJ954B2AU3	19287
A32160UC26JBGH	19288
A321F2OUC65RD0	19289
A321IQ7US6R3WN	19290
A321KL61SZHLEO	19291
A3220URTM6TMG1	19292
A322133AO1FKRK	19293
A32217QJEB0QZP	19294
A3221D6RQ4BQC2	19295
A322607AHOM6VW	19296
A3227QUBRR0UL4	19297
A322JP0BITPDZY	19298
A322XGPPFU9OEK	19299
A32311U4KS6FES	19300
A3235YIGF6H3GQ	19301
A323NQ305NV16P	19302
A323NXMFBAPQ	19303
A323SBUESX9H53	19304
A3245QV1TIC6KO	19305
A32462OLA5RTWV	19306
A324BS4T1ADC0U	19307
A324KBG5BTB6R0	19308
A324X6N1112OAX	19309
A324XHWZ9EU0T4	19310
A325J4EAMS222U	19311
A325MK16MKO3DV	19312
A325W8GW5AEA89	19313
A32662EQ7ZO0PR	19314
A326AAH9W85DLT	19315
A326CHP0H7XWPU	19316
A326G08KCQW87M	19317
A326GFVSXDHCVL	19318
A326IC1VD0U8J1	19319
A326O3CDSELDG5	19320
A326QZ6S9666NS	19321
A326VKBTK4ZFA7	19322
A3277FIESSCEKD	19323
A3279QEVNX01SF	19324
A327ERCWSKK1HP	19325
A327ERUBWCIKD2	19326
A327FR1FG2ORIU	19327
A327HC4R5AG49O	19328
A327MCC2GLR8UA	19329
A327RM97EQBW7T	19330
A327W6OUCTM7V8	19331
A3286II3YK46I4	19332
A3287NMGPPREQ4	19333
A328Q247OHRS9C	19334
A328RFIX9291X2	19335
A328S9RN3U5M68	19336
A328YAT82BVLYM	19337
A328YQVIZZ1KFU	19338
A329181PCMHE7H	19339
A3293UK4BYRP74	19340
A3294E2LSQHL9X	19341
A3295WXHVQ0FSI	19342
A3298X4BKG9GU3	19343
A329FR2LNRJZI6	19344
A329LEDSUFSHFS	19345
A329OQT4RWASQZ	19346
A329P043ENCM1R	19347
A329PZIQ76XNJY	19348
A329RQ0HHOEMA3	19349
A329TK5OK5N8Z6	19350
A329Y0V124S0JU	19351
A32A2MLEQ5XN23	19352
A32A4AVUAS5C2Z	19353
A32AFX2PUJ82HG	19354
A32AX68SKCHB7M	19355
A32AXFGXJBVQBA	19356
A32AXXC5FE0ECF	19357
A32B6A532454UD	19358
A32B6XWNR55SRL	19359
A32BCTL0HLOXRV	19360
A32BNZPPE7TG0Q	19361
A32BQ48099O7SZ	19362
A32BV3CV1DJYCR	19363
A32BX9GGXNQISF	19364
A32BYKL19FCSWP	19365
A32C081UG005BL	19366
A32C25B7H24FHC	19367
A32C2IZWDV3IYA	19368
A32C9GVICC5XE1	19369
A32CC4YKCNN7N6	19370
A32CCNBD85O1UA	19371
A32CF2ZWX0LA28	19372
A32CFBYUNGV91	19373
A32CHBGCSI6T6M	19374
A32CJ3MM3Z4PIF	19375
A32CJY2JXGZJIL	19376
A32CL95J1BA4RO	19377
A32CNPLMDMTKUH	19378
A32COTSH3TQDR8	19379
A32CQ23727FKOI	19380
A32CR2VDT251AB	19381
A32CX17BKV2SQ8	19382
A32D4RV0QZM74C	19383
A32DCJHKUG1KAL	19384
A32DDV1EYTB8E9	19385
A32DFXVJLPG71U	19386
A32DKJ6UF2W702	19387
A32DZJNE6NZML7	19388
A32EGR8XPO3JY0	19389
A32EGRHOEI3PY9	19390
A32EHHL7HCS80J	19391
A32ENJHQLSWVD	19392
A32ER36O1MIDN2	19393
A32ERIO64DN2HZ	19394
A32EU8OIL3KX55	19395
A32EZRIB7XFYLL	19396
A32F1YXKEJNMMU	19397
A32FL8K77UAEN8	19398
A32FP4VZQMHVMD	19399
A32FQSXZIENE5M	19400
A32FTE8B7A9N0F	19401
A32G465G1I65CX	19402
A32GCOTGFJ9XC3	19403
A32GDL4I4GA785	19404
A32GNUXLVY92ZL	19405
A32GOMXK5ZH3CD	19406
A32GW1R9MW0XOH	19407
A32HCE8Z46Z37F	19408
A32HCP37MHXUUY	19409
A32HHYHBZ2N4BW	19410
A32HSNCNPRUMTR	19411
A32HSUK2KKQ0I9	19412
A32HV5PKT5IXJ2	19413
A32HXWACHCOBON	19414
A32HYRYJAU6CLO	19415
A32IC752ECKB6L	19416
A32IC7C7M5PO0H	19417
A32IH8KSAUIE54	19418
A32IKI0XKXAFRQ	19419
A32IZ1QB4EU4KL	19420
A32IZCTDYYJ1OT	19421
A32J4YPHSCM2U0	19422
A32JLLK5UZN361	19423
A32JO4QXLIP8PN	19424
A32JSP6H7FR9RV	19425
A32K6WN17LBZHO	19426
A32K8D9TTM26Y6	19427
A32KAMWV31JB5O	19428
A32KGTMJK15F15	19429
A32KJ67L9YZFNZ	19430
A32KSVJJO44S3V	19431
A32L1WKDLSLBMJ	19432
A32L6RS2FTLNMP	19433
A32LC61E9KORJI	19434
A32LCG8YJOUQZ4	19435
A32LMAFCW79DJ0	19436
A32LUKAM798554	19437
A32LUUKWDOASNX	19438
A32LZK4RUMAIB2	19439
A32M0OHH9IXZQ8	19440
A32M1WLCJLP3A6	19441
A32M3NV9464KEA	19442
A32MIXUAWMOERS	19443
A32MLAAY4D0VB3	19444
A32MRMQO5KJ7A	19445
A32N2D0EVKZ39M	19446
A32N5OT2QFH5WE	19447
A32NEDX6UVV8DE	19448
A32NF9CDQREJ60	19449
A32NMCAFKNXNG3	19450
A32NRN6PN6J5B0	19451
A32NYFBLIJVECR	19452
A32NZUVZL5C4WH	19453
A32O18VWKLAOS3	19454
A32O98PFC3OP7K	19455
A32OACMIZSY24O	19456
A32OBTILB7XNAF	19457
A32OF5TY7L1SIC	19458
A32OF65TY3E7HY	19459
A32OF9Q4J2JNBZ	19460
A32OI135U8475L	19461
A32OJCRB0VUXDL	19462
A32OJEOMCI7661	19463
A32OJUBUBSTJ7S	19464
A32OOHIQN9GFMH	19465
A32ORI2CEEAIP4	19466
A32OYOYQJEIV3R	19467
A32OZ0W9KXHRPO	19468
A32P06RAJXDU2U	19469
A32P0OIDWVEXKE	19470
A32P5ZUYG1E4V	19471
A32PA3QT98K18E	19472
A32PIBP87GWOQ3	19473
A32PR8MY11U2KI	19474
A32PRZO086PVKN	19475
A32PXVUIS77X6L	19476
A32PZ5QWUGZ0V9	19477
A32Q0AT5G96S25	19478
A32Q4Y5N7F9P53	19479
A32Q6044HZ0KHZ	19480
A32Q726D4KHNHH	19481
A32QMHZ8G4DSHQ	19482
A32QNDQLGGXBKX	19483
A32QOB9IUC5W5Q	19484
A32QS9FYZHFGFP	19485
A32QW1529V2LPX	19486
A32QWD5DEY4LDU	19487
A32R5R84WPQW3Y	19488
A32R9X6MNUK9NS	19489
A32RGD2HGG3CZI	19490
A32RJEI4H4BBU8	19491
A32RS2I1C8MLF9	19492
A32S7VFSG3EI8X	19493
A32S9QGEHNQGGE	19494
A32SCDESUTCZL3	19495
A32SJN30HT35O1	19496
A32SLM7H0TJE7B	19497
A32SQSDF2703U	19498
A32SQVVWVRQUYB	19499
A32SXMWGGZ286Q	19500
A32T0ZK8SQL9P	19501
A32T2H8150OJLU	19502
A32TCCZFA21KXL	19503
A32TG5UXR7EIIW	19504
A32TGXG3ZWJ4DY	19505
A32TILUYBLY9XS	19506
A32TJJR05EEYDO	19507
A32TL628C0V5I0	19508
A32TM7GN4U0GGL	19509
A32TPC1X0M5EK7	19510
A32TPHU48QT21V	19511
A32TZ59WX2NMW5	19512
A32U0TAQSEYKSD	19513
A32U35YH68H803	19514
A32UD0H1VY21MO	19515
A32UDCDBBSFR1D	19516
A32UDXKMYR06TO	19517
A32UFI1Y91JUU1	19518
A32UJOTFMGTIX9	19519
A32UKF5H12M5L7	19520
A32ULMEO3IKRBI	19521
A32URKD0V8YTCL	19522
A32UYBHO3AJ2CB	19523
A32V4TT1ZJVY2G	19524
A32VHQYSQEBV7Q	19525
A32VL4ONUB9UBE	19526
A32VSTSDEPUBHU	19527
A32WF4P8UBYTEN	19528
A32WNM9FLDJ26	19529
A32WQS5LRXMF67	19530
A32WVHZZ894G9V	19531
A32X2KPT5D33WZ	19532
A32XANGZU24VUZ	19533
A32XMT8ULJ5CDV	19534
A32XRSZYBKRCKS	19535
A32XUS4EH31LXM	19536
A32XY7QUTAM8N8	19537
A32Y652627WRHU	19538
A32YDAO4ZY7S74	19539
A32YFQ14RSG6NV	19540
A32YGQTJU7BZA	19541
A32YI46A4NZZO	19542
A32YRO1UQ0BVI8	19543
A32YXZRI6YI6OI	19544
A32YYYVKP59DGV	19545
A32YZB5V54J5GO	19546
A32YZK5CEBXIXZ	19547
A32Z0BLWJ2RRUA	19548
A32Z16OXV41ZEJ	19549
A32ZDHA7DSLQLI	19550
A32ZFYC17XTQFI	19551
A32ZJ7POCWGD3	19552
A32ZQ1703I9SDT	19553
A3300ZHK4SPWC3	19554
A3301HHTQ59HC4	19555
A3308GJZHYHMNL	19556
A330RWCC8TY2KS	19557
A330SHO4I3FS08	19558
A330W8NW2TCZLN	19559
A331A43W9J8ZKO	19560
A331C2FB6YK4N1	19561
A331RACAXA2N8J	19562
A331S5N5PNSOV0	19563
A331T96SGOEPRW	19564
A331TYGBGSNMZ9	19565
A331ZJZR5SM8OH	19566
A33200GXBAK55S	19567
A3320JW8CEZEZ2	19568
A3321IOK9OKPEJ	19569
A33230MIA3W7G4	19570
A3327PMP215D41	19571
A3327YP69JW48K	19572
A332DT4S23662G	19573
A332HRUXJENEHV	19574
A332IAG8K8XG2F	19575
A332K4RM7ZIBUN	19576
A332M0MD2JH1YG	19577
A332W1GRILS1QR	19578
A332W76WPV8EGA	19579
A333E518OW5SW1	19580
A333Y05H61X7NQ	19581
A333Y903QZM2PG	19582
A333YB36GH2CMQ	19583
A333Z537C807W9	19584
A334964324JCDQ	19585
A334D57SG3C6W	19586
A334HG2RAPDIEV	19587
A334K967S05B52	19588
A334KDC20V104Z	19589
A334L5RHMKR16B	19590
A334VOCWTVV7GE	19591
A334VXUGQJWNOQ	19592
A3350T0FA05R43	19593
A3351JS3NGY3VF	19594
A33579W59A9BNR	19595
A335A3MJWE21HB	19596
A335EMNEE6IGUE	19597
A335KWYK39UEZY	19598
A335M3Z83IXCPX	19599
A335N9RIWOSKSM	19600
A335WAN2AXDORJ	19601
A335Z7QS1U58X4	19602
A336HDZNNCWLX8	19603
A336TE6K4X3EDR	19604
A3374QFZLMDFC0	19605
A3376BB2CWO2Q4	19606
A33775AIB1A664	19607
A3377JHPKH14Z6	19608
A3379EDKG9XUHF	19609
A337FQ7OYLH0AY	19610
A337MGFCDEC4A0	19611
A337Q4X8FFEP4N	19612
A337U81HJ55SRB	19613
A338EWKQ4CU8CW	19614
A338M48TFB0WYN	19615
A338M9TBSVOD39	19616
A338Q3WEAIL52S	19617
A338TV7XST52KI	19618
A338X13CD7C8LW	19619
A33927XMP0HERD	19620
A3394J1F9CN9W5	19621
A33971CVQ44SXD	19622
A3399GHLOE79PT	19623
A339BQZ2491E6N	19624
A339D0QQYH0ZRG	19625
A339DV3S739GE8	19626
A339FCIH2DN7UO	19627
A339NYY63HKVEJ	19628
A339ZKGUSJUXCV	19629
A33A9Q7Y50BKDN	19630
A33AA8MIT0TB5S	19631
A33ABOHLUIYQYD	19632
A33AEK6T00UR4X	19633
A33ALADV0U7QS6	19634
A33AMNWOLZ1Q1U	19635
A33AP9WRUPE4KQ	19636
A33AXIVMGA9DAZ	19637
A33B3XCIXB4ZVG	19638
A33B7DHFHQ8H8Z	19639
A33BA1DQAF925S	19640
A33BKACRGR3H38	19641
A33BNNP0J1NG4N	19642
A33C0BNIWLX2I1	19643
A33C2WQN9P6334	19644
A33C7RQIPXAGWV	19645
A33C7ZX7FLBQT9	19646
A33COK2CKN4HLY	19647
A33CP1VLOLW6J6	19648
A33CUTY2BMWQJR	19649
A33CWD1RSRB558	19650
A33CXFQX85WS3H	19651
A33CYHP1759V4W	19652
A33D1JE5CHJ7I0	19653
A33D6FB0FCT7HO	19654
A33DAMPX4T6K57	19655
A33DH76HS6WG4A	19656
A33DH7DJ0HIDB3	19657
A33DLJAYQWXO7W	19658
A33DQ5B1DTY7SY	19659
A33DWT2APDBNX6	19660
A33E89SN3A43L4	19661
A33EBWVFJ6HR0Q	19662
A33ECFH16SBPSS	19663
A33EEX2DOYPLSV	19664
A33ELEOFDXZ0UA	19665
A33EMANJI78SGX	19666
A33F6ZOJ8ZCOBR	19667
A33FBN8T8LNOC7	19668
A33FCZ2Z8KHULR	19669
A33FI920QCHLCL	19670
A33FJOYLC54UH8	19671
A33FRM1BCW2GNS	19672
A33FXX0KDGU68F	19673
A33G20WEH33WPE	19674
A33GGSCDB6U8OF	19675
A33GI0ST7783VA	19676
A33GKHDQ3FBDDV	19677
A33GL7241ZKGQF	19678
A33GLOQQCE0GX1	19679
A33GX400U3GV41	19680
A33GXHUJ5ZKDZP	19681
A33GYL1LL646XK	19682
A33GZWCRJJSOK3	19683
A33H3EL7BO5Z48	19684
A33H4A43NUZOLY	19685
A33HDLNMAB9IFL	19686
A33HTIAJGKPOKD	19687
A33I2QPDVMIF2W	19688
A33IB14MKPGR6H	19689
A33IJGLTVS5MDS	19690
A33IMC4VENWNFH	19691
A33IW7DK97QIQH	19692
A33IX5O3NVHR0F	19693
A33IXN26NDGBUP	19694
A33IZT099M7Y5	19695
A33IZTCQMITB0X	19696
A33J3YYAP260ZI	19697
A33J85DM04IIF	19698
A33JABAIRL4XOO	19699
A33JFQ44GCGVG7	19700
A33JSYA4JMY5O1	19701
A33JWTAYO28QJB	19702
A33K4EXKFBZW28	19703
A33K60EHQPJPVI	19704
A33K62HWCLDEH0	19705
A33KC4GIDIGUJ8	19706
A33KEFIE7W5R1S	19707
A33KK8VZNWM6I7	19708
A33KNTEQVKTVEC	19709
A33KV7MIN78QPD	19710
A33KXAMPQ3I7VS	19711
A33L2J9OER7O6L	19712
A33L3YJERNVTB5	19713
A33LDUSVP2HPUW	19714
A33LEAW924UA2F	19715
A33LIL6XGJJU72	19716
A33LJ5A1XBBRGC	19717
A33LJOB2M50S2M	19718
A33LP498PADOGU	19719
A33LTMY07FGL3	19720
A33M1SO229YSCK	19721
A33M2QDFZDHSYN	19722
A33M61864DYK6I	19723
A33M6EUBAUTPJJ	19724
A33MCQL5ECAIT3	19725
A33MGQKBDNNC1T	19726
A33MIP7BCG69M9	19727
A33MYKMFZW0VDP	19728
A33N3Z9MYSIPRO	19729
A33N63PBGJTUH7	19730
A33NQ2MXOKWM8Y	19731
A33NW7SHZWFEAO	19732
A33NX7KVZTE63N	19733
A33O2PIP7ZCVT	19734
A33OBW4P1KCELR	19735
A33OF3LV2V1QZX	19736
A33OL2DUVVK47E	19737
A33OLJZ69P1620	19738
A33OQW6402RGKI	19739
A33OWBH8XDGK0Y	19740
A33PAHWZX131VL	19741
A33PBU9EHZ28PC	19742
A33PCZAZ4NJSCK	19743
A33PE1QJ44MNX8	19744
A33PITZNFIMAWS	19745
A33PKV49WACFG1	19746
A33PVCHCQ2BTN0	19747
A33Q71ZB37JR4E	19748
A33QGRQWND3CD3	19749
A33QSJBAL48OM8	19750
A33QVIF8IUQVJ4	19751
A33QXDYPPOBGZW	19752
A33R5P618X7MG7	19753
A33RFOES9FT1GO	19754
A33RI85X1QLNF2	19755
A33RM4GT3Q9F4E	19756
A33RMTLF4ZLUZU	19757
A33S6UU8HTJJYP	19758
A33SA5P6IOEATJ	19759
A33SAL1G5AYLST	19760
A33SGGLRPIKYGX	19761
A33SHJCLUMKO9V	19762
A33SI3ROYF9BE1	19763
A33SX0AD5PYD9B	19764
A33SXHI3SOMFIV	19765
A33SY9Y19TZE10	19766
A33T43L5S2O19X	19767
A33T4DND2EBRWB	19768
A33THLOBVO7ZGI	19769
A33TLPED96BUGO	19770
A33TZR3VQJMKIZ	19771
A33U1EFZKWQF4M	19772
A33U99SNZ8UGFP	19773
A33UJKYS2F71IO	19774
A33UL9XBKBB2H9	19775
A33UO20BOT6TE9	19776
A33UOIP7UFFURZ	19777
A33UWJ6W34NO6C	19778
A33UZDO4KB4S0H	19779
A33V14PW22U99B	19780
A33V20ZBYACGVN	19781
A33V5NC18PDRZI	19782
A33VGWT2MEZ3CH	19783
A33VPANQ7H3GE4	19784
A33VRQMLQXJBO3	19785
A33W1WZAVUOU1	19786
A33W5XU72IHJHM	19787
A33W6RGX5NZELV	19788
A33W763CFDEIVD	19789
A33WCMMK4939I	19790
A33WCZ4GHHWXR5	19791
A33WDAYSEV3W9I	19792
A33WDQRA2WPP0G	19793
A33WE8HZ77O08O	19794
A33WFRICMYRPT6	19795
A33WHRK35CIRWU	19796
A33WR73IW9OVHQ	19797
A33WWL4MTSSZVJ	19798
A33XIZN8RLHOKZ	19799
A33XMCG1UFDSY2	19800
A33XPW6HN4STZK	19801
A33XSHKNVXXNST	19802
A33XXHLZSJ492U	19803
A33XZ1EUTXO31O	19804
A33Y8C4818EJL0	19805
A33YJB94G4KT2S	19806
A33YU43CK9NEG	19807
A33YZNZIRA3H97	19808
A33Z3089SL9A4R	19809
A33Z9OD619G2IA	19810
A33ZAGVC5L1P8U	19811
A33ZD3YBPF61BX	19812
A33ZNC7BHFK34I	19813
A33ZUMJ446N7UL	19814
A33ZWUZ328N7TF	19815
A33ZYFE8XMKKR1	19816
A33ZZTTMH36TJV	19817
A340BI9MVKQ0S0	19818
A340JGRTGN09JS	19819
A3418F2UEEOFEM	19820
A3419UGPGGIKNE	19821
A341EWHAIWT93C	19822
A341F99L6VV1AX	19823
A3424FZX8PH6VZ	19824
A342BTMCMLIVRS	19825
A342M1JA6D1YN2	19826
A342QAJ2TNXNUJ	19827
A342R8QR2VEKRX	19828
A342TBVDN0KLDZ	19829
A342UWIUO1MCDA	19830
A342YVXMGH0R96	19831
A342YY7GHWRUYC	19832
A342Z4PFFNRFOU	19833
A343596NWTO84W	19834
A343C98QJO0JBE	19835
A343JEP7ADY2YD	19836
A343JJWEUQYI8M	19837
A343MTRZZN3B4D	19838
A343ORG9P9Y5HW	19839
A343QURO47G4W8	19840
A343SKC3CC1RW1	19841
A343XI0NEV2YJ	19842
A343YKSLPRVQDX	19843
A343ZLJHHICL5U	19844
A3441MJCX4VQXB	19845
A3443SUQ5KMPL0	19846
A34440ODTR87M8	19847
A344E23GZQRC41	19848
A344HKYO36KSMS	19849
A344JBR3Z42YZB	19850
A3455NOMKSA1JK	19851
A34573XPIZRN34	19852
A3457PXRMJCQNJ	19853
A345EOW7WMU49S	19854
A345N6EKQTIFU5	19855
A345VGOBDM48G4	19856
A345VOFX7L9YO9	19857
A345ZF755RZ2T5	19858
A346703KNHSZID	19859
A346K4KDJST7J	19860
A346MAIT1GXHOH	19861
A346MRSXWNSVOU	19862
A346MZPNPXQXTI	19863
A346NWHW7LJAND	19864
A346V1N7SEGYYJ	19865
A346X6HLC1ERK0	19866
A3473Y4PPN53XN	19867
A347H6DVK32MLR	19868
A347I6ZV3ACUP1	19869
A347K7FACQJBFO	19870
A347ON12QBRLGU	19871
A347PDU84FVCRF	19872
A347VIGPFIYPB1	19873
A3480T43VQXGTY	19874
A3480W8EWNU551	19875
A34818POYHM1GD	19876
A3484N6W54742Y	19877
A3485Z5RKB6L3M	19878
A348CA1DH6P279	19879
A348CQIA6Q66O7	19880
A348IFJ6P0N2MC	19881
A348JYMJGX9GQ	19882
A348W2R3N86XLW	19883
A3492EK3XGPUS5	19884
A3494VTZN2DRZX	19885
A349LIMR8J6CGF	19886
A349LYA0QMZSQE	19887
A34A1UP40713F8	19888
A34A6C85J84JDK	19889
A34A8ZONH8STYD	19890
A34ABORRHKZ181	19891
A34AJKMVLJCOSI	19892
A34AMXR02J9X6Q	19893
A34AQIYOXFA4JP	19894
A34BCLAKMC4UKP	19895
A34BFC6RCOOLNT	19896
A34BOC8F2X40LL	19897
A34BQZD4J898Y8	19898
A34BRSDS9MJXTZ	19899
A34BZM6S9L7QI4	19900
A34BZO0RXRLMIS	19901
A34C3PW2AHIF4K	19902
A34C8LTFZIQ3GX	19903
A34C9AFFZOI45T	19904
A34CFOSANE3E0K	19905
A34CKIMZ969UW7	19906
A34CQC3AZEVB9T	19907
A34CSXOGVYF94S	19908
A34CTQCRAJU4D8	19909
A34CYLEIKYZCPU	19910
A34D2MSXP74IVF	19911
A34D3T1ZCTSXRH	19912
A34D5MR1R8IC7E	19913
A34DGRY7CQAF72	19914
A34DIFRGQ9FMAW	19915
A34DLG1ZBIUVQ6	19916
A34DQINHT6NYJU	19917
A34DTKU0TV38KE	19918
A34DX2CAAF6XPR	19919
A34E2BG870MODA	19920
A34E2DIWNBEJ19	19921
A34EAZGNVNPB72	19922
A34EB70GP3V32X	19923
A34EF8X2PBLKF0	19924
A34EG2PT2PQYCE	19925
A34EMZTLOXG1ZX	19926
A34EPRIK2YV0QP	19927
A34EQDIZM94VSN	19928
A34EX5AHWIIIDQ	19929
A34EXE041QMH40	19930
A34EXL9TUB0XER	19931
A34EZ0LHECKPJM	19932
A34FFE15ZG8JK1	19933
A34FPR06CLHLUU	19934
A34G3Y755YCRAX	19935
A34G4GSIYY4JJ3	19936
A34G5IWI2U1XJO	19937
A34G5ZV7JRTGP1	19938
A34GM17T6WTJDK	19939
A34GX1TW432BY3	19940
A34GXI8ZB03VVW	19941
A34GZAZ8YX1DZS	19942
A34H6WNOSVLVWV	19943
A34HJ5CQCAYS51	19944
A34HLCYKYXXEO5	19945
A34HMGZ1XIJFOR	19946
A34HMI739JGJKW	19947
A34HSW0ENITEW3	19948
A34IC48GLL4U3Y	19949
A34II2YYFYNFI9	19950
A34IJACMU8C3IM	19951
A34IMMUVGWZK8S	19952
A34IY6IE5I43ZC	19953
A34IYTMIIAUI8N	19954
A34J87XACOL41Q	19955
A34JKODTSKCGEN	19956
A34JMO83CXVDLV	19957
A34K474LX8TCT8	19958
A34K7O6UBBVN4	19959
A34KMQQI3YNVGG	19960
A34KRT1T2G6305	19961
A34KXKL8AA6ZY4	19962
A34KYWXMBD1I64	19963
A34L4II1Z4AZJO	19964
A34L89O3Q8UEC6	19965
A34LBW8TYVI3Z8	19966
A34LF7EE64AEHF	19967
A34LFSJHD41MGD	19968
A34LG0LDRW08AM	19969
A34M18U6T33YDZ	19970
A34M21Y6MOTOT2	19971
A34M2PSUT1LSPB	19972
A34MV35R4NPG0T	19973
A34N1EVIU9L92P	19974
A34N4MQOKHMMIO	19975
A34N6WLX8TKVYO	19976
A34NFQZXV4XIX3	19977
A34NMTBI8MA3J6	19978
A34O0KQV4QXWNQ	19979
A34O62IDVYW7X9	19980
A34O6R9M45JMGQ	19981
A34OB3QSRG4XOO	19982
A34OB5GO90T0O9	19983
A34OGZS5PX2U3H	19984
A34OJWGNJAOPUZ	19985
A34OL8D0391JON	19986
A34OLEVDSTF5NF	19987
A34OLOB0YK54CP	19988
A34OS716X8ANZT	19989
A34OUP2J895TSI	19990
A34OXS8GUKABNK	19991
A34OYRF975ZY30	19992
A34P05CNGFTWJG	19993
A34PA8UJ1SPOZW	19994
A34PAZQ73SL163	19995
A34PHK69TBFYYN	19996
A34PHU91ZPOFL7	19997
A34PJAS16SWEES	19998
A34PJX9H51ZCNO	19999
A34Q275XGFFTH4	20000
A34Q7WUK7OA1KQ	20001
A34Q92LD7V7AVS	20002
A34Q9AT8AL35JS	20003
A34Q9Y2DE6KT4Q	20004
A34QB73C22JXVH	20005
A34QKB8YTJWGZD	20006
A34QPZUTARDO5E	20007
A34QRJ4PLUEMO	20008
A34QVOTFUSTQMT	20009
A34QX8ZP05U06A	20010
A34R9TG09V5IWI	20011
A34RAHIG6I5O0Z	20012
A34RBXVY4JMHQP	20013
A34RDR71U0VCSG	20014
A34RJO1OCBWTVI	20015
A34RJV13MEVGN2	20016
A34RM51IM8OHTG	20017
A34RS520HAPDRE	20018
A34RU3XRPSLSSF	20019
A34RX22OUZ7UBM	20020
A34RYN6LM94QTD	20021
A34S3QXAEPPY2T	20022
A34S40BZNJE3IL	20023
A34S73ES9S1AP9	20024
A34S7K2LD5PG3B	20025
A34SD90BMO3YR2	20026
A34SJUUTQAQP3U	20027
A34SNV6K27YBRW	20028
A34SPA0IRNSB6M	20029
A34SRDDM1W2DYI	20030
A34SZAQUMTSYT4	20031
A34TDW4U9RDBTY	20032
A34THYBTW4L3N4	20033
A34TLJNRPN2FFZ	20034
A34TNH973Q9XT0	20035
A34TOSW7YKS1DC	20036
A34TTIXO4FF946	20037
A34TVK5J8P7XDQ	20038
A34TVLK2D1O11X	20039
A34TVV8UHGEP1D	20040
A34TXUI0VYGCBG	20041
A34UKYZ9E21V6W	20042
A34UOSKI61MDEI	20043
A34UPI9LE9NZ9A	20044
A34UVV757IKPVB	20045
A34V43R4VN7OFD	20046
A34V8KVW2F0QLB	20047
A34VBV2ESVDKWO	20048
A34VENRX11VUKA	20049
A34VF8AWYZF3Y2	20050
A34VFY6VG360OR	20051
A34VLEC1X06KL7	20052
A34VQZH5Q0CLYY	20053
A34VRGX002YZC2	20054
A34W2MFO0M3MNN	20055
A34W59GPOUKU8L	20056
A34W6WPLYQ8317	20057
A34W7QA4J5UTOR	20058
A34WINM9DHZMO5	20059
A34WMBK3RRUNYQ	20060
A34WOYILR2ZAKO	20061
A34WPA1MUO0IL7	20062
A34WVVGTD4RI4V	20063
A34WYC3O2D3CXN	20064
A34X20QSBGEMTC	20065
A34X4SQTAAJ8WP	20066
A34X9CGJCEE5Q5	20067
A34XI9FLMYFEQ0	20068
A34XK44FD172EO	20069
A34XS5NUFGUQUN	20070
A34Y7CPYT0QXTY	20071
A34YCJS0MS5JTA	20072
A34YED9H8R02C4	20073
A34YJNEWHGA74J	20074
A34YMFEQCF0CI9	20075
A34YQZGASLS8FZ	20076
A34YTCGJCKP5B	20077
A34YU16SB60D37	20078
A34YVF2GYVFJBT	20079
A34Z8VDLV5WCO0	20080
A34Z9I3XYZOFYO	20081
A34ZBBIWVH6GTD	20082
A34ZEKVLYY0QZM	20083
A34ZFCOLAJ3TR1	20084
A34ZI3V66GDC8M	20085
A34ZKAYOKYLR7E	20086
A34ZPQV0565EVT	20087
A34ZS78ACD3D7Z	20088
A34ZYX6UEGNK8G	20089
A3508DXTAMO28T	20090
A35093H0Y0JFQF	20091
A350C4QPBONBWK	20092
A350HTHTCLGFKL	20093
A35133NVYKZZ97	20094
A351I5ERN7TRMT	20095
A351KOZWOOEKKU	20096
A351N5AQ3V7TGA	20097
A351PB7ZJLWD2T	20098
A351QGZ5S8PTBL	20099
A351R85PXAPIQ7	20100
A351SWLCA1BMXM	20101
A351YEZGH1K43F	20102
A351YRK053FCNC	20103
A3520UFLY6C9A	20104
A35211RNNAPA8Z	20105
A3521CKNM88OVE	20106
A352A0Q0RCMQQ	20107
A352DN8WV6I7EZ	20108
A352EAB309AEW7	20109
A352HE47YHSZGI	20110
A352L9PCDDK7NE	20111
A35341SNQB7RE	20112
A35391EU327LSC	20113
A353A7Z2XRD04F	20114
A353D6YXRE1PNH	20115
A353HUHJ0N65YD	20116
A353OWQ1KMW30S	20117
A353U0L2HAMSHV	20118
A3541BDZEBUAY1	20119
A3543M7J04I6UI	20120
A354NO8TYUZQB2	20121
A354QSAY9FK8ES	20122
A355091D0MRS8E	20123
A3558UHU6HNHSN	20124
A355C0IRPK7BSD	20125
A355M5AYKFRNDX	20126
A355MP6YMIZ0U8	20127
A3565AWF51IUIK	20128
A3565L4637AZCP	20129
A3565TY9NH0DSC	20130
A356BA3IXK517T	20131
A356K9AFTEMBSS	20132
A356KIZLSFOZXT	20133
A356RFKNIG043B	20134
A356VJDYZ7RWR6	20135
A356VKC55PRVPQ	20136
A356YLKIJWJJFK	20137
A3572UAVWFWO9R	20138
A357ANCKPRFEHW	20139
A357B3PUHSVQA	20140
A357EA8N1S4QLP	20141
A357JRXZV8JFN7	20142
A357PD3Y24WPIW	20143
A357VXROVMA304	20144
A3581NYJD8FGPD	20145
A3582YZ05M9NU5	20146
A35880D474S8F4	20147
A358B2FXJQ8FHX	20148
A358FLJGG1DYG8	20149
A358GEZOWCIJQK	20150
A358PK3WAHBC3J	20151
A358R7R5OIWRX2	20152
A358WYB41GGN2G	20153
A3595T4N7HBPES	20154
A35976XLZ12IZ4	20155
A359GZGDD0FDOC	20156
A359Q7TXFYRGMF	20157
A35A0BBSNTXF8F	20158
A35A5S6H1WROO6	20159
A35A65KKYGLOC0	20160
A35ADQS4RR7C2I	20161
A35AV29S3D1XWU	20162
A35AYZ2EYXEN8Q	20163
A35BB9RD8S7IN4	20164
A35BGD8XP0NT0J	20165
A35BO4OF9ALYG7	20166
A35BTE5BJXI0QN	20167
A35BU2NDQ8WA83	20168
A35BVGABICURHM	20169
A35C0K8CL5U3SH	20170
A35C25CR440KFT	20171
A35C706TCG46ID	20172
A35C7B8EXH2JMC	20173
A35CCDCR561QSC	20174
A35CDS1FM90PV4	20175
A35CE5JVSVN514	20176
A35CKGRPG4VXKY	20177
A35CRG6FXOLJIC	20178
A35CT2ERJBTUOT	20179
A35D7KO5FK4DMI	20180
A35DGMDVIRCULB	20181
A35DH2NYF7P912	20182
A35DH3NJ7SUSTG	20183
A35DHJ34MXRXZ8	20184
A35DL27P4HA39G	20185
A35DNVCVAFTT6W	20186
A35DOD6YAVCL47	20187
A35DSLHS5AAHYU	20188
A35DXKKJWTVB7G	20189
A35E4IUDV3Y9K4	20190
A35EMMRF48BYCG	20191
A35EQ2L0ICI9XS	20192
A35EV0D3N8H58J	20193
A35F7FUHUJTB6	20194
A35F82E1LUIQKD	20195
A35FLI2PH4MKQ8	20196
A35FP7A7A8SU7S	20197
A35FQ5NMP6QO02	20198
A35FU8Y7JXJLSY	20199
A35FUTB9ZAPU8J	20200
A35FX1XYMRO6EC	20201
A35FZHP3ZU85EZ	20202
A35G1B3GVJQ253	20203
A35G8QPB170VA9	20204
A35GB6Y9XB64XY	20205
A35GREISVF35H6	20206
A35GXJNRA7NJY4	20207
A35GZW0SB105X3	20208
A35HFZ8O44O062	20209
A35HG6OTJDFKH5	20210
A35HJSJ3OS92SS	20211
A35HO0KLVQSLPA	20212
A35HOUWHAYZZN6	20213
A35HUT8MQMT21L	20214
A35HZ08YJDET76	20215
A35IB1A24NFJXY	20216
A35IK5PV6GLP31	20217
A35IQ38TX2NNTX	20218
A35IZC57I8RHBL	20219
A35J5UWJM0YNYL	20220
A35JDJ2GVZRV4O	20221
A35JE8LBMDCDUL	20222
A35JRUKMF5NWN6	20223
A35JUT96GPXSML	20224
A35JWV3EZUEMW5	20225
A35K1RK8MONRH9	20226
A35KJQW3YT3UAC	20227
A35KNCSUV0AMH2	20228
A35KUEQOJ96MLQ	20229
A35KW5C0E3WY8Y	20230
A35KWEKN8GAAF1	20231
A35KXS4XK4HF6V	20232
A35KZCRM8LE2G8	20233
A35L0G69XO1CHA	20234
A35L1P1D7J17X8	20235
A35L6VZS6J0DJA	20236
A35LMOF3ULYYJI	20237
A35LODKRM4H3I3	20238
A35LQ9N4C18KIB	20239
A35LSGTF3H8BYV	20240
A35LT14WG5BX0T	20241
A35LULYSCM4F3G	20242
A35LZTIBWP83UV	20243
A35M31FBUNIJSU	20244
A35M9UH1UOUPPQ	20245
A35MB0AAKJLJO8	20246
A35MC9MX1JG7VJ	20247
A35MDIBPAX9X7U	20248
A35MLI7TAJZBLY	20249
A35MLORZJ5V0PZ	20250
A35MSWQ4BZK59G	20251
A35N2XO0OR1PUL	20252
A35N7AS3054Y8M	20253
A35N8F5V2PELR9	20254
A35N8SGG20GLO8	20255
A35NATWGY863I5	20256
A35NB2IFPIFO74	20257
A35NBGDTL6F2XJ	20258
A35NDRXOWZHH5F	20259
A35NJSJMIWRDGX	20260
A35NKV8U82QT4K	20261
A35NQJ03FT6O48	20262
A35NU5BUV1OLX8	20263
A35NWV8V9Q4249	20264
A35OADL7IYY4L	20265
A35OBT6KF0ZW6J	20266
A35OIWPVTGW3UC	20267
A35ONITOPJ9OFY	20268
A35ONL9ORL46UD	20269
A35OOJBK1V9AZ5	20270
A35OUCCXKYICO	20271
A35P22GV2WT90K	20272
A35P36YOQQR5CL	20273
A35P6FD491LMT6	20274
A35PG2QRIZB4TS	20275
A35PI3RA676XDA	20276
A35PJF0T7UU2XS	20277
A35PL5FRB18EAS	20278
A35PUVQAAPPZN5	20279
A35PWQUIW9GNXP	20280
A35PXRBA5LJYIV	20281
A35Q0JH999NPN0	20282
A35Q0RBM3YNQNF	20283
A35Q38SDWDIKYX	20284
A35QCQXI9MHE7	20285
A35QD4RAT06UY0	20286
A35QFQI0M46LWO	20287
A35QLP4NF5I0S	20288
A35QMY5TQY2HFA	20289
A35QSF2OTHDHYK	20290
A35QV55GBTS76J	20291
A35QVLXUFKJA4H	20292
A35QZ1XUKWG900	20293
A35QZUUZ3WMVUL	20294
A35QZXGX8ORLOF	20295
A35R7Y57OJC3LO	20296
A35RCE15OI0ENL	20297
A35RGUSU02AW9S	20298
A35RMH97RVCFXR	20299
A35RUT4P1Y2AJA	20300
A35RWM5HK4KA7S	20301
A35RXZKKOOUKPS	20302
A35RYT89ZNNEZA	20303
A35S49CPCD2C4O	20304
A35S9MLW1MO064	20305
A35SEBEDIT2XRQ	20306
A35SEK0IFLLPTM	20307
A35SO3QWPD8VY	20308
A35SS4W2LVI8AA	20309
A35SYWA7A3XOXM	20310
A35SZ5F4XEZTS1	20311
A35T2H87Y5ZNV7	20312
A35T5XCHUB9H4V	20313
A35T7WWUJY9B4H	20314
A35T95CVL2QB9O	20315
A35TDKATJQ8OIO	20316
A35TDOVTWMS35E	20317
A35TE4C1AU9JV7	20318
A35TOWGG1F5CZM	20319
A35TP8WD72A1DE	20320
A35TYPRYFVC3F2	20321
A35UBK2YNEERXF	20322
A35UJY5V3ESK8P	20323
A35UQL67GC25Q6	20324
A35UTMMPSVEPMX	20325
A35UVVHYKV3KT9	20326
A35UY8DCG2S57T	20327
A35UZ0I53VKXH8	20328
A35V06AJ9KSTL7	20329
A35V1HJI2E4Q4H	20330
A35V2WBQNNGA3O	20331
A35V3Q68DUJOZT	20332
A35VGSE1INZTC7	20333
A35VOMDKKO3TOY	20334
A35VWKJJZGV37A	20335
A35VY1PRC636HH	20336
A35W3JQYP0M655	20337
A35WH4I98CRP5L	20338
A35WLQ1OY2CB8X	20339
A35WO69M6JRPSY	20340
A35WYJH6MPPIFV	20341
A35WYW1ZSUVKYG	20342
A35WZEJPCUIY5A	20343
A35X87WL3LNQLF	20344
A35XFZ2DZT2MIL	20345
A35XIWSX7OY8W	20346
A35XK5WEH2JHQZ	20347
A35XLSNUB9ZGS4	20348
A35XQXJ83PA7JV	20349
A35Y3G5SSFAWTA	20350
A35YEABW3T8OP4	20351
A35YLHGS8ARZ8Z	20352
A35YRKTIBLBDVN	20353
A35YSQ7OXNQ5AX	20354
A35YUBRGG1NS4T	20355
A35Z12H2G089VU	20356
A35Z3TBNCQU3VY	20357
A35ZAGQG5HP2SL	20358
A35ZAS9KFS2PB6	20359
A35ZDE63E9JPX0	20360
A35ZGPDLD0K4D4	20361
A35ZLKM1A86J68	20362
A35ZNS8G6IH6GC	20363
A35ZX0FH40ZZ03	20364
A360228KMDN35V	20365
A3605Z3DIFFRD0	20366
A360AVFBKSAY4W	20367
A360I3NFQZK5W5	20368
A360KI0SUWKUZ2	20369
A360QA75CRCWV	20370
A360TB30KAGCUZ	20371
A360YNNFODEVX1	20372
A3610U4ZX0GMEK	20373
A3613973SXHBDM	20374
A3614LPKCNCACE	20375
A3616C9DLFONA3	20376
A3616XQ602MA1K	20377
A361M14PU2GUEG	20378
A361U4SXK7FCQE	20379
A361YV766YPIE0	20380
A36213SY7X0PK8	20381
A3622X7LU1A7C6	20382
A362AG60DMLZ01	20383
A362IYC95TLWQF	20384
A362ST45XQNGY0	20385
A36313Z5X8RLWG	20386
A3631V61MWUBA7	20387
A3634T5B9T80SZ	20388
A3639Z6O5JBLIZ	20389
A363CMMODB49NE	20390
A363DB08146FWS	20391
A363DP24M7PS77	20392
A363EAFCRLISAD	20393
A363QDMTLLRSHL	20394
A363S7O3VF7KO9	20395
A364DZE2Q8BWHH	20396
A364E6HC1XRQ1Z	20397
A364RG4UXN9HC3	20398
A364XVYQX9N4FE	20399
A364YOXAKXTXP5	20400
A364Z4PDE9NK8V	20401
A36509YSPFMFDY	20402
A36521DDVVFVN4	20403
A3654BBZ2QOH2P	20404
A365934KKH6VQ9	20405
A365ACUZNQR3UJ	20406
A365DX62QLP0PH	20407
A365IY1LIF7C3C	20408
A365S0NLE69831	20409
A3667OCIPXGESZ	20410
A366CM23E3PRYW	20411
A366L8SQ1JMU02	20412
A366LSUBRHCS0L	20413
A366QN7WE6R14Y	20414
A366R45OS8TTV3	20415
A366SX0NB1Z602	20416
A366T8P495APNB	20417
A36754MABFCIEJ	20418
A3678TDBFQV9VH	20419
A367C8333D5LNR	20420
A367EOVC86WHGA	20421
A367GE44FF9PWE	20422
A367YD4YLB1FGU	20423
A368F4GUTOUZLE	20424
A368G2WXO6MU2F	20425
A368M8O0JDWPNX	20426
A368RK0PKRYF63	20427
A368V8GDD5PG9I	20428
A368YZW95R5EA1	20429
A3694O4HUINF90	20430
A3695CASFZA185	20431
A369EQQVVTN8ME	20432
A369SIASOJ97GM	20433
A369YYL2SA3ZMO	20434
A369ZVNDEDGOJB	20435
A36A1ZYZH8568P	20436
A36A34CVLX633A	20437
A36AK8K83SDG7B	20438
A36APU90DKK1GP	20439
A36AQ69ZYQAKCU	20440
A36AT5FQKOLFGI	20441
A36AUB7M6AM8XJ	20442
A36B5FTSF8FTFD	20443
A36B7TZNERS5IW	20444
A36BB5D7T07YV2	20445
A36BCW19DUA8MF	20446
A36BDGCMA6PWJA	20447
A36BEGRBUQ6DWV	20448
A36BM2DG80MLHZ	20449
A36BMQOJBJO31G	20450
A36BSCTBPP0S2F	20451
A36BYA9PJI5ZQM	20452
A36C1ZI5JRLMC8	20453
A36C38R0G2UJF9	20454
A36C5KYNYHHTDF	20455
A36C9FLLXKYWQN	20456
A36CEI8RWGQ6R2	20457
A36CPARKICVO4V	20458
A36CVD04Z2EQM3	20459
A36CY4HVU107LS	20460
A36CZ3BAN75PD1	20461
A36D1H2EY9J3B5	20462
A36DLKLNPMDW0Y	20463
A36DOPXLNEG6ZF	20464
A36DVRTEHDJKNP	20465
A36E2EZWQ2UGA2	20466
A36E572BVUHLWQ	20467
A36EA1M8V6GNPG	20468
A36EH00ULIZ29N	20469
A36ERMWUJXMYH	20470
A36FCUN5EOXEU5	20471
A36FKYF2591NR8	20472
A36FPT2GSDAT6P	20473
A36FZLWNAOB2RN	20474
A36FZXWN5UP08W	20475
A36G9PDHFPWG5D	20476
A36GA3FQKDZ35C	20477
A36GDM9MOPNSCR	20478
A36GEN9PV4OX1A	20479
A36GIOE0XCKI56	20480
A36GJ53DBQVHXV	20481
A36GJFMK597I4V	20482
A36GKELY94ATTY	20483
A36H3YS4504NDX	20484
A36H5UGNNQ47DB	20485
A36HAX1Y8L5D2L	20486
A36HCQ55SBUP60	20487
A36HE520JD3C86	20488
A36HN65LJWA833	20489
A36HNQ03UB0UXY	20490
A36HQDZ8X4QBHG	20491
A36HYM33EMW9YD	20492
A36I036CUHBOG5	20493
A36I1MTII5MRUH	20494
A36I28OPU9BFON	20495
A36I3CKAXLQ865	20496
A36I3YX5FSZZ68	20497
A36I593U0FIMPC	20498
A36IKX5Q6XDB2T	20499
A36ILYMX6AFNUL	20500
A36IVM7L5BG53O	20501
A36J9C1R9H2NYD	20502
A36JB1DLPK2EYZ	20503
A36JVM8WZTC68D	20504
A36K22KUBSJRAU	20505
A36K24BGKN9CR8	20506
A36K2N527TXXJN	20507
A36K8DLXYRUMBR	20508
A36KGUR06YA950	20509
A36KMJ5DRFIXY	20510
A36KRR8RIKFW4C	20511
A36KZ9CBDFPMO3	20512
A36L1NV4SA1GD	20513
A36L3C0523V6I7	20514
A36L5JV2SL4MUU	20515
A36L7VJWDO7AN2	20516
A36L8V2PZXMPBK	20517
A36LI2F6BL99KR	20518
A36LI7X3384G4S	20519
A36LMO3307JCD4	20520
A36LOYFKZ8CE44	20521
A36M0JBTL2FJ1X	20522
A36M39XWJSJQJP	20523
A36M5X555JGPK5	20524
A36M81DANVHP77	20525
A36MC0FKK070T5	20526
A36MDQRSW395KR	20527
A36MFD91K5JLL	20528
A36MNABZ3KSAQP	20529
A36MP37DITBU6F	20530
A36MUVR8IZW6KE	20531
A36MW8POL03JBB	20532
A36N2XQL2S0W0V	20533
A36NDI557T6VZ2	20534
A36NFTN922LJT2	20535
A36NJPB640ZMTU	20536
A36NMTN0ERWK94	20537
A36OI3BWKQZGNA	20538
A36OKJ3BU44RIF	20539
A36OOMKODGCWSV	20540
A36OQE3RAOO63J	20541
A36OR4CCD9YC8E	20542
A36PAWMQ9SJPF2	20543
A36PFPY4O3E1DV	20544
A36PK3M2B3FMTZ	20545
A36PWZTY50NW26	20546
A36Q14P9SPKOX8	20547
A36Q1NS77YP8KE	20548
A36Q4RZ8HHRIHK	20549
A36QCJFY47IZXL	20550
A36QDBEKAL43ML	20551
A36QMI74GGDBVU	20552
A36QULLWZUCTWO	20553
A36QUO454FXBMB	20554
A36R0XYHEWP2LA	20555
A36R5Q85EF2B2Z	20556
A36R8CSYUKRXNU	20557
A36RA71FQ6OACT	20558
A36RF5CC2I09DX	20559
A36RGBRF863J2Q	20560
A36RQZYU4ANGSV	20561
A36RRCLABK0BKO	20562
A36RVLTSR0DCQ9	20563
A36S5HUE7VXQZN	20564
A36SDWZH9XGYT1	20565
A36SF51X0MHOH3	20566
A36SGEYZNOK07Y	20567
A36STJM6X4RMEP	20568
A36SX0GHYOKFZ8	20569
A36T0FL35QMF20	20570
A36T0MYKF1TTUR	20571
A36T0V2XO1Z9OU	20572
A36T5MRUJTM5V3	20573
A36T71UNYXU6V1	20574
A36T7SGCK1DK7D	20575
A36T8DS5CNP01K	20576
A36T9ZPAJ51FY0	20577
A36TELFUQMVOX2	20578
A36TJ0GLA8SY35	20579
A36TKPH455KLE4	20580
A36TSO2YY5E3ZM	20581
A36TXQEOEX8PQ1	20582
A36TY0MFYQIUUN	20583
A36U06OHXBGBIQ	20584
A36U9LTWL04A9L	20585
A36UL1AIC3BOYU	20586
A36UR170SB4APK	20587
A36US5Q282OB59	20588
A36UTCWAIX4HRL	20589
A36V7HZX6NKBAK	20590
A36VD12O7EKPFM	20591
A36VIFB2JXRCVR	20592
A36VJAW6JCP0RV	20593
A36VJZIJVQCF7H	20594
A36VNOA1LVRFFJ	20595
A36VR4KM8W3JET	20596
A36VVTL98CKIBA	20597
A36VXW4M390A0U	20598
A36W227J0FDC7U	20599
A36WJ9DRTPWNJX	20600
A36WMOJLS3603Z	20601
A36WPONMC5E7QP	20602
A36WSEC84XEBNK	20603
A36WUZ5TOXGYU7	20604
A36X1JWPW5FRCP	20605
A36X1XDGUB7J7H	20606
A36X2MD1COQN9O	20607
A36X6053FAGAIM	20608
A36XAMJPS9N2HT	20609
A36XC919WSMOH0	20610
A36XG2H1S14FW	20611
A36XKYVXN0KNHG	20612
A36Y2Q0IWJZQG9	20613
A36Y3O1CFB1XXU	20614
A36YK963F0XLXE	20615
A36YTZ8DSSKHOQ	20616
A36YV7FR9WY6H2	20617
A36YY5K2V0SEHJ	20618
A36Z2FTXRPHQP4	20619
A36Z4CNUZWQ8U3	20620
A36Z5BR07LYDKG	20621
A36ZAMBDJ639Q8	20622
A36ZBSWH3QHY3R	20623
A36ZFA2H2189A2	20624
A36ZM6JPP8ADAL	20625
A36ZTYTMQCE8WX	20626
A3706IN3BUUONB	20627
A370B6VICF1333	20628
A370EIEIJD139O	20629
A370GPPAX0OHO6	20630
A370IKUQ4PKAG2	20631
A370LEGDL7SL3N	20632
A370T45F33PSCL	20633
A370ZOS3HOG1JH	20634
A3713CPQBMRONK	20635
A3715AT2EUT0AL	20636
A3715OMU1UHOSI	20637
A3719IMXC3P7O9	20638
A371B3Z09W4GT5	20639
A371HASQDGDDV0	20640
A371M0B11CDPJS	20641
A371PE9CCO65OO	20642
A371TTBAUWKZNW	20643
A372A2682IXU12	20644
A372IO3Q3JXU0O	20645
A372JVRDQSHVRK	20646
A372L4EARASGTC	20647
A372MOR9J14OJS	20648
A372P7MZO6IDTD	20649
A372UEZCQ7KZJ6	20650
A3733DQJOI2HQS	20651
A373LBKW0HMH4Y	20652
A373M7P3Q23LCZ	20653
A373OFVTKBW4JW	20654
A373WATA7RFRP6	20655
A373WC98B9YAWK	20656
A373XODY0EEMIG	20657
A37464AFW279D3	20658
A374AVSH2B04JV	20659
A374HHGCQEAP70	20660
A374HUY006XNP6	20661
A374IH26JU45LE	20662
A374IHCJWRLKL8	20663
A374KGFYENBQX4	20664
A374PNVOR5D1XV	20665
A374Q0N3OJZ967	20666
A374Q0NKRMGEEO	20667
A374TEG2Z0NAQ3	20668
A3751NYNDWJYKB	20669
A3758MAT8MYYFR	20670
A375SA2KIXC87X	20671
A375SY4TGJ3VAR	20672
A375TKAQDHF553	20673
A375W2SFNYUG00	20674
A3762NOUX7HHVX	20675
A3763WRWL5VDLZ	20676
A376CBID8430VP	20677
A376CWBOXZYMC9	20678
A376F1K7G5NJUA	20679
A376GIZ59Y2D2P	20680
A376HSONK9BI3M	20681
A376LR5XLDDPTQ	20682
A376OJHLE6SU9Q	20683
A376PAG9DYHAO0	20684
A376RWOJRMTMNM	20685
A376RXNBC5KBC3	20686
A376XN096LN91M	20687
A3775OP5VTX5ON	20688
A3777HKNSP2NMK	20689
A3777N7IB0AGXL	20690
A377B0FPXFDCDR	20691
A377DC2CPICKNZ	20692
A377DMMFHJEJFS	20693
A377LPVLLAI42D	20694
A377N8QNXUEZLG	20695
A377SITZR4H2A9	20696
A377VTGLZFNZ7N	20697
A377WLH3O46KH2	20698
A378IBIYFEB3S7	20699
A378K9VWSSIFZW	20700
A378KZ9V6EZCPP	20701
A378N6D87RFL7G	20702
A378R50UJYOJNF	20703
A378XHC5CF6QMH	20704
A3792OH1XFOJA3	20705
A3794PWRRQKGBR	20706
A37955OTDJG0XA	20707
A379AQFVFQWRRD	20708
A379DLIAF0MFM5	20709
A379DXXVYMP06A	20710
A379G2YR7G3P7N	20711
A379H9SRD8X4BF	20712
A379IB3EYAEL5	20713
A379MGJ04RHDTR	20714
A379MQO1BFID0L	20715
A379VGIWYYYK2M	20716
A379VJJGXWIZFE	20717
A379ZDET5OGRZF	20718
A37A0ZGG1R1V7Z	20719
A37A7TK9MP6FM9	20720
A37A8HIMY7W4XZ	20721
A37A8QX8LNVGYK	20722
A37ADBPXXRWHBE	20723
A37AENKFNMYX4H	20724
A37AKBZBEMGU9N	20725
A37AO20OXS51QA	20726
A37AT0EDFCNFBP	20727
A37AY6C09U4TXF	20728
A37B24L10RZ71A	20729
A37B2PLWO0HCDP	20730
A37B8ZIHCUA1Y3	20731
A37B8ZRV70XC5I	20732
A37BJF8TGU906U	20733
A37BR76BS3YIA3	20734
A37BSE9WTWO6JA	20735
A37BSNQATVZLAY	20736
A37BSTS0R6E6WX	20737
A37BSYJJLRSAQF	20738
A37C0QIZ1ZFI5Y	20739
A37C0UXAFERS9D	20740
A37C9LXB60YH5Y	20741
A37CHB6ZQ9AHC3	20742
A37CHXD84ZZ9H8	20743
A37CI1EVD59TEX	20744
A37CLG01YPSQKJ	20745
A37CLITWYMN620	20746
A37CNJCLFYNQD1	20747
A37D2J6EGG8UA8	20748
A37D2TGTIXRV2N	20749
A37D5PLN41RVJ3	20750
A37D5YLVV7571N	20751
A37D9SE2F6AO6R	20752
A37DLUG4FEO84B	20753
A37DTIRWR2YE4W	20754
A37DXIENIDHTVY	20755
A37DYUKMGSM6U1	20756
A37E3CTD04CU1W	20757
A37E4OA8PYD6LL	20758
A37E6P3DSO9QJD	20759
A37EEBQRZCPFTE	20760
A37EFHCD4EQXUO	20761
A37EK7BKQFEEEW	20762
A37EMAH3NF69SJ	20763
A37ENXL73XL9EY	20764
A37F0U9OVSQ3EB	20765
A37F3ZEM4E8AGY	20766
A37F5VZLBBX2X4	20767
A37F6Z0OAJR36M	20768
A37FCNU3EY6LZM	20769
A37FTSBRCJP6V9	20770
A37FULV9NLQYXU	20771
A37FXBEHM3KXVS	20772
A37FXNKHQY2WTD	20773
A37G09YYATQ9OU	20774
A37GB3YY7Q365I	20775
A37GBF6XN63K9D	20776
A37GTPUUBYV55F	20777
A37GXC6HXK8KEL	20778
A37H473BZHX9P0	20779
A37H50MC6NI3NV	20780
A37HJSY5ZNMZNZ	20781
A37HK4D2FZT66T	20782
A37HMHU7JTPSFU	20783
A37HON08NH2H2R	20784
A37HU93U5TVZ30	20785
A37HULJ59GY82	20786
A37HURLMVZYFN0	20787
A37HVLAXRKO3ZR	20788
A37HZT5VDYW3T4	20789
A37I03BOUFREZ9	20790
A37I2KXPRV28FV	20791
A37I854X5SNQTD	20792
A37I9QZ671ZQ0D	20793
A37IBK5M8NO4OO	20794
A37IDFXMOBY1B3	20795
A37IRE9GZ0CZ7I	20796
A37J5JKSA2ZS9P	20797
A37J5OHRK3ITB3	20798
A37J6ZGGW5KEHU	20799
A37JA1ZGI7Z7KR	20800
A37JD6M3I5G4K2	20801
A37JHFXJ0GGVKB	20802
A37JIHG3VV3SDC	20803
A37JIQ2LNZ6H4C	20804
A37JPARDE19LFV	20805
A37JR3BQSCLJ3Y	20806
A37JWH7Y3AGPKH	20807
A37JYIO1S2DMC3	20808
A37K68F9J2MAKZ	20809
A37K6SX1TJ0DRE	20810
A37KFARYQYUQL0	20811
A37KG9AQK1PN10	20812
A37KNOJXE2FU6	20813
A37KNWAMNHS9SS	20814
A37L409MHLA6BF	20815
A37L9ZGPG633M7	20816
A37LAERL9LQRQQ	20817
A37LBY44GNQI51	20818
A37LCRP1XSF3SO	20819
A37LLXWSLE879D	20820
A37M4UOGJN4L2K	20821
A37M5H1C5R3TDD	20822
A37MEQTQHWZHFQ	20823
A37MH7ICH80QOX	20824
A37MJHSDLSYU64	20825
A37MTEV0TR9C3M	20826
A37MUF9HEYM5XE	20827
A37MVU5XF8J1RX	20828
A37MWZONEUKXT9	20829
A37MZECWPTC5MB	20830
A37N4939EQ7AEG	20831
A37N9SPMB4HM7P	20832
A37NGV5G48KT4E	20833
A37NNZQQVDAEH3	20834
A37NUMCUBRTPT8	20835
A37NUV44T0FW1L	20836
A37O1CNZKP2ERA	20837
A37OPHE8IEHO7A	20838
A37OTXNUY5MK30	20839
A37OY0QXW9R2ES	20840
A37P1UD2BFPY2E	20841
A37P2FQFEYVVSH	20842
A37PGD5PJML748	20843
A37PNG5IBNO0I8	20844
A37PSLQIJ65EGH	20845
A37PV9OHELBMFR	20846
A37Q0SLUR9LXTQ	20847
A37QC46GV7VTES	20848
A37QD17WHPAIFO	20849
A37QD1C26GF73C	20850
A37QSTEJADJ0G6	20851
A37QUQPYFMR9Y9	20852
A37R0DRFA8ERAE	20853
A37R4ETFP1XHWM	20854
A37RIRXE3WECZ	20855
A37RJK2DEHG35B	20856
A37RO7SDU614WI	20857
A37S43GLJRAH3M	20858
A37SFXAWN1CXO0	20859
A37SJNXZQPT8R7	20860
A37SKXNOU8A7M2	20861
A37STQIL7LZ448	20862
A37TDQ9GP99RAV	20863
A37THUHKK07FOE	20864
A37TIWBA5FSXKD	20865
A37TK72M9LINNO	20866
A37TQFO78B5XAB	20867
A37TSIA41V2OS8	20868
A37U4EAF2HZFVN	20869
A37U4HM0UG7FQ0	20870
A37U5PRGBURC2V	20871
A37U6JNNBO60VJ	20872
A37UIFYX5G32W2	20873
A37UOP3NLOBP0K	20874
A37UP0JC3969MS	20875
A37UPDUFG19U5F	20876
A37UQSP8S3ZOEI	20877
A37USVKFFUIDQO	20878
A37UUKTZDU3QB0	20879
A37V1TFHAGCCNC	20880
A37V4MEAMIWDOO	20881
A37V4SG1DXMWOL	20882
A37VA6CH3WK9HX	20883
A37VHIHOI7CQ9D	20884
A37VSXI1MDHBWJ	20885
A37VU35SCMMRUH	20886
A37VURRXOFJ80X	20887
A37VWIS28I627O	20888
A37W60MYCG45JQ	20889
A37W70F897O7NQ	20890
A37W890N45AVM5	20891
A37WCJ4O8HYU4	20892
A37WMG4OOOE58Q	20893
A37WOL0PKBNEO3	20894
A37WSVY0T27N5H	20895
A37WVR9M1STQDU	20896
A37X1D6496WIIR	20897
A37XNA3NK4NYJZ	20898
A37XQ1R7WFPXXP	20899
A37XRRE5STW4IV	20900
A37XRWA3JGWTYY	20901
A37Y7PWE2A2AZ5	20902
A37YCKX0ACDVEL	20903
A37Z8S16RRM9T7	20904
A37Z9PFALNA9V5	20905
A37ZFTCBH5003X	20906
A37ZL4T40UIRA6	20907
A37ZQ12A85TJ40	20908
A37ZUX7OZLSDOT	20909
A380AVX391Z636	20910
A380C2MIZ3OGGM	20911
A380FWSL815MKK	20912
A380IZT8IP7875	20913
A380MZPMGVBTZY	20914
A380V1S0HW0X3L	20915
A380VXRB52VONB	20916
A380ZIY21YKU55	20917
A3811Z9RSMTLBM	20918
A38167RWGZR8AE	20919
A3816JOBQNLDKR	20920
A381C6UUUIAB4V	20921
A381GGDUSRIEDA	20922
A381MT950I6KRL	20923
A381QUAIULAM3X	20924
A38248IH1MD3YV	20925
A3828QV3SQ4VLT	20926
A382B3MNAPMTGC	20927
A382CYY09ODVKW	20928
A382F7LGYZWRAV	20929
A382IEZ0FQY7WA	20930
A382JT9AISM102	20931
A382OV019QLW6H	20932
A38307I65YN6B1	20933
A38353GFTVATJR	20934
A3835II91Z6PS3	20935
A3838TGT0XEZYI	20936
A383DI3P3DUFTQ	20937
A383E203CNJOK8	20938
A383FCOHS2KK5C	20939
A383IRCLPS21WH	20940
A383NT91PQT5L4	20941
A383XURHVF8ON6	20942
A38425DAFW5VRW	20943
A3842ZZUQMRQR6	20944
A3844DJHQWL5N7	20945
A3844HQ1JCOTRU	20946
A38468UEVCX1JW	20947
A38475XKTGFYRO	20948
A384HAQMS7XRZ4	20949
A384MRQVW86EFS	20950
A384PUARRI25ZD	20951
A384U18WZC1VED	20952
A384V007LZMTH2	20953
A3852BK8VH65OX	20954
A38546IU2KCUXX	20955
A38561T55VV40I	20956
A3857F2WTTZP11	20957
A385CV6V0NAXJ3	20958
A385DMUJEZXVKN	20959
A385M4RIVS24LV	20960
A385OZ6LAF2CJG	20961
A385UXHJXTMEFQ	20962
A385YSHO6S56MT	20963
A386D2BTTCYGI3	20964
A386NVAVQV5WUO	20965
A386OP2O7Z5Y5L	20966
A386Q96KF9CQAF	20967
A386TI9UVMAAP8	20968
A3872Y2XH0YDX1	20969
A38750EJRK5A0S	20970
A3875TMYOF2FF3	20971
A3877AOBSDUG2R	20972
A3877V2CSDKPBN	20973
A387C50AGTFZLG	20974
A387LBVGBVDWL	20975
A387QAUJHI23S8	20976
A387QQMRTKAAK0	20977
A387VRSI2OET79	20978
A388AWLNOGH2Z2	20979
A388OX0ZF7OT8R	20980
A388P3RNMVSR3U	20981
A388R2CTWG3XA	20982
A3892Z6S8OW71A	20983
A3896ZW4EEL028	20984
A389EJODP9SKY1	20985
A389T3LXM7UZLB	20986
A389U6E1B4X9WQ	20987
A389U6JPATO5OO	20988
A389U7BPUTJRG3	20989
A389YYIMGEJJ30	20990
A38A07XFA93HQJ	20991
A38A0VLYE8V8NX	20992
A38A7J9YTH3TD4	20993
A38AAPXSJN4C5G	20994
A38AECCLY4XG40	20995
A38AHVT68PV0DV	20996
A38APQ1PXO11PD	20997
A38AQAR5SCXOXO	20998
A38AQTWHFTJ9DM	20999
A38AYP11E2F61W	21000
A38B1CQ91OHP9	21001
A38B4HALRLUW2T	21002
A38BITFS54B0IP	21003
A38BJEPDIACALR	21004
A38BK5RE00M29X	21005
A38BYAEKAZDJC2	21006
A38C0E52C77CC5	21007
A38C12950IM24P	21008
A38C566WWFTMZZ	21009
A38C9UE7IHVLBG	21010
A38CET4XKT37PS	21011
A38CF0MKI1GKWP	21012
A38CHJ1F0SEB5G	21013
A38CP355GHQ335	21014
A38CS1ZYEBO5YE	21015
A38CYJCJFHENSL	21016
A38CZDRCC30OL	21017
A38D22REXMTRJS	21018
A38D4KWDYXYWSN	21019
A38D4Z79S7O0C4	21020
A38DCVO9SZHW68	21021
A38DDM9FUAF4H1	21022
A38DJI4MDLESL2	21023
A38DKP5LURJEIR	21024
A38DMUB2NQGEXC	21025
A38DUL6WSCD6Z1	21026
A38E6CYP5E7J30	21027
A38EBB4F4XSXCJ	21028
A38ETIDW8WMLEJ	21029
A38F5FXQRGMOOU	21030
A38F680AU814DX	21031
A38FGKBRUO71I8	21032
A38FHWTKZ43DHQ	21033
A38FIQ4QJ2522J	21034
A38FOQ1V73ZVJG	21035
A38FV08N9Z4BD8	21036
A38G53AK6109BB	21037
A38G6QUTFNDCEW	21038
A38GBU7WGJARD0	21039
A38GQ0XLX9VZW0	21040
A38GUQK6Z90XJD	21041
A38GWGW6MHT5EK	21042
A38H6JROS603PV	21043
A38HEGB31XDL00	21044
A38HMPQMJIPPQC	21045
A38HUKAIH2DOMB	21046
A38HXK1D3AMC44	21047
A38HY8YI4C63RF	21048
A38I1PWNZ1QEC9	21049
A38I2RXX6GF7R6	21050
A38IHFOP1EGM7C	21051
A38IJ3Y7NHPTNJ	21052
A38IO4S87Y4AIX	21053
A38IQ7XP7GFG46	21054
A38IRFWI60MN2U	21055
A38J3I5256BFDN	21056
A38J6DNWRU8TJN	21057
A38J9LZN1MZ078	21058
A38JAB7SMD2APR	21059
A38JN8KQSXPXOH	21060
A38JQI2AYSK1XR	21061
A38JR3CUJVO2JU	21062
A38JR7ANL46IYW	21063
A38KHU2G6VWQ3X	21064
A38KK0SZYEH5UD	21065
A38KLDC6HFR242	21066
A38KZ66IYEE6OA	21067
A38L02AY3E6I4M	21068
A38LD0301JTR2N	21069
A38LE5VH6PVUWO	21070
A38LVH88WCUTZM	21071
A38LYJ7NQ65G5L	21072
A38LZR92U8TWQX	21073
A38M3P8LEMLOBA	21074
A38M9XLSSXLM1V	21075
A38MAC1C12DQR6	21076
A38MDTX0YREOEZ	21077
A38MF5MTQTHR9W	21078
A38MF93QXLE8UK	21079
A38MH9W9RMB0Y3	21080
A38MJ7GOWYM2KU	21081
A38MJ7UT6M799I	21082
A38MP0W92KR956	21083
A38MY7Q2CWLPUH	21084
A38N1ZGR4RTO3O	21085
A38N2P83U7QF6X	21086
A38N3I2I89E1FP	21087
A38NHXL5257E3B	21088
A38O1M2Z6AUPHX	21089
A38O27BDP2QECS	21090
A38O2K3I3MSVD7	21091
A38OCJENCNB6PL	21092
A38OJDYH4GET46	21093
A38OM0BSQ8K9NM	21094
A38ON1MOZNBCGE	21095
A38ONUWY6M0KZU	21096
A38OO05LV8XICY	21097
A38P2R9DX97SF2	21098
A38PB0X0RJT1ZO	21099
A38PEJ7DQVGBQI	21100
A38PGQT3UVXHEY	21101
A38PNBXZOPYD6S	21102
A38PUET1SM0SNL	21103
A38PV1UY14M9V6	21104
A38PW2C70CTSN8	21105
A38Q631TAJPPLL	21106
A38Q7ZM808HFCJ	21107
A38QD78RGAU9C1	21108
A38QOUDIBUQHZH	21109
A38QPNQE83LLLQ	21110
A38QTQK1JT6YT6	21111
A38R4BGASLLTE1	21112
A38R8V5A40PQ96	21113
A38RAL1VURJP97	21114
A38RMEDWLM2XDU	21115
A38RMU1Y5TDP9	21116
A38RSA5SSF2XID	21117
A38RUEVIDZG14H	21118
A38RYTPFEC59Q5	21119
A38S1NFHTGIKZV	21120
A38S22PFV25EI7	21121
A38S2G9RELD4KV	21122
A38S5P0GZWVIX7	21123
A38S6HA5SSQX4H	21124
A38SBHZUEGGD1P	21125
A38SBNV50QPJS5	21126
A38SGLJS4DFAWS	21127
A38SICZYZTLDQ9	21128
A38SP1MMAJ7ELX	21129
A38STL750JQ45W	21130
A38T4Z61KEXN25	21131
A38T55CCT4B3E6	21132
A38T6GVRWDZBOY	21133
A38T8E97692OEX	21134
A38TIZTW2F63DF	21135
A38TVIYFEGSBWW	21136
A38U3KQOOWNCYF	21137
A38U5D4DTJQ5OD	21138
A38U5LWLBOITDN	21139
A38U6IYJRGS64R	21140
A38U8FFLKYQRDI	21141
A38UC9TMYKQF77	21142
A38UEFXI4LT8VX	21143
A38ULKTXQY0CUE	21144
A38USZ88X4YXS0	21145
A38UUPF8H3EJTF	21146
A38UUTERU2CZ6M	21147
A38UZYCIVY04WT	21148
A38V6P0JRQVMY7	21149
A38V6XFIBHX1IU	21150
A38V76R24EJSHA	21151
A38V8TIBU7K3GD	21152
A38VAY6LWH2ZLU	21153
A38VFP7QQD7GK0	21154
A38VI9M6QIDPI3	21155
A38VLVM5676ZN7	21156
A38VQ2TIPPBKNN	21157
A38VR1812OSHC9	21158
A38VWF72N40X5Q	21159
A38WPFV274B4TO	21160
A38WWO1TQURHN9	21161
A38X2R3BOQGQZQ	21162
A38XB0USXN7X65	21163
A38XG4VT9BNL8P	21164
A38XPNYDYFEHTE	21165
A38XSCHVFP7UT8	21166
A38XTTTBF8SDM3	21167
A38XX7TZ40KA8O	21168
A38Y0PPGVXAJCM	21169
A38Y1X2QOBSZWH	21170
A38Y7EERYF6CMQ	21171
A38YCC3LRBYCQ1	21172
A38YEKIR2QKYFX	21173
A38YZO2P7L3EMG	21174
A38Z2QSVGNWWKX	21175
A38Z2ZRASDWB5H	21176
A38Z30XR7YACLB	21177
A38Z8ZXX1BPFRL	21178
A38ZOR7I4EASI1	21179
A38ZPIIBFFV9JI	21180
A38ZUYF9YHAIRC	21181
A38ZV116LJS7IE	21182
A3902BQHEKT4ML	21183
A3905URZW23BKL	21184
A390NJJTUUGRNS	21185
A390XPHE9J7DBO	21186
A3911PJPTNTKG	21187
A3917KLZB879FS	21188
A391DPRYY28WJB	21189
A391Q1242CEP7R	21190
A391R9E9C6UU5X	21191
A3929NHRVHFESI	21192
A392ALFYWOCYMD	21193
A392JUTW2BSRBN	21194
A392UZ3ZU9M3MQ	21195
A39357QLRB3A9R	21196
A393IUE69LQMKS	21197
A393JLX5XMNIT5	21198
A393KYR2I0LGSU	21199
A393L8KPRNFKMU	21200
A393MV5JXZF5AP	21201
A393P3FPNX27Z0	21202
A3942EFILIDJ50	21203
A3942UHXT9QDEX	21204
A3948WJOINU4JH	21205
A394C81V05JW2Z	21206
A394CFIQH570SM	21207
A394HK1TR2GV9P	21208
A394HSJ8VO5K0U	21209
A394IEHUNVH1TG	21210
A394IILQZRQBA0	21211
A3952PIXS7XQ2I	21212
A3956O40ZZYFMY	21213
A395962NEERHRR	21214
A3959HBN4HY1H4	21215
A3959SFRR2PHMR	21216
A395GSYJCAE521	21217
A395K1LG8IODD9	21218
A395M1MXZ9VK6O	21219
A395ROHWC26ANK	21220
A39627XSV6AEVG	21221
A3963R7EPE3A7E	21222
A3968V5F8JKMA3	21223
A396PKFUHQP2Z0	21224
A396SROED8P5KH	21225
A396W98CZ4X3AF	21226
A396WFGVQSHAEI	21227
A3977M5S0GIG5H	21228
A39794AXIFY1MT	21229
A397CWU6DM3O5G	21230
A397F9CH79LD3S	21231
A397FUT6M3SGRP	21232
A397MJKYLF2D8N	21233
A397Y5BLY7VN2M	21234
A39800SI3Q7OGL	21235
A39884C90OTMSY	21236
A398D1K3TBJEVI	21237
A398GIHAOS3QFY	21238
A398JEIY86GXTX	21239
A398N7BXMCUUY1	21240
A398YX046NMJD3	21241
A3992SE2YUH0B9	21242
A3997WE8LA1DNH	21243
A3998OSO98YJ35	21244
A399A2HKFLUXSR	21245
A399IP2OWSZ5PD	21246
A399NG5BGC2RCV	21247
A39A9QJWRKI8S	21248
A39AG6CGFJN94I	21249
A39AGACD0O5H	21250
A39AIPJUXO9HYV	21251
A39ALS60U21HE5	21252
A39APYUHMVNYCF	21253
A39AR6B9BDK7S4	21254
A39B167PVMXUW3	21255
A39B1M31T3QRPW	21256
A39B2ZDX7UV1A7	21257
A39B8EYNE60T2E	21258
A39BBEWSOB3I3E	21259
A39BGN8JA7CIFX	21260
A39BMT633XBTEH	21261
A39BNXIZYAJYP0	21262
A39BP7GMXSNAIF	21263
A39BULIA432ET9	21264
A39BW25SNOBOS5	21265
A39C01FIFF2UH	21266
A39CB39366315Z	21267
A39CC89K53OLOV	21268
A39CDIJQNPLA5W	21269
A39CUR83QW70CP	21270
A39CXHKAT84WLU	21271
A39CYKG4VUFO8K	21272
A39CYS0CW7P2DQ	21273
A39D7ONPOORMUT	21274
A39DCJ2V1J5C0P	21275
A39DF2DF5Q7W3U	21276
A39DHA05J4C336	21277
A39DJ4ROT1X37B	21278
A39DL5ZAO1K3ZI	21279
A39DM25C2HHAPW	21280
A39DMU1VIDU3NT	21281
A39DPDEYPON4LJ	21282
A39E2RQQ8XH23J	21283
A39E49Q06376TH	21284
A39E51VMQSFN33	21285
A39E69MK475K7Q	21286
A39E7CY8EPVIIK	21287
A39E7IWNHY62JT	21288
A39E9367F2P7FS	21289
A39EDK9N93LHB5	21290
A39EDOEXOQBJY5	21291
A39EEI8WLCVVAJ	21292
A39EW4XR57I1V2	21293
A39F5L16R1ATFS	21294
A39F75K6FZC17V	21295
A39F7XOVXQ0LZK	21296
A39F9IIEG14KE6	21297
A39FAO5KRKB9GC	21298
A39FEXWPZKIZ0D	21299
A39FHNWAU3I9JT	21300
A39FMAH8GFH9ZX	21301
A39G035RVRLFGS	21302
A39G0YXM6RN6QQ	21303
A39GJJT0H2BZH9	21304
A39GNHQ6OOWKIH	21305
A39GR8EBKEPMI4	21306
A39GYWA3U3CSSJ	21307
A39H5NE6UQNZ21	21308
A39HKRASBIR9CA	21309
A39HOLKXF2XQ8R	21310
A39HQ528HR0TXD	21311
A39HU0LS22LCJN	21312
A39I15AELRY6KW	21313
A39I9T4MUKQQFK	21314
A39IG4Y2G0UCHV	21315
A39ILAW86DCL00	21316
A39ING2UMVT03Q	21317
A39IO1R6ZM9TZ8	21318
A39ISGPKMF9X0R	21319
A39IXBGZWTUE6Q	21320
A39J2VYFQWASPD	21321
A39J4VW83TK90C	21322
A39J9ZH4XDE3XQ	21323
A39JF37NHJ2BK8	21324
A39JKDL2X3XQMN	21325
A39JLYWPJFZ2XH	21326
A39JP26T2PDUOD	21327
A39JPI41M5Y1RB	21328
A39JPVEIMZGDCN	21329
A39JT0LV676TG8	21330
A39K398LPXLZVT	21331
A39K8CWSY8KACQ	21332
A39KAAOUV3QZZJ	21333
A39KBWLS6TURMR	21334
A39KDVU5JAXJIF	21335
A39KNDLIA4W7H7	21336
A39KRWZT0V2I1S	21337
A39KX7E6287COM	21338
A39KYIC0F5B9NH	21339
A39L35PUI58CFY	21340
A39L5AV2P5XSY	21341
A39LGJWG7KLZ90	21342
A39LORLUO2ZVHE	21343
A39LRLKACX89IP	21344
A39LRXD7THXB4B	21345
A39LT203I5WMAL	21346
A39M2BGXCYV4WA	21347
A39M5ELIFAEIL6	21348
A39M5W3HBHYLS0	21349
A39MAJ8LW0N0CF	21350
A39MD3N21Z8OUU	21351
A39MZHW67UBF6V	21352
A39N5WN9U7889R	21353
A39NEZLSIMX64T	21354
A39O1051D3JAG0	21355
A39OGYIWYRRST8	21356
A39OJPUPXMFOO9	21357
A39OM6SPWHS3FK	21358
A39OPXYF6QJJHL	21359
A39OTU4XQ9DJ8C	21360
A39OY92K5Q3T2T	21361
A39P3VTVOJ5KP5	21362
A39PKHJ038A7T4	21363
A39PL4CXJXKJAF	21364
A39PMV0NI7J8LK	21365
A39PY74YN6BFF1	21366
A39Q12PR6LGJF7	21367
A39Q1OOCJ5VT8P	21368
A39Q3X9HMAFDJL	21369
A39Q7CP44TKMT6	21370
A39QMQKEJS1E5A	21371
A39QYJE2VOZ4MW	21372
A39R6W7Z0ZSPK3	21373
A39RCRUQLY9CDP	21374
A39RMFNOHQHGYL	21375
A39RRGUN5MG108	21376
A39RVZYKLBYIE7	21377
A39RX3QSHVX3Y3	21378
A39S077NZQQGJU	21379
A39S307U8XQL10	21380
A39S3FAT4T9RNA	21381
A39SBR5IKODX60	21382
A39SIC7KRJRLHF	21383
A39SLOGHKS1HOR	21384
A39STU0JBND4DI	21385
A39SXBNJ7TE631	21386
A39T0L7SX0BQ8R	21387
A39T941CO9QA9V	21388
A39T9LTUTHB1LT	21389
A39TK2IPSIGPG2	21390
A39TKOWTJQAISN	21391
A39TNCS1DNH6W6	21392
A39TNLW0T3EOO4	21393
A39TOLO5QOFFSK	21394
A39TPAWHA3RD18	21395
A39TQM4M6SD04H	21396
A39TVXCX0BI5AO	21397
A39TWA2TKFB819	21398
A39U8I1YS5ZCP8	21399
A39UA5WK18IY01	21400
A39UHYYR6V0MA2	21401
A39UOTKNPG6OBK	21402
A39UU4Q6BJWE7K	21403
A39UUAA10U71AM	21404
A39UVX6CYTKBDO	21405
A39UWRB7ZFUPJ6	21406
A39V5ZJYM6TD	21407
A39V69RQFP71KH	21408
A39V9AUPORAZWR	21409
A39V9DX9LZKYU	21410
A39VCWU3G8XDGW	21411
A39VEHURMY6X1Q	21412
A39VFIAAVTKPI9	21413
A39W80HTHAXLWN	21414
A39W9CF8T7AE0S	21415
A39WJZR0DIPMML	21416
A39WLN25JXYWX4	21417
A39WMHKAXUSVQG	21418
A39WR9P977LKBN	21419
A39WT88YZXIJTB	21420
A39WWMBA0299ZF	21421
A39X17U53EBRWV	21422
A39X7KK9RS6C55	21423
A39XAXOXLQODNC	21424
A39XFY2FXY7LGD	21425
A39XGNL6XIQTKL	21426
A39XMF85HDCRHB	21427
A39XMXZBKNZ0AO	21428
A39XPIUW6QOKQF	21429
A39XQLF7UHVW8M	21430
A39XUQTCMVLIBC	21431
A39Y4LXR42POXO	21432
A39YDEU45BD31V	21433
A39YL522GNB6OH	21434
A39YOVIDE1S1VG	21435
A39YQ71WCGKJ9U	21436
A39Z6QHO03R98C	21437
A39Z80IFXAJV0Z	21438
A39ZMUF30KIY2B	21439
A39ZMWAIM5QWZ6	21440
A39ZP65H390EM9	21441
A39ZUQ2JT5N616	21442
A39ZV8W0T0IGN4	21443
A39ZX7512PS9MS	21444
A3A03D09BL1J0J	21445
A3A074UMRZZZ1N	21446
A3A07HWGTUHP7L	21447
A3A0BEHDLNMNSP	21448
A3A0DKHI7L9198	21449
A3A0N3N2VRDEH5	21450
A3A0QF9N26PD51	21451
A3A0W7W0N1L1XO	21452
A3A11L8RXE188J	21453
A3A18QLK7CNIVX	21454
A3A18R8NCWUITO	21455
A3A1AUBJC7S5IO	21456
A3A1C4Z8HH0ZXG	21457
A3A1F4QZFX4RBH	21458
A3A1KPJ4XRRX7L	21459
A3A1OA237FOZFK	21460
A3A1PAOSDZPDW5	21461
A3A2IHUIJF4NJP	21462
A3A2M8PBGGTH0W	21463
A3A2XWUX499M57	21464
A3A2Y05N57A130	21465
A3A2YVO6JAE5S9	21466
A3A2YYF9PG92M7	21467
A3A345HPMLZDCZ	21468
A3A3AD9REOYA9V	21469
A3A3H2OO28IAGH	21470
A3A3MX94U0QVW3	21471
A3A3O8B1N24970	21472
A3A3TPGGQZQNCT	21473
A3A3VFYITQZNRQ	21474
A3A3WBO1E47RZE	21475
A3A4CZCTFCDOS1	21476
A3A4FTXKBAIU38	21477
A3A4HLNX0858GY	21478
A3A4KWI35A6YWD	21479
A3A4ZAIBQWKOZS	21480
A3A53Y9XYF13ZF	21481
A3A55IAQ5UNIYW	21482
A3A5BTMIS3RMSV	21483
A3A5DRHPYB1F5C	21484
A3A5FKVCXLAMW7	21485
A3A5FUTQEHSCJ6	21486
A3A5MBN6BF5PZD	21487
A3A5R1B739WRXY	21488
A3A5VLP3RBF0RQ	21489
A3A5XNAM3ZW7Z6	21490
A3A67VN64HRQ2Q	21491
A3A6F5C5MGBEGF	21492
A3A6G3RPAIAGWL	21493
A3A6HMBNRKTQD1	21494
A3A6MNKMLQC3UH	21495
A3A6TPREZDQ464	21496
A3A6VGHN04M6U	21497
A3A71QSGOKL6PD	21498
A3A7IIT2FPWWTL	21499
A3A7KVFI62NMRY	21500
A3A7R6K4MTP4GP	21501
A3A7Y37BDN9N6A	21502
A3A86X1YU2JE8S	21503
A3A8LK3JTUHSS	21504
A3A8PDZ8TXYGE5	21505
A3A8SWRJXGJ921	21506
A3A8U6U491X7TH	21507
A3A8WWNNDLMY6T	21508
A3A90CELVLOUP6	21509
A3A93AHREP5CAK	21510
A3A990WHHIMBC2	21511
A3A9IBYV6IG1A7	21512
A3AA9BC5QEKHKO	21513
A3AAC23IAZ62LZ	21514
A3AACW7R2MWRWX	21515
A3AAIQMLXDQU47	21516
A3AB05U1Q2D9YP	21517
A3AB94AFKPZGRE	21518
A3ABHGLOZ25NGK	21519
A3ABYUZI3IG8PZ	21520
A3AC3LNY9IG01D	21521
A3AC52RGM1B2BU	21522
A3AC8AYX5TX0XX	21523
A3ACAJL1XVPMJK	21524
A3ACHJERBFF8N0	21525
A3ACKWYDNR7ROA	21526
A3ACPODHK4PYQ7	21527
A3ACS301LVPT1B	21528
A3ACVC2KTMZ3RA	21529
A3ACVVAO4K50FJ	21530
A3ACY8XUE062LG	21531
A3ADMJB0XMIQ68	21532
A3ADMVFP6Z4Y1E	21533
A3ADN1M6ERD54M	21534
A3AEB5M2VY5Q8J	21535
A3AEBZO7OXBVGK	21536
A3AEG0G6FLOGSE	21537
A3AEG9XXR17XSX	21538
A3AEKP7DKBH6VD	21539
A3AF42J6XZZ20Q	21540
A3AF4BG8E0N2J2	21541
A3AF72GP4GVRY1	21542
A3AFF50DOOGA2P	21543
A3AFGUKPJ6IY2J	21544
A3AFNPL8179FV3	21545
A3AFNQ6ADLAU9I	21546
A3AFQWZOLB8N8G	21547
A3AFVG8GJRVFM1	21548
A3AFZUMBQVCHYK	21549
A3AG5QAT8L0I3R	21550
A3AG72TTYE8UQR	21551
A3AG7CKIMTL5K	21552
A3AG9EMFAFKXDR	21553
A3AGFJ0H39ZPO4	21554
A3AGHEETVTCBQI	21555
A3AGQAXTX6VRJ3	21556
A3AGU54SG3BC5U	21557
A3AGUFUTMNMJUI	21558
A3AGWRMHKLFLWR	21559
A3AGY4QI8BTGOA	21560
A3AH30XR3MXSD1	21561
A3AHDR4F2J7YXX	21562
A3AHMJV547N7GQ	21563
A3AHOSISKNBLZ6	21564
A3AHZD93BXDB2Z	21565
A3AI7RIH70YXAI	21566
A3AI83NSCOVZPG	21567
A3AI9OBK2FXVG4	21568
A3AI9W4LQC0DTI	21569
A3AIGSFJHDUR15	21570
A3AIIWD3C231OQ	21571
A3AIVHK0ZJ6BEE	21572
A3AIYSY68GVG2N	21573
A3AJ0M0AQQMJGP	21574
A3AJ1UJG5YHZXH	21575
A3AJ71A8LOAO06	21576
A3AJ7MW0QA2FXB	21577
A3AJA4SWMYRT9N	21578
A3AJAH3PKFUE6X	21579
A3AJKL7QOBIHEL	21580
A3AJU4UFFWWPNM	21581
A3AK0NVTXTFT8D	21582
A3AK9QGWATELJ2	21583
A3AKAMF46LHAH8	21584
A3AKBRT83IEXYV	21585
A3AKG18MHAV8X3	21586
A3AKJP76MNWFAK	21587
A3AKJSLDBD9LSW	21588
A3AKKLU5LD8JOM	21589
A3AKQZ6MPTUH30	21590
A3AKUO7F4CNITR	21591
A3AKW2ST5U0VGV	21592
A3AL0E6QA660R0	21593
A3AL4ETAUMLNS8	21594
A3AL5W07REM5CY	21595
A3AL9B401VOVFE	21596
A3ALFFSFEWZNGS	21597
A3ALHIAGCSNGSB	21598
A3ALJT9CJBMZWS	21599
A3ALR7LBETMX5L	21600
A3ALVAF6VIAPJ3	21601
A3ALX7LZL2CIKZ	21602
A3AM8P37B8XK2C	21603
A3AMA2V29Q0MSK	21604
A3AMLI4GZUYUFV	21605
A3AMMGU72OR81A	21606
A3AMNRP5S0GB0I	21607
A3AMP5O0R8ZRNY	21608
A3ANZ0HT08Z3IG	21609
A3ANZHV8K5WPEZ	21610
A3AO1KANO9RKHI	21611
A3AO99WPSFGQZK	21612
A3AOEYOF9XWHGH	21613
A3AOM0BXRYZ58E	21614
A3AOR8HU3DVMJ8	21615
A3AORB3VJYFY50	21616
A3AOVTNCJ73WZU	21617
A3AP4M7MGS6WUF	21618
A3AP62FXN0MWZ	21619
A3APIHVW8IGNRA	21620
A3APLOQKNZKOP4	21621
A3APPU8QXY4DFI	21622
A3APZ3VEFG98IS	21623
A3AQ66OXI5AFN4	21624
A3AQAZDSDXDE75	21625
A3AQE4MEAW1PMS	21626
A3AQOIFJ13G0F2	21627
A3AQSBVQRTXL2C	21628
A3AR4TJ8U304O	21629
A3AR7WCL0DSTLN	21630
A3AR9219E9B5CQ	21631
A3ARA6SYHXVA8S	21632
A3ARFUXVMCCTGU	21633
A3ARX21FFN2AAJ	21634
A3ARXNAGFEYM0Z	21635
A3AS6T2FBHLN21	21636
A3ASFBYWXSQUVR	21637
A3ASFLVP35KEWX	21638
A3ASIGK3CVOXGU	21639
A3ASKZP24XPANU	21640
A3ASLNUBBSSOOL	21641
A3ASM223EU4E34	21642
A3ASQOSRYLKIOE	21643
A3AST0TQSL2KWJ	21644
A3AT3XMJ42TPL6	21645
A3AT8MXBJ8ZWEK	21646
A3ATD1VNKRQ23C	21647
A3ATE8CGLOPAKG	21648
A3ATICS4SIAEQ7	21649
A3ATT1PK93OL7R	21650
A3AU0IGIK2M0R4	21651
A3AU2CT1WJL0EQ	21652
A3AU4M4UINEG6T	21653
A3AU4VVSK1DLPD	21654
A3AU8MMDVQTA0D	21655
A3AUA3XA2X02VQ	21656
A3AUBFXG1SBIQ8	21657
A3AUGJ0YGT23M1	21658
A3AUZMH96ZITB9	21659
A3AV94Z96DDQF7	21660
A3AV9W7ISCJ7IC	21661
A3AVEIRH1K7KFO	21662
A3AVS4MLPQ3ZU5	21663
A3AVSKREEXOGAQ	21664
A3AVWE26TRE35Y	21665
A3AVXSUVNAHRNO	21666
A3AWB202EB076E	21667
A3AWCOWCUQ357U	21668
A3AWESFF34TQQX	21669
A3AWJS3VMD6X4L	21670
A3AWOGOZXTXHR1	21671
A3AWV00ZU7MSK1	21672
A3AWVN3QMFG34I	21673
A3AX0X14LISLGE	21674
A3AX4IORHKLGJB	21675
A3AX86YSUHLELL	21676
A3AXKBIO7SL2Z1	21677
A3AXQ15ZRI3F2Z	21678
A3AXUF0E75E0R	21679
A3AY1X3XLLFSP5	21680
A3AY2XO5PB5MR7	21681
A3AY333WHF4H3E	21682
A3AY3SB1G2BZKT	21683
A3AY84MFJBNE9V	21684
A3AYDIHDJJTW7G	21685
A3AYO3JYU6M47Z	21686
A3AYSYSLHU26U9	21687
A3AYUUGWTRZDDM	21688
A3AYVKFZTNQY5N	21689
A3AZ4KAR8NW7ZI	21690
A3AZI828WJN1CD	21691
A3AZONHXEJYQD	21692
A3AZRXUO5HWOLI	21693
A3AZUX1EW379D0	21694
A3AZXW3O3LFNZL	21695
A3AZZYS5QNR47U	21696
A3B04FTYE952BG	21697
A3B0EOSP636TZ8	21698
A3B0EW4XA6FGT5	21699
A3B0MYWMZ0C67B	21700
A3B0SNYFZBIHC3	21701
A3B0U6DVARF2Y7	21702
A3B0USUE7H1CI0	21703
A3B12DKFV3KFUS	21704
A3B13VB8CWO3E6	21705
A3B14HGJFSMHRJ	21706
A3B18DXRO96PZ3	21707
A3B1PUL9KK51ZU	21708
A3B1UW761TH57G	21709
A3B20R4ZAH0Y2Y	21710
A3B20Y21LNS1MZ	21711
A3B21ZWOW9I4X7	21712
A3B23QXG4FL4HT	21713
A3B29PVJ8VPRDV	21714
A3B29SHPQBTHPH	21715
A3B2C06219BNC5	21716
A3B2DA40CI4YRR	21717
A3B2DXX6QGD465	21718
A3B2SUKGRVK72A	21719
A3B3926JI87S4I	21720
A3B3C1SWL9K971	21721
A3B3CSHFCPT0I5	21722
A3B3DPD8GHIN0B	21723
A3B3IN1XG2BK2L	21724
A3B3L3V1QAEFO9	21725
A3B3SV6UURALUV	21726
A3B3TDQJXDYFUT	21727
A3B3V4BAP67TJB	21728
A3B3ZIOIOKY0WZ	21729
A3B40LMHFP8M3U	21730
A3B43TBB9HCRDI	21731
A3B4FPKAXAY1SM	21732
A3B4JAH6827YGQ	21733
A3B4JRQ0QVNR11	21734
A3B4O5GR3AKS8V	21735
A3B4PONDUE4YD6	21736
A3B4QM00D6DQTC	21737
A3B4YE8KASJ4TP	21738
A3B5GKZ3YAN8J0	21739
A3B5HZ8J1FJQ9O	21740
A3B5QGRSKMOY3B	21741
A3B5V90ATAR1HS	21742
A3B61B23S1MXON	21743
A3B66ETRRM7LSF	21744
A3B684TDD0SSX	21745
A3B6AGL013FSAY	21746
A3B6PCNC86UB86	21747
A3B70H4NDKT34	21748
A3B70L4LMEURBA	21749
A3B73DNKG31SJL	21750
A3B74RXPSFYVG3	21751
A3B79W4K2OWN9H	21752
A3B7JVETF5G3QL	21753
A3B7NBM01191CF	21754
A3B7R4ZECE714D	21755
A3B7YGT8GBUYKS	21756
A3B8E0VNN5ID74	21757
A3B8FXLYP8O1KB	21758
A3B8KRFXHZ047W	21759
A3B8Q6AWX7E9SD	21760
A3B8SUS2MQDDNI	21761
A3B93WVH657UY3	21762
A3B97Y2BPXVB4R	21763
A3B9DHWCMYQFD	21764
A3B9DIRJFJTZ8J	21765
A3B9Y10ONP0VKO	21766
A3BA12R1YLWIQX	21767
A3BA930FEVHXWN	21768
A3BAB8LS0ZOB4D	21769
A3BAE79NXFDXGV	21770
A3BAHO8PIRLP9I	21771
A3BAK36RUEJBUT	21772
A3BAOWBB0AQNOS	21773
A3BAVCBRBJU703	21774
A3BAXIHOYC4LW0	21775
A3BB7TBSOKNWD4	21776
A3BBHEHFUP2064	21777
A3BBLPKARPD5ZN	21778
A3BBPS663PQDGP	21779
A3BBUTB0PNGJWI	21780
A3BBYR9HMNI5BG	21781
A3BC6ZL5OSRJ95	21782
A3BCC9UUKSIZN0	21783
A3BCMJMYW7XO76	21784
A3BCQBTQVG13PK	21785
A3BCRA22ZXLFB8	21786
A3BCS8S90B3ZC7	21787
A3BCX5UMDWN6XX	21788
A3BCY7UJ36C9X0	21789
A3BD1IAO2KSNAM	21790
A3BD3R14ADWNK5	21791
A3BDAJVILVR863	21792
A3BDFKELAOLIQ3	21793
A3BDIR4ZX7MLA2	21794
A3BDJ5QHS5K4ON	21795
A3BDLGYZ1O5C0J	21796
A3BDTOT0W4SGX1	21797
A3BE7Z2Z0E5UGM	21798
A3BECUIZ6YW3XA	21799
A3BEFVI3NAUC9I	21800
A3BEMBVQ6NXUO1	21801
A3BEPLAGXAC7B5	21802
A3BEX7WZ6VQOVT	21803
A3BF2FO9B9Z13Q	21804
A3BFCC8SWTJJNU	21805
A3BFDEBT5IV4UN	21806
A3BFQGSCCQ8U5O	21807
A3BG2SLOJPBUHN	21808
A3BG39N4UJDBQI	21809
A3BG8H0B6X5N3X	21810
A3BGHTN898F9A3	21811
A3BGS3BY6WT8Q0	21812
A3BGS405E435BG	21813
A3BGS4QQX41W1	21814
A3BGTGPLNE82AN	21815
A3BGU78W6B1AX7	21816
A3BGU9MCS9LDB0	21817
A3BGYK1ELD652P	21818
A3BH1GAYW0QPNW	21819
A3BH1OG3WVOEA5	21820
A3BH6OE1P7M37P	21821
A3BHH0ID9TNFEX	21822
A3BHORYUN26JVN	21823
A3BHQ61P4CBN4Y	21824
A3BHQT47KHEZQB	21825
A3BI3GJ9FTV790	21826
A3BI8BKIHESDNQ	21827
A3BI8D6PVFCL0P	21828
A3BIDZQJT1PU2X	21829
A3BIR2418I0M3N	21830
A3BIXU5YVUBN5E	21831
A3BJ1JDY1U0KLP	21832
A3BJ7C2S3UOD9T	21833
A3BJ8UAOA350IR	21834
A3BJL060L0KG3H	21835
A3BJL0XTXYWMVA	21836
A3BJWVCJTH6ZTK	21837
A3BK0DRTFLR2JI	21838
A3BK2MCK26FK6J	21839
A3BK37ZOAZC8H6	21840
A3BK4D2VQ9HYFZ	21841
A3BKBM9X3YINCY	21842
A3BKK86IOLQD7A	21843
A3BKMDIGR6CJBY	21844
A3BKNXX8QFIXIV	21845
A3BL0RNFA0VU6N	21846
A3BL76LDQ6LRVM	21847
A3BL7XGYUSYHOT	21848
A3BLBFEWMW58N9	21849
A3BLJ3MIIEH2A4	21850
A3BLMXPYFGZ2LT	21851
A3BM0Y1BK37V3L	21852
A3BMK3DZDH0N6Q	21853
A3BMUBUC1N77U8	21854
A3BMWLJ73D3I1D	21855
A3BN22KAACSCNT	21856
A3BN4JGFNZCGPD	21857
A3BNLLP9KAA1FE	21858
A3BNMHRW2R35LK	21859
A3BNY2E87VZEAX	21860
A3BNZ8M9CLWWOA	21861
A3BNZIHTHZHBEY	21862
A3BOGRV0MPLUTU	21863
A3BON2GWPMY6T1	21864
A3BOO8HC254NBC	21865
A3BOOBEERUBMR2	21866
A3BOXUF2CBFF7U	21867
A3BP09814356AH	21868
A3BP4OUCLVQQD4	21869
A3BPAVDQ1UE9E1	21870
A3BPMHA0ZF3L9T	21871
A3BPN6RSZDFP37	21872
A3BPNGY6RIHNXA	21873
A3BPQRY2WUCUIG	21874
A3BPSCXHPUGZYJ	21875
A3BPTJQR4NGNWG	21876
A3BQ1YTR5K7A84	21877
A3BQ4QQAQEYBV4	21878
A3BQMJI3NTQAA4	21879
A3BQWH53LPKF74	21880
A3BQX6QJ0RV39A	21881
A3BR0U8BGT8CWR	21882
A3BR3IV6THTYXO	21883
A3BR3TLD35UA5M	21884
A3BR7CF4UGY0T	21885
A3BREYWV1DZ7Z7	21886
A3BRHMFLP0PN3N	21887
A3BROGC742WLVR	21888
A3BRPM6HLHZNRG	21889
A3BRT9LB4O8QKX	21890
A3BS0PTBOENGN3	21891
A3BS2JGW5N4WCK	21892
A3BS86QTFJ3T5N	21893
A3BSD9OIEX101E	21894
A3BSDPJQU959RB	21895
A3BSL5TRB5HJZQ	21896
A3BSMHEYH3DSO3	21897
A3BSODVPB5DZOU	21898
A3BSOHEO2UBGR7	21899
A3BSP0ZXLGJZK9	21900
A3BSPYUI4PPF05	21901
A3BSVQIHP6GRVA	21902
A3BSWYESQTBFNP	21903
A3BT1IHITD77WQ	21904
A3BT4NFOZND79H	21905
A3BT53H1HWW027	21906
A3BTDFZI3FT6I7	21907
A3BTNPH6O4IQ05	21908
A3BTNXS43GTZDS	21909
A3BTUADN3Q2JV	21910
A3BU0AXTB34WQW	21911
A3BU3USH91G0X6	21912
A3BU4Y9NTIQ7NC	21913
A3BU56LK3XWXT1	21914
A3BU9Q46AFR83R	21915
A3BULAAI0MN73F	21916
A3BUNHF07TGZS3	21917
A3BUQMAQDH40F4	21918
A3BUSY9VD0ECOG	21919
A3BUTQWVWSGEGJ	21920
A3BUZBOKWJ4NR	21921
A3BV06QLR8GWQ8	21922
A3BV4V7CX7ADRL	21923
A3BVN2QBNPBHCR	21924
A3BVPMJDF3URYL	21925
A3BVQDGJJP2CDH	21926
A3BVUA1CKXT7U2	21927
A3BVYMAA3WGBO2	21928
A3BW0UW7Q4RJK4	21929
A3BW2XNNV6K75U	21930
A3BW8HCH5LFU4M	21931
A3BWBF61JYIEMX	21932
A3BWCW9WE1XK8C	21933
A3BWGG5D6UUPYM	21934
A3BWK3CROLNES9	21935
A3BWXFJQ0STV0Z	21936
A3BX393C0H66DD	21937
A3BX6D5SHQMQLR	21938
A3BXC0TUKI5F96	21939
A3BXFJTHB5MVPG	21940
A3BXIEKSYIVNNB	21941
A3BXL1Q6P9RPSK	21942
A3BXM7UVIISW4U	21943
A3BXNV7UX9MLAT	21944
A3BXOTI3HGWWK9	21945
A3BXSR4ZFZS72V	21946
A3BY1D68BRXFWM	21947
A3BYGQZPU1QXA4	21948
A3BYIC0VSL7FQI	21949
A3BYLTNG61R0VX	21950
A3BZCJS4NORJQW	21951
A3BZG3ALVRN4BM	21952
A3BZPSGAF5G0JZ	21953
A3BZUQXA2QHDI2	21954
A3BZV3UI4Z1GSC	21955
A3BZYJR0DH47T	21956
A3C03Q1Q9Q95VO	21957
A3C04BT7OO44V2	21958
A3C05614MH3GFN	21959
A3C07EGVMF3B2M	21960
A3C08T5K46E4QU	21961
A3C0KT0V98A156	21962
A3C0O4FEXKTURI	21963
A3C0O4FLPL5AN7	21964
A3C0OW8N13HIPE	21965
A3C14XYDRWUWQZ	21966
A3C16FNIFQAC4Z	21967
A3C18681LSBVUJ	21968
A3C1BCMVB554G	21969
A3C1BE2CKV4DW9	21970
A3C1GOWBI1PCB6	21971
A3C1IF2FZ4AZ71	21972
A3C1JK2J5NAK75	21973
A3C1LGN7TUBN33	21974
A3C1LRQ4DIK8IX	21975
A3C1MJ6AYAJ1PP	21976
A3C1MTQCPPW25Z	21977
A3C1QF8YDO8XZF	21978
A3C1QYGEET3BVY	21979
A3C1TV7FYSXIUK	21980
A3C1WSWSMUS836	21981
A3C1WU7H4DGZJS	21982
A3C25PH9AWIHKO	21983
A3C29LRH5B35XX	21984
A3C29XDBFWT8KM	21985
A3C2A3D2KG1F1A	21986
A3C2A7OBFFZTZW	21987
A3C2C18MXKHVUB	21988
A3C2J9IHN3J60Y	21989
A3C2PQ2FZHIUNZ	21990
A3C2V25ZU8ND36	21991
A3C2W2DSDX4BMC	21992
A3C38Z5WVOTIUH	21993
A3C3L3E1BDUOCS	21994
A3C3LJEPEV98Y6	21995
A3C46IPPPIJHDE	21996
A3C4F6EIBG4UA9	21997
A3C4QC7Q8RV2PH	21998
A3C4TPFUQLZ3KV	21999
A3C4VSLX0MHEQC	22000
A3C50S1M9MI2UI	22001
A3C51RPXNDQQKU	22002
A3C597JJRAQ9JX	22003
A3C5B6DI5QZHKG	22004
A3C5BBZZV9C570	22005
A3C5EHE22OLATS	22006
A3C5JW7DHVJ766	22007
A3C5K4VQBIZKMQ	22008
A3C62RBEBZT1TT	22009
A3C64S2NN09CRF	22010
A3C67YYQ9S1BEE	22011
A3C6A40RHKRZBV	22012
A3C6G2OBZQLLJZ	22013
A3C6H1KAN6S5QT	22014
A3C6HW0C5NHBWV	22015
A3C6VNFG426T0N	22016
A3C77EQ5WZBACK	22017
A3C78T4Q0OU2LW	22018
A3C7HQBYNC64W0	22019
A3C7JJRIL1IUSU	22020
A3C7O15RWCXVJ0	22021
A3C7OTD59A0LWF	22022
A3C7QCRHBHBKYJ	22023
A3C7TS7CTWZ94X	22024
A3C88IOPIZMH6Q	22025
A3C8QNM0SZHDDO	22026
A3C8YD1SF52UTJ	22027
A3C9BNVWKPFB5X	22028
A3C9MSE6FYDAP7	22029
A3C9PDZ3LAI85E	22030
A3C9Q3KTNNLJJ	22031
A3C9SLIWJRC5TI	22032
A3C9SYXO9UQ9VI	22033
A3C9V987IQHOQD	22034
A3CA3RWZYJDWXE	22035
A3CAFEYXW6RK4E	22036
A3CAIZ5D023DAO	22037
A3CAJ5SLD5BC21	22038
A3CAMBEWSJOOLZ	22039
A3CANCVDU4QOGL	22040
A3CAYCHB9UMOHM	22041
A3CB7PB00W4LSC	22042
A3CB8XUO7GU4RW	22043
A3CBCVHIK3G76X	22044
A3CBDMAUVN2LT4	22045
A3CBFIU9AE5EWE	22046
A3CBI07W9OT0Q9	22047
A3CBPG4Q38KYDI	22048
A3CBROL6LWM8ED	22049
A3CBUMMM4KENT5	22050
A3CBYWTS2P5ZVV	22051
A3CC2ZQNWA5R7O	22052
A3CC7AD7WVC578	22053
A3CC96IVMNQ614	22054
A3CCC2V9I8ZJOT	22055
A3CCJKIO1ZIVAO	22056
A3CCO9EZSN1NKA	22057
A3CCU6W5UEUE6W	22058
A3CCW87RKW2KQP	22059
A3CCWCI1MMSH76	22060
A3CCXQ0GF1X6KQ	22061
A3CCYP2OQDWWYZ	22062
A3CD3GIXLTX3VI	22063
A3CD6ESU7NSEEL	22064
A3CDGZZU4EKO4T	22065
A3CDIZ6AIHBL6Z	22066
A3CDKS2TG9MA68	22067
A3CDLWJBMK3ETV	22068
A3CDOQMJTHINPT	22069
A3CDQ3OV3R9SNX	22070
A3CDRM8CCGL59M	22071
A3CEF9V61MR1IK	22072
A3CEH9ZSRBD3RE	22073
A3CEJR8FKMMOTU	22074
A3CEO8H9FEV7UH	22075
A3CEOU5SASHSZV	22076
A3CET5ZGLV1ZF2	22077
A3CEUT263RNUDO	22078
A3CF8IFZ1WQ3TQ	22079
A3CF950W7033D	22080
A3CFP9V00JZ634	22081
A3CFQITTA2YKB1	22082
A3CFT1FLNSZ9VG	22083
A3CFU12GS5CZCN	22084
A3CG2X72RIY2AE	22085
A3CG7BGWDISLKK	22086
A3CG7KS4BQ81LZ	22087
A3CG93783LP0FO	22088
A3CGDLCP7ID4EQ	22089
A3CGEHO6BHHDZ7	22090
A3CGFDP4MAN4RS	22091
A3CGGBPY9RVFJ7	22092
A3CGZC2MLYFVKK	22093
A3CH0H9Z8S9X6Z	22094
A3CH48927BGMVS	22095
A3CH6FKC1Q9GZ	22096
A3CH82A1YPT0SI	22097
A3CHAR84CXL1ZN	22098
A3CHCI1M0RMTFI	22099
A3CHERMW5H8BG1	22100
A3CHFI5WLR15MM	22101
A3CHIF3EHXCLA5	22102
A3CI136B9JXA0R	22103
A3CI2U85QP44B	22104
A3CIOI8M46MDB0	22105
A3CIVBL80TKCF0	22106
A3CJ1ZXINSFX8	22107
A3CJ4K89FAYU6L	22108
A3CJ6P304MM9G8	22109
A3CJ7AEE7H6A1M	22110
A3CJ7EHUS0G8IH	22111
A3CJ7MHAS9IMAM	22112
A3CJAA5VWKC7X2	22113
A3CJARXOPWQGCK	22114
A3CJGCQI6RKRNJ	22115
A3CJH07CVHJBHI	22116
A3CJHL2QFQ35GM	22117
A3CJJTJ9U94Y4I	22118
A3CJL9IN052562	22119
A3CJN0C310LTAU	22120
A3CJNVR2DORY06	22121
A3CJRQFKA2P70T	22122
A3CJTDKVRTTQZ4	22123
A3CK1KT2AZTK3	22124
A3CKEK1UXTAABT	22125
A3CKG10B7SEDGC	22126
A3CL0WDCIKDCOU	22127
A3CL6TYYDSH7QX	22128
A3CLQ56JS04DRH	22129
A3CLSBOMXUDDB9	22130
A3CLWR1UUZT6TG	22131
A3CLWSK9HJJRJS	22132
A3CM0IIIRPBO48	22133
A3CM5E6O5I73W3	22134
A3CMAWFSRKLVSV	22135
A3CMDR34KFLGFX	22136
A3CMERILXA66F5	22137
A3CMG2LKTF8NL3	22138
A3CMMW7PHN0B4S	22139
A3CMO231ZJMH6O	22140
A3CMS15FQFQ4TQ	22141
A3CMS44URRTS9H	22142
A3CMT7NSBDBWM0	22143
A3CMUR5YX0QIYP	22144
A3CMWAX6I8IR4W	22145
A3CMXRFIWQCBKQ	22146
A3CMYBMY73H9UX	22147
A3CN5BBI4MMWDJ	22148
A3CNH1B178EVDL	22149
A3CNKA1MK5EDZ	22150
A3CNRMD0YA7X40	22151
A3CNTEVSBP7VXI	22152
A3CO1JK5J5D9IP	22153
A3CO4W10NSTQ7S	22154
A3COFWGY7M4G95	22155
A3CP2S9L4GB0QC	22156
A3CP73LI21GPZE	22157
A3CPJF2F3Q7JB6	22158
A3CPL126VL12H8	22159
A3CPLDFN1HTBCN	22160
A3CPLU8C1RRYKL	22161
A3CPSTC1T4YF9X	22162
A3CPVV7BIODZLI	22163
A3CPVZACIV7STJ	22164
A3CPX7E2VVS0QH	22165
A3CQ1Y3SQBHT6J	22166
A3CQ36YXM8RZ72	22167
A3CQ8E0QPF58I7	22168
A3CQIRDR8X9XFT	22169
A3CQJ45A05RX1O	22170
A3CQKH2YMTCCAB	22171
A3CQPL7R1EOG3F	22172
A3CR1EV98GQ87X	22173
A3CR4NIT7QHK16	22174
A3CR547GAZETD3	22175
A3CR7XKH173SCU	22176
A3CR8QJ2D122IU	22177
A3CR9X5834H5DF	22178
A3CRAI92IUYHQC	22179
A3CRDA4U2IQR1Z	22180
A3CRDZNRVTWK1K	22181
A3CRGUGGOIHQ9K	22182
A3CRJEVAQ0MUZG	22183
A3CRK6Y52I2CML	22184
A3CRO2C5FNIXDC	22185
A3CRSHV89AUJDG	22186
A3CS2115N3HRB8	22187
A3CS8BUFZDYV7W	22188
A3CS8FFEY0BWQK	22189
A3CS9417Z3RE1A	22190
A3CSB6EGX7D2Q9	22191
A3CSGTVA8KHF1G	22192
A3CSQEJKQM5AAT	22193
A3CSSZ6U5J4YS5	22194
A3CSWG5IXOT1FV	22195
A3CSYN8SCQ3YSH	22196
A3CSZGXOQMPY3P	22197
A3CT6EDIQKZ4RD	22198
A3CT7JLI8NJV6K	22199
A3CTAUOE0CSR39	22200
A3CTG3VN50GXDE	22201
A3CTGG8EGMGPIV	22202
A3CTS7HK34AD8G	22203
A3CTT3KZ1TR8YT	22204
A3CU0QWMFAAR88	22205
A3CU2UY3WAEOJU	22206
A3CU4448KHG57X	22207
A3CU712MMM9DWG	22208
A3CU7BX8LGW86S	22209
A3CU8A5WNQBKYF	22210
A3CU97MJGB89ZY	22211
A3CUEHOXGBMBZ2	22212
A3CUWGLLDBVRE	22213
A3CUYX2VXZM9KO	22214
A3CV37XAXSCOQC	22215
A3CV5L87RQ3MUP	22216
A3CVC8TCHFFDK8	22217
A3CVG5ZYP9T8R1	22218
A3CVK075Q89BPI	22219
A3CVP1AHL3P5AH	22220
A3CVQOVXNUG0PN	22221
A3CW0ZLUO5X2B1	22222
A3CW5EHY41TCH1	22223
A3CW6GSWQHGB2E	22224
A3CW6JPS7CNE8M	22225
A3CWEK9HY2VPDL	22226
A3CWERHK36P2FO	22227
A3CWFQC8D6TK1K	22228
A3CWMOPDGS6CZ0	22229
A3CWZ38FYDEI1U	22230
A3CX02IGUE2FV9	22231
A3CX6B00QUM8UZ	22232
A3CXI00BR49D4J	22233
A3CXLZNO5J2VAL	22234
A3CXXUX05GI8MY	22235
A3CYEK6J3NWMQO	22236
A3CYGJR5YNON0D	22237
A3CYLXCQ6DHU7Y	22238
A3CYM9MSUJ1D0E	22239
A3CYOPPCS6717Z	22240
A3CYQOYVPKF20V	22241
A3CYS69PQDG24O	22242
A3CYTBRMLSAA9G	22243
A3CZ2DFJU66NDR	22244
A3CZ2ODWJ0HTHV	22245
A3CZ5IQE7HJWBF	22246
A3CZBEJLN5CQK0	22247
A3CZG57MUD32TE	22248
A3CZJZFXMZ7X5U	22249
A3CZKOWQ48GY1C	22250
A3CZNNTEY657TE	22251
A3CZVZYS40LRTR	22252
A3D035KQL9KQFK	22253
A3D05DWI2AHDN3	22254
A3D05I74Z929Y7	22255
A3D07T3ZUI6BB5	22256
A3D0HMC6RQT0N0	22257
A3D0MT6MH2RTUU	22258
A3D0PD45BHLXFX	22259
A3D1393GR3SH2M	22260
A3D162KXU7YW7T	22261
A3D1BGECNN9QK2	22262
A3D1E6NJ2WP5K7	22263
A3D1EKM4MAA16D	22264
A3D1RYGOR76013	22265
A3D1TXE98KRKYO	22266
A3D1TZH619NKHN	22267
A3D1VZCCL7VOLP	22268
A3D1XWMQD0HTZJ	22269
A3D1YG5F1UO6G0	22270
A3D1ZM7E3RDO5S	22271
A3D22MLQ586LFI	22272
A3D28XLB2NUJCD	22273
A3D2CX7DNQW6TR	22274
A3D2MQSHT6OV2H	22275
A3D2QL6SWOURTC	22276
A3D2RWMURPAQ9P	22277
A3D2VN27T1SNZ9	22278
A3D2XMRV8DSK3J	22279
A3D2Z6HJGHGGM7	22280
A3D3055E1E7ZIH	22281
A3D30JOHT3XG06	22282
A3D3DPAHLEQMYH	22283
A3D3EFG4XMO1XG	22284
A3D3VM9MUDJIL	22285
A3D44XBBQZF5VZ	22286
A3D489PKFS08E0	22287
A3D4BSASNQVE3E	22288
A3D4J9TV83EQ31	22289
A3D4OAA3BPP6AY	22290
A3D4VYPFBI08C	22291
A3D4Z86I1M747Y	22292
A3D53ZVCZ9HC2Q	22293
A3D578O79FOC32	22294
A3D5AH9SCP7F5N	22295
A3D5B2CBFNJB0K	22296
A3D5GWCA9X2UK5	22297
A3D5HL1V1LW9FO	22298
A3D5HN07DMMNF0	22299
A3D5IN8F584JFC	22300
A3D5RKBRE9BPQX	22301
A3D5RWDXQL4MRN	22302
A3D5TG830SFRZH	22303
A3D5UJE6K3SU0I	22304
A3D61KUSJQBUCT	22305
A3D62WU2EHB9JI	22306
A3D63OBJLQRE5H	22307
A3D66VD2BBOQIT	22308
A3D67GZE026CLK	22309
A3D6E6ZM7K20YZ	22310
A3D6KT8V30A27C	22311
A3D6TZX9COJIA7	22312
A3D6U4JKML495E	22313
A3D7C9RYQKA0OC	22314
A3D7EK8H15BX2I	22315
A3D7G1FGI4VTF7	22316
A3D7LPHVGPOP3Q	22317
A3D7MDWYNH1SPA	22318
A3D7W6VN1UVZME	22319
A3D822N1K2IAQD	22320
A3D84NOUIQ6T6I	22321
A3D85B8H3Q5L8F	22322
A3D89TEXZZLEBZ	22323
A3D8F10FQT2AU1	22324
A3D8K2AR16XE7V	22325
A3D8QWDNPX3F0	22326
A3D8STMS7SUR4I	22327
A3D8XL0ERXRLJC	22328
A3D9KR340TTTP2	22329
A3D9NUCR4RXDPY	22330
A3D9O489M9W44X	22331
A3D9OGKFZ9ZBWD	22332
A3D9P4N3LX90RE	22333
A3D9V8IXRN4PIT	22334
A3D9ZJWST7GH17	22335
A3DA4OIOSIT8YA	22336
A3DA67VWK46QUL	22337
A3DA9AO58005T4	22338
A3DAAGW6SN3QZC	22339
A3DACGALRSUEVT	22340
A3DAF5QP1A1IWR	22341
A3DAIA8AJNHK1B	22342
A3DAJ4M9JGEOFH	22343
A3DAOOS754O5OB	22344
A3DAOREAB24GR1	22345
A3DAT1YSVWT8X6	22346
A3DBBM3KRJN7K1	22347
A3DBD7HJOX3L2T	22348
A3DBJFBJ53D9KS	22349
A3DBLJJVOC5P9Q	22350
A3DBSALU73V95F	22351
A3DBYW8WNS0PAV	22352
A3DCFG1N5AS2LZ	22353
A3DCHINSMOYNQV	22354
A3DCJL4IGUKM9T	22355
A3DCXBNZ92UZCH	22356
A3DD41GKMWNCAZ	22357
A3DD56D358MCY6	22358
A3DD96LN8U1NM	22359
A3DE50C4ZLIJ5N	22360
A3DE7V16CR91KD	22361
A3DECRYWZZM0SO	22362
A3DEI17SKJNC9S	22363
A3DEMO8GFHXZQ0	22364
A3DET1NRSAJ1KD	22365
A3DEX6ZB367PVF	22366
A3DF1AE47RDU7B	22367
A3DF2HHQ6X0JUF	22368
A3DF5JYQJRX44P	22369
A3DFGE962WKUK7	22370
A3DFIYWNYSYZ2A	22371
A3DFMFF8SNXURS	22372
A3DG03ZWZ020QC	22373
A3DGHGE08Q5MKF	22374
A3DGIOG7JWEY88	22375
A3DGJMO6VPG6FJ	22376
A3DGJXTSR0R73C	22377
A3DGMXQVIT6R31	22378
A3DGNZJDBSYYKL	22379
A3DGXHI6CZCZV0	22380
A3DH6AJD1LTU87	22381
A3DHDCGE9REGT0	22382
A3DHE87SCPHJ9J	22383
A3DHNX73RVXJGG	22384
A3DHPH5CLQFV8X	22385
A3DHS97DOBZDBW	22386
A3DHSN2OJ70VAD	22387
A3DHXZHZ47RG7M	22388
A3DHYSJLMBFB1J	22389
A3DI8NRA9FH6JR	22390
A3DIEWQ56BDGE	22391
A3DIN9E5QQZ6VT	22392
A3DJ1JXP876128	22393
A3DJ7AJ87V3YAZ	22394
A3DJ9ISWQ4FLMD	22395
A3DJN5BV60Z4S4	22396
A3DJSZ9ZXB6TBZ	22397
A3DJT7CH6P97A	22398
A3DJX5E1YYNG3D	22399
A3DJXS3PFBB48P	22400
A3DJYF7A0TQVZO	22401
A3DKHGGRX8DYMI	22402
A3DKMTKGUWKFZK	22403
A3DKN13OR7UK2H	22404
A3DL01V7YI3ZC6	22405
A3DL3QT7Q8G16K	22406
A3DLFBK6L9G07J	22407
A3DLFQ3U99QBBE	22408
A3DLH3M5NFR4GV	22409
A3DLJH6C736US7	22410
A3DLK8Q3Z5FOY0	22411
A3DLKMRBA3VD6O	22412
A3DLLA5371T7ND	22413
A3DLM6TK8CH3O5	22414
A3DLOO34GWXAGU	22415
A3DLSQMJRNDQKA	22416
A3DLWUNNQODTDH	22417
A3DLYSG49R2X05	22418
A3DLZW0LPYGIW6	22419
A3DM57865CGL34	22420
A3DM72AA0A00RB	22421
A3DM9B2IHRS1TH	22422
A3DMCZ6EF7NW1Z	22423
A3DMDRSHQ5BABP	22424
A3DMLM4CRN2NTY	22425
A3DMMG7EYN9H62	22426
A3DMXJMKZ35TNX	22427
A3DN3GEBC53WS8	22428
A3DN400QF7JWG4	22429
A3DN7IM27JDJ5T	22430
A3DN8RFGSH51MF	22431
A3DN9M9Y64OU83	22432
A3DNDZ37LN7VYZ	22433
A3DNG54DMW2G88	22434
A3DNMN8KVUSS42	22435
A3DNUT0R4MCV5X	22436
A3DNYLNPASDWUN	22437
A3DOB0OX0D50SA	22438
A3DOPYDOS49I3T	22439
A3DOT709DN74UF	22440
A3DPB0JEB8BQSM	22441
A3DPHEXL9OV3PV	22442
A3DPLIVRZC4DVM	22443
A3DPS0CHLOSU5N	22444
A3DPV5EZ732GVA	22445
A3DQ2I6QIFY4HX	22446
A3DQ4FF1IW84EC	22447
A3DQ6HIYUAPXOB	22448
A3DQ886H4R2M6B	22449
A3DQMKI5BN8QNJ	22450
A3DQOF8QSAI8E2	22451
A3DQUCHHTFAOLA	22452
A3DQZPGRC4DIZE	22453
A3DR9R35Z6AZNR	22454
A3DRA2ORGC3ECH	22455
A3DRFQCD2HO6JE	22456
A3DRFTKAL6A10H	22457
A3DRHZJDPIDKW5	22458
A3DRU8GBCW3H1F	22459
A3DSB2WH5F84CG	22460
A3DSCE7ZVQW7CL	22461
A3DSM4Q37W9XQH	22462
A3DSP7M79B6J7	22463
A3DSXJDE6PAXHZ	22464
A3DSZH2GIMHODN	22465
A3DT0T0T4N68UY	22466
A3DTRN85RJI3GB	22467
A3DTYGNMTBFWFD	22468
A3DU1E6FKI3QER	22469
A3DU1PQFH0TIX0	22470
A3DU6EVIEAJDLW	22471
A3DUV8CMVZB4Z2	22472
A3DVAU3GIU3Z14	22473
A3DVDEX29D5X62	22474
A3DVEO94OU0YXH	22475
A3DVI2M76LKHGA	22476
A3DVR6ER3RS2HE	22477
A3DVRC9Y1L18D6	22478
A3DVU8F15DH3NA	22479
A3DVYTJ5LEZG14	22480
A3DW41FD8CDUE6	22481
A3DW4VTIV0MQQZ	22482
A3DWI49RAMSADS	22483
A3DWI9EOW73N23	22484
A3DWKWSY4D8LWI	22485
A3DWL7JL5D52WB	22486
A3DWNUJ66YAGS6	22487
A3DWO5RJDA430F	22488
A3DX7B48BRG83R	22489
A3DXGKTTPQY3IL	22490
A3DXQ6D4YI716L	22491
A3DXRN8UPJ6W2N	22492
A3DXU0H2WLRGUX	22493
A3DY62DY4QNPWC	22494
A3DYGRA130U08L	22495
A3DYS78X6O1ZZX	22496
A3DYU7JF5ZPRJR	22497
A3DZ7DLD5PY3WN	22498
A3DZD1TG67NO0M	22499
A3DZFEICHK5LF2	22500
A3DZMBS4CPDJAX	22501
A3DZXIHNNJ8XU2	22502
A3DZY1GU51QRW	22503
A3E02KBFI21TY0	22504
A3E0GN7NLNMKHW	22505
A3E0HCIIP3V11C	22506
A3E0PVNBWHP8DL	22507
A3E0UUTSN81BUQ	22508
A3E1484L228Z7B	22509
A3E14WZ04TJR57	22510
A3E1HQSORPJPFN	22511
A3E1JP2LAUZMQW	22512
A3E1NAXL6CP81E	22513
A3E1UMDYSILFRV	22514
A3E26AJBHAONO1	22515
A3E2BEI8A6YT51	22516
A3E2CRZIGQLGJL	22517
A3E2DIQPMHZX78	22518
A3E2IM11WR1PVU	22519
A3E2JRMK4YBCCM	22520
A3E2V5NX52VIGT	22521
A3E34DBQ90DDE6	22522
A3E38CDMKKIKY	22523
A3E3AEG8WFOHL3	22524
A3E3AJHJD7GW4A	22525
A3E3GUE6NKZ8H8	22526
A3E3IHSN9HKXWS	22527
A3E3L48LMUB0RV	22528
A3E3P9VLSDWNCB	22529
A3E3PLPDPG92XK	22530
A3E3TUHZHUER7Z	22531
A3E4DO2YP91UDB	22532
A3E4HDTFEX8HA1	22533
A3E4MI04DB3ZIU	22534
A3E4TIMOQ1J7WM	22535
A3E5DVA6VO2DF2	22536
A3E5KVZ0RV6PU7	22537
A3E5SE7H8DSA4W	22538
A3E5SVBB6V9F83	22539
A3E5UJN5BF1PJA	22540
A3E5V5TSTAY3R9	22541
A3E5XR9PLKSMWQ	22542
A3E60VB20UMPJ7	22543
A3E6730VQ75YPO	22544
A3E6APHCPI097S	22545
A3E6DQHSW5OH5X	22546
A3E6HFD7U91DY	22547
A3E6M3OLGGTBOW	22548
A3E6NSK96V20RD	22549
A3E6PIPUEDT63X	22550
A3E6PLNPRXL4DC	22551
A3E7936VZQNYMZ	22552
A3E7F7YJPBKMWT	22553
A3E7ISA6LURDUK	22554
A3E7NBJ3O8GCY0	22555
A3E7VRM6FL95RJ	22556
A3E7X43VCR6W3K	22557
A3E7YAZEF0SCQF	22558
A3E8TURFDJJPGL	22559
A3E8WBB7IJLAA9	22560
A3E8YARB3418TI	22561
A3E9165Q2K0JC2	22562
A3E943Y5BQ9SIJ	22563
A3E96UMJP3WN4T	22564
A3E9B3FAW538YS	22565
A3E9CDV590KJ6R	22566
A3E9J6FS8T5OS3	22567
A3E9QI5H6VHXFD	22568
A3E9RDQW2ON89G	22569
A3E9SVLWF0R2YL	22570
A3E9W4ER0ZU55V	22571
A3E9WG5BEAFF3T	22572
A3E9X63VC2GG3	22573
A3E9YWUQB7EQBY	22574
A3EA3L1H8PIG2Y	22575
A3EAD2KKE9K7X5	22576
A3EAF4PNEQ2JP6	22577
A3EAHVFX9YZEPV	22578
A3EALP3RNO6URO	22579
A3EAPKYXILP4FQ	22580
A3EAU5572L4NJY	22581
A3EAUZF1AL38H0	22582
A3EAZGVH31ZEX7	22583
A3EB215DL3JX7M	22584
A3EB7OB7ITYD9N	22585
A3EBFR8CH7ZUQS	22586
A3EBGL0MRME4G6	22587
A3EBKJQWW3ICMZ	22588
A3EBKUSBG3Q4FB	22589
A3EBMUH7DO8YN0	22590
A3EBRV4J8OK1KQ	22591
A3EBSDX5J4TFS7	22592
A3EBUJ4JOQG2IR	22593
A3EBYFSTCZT7IE	22594
A3EC6STPTTC2JV	22595
A3ECDYMLKMMKKT	22596
A3ECRGWV262FKV	22597
A3ECVENNDG8IYM	22598
A3ECYUPUV5VV47	22599
A3ED1C6UB0XEC7	22600
A3EDDTYOFC19ZU	22601
A3EDG6UUE0A5AI	22602
A3EDRG10PE2FKY	22603
A3EDVFRZVLQI3	22604
A3EDW3QJKSRILF	22605
A3EDZWRNOUW8AO	22606
A3EE1QUCGBT00	22607
A3EE8L9DQE69FE	22608
A3EEAKJMSSJQK7	22609
A3EEBDZ3BIGPL	22610
A3EEBE82C3HYRD	22611
A3EELV89ECZZTH	22612
A3EES4J7RJKE7V	22613
A3EF2L5FYAR2E	22614
A3EF32V8IRSPZI	22615
A3EF6FNX2G4FD3	22616
A3EF7PUYTF057Z	22617
A3EFCPRSJTNLDL	22618
A3EFEASM8S3MSZ	22619
A3EFFJ1QC1I9RZ	22620
A3EFG000T4OZ9I	22621
A3EFLMOE1L8P2B	22622
A3EFSLEMHNPP6A	22623
A3EFZZY5DUHLVS	22624
A3EG0P2HP829FU	22625
A3EG2VTZ5WCUXH	22626
A3EGCAIJB9LJD2	22627
A3EGDXP4UE4R38	22628
A3EGFSX6FQHWQ1	22629
A3EGITMBAKM67O	22630
A3EGN0K7QNW80K	22631
A3EGOTTP797539	22632
A3EGWGPSGDHU95	22633
A3EH04FK4SV7B3	22634
A3EH5OSOHJOUUU	22635
A3EH8KYFJWNZFN	22636
A3EHBQY7Y26FNM	22637
A3EHIXBH7AVUOE	22638
A3EHJ5519LG7TR	22639
A3EHL9T0C01HWD	22640
A3EHTA98VEGFE0	22641
A3EHW6DPEYDUYC	22642
A3EI12AOWO9O66	22643
A3EI4K5U61UZ7	22644
A3EI5303A0SA7G	22645
A3EIH9I3ZQ8IX6	22646
A3EIL8DCAH6MIH	22647
A3EIPX668CCYY	22648
A3EIY8WL9453Y7	22649
A3EJB3PIN0M58S	22650
A3EJEVF7K0FY59	22651
A3EJFFZDITPC0K	22652
A3EJG9CB21WJJB	22653
A3EJGCEXDF2MTP	22654
A3EJKNRJLDHEZH	22655
A3EK2KTYHJCPB9	22656
A3EK5DN2JDH7AK	22657
A3EK8H9IK8OLYU	22658
A3EKB6TSBAEXWF	22659
A3EKBLENJ8N0LR	22660
A3EKC9USS8WGCN	22661
A3EKCWE6ST6RZW	22662
A3EKJ2J0PJLKZ8	22663
A3EL5YR0XT8L9Y	22664
A3EL7451FUXKDF	22665
A3ELA7WVCTWYEF	22666
A3ELDRT3G1E9ZD	22667
A3EM243NDJ4DF3	22668
A3EM40VV41YOHH	22669
A3EM7HC7LJNHMO	22670
A3EM8WJEGYPZFY	22671
A3EMH69OI16ULG	22672
A3EMIQ5M1G0J4W	22673
A3EMOC0EJGUL2Z	22674
A3EMR8P8EC8HRJ	22675
A3EMT2BUN8XUSW	22676
A3EMXTNVANYXYP	22677
A3EN3L265CXZUN	22678
A3EN4T3BJ1G2T6	22679
A3EN8CPJQ5SVVT	22680
A3ENA8OWXDIT70	22681
A3ENABCYREADV9	22682
A3ENE58BOPGXGW	22683
A3ENJ59ZZX2HBZ	22684
A3ENKDM0YMIX34	22685
A3ENPKXGLJRPDA	22686
A3ENST25GT2KH	22687
A3EO0WA7R3LVBQ	22688
A3EO2KVYIFE303	22689
A3EO5SWAOWRFPD	22690
A3EO7G359UHB4V	22691
A3EOAG7YO3DF4N	22692
A3EOPMQ7600WR	22693
A3EOSJC2J2TLDF	22694
A3EOVXI1VZIHUQ	22695
A3EOX0APFN5HNV	22696
A3EOZN8F1CZYXB	22697
A3EP039OHIQH9	22698
A3EP0VHMS5PO9D	22699
A3EP26M3QHINXT	22700
A3EPC8D63N6CHX	22701
A3EPHI6JL9FRVB	22702
A3EPJSPH03AS29	22703
A3EPMIQ35HO1XV	22704
A3EQ2ODWLGDAPZ	22705
A3EQNAVEUFQIZT	22706
A3EQQZY9U4LF4Q	22707
A3EQX03O2K5SCE	22708
A3EQZIYQ7N6ZG5	22709
A3ER4LUKW3PO2W	22710
A3ER69QGAOQOQ0	22711
A3ER6ARJ23CIN8	22712
A3ER7RZMSMME1F	22713
A3ERJ9HIJKHH1T	22714
A3ERKZ927TSMLH	22715
A3ERP24J7U2G00	22716
A3ERQ8VYGYMK8W	22717
A3ESC4KRL9QMCV	22718
A3ESGQI960LQCV	22719
A3ESWJPAVRPWB4	22720
A3ESX9NVYHRQD9	22721
A3ESXLJ2AH074T	22722
A3ESY1J4OZF059	22723
A3ET8JY2KGPUIT	22724
A3ET8UZUWY0KV3	22725
A3ETCL3MSJO4VX	22726
A3ETFCZI7MJ6A4	22727
A3ETIG0TZBITRZ	22728
A3ETL2ZMEETDQK	22729
A3ETTDAABVKI2N	22730
A3ETXUDN1XQF17	22731
A3ETZ4U07161YI	22732
A3EU2VNO61GRBV	22733
A3EU4P3GZRYHN3	22734
A3EU4UJAS23MN8	22735
A3EUBAOCQ1TYFV	22736
A3EUBCJ3YPQ4MT	22737
A3EUCB5Y4HF7FF	22738
A3EUCBRY64FNYD	22739
A3EUDIVC2DZH6Z	22740
A3EUK7QLXDPW66	22741
A3EUUDG1XIH8LH	22742
A3EV2R77V65VGM	22743
A3EVEUG0GFT1LP	22744
A3EVGFUERNY4NV	22745
A3EVIF2Y1Q3BRA	22746
A3EVLOPVN25L8H	22747
A3EVOZKDRPEYYA	22748
A3EVUT2ZTHJ3XW	22749
A3EVWFTYE81T6L	22750
A3EVXI8NTUE045	22751
A3EW2LTMNVC8NI	22752
A3EW32KR6TWOTI	22753
A3EWCWFQAH8TKQ	22754
A3EWFBF0PYU36U	22755
A3EWHSO81MRAYC	22756
A3EWKUQNJRPEUI	22757
A3EWNT4ZIRF9UT	22758
A3EWRMOMV84TXC	22759
A3EWTI4UIVR7UV	22760
A3EWU25H26B0Q2	22761
A3EWUYEX17QXGM	22762
A3EWW8FFOIDXJM	22763
A3EWZQ5NTBFKJI	22764
A3EX8ZFNVDHGPM	22765
A3EXAXP5SZDVHH	22766
A3EXJ5UCGBEQXS	22767
A3EXKNVJ9W62NT	22768
A3EXKUYZCUT9LM	22769
A3EXP0V8YXEWTY	22770
A3EXSS5GL34DVS	22771
A3EXW4HNYX7HF5	22772
A3EXWV8FNSSFL6	22773
A3EXX37LWABN84	22774
A3EY44JIB6A4OE	22775
A3EYCOTNZMN7SB	22776
A3EYGIL3VZE6G0	22777
A3EYMBZFFVVIN2	22778
A3EYXSE7W4SSQP	22779
A3EYZZFIRHA06G	22780
A3EZ0U0RIIRW4O	22781
A3EZEP0FX5BC1P	22782
A3EZFPA1U61I2G	22783
A3EZMWWPJ345DC	22784
A3EZQ5ZY1PQOW1	22785
A3EZT8EM8ZUNQN	22786
A3EZURYXYIQU9R	22787
A3EZY90TIZ2MMA	22788
A3F024LMTZSS2B	22789
A3F08STDS3IH6Y	22790
A3F0EWUZYPR5I3	22791
A3F11UIOVAN5Z3	22792
A3F1563BPENTHT	22793
A3F18HM5W7NT2X	22794
A3F19XW9O4T0HB	22795
A3F1DM8XWNDMJH	22796
A3F1MI9LFVP64T	22797
A3F1TRN2HQD8XN	22798
A3F1U6H87KD3V9	22799
A3F1XPA10I74YO	22800
A3F25H2RH0BK09	22801
A3F29V1XQ72M3M	22802
A3F2D1GVRWIF74	22803
A3F2JCNLEHA3RQ	22804
A3F2K1RC9IMNLX	22805
A3F2KGYCSZRDCN	22806
A3F2NSR3N0UKP0	22807
A3F2QS8JWYAARS	22808
A3F2R2LZT3ATN3	22809
A3F2VVIQIY6U64	22810
A3F2WQY22DGEPC	22811
A3F3B1JPACN215	22812
A3F3B6HY9RJI04	22813
A3F3MDNYXV65AU	22814
A3F3ONJ45WSMZH	22815
A3F3QPMERSQAA4	22816
A3F3Z7KZK5CDPV	22817
A3F415RRE84BR1	22818
A3F4CDEF82COAX	22819
A3F4FU8XSI3J5E	22820
A3F4KCK9SIWJVJ	22821
A3F4PP3UFGNGPF	22822
A3F4WH211QT2QG	22823
A3F4WYSVDEGQ01	22824
A3F5FFWLV3DVWR	22825
A3F5I3P6PEWUBN	22826
A3F5LYRJ90PHBG	22827
A3F5OI0Z8JNKWT	22828
A3F66CWNNM3OD	22829
A3F67YZNFDY6YI	22830
A3F6A62FADO10T	22831
A3F6QDSOUBORO6	22832
A3F71D8Z49MMH1	22833
A3F7EUCN8A3FAK	22834
A3F7FMXW9VVHEX	22835
A3F7FPMRJHW4RN	22836
A3F7GDW0WPMMJ2	22837
A3F7K1ZJMLK7D4	22838
A3F8CIH8CMKQKC	22839
A3F8GZEV4FV9C1	22840
A3F8KDVZMGX1LN	22841
A3F8N72O7D8FGP	22842
A3F8T3BRXRX5P3	22843
A3F8UNC8S3ORF1	22844
A3F8YK6VB37QM5	22845
A3F91VI071UPTC	22846
A3F97LLTE790MM	22847
A3F9CMU8KNAY1M	22848
A3F9G17PMUTW6F	22849
A3F9I7NCDS76ZU	22850
A3F9TBPM74AHY7	22851
A3F9ZM7BUQ5DB6	22852
A3FA4AQDZXY6XZ	22853
A3FA78E0G3G4GQ	22854
A3FA8JUII7HHFQ	22855
A3FACVOMZV2IPD	22856
A3FADDODN3AYXI	22857
A3FARGQ68173R1	22858
A3FB07ESS8NWAY	22859
A3FB4IOT2QMPP7	22860
A3FBERAIEK538S	22861
A3FBKIFHH6K9RM	22862
A3FBM0RMCMAABV	22863
A3FBYHCZTD8MB1	22864
A3FC63Y0T5NL0W	22865
A3FC7KT1F6VJDV	22866
A3FCATNMNOUZUY	22867
A3FCJNGGMONGWR	22868
A3FCU22QDGKZ4B	22869
A3FCVCLO9QIQ8M	22870
A3FCYI00KYG3D2	22871
A3FD8AKQT178TR	22872
A3FDA5Z4NHATEM	22873
A3FDAM8A4R0A3J	22874
A3FDJUHJ9CGDC9	22875
A3FDR0KE14MLD5	22876
A3FDU1BPVBKSNN	22877
A3FDZRZPFZG2U5	22878
A3FE4COCTNG6G2	22879
A3FEGTOLCWXSV4	22880
A3FEJHAXQKD5XU	22881
A3FELJ1TGEEEDO	22882
A3FEM8EBDQBJ0E	22883
A3FEZGOKU3JB2G	22884
A3FF19L6RHY806	22885
A3FF2ZEQGVHQK8	22886
A3FFAKT8XP1DW7	22887
A3FFFOFDQXQ3HZ	22888
A3FFONVJ9FBRNJ	22889
A3FFZS4PFT578O	22890
A3FG0E5S87KTT3	22891
A3FG0FQHNV2UP2	22892
A3FG0FTDQ1557I	22893
A3FG49HTR233KE	22894
A3FGABY6YIHW1X	22895
A3FGE40OKNGKAD	22896
A3FGMYBNIY1060	22897
A3FGOOWBV8SUCA	22898
A3FGP7X1ZQFV2W	22899
A3FGREMTKL43CA	22900
A3FGTMTVOYENT1	22901
A3FGXVZ1RBBQVF	22902
A3FH4EVRUQEE4M	22903
A3FH8I78EV97HS	22904
A3FHH30EXB3U11	22905
A3FHL8DLY117K	22906
A3FHQ9KY7FEFTB	22907
A3FHSVG5NP5S8H	22908
A3FHTB01BK56IV	22909
A3FHW0VEWAYCQ6	22910
A3FHXLINJNPI1C	22911
A3FHXRRNFA3DZ7	22912
A3FI4WZ8EQTRS5	22913
A3FI9UUUULSM5P	22914
A3FIBMRACIHDVR	22915
A3FIC8YR63C2RI	22916
A3FIG40SDEVLO0	22917
A3FINMLII6FWSI	22918
A3FINRVHOL8R6C	22919
A3FISE2ZSUMHHP	22920
A3FIUROVZHXTE2	22921
A3FJ7K6XRP3MPM	22922
A3FJDUFMHMWZSW	22923
A3FJFPD6F8NYRV	22924
A3FJRX0WT65041	22925
A3FJYWXCC0H82L	22926
A3FK2YRIOBT9QW	22927
A3FK7WUK2XVDVR	22928
A3FKD6USF6BOMX	22929
A3FKEMHRTXPWMN	22930
A3FKGKUCI3DG9U	22931
A3FKHW0Q5C1QC6	22932
A3FKK44RJ801I0	22933
A3FKKT1A4JHSIQ	22934
A3FKLWF2794QYL	22935
A3FKPBNI7UWQFW	22936
A3FKVOJ7GOKTXS	22937
A3FKXTT2X6LIIN	22938
A3FKZQSCISVWFO	22939
A3FLOWOKVNQ72S	22940
A3FLQUP8SFDQQ7	22941
A3FLSK384XFFJ	22942
A3FM2HAV42XUB5	22943
A3FMFZUWNOC7AP	22944
A3FML88TDCFRFU	22945
A3FMPT5IH0CJ50	22946
A3FMWUL9P6CYKU	22947
A3FN29T4NKQI79	22948
A3FNED8D5F2GM7	22949
A3FNFDR3RTXWW1	22950
A3FNFRZR7AVKH6	22951
A3FNO510LOWF96	22952
A3FNOL5NEH1PCD	22953
A3FO0TABT949JZ	22954
A3FO9SO72B0EFI	22955
A3FO9XM9NK601X	22956
A3FOCDGS3FBNUE	22957
A3FOD4DV41YMKA	22958
A3FON67RKA2T9M	22959
A3FOO6HNKSSOE1	22960
A3FOOF7Q2GUMXX	22961
A3FOQYCTQK0ZPF	22962
A3FOSLM5G1BO63	22963
A3FP03OJZ9S3Q2	22964
A3FP1OPO6U2NKL	22965
A3FP8FT1B4A2N8	22966
A3FPIQEQVFUUVA	22967
A3FPLIX2R55MT4	22968
A3FPTGF6TRQGA6	22969
A3FPVOM3BQPW0	22970
A3FQBHN3BDD7ZO	22971
A3FQBRYE9NU29N	22972
A3FQC5WEAA9WDH	22973
A3FQCQQJNEZNFY	22974
A3FQMTSVG1E0JB	22975
A3FQZH8PJB535A	22976
A3FR110F78HL0L	22977
A3FR18QISX9A7Z	22978
A3FRF7VQOR28S0	22979
A3FRRG8FKORJ8C	22980
A3FRTL66RFEXZ3	22981
A3FSA2P8PZWQJH	22982
A3FSEIDZ1FTQY3	22983
A3FSGC9LM1LOYN	22984
A3FSH5GAGWM3MP	22985
A3FSJK09VOFE00	22986
A3FSPHSY0NG50G	22987
A3FSPSSTLOD4VU	22988
A3FSTO7SUAZZP2	22989
A3FSUK6BB76S8U	22990
A3FSYXF080S225	22991
A3FT5B8F64GVES	22992
A3FT94HBMV9PRW	22993
A3FTFQU5EQMGYF	22994
A3FTG5PIKYTM6C	22995
A3FTH90UVHL2WN	22996
A3FU1BGAAPNKQ5	22997
A3FU4UD3Q105YB	22998
A3FUA3H1XLQW0W	22999
A3FUDDBBD8NXF2	23000
A3FUOPVJBRCLWN	23001
A3FURYX7K30PW2	23002
A3FUTUAN7UTFVP	23003
A3FV1UR5QJRWBM	23004
A3FV4OMV6DKEEE	23005
A3FV5Y80XMLXEY	23006
A3FV72AS3BB823	23007
A3FV80G5TGF2YN	23008
A3FVA9LYLHN5C2	23009
A3FVCUMDR2WVPV	23010
A3FVKEJ7Q6GDYR	23011
A3FVNRZJBIRW4F	23012
A3FVO2WUBAOOSO	23013
A3FW3VFPEB01EF	23014
A3FW472GT8OFQV	23015
A3FW48WBHJJPWD	23016
A3FWGW15H87QY9	23017
A3FWI03TTRIWDP	23018
A3FWJFPC486L99	23019
A3FWOLGUZN7IZS	23020
A3FWQUMY0Q2DDS	23021
A3FWRR4WGC2U93	23022
A3FWSOTC1OZWR7	23023
A3FWUTGAJKOXXG	23024
A3FWUTS3GXR8ZW	23025
A3FWXPY3IYF5HI	23026
A3FXB7LAYKVAVE	23027
A3FY1ICOMUO46T	23028
A3FY3OL0PFJISR	23029
A3FY4IS4D7W11Z	23030
A3FY718GJ5JIJL	23031
A3FYQDEJLT4P5C	23032
A3FYR9BMM4ADK1	23033
A3FZ0J725GFE08	23034
A3FZ1QJZZX1V9W	23035
A3FZ7PLNWWZX9L	23036
A3FZ8A7I7B4AV4	23037
A3FZ8ALJ8JYF47	23038
A3FZ8FXJ43GFAH	23039
A3FZAGHFSOZWEV	23040
A3FZCNH3NACK1V	23041
A3FZG868L4AU9D	23042
A3FZQ857OW1TVA	23043
A3G007LQX6KGOD	23044
A3G01KL1P891C3	23045
A3G05IEEQP0LHM	23046
A3G0GHWWLFS3LR	23047
A3G0GZODV51H1E	23048
A3G0K3E8H69YN	23049
A3G0QGT4QDGJHT	23050
A3G0VHV9M81F59	23051
A3G0YKIR4F1SCY	23052
A3G0ZLCTS4FDRP	23053
A3G12LV7NAHU31	23054
A3G15H1G532Q3M	23055
A3G15U1ZTHYX56	23056
A3G16JQ438WG9H	23057
A3G1BO0F9N826J	23058
A3G1JANDD6XREV	23059
A3G1JNZ528HEJ4	23060
A3G1ORA0ARHOOI	23061
A3G1VY5KHAQN0Z	23062
A3G20P320PDEVZ	23063
A3G25SM17OQG3R	23064
A3G2ACA0SOOEA1	23065
A3G2AH7XHW28I7	23066
A3G2DOE0DNMP9H	23067
A3G2LDVF920B9O	23068
A3G2V3YKW7OJOC	23069
A3G2X8X3RQHZPW	23070
A3G34L1Q2WWHPR	23071
A3G376S3U3U1U5	23072
A3G39PQHLQY1BW	23073
A3G3FBQ1ED9NEO	23074
A3G3FRZYPPH676	23075
A3G4165TP87U8X	23076
A3G492TOKMB5LE	23077
A3G4EN4BQ4AWQ6	23078
A3G4INFXDAOS0T	23079
A3G4N179QCSZ4V	23080
A3G4ZYPC1V1BQA	23081
A3G559E8CNAXWS	23082
A3G57SCO2W0J65	23083
A3G5EZGEUEEBK9	23084
A3G5F8UND22XKP	23085
A3G5LA6X554FU8	23086
A3G5MOHY1U635N	23087
A3G5XGN41NX1R0	23088
A3G5Y1G6YFNY3F	23089
A3G66DTY7NHZEB	23090
A3G6FBPRNA1FJQ	23091
A3G6IPIQIQEKQ8	23092
A3G6LX1HO4GYJG	23093
A3G6P4SJ8SYH9F	23094
A3G6TWJD71R9W9	23095
A3G6ZN5RNTFD	23096
A3G723TQ0QLILG	23097
A3G72GMHQ7N7WR	23098
A3G7BC1IGTAMZP	23099
A3G7BEJJCPD6DS	23100
A3G7IUNADPD0UT	23101
A3G7UPT8S83OWL	23102
A3G7ZZ6589TLID	23103
A3G890SZI89TS0	23104
A3G8FH5DDUBWLG	23105
A3G8P4FP1X383U	23106
A3G8TV9VY943EO	23107
A3G9ABZAOICPV1	23108
A3G9IL28TLUTP8	23109
A3G9J7M749VASU	23110
A3G9UREWYNP21Y	23111
A3GAENUKL99PHH	23112
A3GAGA790C3F90	23113
A3GAJC2XNZ6DRH	23114
A3GAKU6UNEXAHO	23115
A3GAMQMQX9W8ZV	23116
A3GAP455S8YH0M	23117
A3GAPJP25LGBBF	23118
A3GAQ16UWP1XU6	23119
A3GB3663QXYMYD	23120
A3GB45ORO8ZL7D	23121
A3GB4IKCTRX8IE	23122
A3GBAN7PVQ7PCK	23123
A3GBBK9KZAEPFR	23124
A3GBDCH4XC53VB	23125
A3GBET6SMQUF4X	23126
A3GBJXF4CL1UHG	23127
A3GBRY8W4MIZAM	23128
A3GBU06KVKXVX7	23129
A3GC2H1U2ZUWCU	23130
A3GC442CNVDUJZ	23131
A3GCB8KLV2RTRD	23132
A3GCBKV5Z3QSLT	23133
A3GCDBIK5PX44H	23134
A3GCDGXP602IOT	23135
A3GCIDOL7KQNS1	23136
A3GCPQMQCM0DQU	23137
A3GCQSR1T38DZE	23138
A3GCW8CYXT8SXZ	23139
A3GD0U241GP98Y	23140
A3GDDH47T69OZZ	23141
A3GDE1EXEXOW21	23142
A3GDHM1K0D0QKH	23143
A3GDS9B8OIIAZ0	23144
A3GDX4C1HVM1NY	23145
A3GE1GZJ4HFC0D	23146
A3GE4FTGSVACK0	23147
A3GE6WALSSKI5K	23148
A3GEA6ZAT48D76	23149
A3GEG6GLMT6N1X	23150
A3GEH1DZJMKCZO	23151
A3GEQFULEYPC6K	23152
A3GEWB02HWKVA0	23153
A3GEZ4Q1AN2DUW	23154
A3GF4GXYQAWJEU	23155
A3GF4T9XUVSCFF	23156
A3GFA5K73UUW6O	23157
A3GFK7F5IUF60X	23158
A3GFPC4MTFIQK1	23159
A3GFYC5RCEAWA0	23160
A3GG3DJH47CTZ5	23161
A3GG3EQD981OCI	23162
A3GGCOYU3U5WRP	23163
A3GGEUP2NMBTFN	23164
A3GGH71IWFQ2Y0	23165
A3GGVB2ECCMAYD	23166
A3GGYUI3FORTTN	23167
A3GH310FHDSHDZ	23168
A3GH35RMKQ1JG5	23169
A3GH47E9FF8WN1	23170
A3GHEPGP7MMJ0A	23171
A3GHFBTW6LLMZD	23172
A3GHG1IMWSDH06	23173
A3GHWGLEDAI3WW	23174
A3GHZRMGNHPXRL	23175
A3GHZVKCB1DVVV	23176
A3GI09TKL7PPHR	23177
A3GI49VPO87K26	23178
A3GI4DY104F6V2	23179
A3GIACYEUCJ043	23180
A3GIATXQEHS29U	23181
A3GIB3G9Y7YSCX	23182
A3GIUDH2QSWOQ9	23183
A3GIWZQ4TF9TTC	23184
A3GIXYROH4QX44	23185
A3GIZR2O4Q8CYL	23186
A3GJ7TFW6IU5RV	23187
A3GJDDK2Y6SWMU	23188
A3GJGBIAX24QBX	23189
A3GJJ9H9ZYUZQO	23190
A3GJJC6CDI0QF7	23191
A3GJJN5X3ZI6F7	23192
A3GJTSFIVT8BAP	23193
A3GK16XSGAFOGN	23194
A3GKHQPIOTJ8T7	23195
A3GKHU674DRNMM	23196
A3GKI3ZUMBUBAJ	23197
A3GKPSP3ZMGUFU	23198
A3GKS5Q5Q8296P	23199
A3GKU9H8P4RKXJ	23200
A3GL09BZ0IFFAY	23201
A3GL8BVR9R02CH	23202
A3GLM82HGLYXJG	23203
A3GLVGNEBIJ0I3	23204
A3GLW9VOFRLLT4	23205
A3GLWMZKLKSRJS	23206
A3GLY16OSPUP7Z	23207
A3GM1FLRD7BEOE	23208
A3GM6Z8XRBB2UN	23209
A3GM951Z60CHA9	23210
A3GME8TJQT5F6Q	23211
A3GMKNM2D3XFJ2	23212
A3GMPCTM3680C1	23213
A3GMRYV7VAYK5Q	23214
A3GMTJRRSM3VEK	23215
A3GMV9426UM1ZX	23216
A3GMVCTJTHYG1F	23217
A3GMXPV8K3S0DZ	23218
A3GN10A9VE8784	23219
A3GN5AKTOU4ROG	23220
A3GNGBIAAFHBOF	23221
A3GNOYQQWAZEVX	23222
A3GNXSLPJ67R3B	23223
A3GO01HQ00B6J	23224
A3GO8G3VRUSN01	23225
A3GO9EF9PA9M2H	23226
A3GOFHR18MO3W1	23227
A3GOLQIZN73POP	23228
A3GOMGWDKKUHNF	23229
A3GOS8Y7DV0E4X	23230
A3GP09CK9UN1O4	23231
A3GP9N5ZAKDJ7X	23232
A3GPDH4FMH514Y	23233
A3GPS0N3HF7WKS	23234
A3GPSVMN4FTZN4	23235
A3GPZOS2R8WXV0	23236
A3GQ4IXX7IU3U9	23237
A3GQ5P6G091M75	23238
A3GQ7JG1B7FPJU	23239
A3GQQ5WFG8S9DE	23240
A3GR06MPR9PHXL	23241
A3GR2CVGBDH5HG	23242
A3GR4JSRBQIIJN	23243
A3GRAAUGM7L37W	23244
A3GRL1G0HZG9F7	23245
A3GRNFBJE3UQ29	23246
A3GROYBVXBU8ZG	23247
A3GRPJYWL6C7OF	23248
A3GRXALJUGOP6D	23249
A3GS1JNLO85CIC	23250
A3GS7OZXUEW48R	23251
A3GSS8SIDXYA7J	23252
A3GSTWRM0DOU86	23253
A3GSXKM8MXEK31	23254
A3GT13XSXM4T20	23255
A3GT2EWQSO45ZG	23256
A3GT2TSW3PJCSJ	23257
A3GT599V0EFAM9	23258
A3GT7TGPQDIKLV	23259
A3GT7ULHVE7TWB	23260
A3GTDJYQQWS0MS	23261
A3GTFLZTIF7HLH	23262
A3GTKWYPN6NIKO	23263
A3GTU3AY1YLLMS	23264
A3GTUNDBLPC00I	23265
A3GU0A55H40522	23266
A3GU1DV0DPKIWG	23267
A3GU1MRGAM15Z2	23268
A3GU28PBVS325D	23269
A3GU5RXKP37GOQ	23270
A3GUJ5TOUVCQ0T	23271
A3GUNB08ARSH60	23272
A3GUQRI4AJZGDL	23273
A3GUTA7O3SBBI7	23274
A3GUVWDWXARFHF	23275
A3GUYFGEQGW4F	23276
A3GV0TLKY76TUR	23277
A3GV19N4OWFRI0	23278
A3GVAG32NMMYT4	23279
A3GVBTQPWGRMWO	23280
A3GVNM2H99J2YW	23281
A3GVUGH4JQ49C8	23282
A3GVXOMCG8DEVF	23283
A3GVZ1F1HBW2KV	23284
A3GW3C0BPS6GY4	23285
A3GW5X9IWLM43W	23286
A3GWDH2OTIWH9S	23287
A3GWLE5CK9YSXT	23288
A3GWN8G5GOHA4Q	23289
A3GWS4XKDQIJ4B	23290
A3GXFJKGYL7464	23291
A3GXFT6MRZK99N	23292
A3GYJT5BGC68P7	23293
A3GYQBRSTJPD5C	23294
A3GZGS5798P4LO	23295
A3GZMLPY0L9YXC	23296
A3H06HFWTQL70J	23297
A3H0PAPXVQSGIF	23298
A3H0RQMO38BL8Q	23299
A3H0VVNR1BJB1G	23300
A3H0X5TDHY0AE7	23301
A3H0XI7AW3RSX3	23302
A3H11R1BNI9THY	23303
A3H1G2DYD95L1H	23304
A3H1KOK51II1CD	23305
A3H1LO61ZUPYFM	23306
A3H1LUZDNEVL3Y	23307
A3H1MHR7D1XYSG	23308
A3H1O5V2PSTCZ4	23309
A3H1TIKPW6IS2P	23310
A3H1VZFQJVFTOM	23311
A3H24GT97NXFY8	23312
A3H2BWZ5ZMVIHP	23313
A3H2BZH5MWO20D	23314
A3H2KTE27JN116	23315
A3H34AAJ0XX9ZR	23316
A3H3BF0J42VHNR	23317
A3H3HJN8P1DUWF	23318
A3H3JKEQHENKC8	23319
A3H3SNAK5N2MOC	23320
A3H3UY1U409FT5	23321
A3H3VGH77T5J3H	23322
A3H3XPIZJ6T4EG	23323
A3H3Y1ZJZZ61P3	23324
A3H40J4LAG5VFV	23325
A3H40XHTYVCCCV	23326
A3H4A1QB7J8M1K	23327
A3H4CTHS2UI3BQ	23328
A3H4E2JO4R5EF1	23329
A3H4EZM9AYRC48	23330
A3H4FE7EEKHZ8A	23331
A3H4FXRCR6XLFR	23332
A3H4NKN974WWHY	23333
A3H4O8KEMK0F7S	23334
A3H4S6YO9VNGDZ	23335
A3H547Y1OBJ172	23336
A3H56SLJXJ97QT	23337
A3H5MWN8ODZRKB	23338
A3H5WWK2NWVE1Z	23339
A3H61AMBJ177DG	23340
A3H637L4URTLIS	23341
A3H6EA8PRBBBIR	23342
A3H6Z7OPWAMWB	23343
A3H7087YTQO9PO	23344
A3H74SLAAUZE30	23345
A3H7C9MWHH3BE4	23346
A3H7IVYVE4P5E7	23347
A3H7JW1MZJF9B2	23348
A3H7KTYLUZG2OP	23349
A3H7NPNDMGLOU4	23350
A3H7SW5SJ6HLP7	23351
A3H7TSJ3PNUHHI	23352
A3H80HF6S61LOM	23353
A3H83UI1YFOIVR	23354
A3H84AZT23P34U	23355
A3H87RDGD9FH8A	23356
A3H896LG704GF5	23357
A3H8CHAG419VZ9	23358
A3H8PA7AG48K33	23359
A3H8Q0QMY3S1BL	23360
A3H8TO11E6B1MD	23361
A3H8UG5U16ZY1U	23362
A3H9OJBEEMQ5HN	23363
A3H9R9LHKYWYPC	23364
A3H9YJ40KMYPH0	23365
A3HA3THVUVFLL2	23366
A3HA43FKZ6WIZM	23367
A3HA5OXMAMI0XA	23368
A3HA81ZW7V54B1	23369
A3HAA7H8PBVM78	23370
A3HAFTSJKVLQXV	23371
A3HAFXPTFX3QZS	23372
A3HAMBCVJ615PO	23373
A3HAMKO69BYFAW	23374
A3HAPS3M56NK3V	23375
A3HARN2ORIRKDF	23376
A3HAYKTJIGJH60	23377
A3HB1451TIY3FK	23378
A3HB2I1SKRXRJJ	23379
A3HBB5SSAN1ZNN	23380
A3HBGFJSJEV96O	23381
A3HBLJKM8GO1EL	23382
A3HBP4NV1L6Q3J	23383
A3HBPQ607NGWJT	23384
A3HC4071HNLGLZ	23385
A3HC67A02Q4WTU	23386
A3HCDHKCA8K6Z7	23387
A3HCDSOHGEO1WC	23388
A3HCG8U4ATKXG4	23389
A3HCLF3GRMZ824	23390
A3HCN93W27HRSG	23391
A3HCQJ48LY3IUN	23392
A3HCT62GGC5YAQ	23393
A3HCXLAQKD8GLQ	23394
A3HCZ8V13WK9AY	23395
A3HD0XDJM69Q3W	23396
A3HD4EZXQ6VK0Q	23397
A3HD9LXS2PMPES	23398
A3HDE032FSDQD4	23399
A3HDHLMWYVZ99V	23400
A3HDNIMWVPE170	23401
A3HDPYA5KQI8F4	23402
A3HDVYTGV58KEJ	23403
A3HE8PQ0EPQ3AP	23404
A3HELX4VTOSLN9	23405
A3HESKHP4DIFEG	23406
A3HEXTIEW3ZOUK	23407
A3HF4EFGPSOU8F	23408
A3HF7NQKOPQFGY	23409
A3HF8SHOKQ25YS	23410
A3HFA8ZVD9QEOB	23411
A3HFBXHGNT5IF8	23412
A3HFCBDPFDNNG4	23413
A3HFD48GSJHE07	23414
A3HFLKBH61J16Q	23415
A3HFLZNDA3UAXI	23416
A3HFQ98XMP54II	23417
A3HFUVIA168297	23418
A3HFW6CFF6FAF8	23419
A3HG3ENCEWN2WE	23420
A3HG5LS2AAZ9SN	23421
A3HG8N8TWRV10G	23422
A3HGD52U4IUWWP	23423
A3HGHSGOT8Y9NJ	23424
A3HGJVEXYZ8AWM	23425
A3HGNEND673N1K	23426
A3HGV0YMB8IVCP	23427
A3HGXB404JC637	23428
A3HHGPGSF2A0UN	23429
A3HHNGENT0AHJU	23430
A3HHRRVRF7OLCJ	23431
A3HHWQ68HSALXB	23432
A3HICRL1GPX5QR	23433
A3HICU8WPE7PT3	23434
A3HIMCMETGILGK	23435
A3HINPDC0QM7EN	23436
A3HJ4G86F2AKEA	23437
A3HJA381TD8CWU	23438
A3HJBQK5D6K02V	23439
A3HJCVWYHS9821	23440
A3HJHV83O2U8BL	23441
A3HJNLV65OO2AT	23442
A3HJOKYEV152QJ	23443
A3HJOVHNXF6GYF	23444
A3HJQB760DZ7PD	23445
A3HJUIFAUO8IL6	23446
A3HJVHI5I6H0ZN	23447
A3HKPVXB2J18HK	23448
A3HKTAW4M6KDFS	23449
A3HKU1415GLV5J	23450
A3HKWOC783B7PL	23451
A3HL1LRW4VDG6A	23452
A3HL9JPSHOZG7L	23453
A3HLCYI7Q6LV4T	23454
A3HLJIC8R4TVMK	23455
A3HLU3OC319AWG	23456
A3HLUBDLMU8RGO	23457
A3HM2LVXVL5L5C	23458
A3HM6ERNSZXQX4	23459
A3HM9DFN8QWFI3	23460
A3HM9HN2M78VV9	23461
A3HMD5QRFLDWC1	23462
A3HMH999A05GHN	23463
A3HMIEPS9LXVLH	23464
A3HMPFYC9EDUBQ	23465
A3HMQNQYK7S3F7	23466
A3HMUF6Z3MTCPE	23467
A3HMUPBI7STGU2	23468
A3HMYMA43OZ4UP	23469
A3HMZ1TDT2VO5M	23470
A3HN318DL1X2G3	23471
A3HN3QWGEB9AFR	23472
A3HN7CTJTZ27JU	23473
A3HNHAPQ8Y5ZC1	23474
A3HNLJGBLFBJIA	23475
A3HNPWY6M1M0TC	23476
A3HNQ0FO9CW4FQ	23477
A3HNUDPOCHI4DV	23478
A3HOGL26X3ED6P	23479
A3HOJXVSTSM05Z	23480
A3HOQDIKTF3VF4	23481
A3HOU7C1FRGTXI	23482
A3HOVZVGPIRW7T	23483
A3HOXLX04H8VDZ	23484
A3HP0R3Y8M8B30	23485
A3HP1FGX5JP58W	23486
A3HP5XBZIBOVXM	23487
A3HPCRD9RX351S	23488
A3HPI0AK421Q39	23489
A3HPKU4WC4TH6H	23490
A3HPOCPJJQNMWN	23491
A3HPWCO03NENL4	23492
A3HQ2RWZW832PY	23493
A3HQBKCYJF9FHZ	23494
A3HQKJ7S1U19P7	23495
A3HQSE504P6JSI	23496
A3HR0PYYI4KD78	23497
A3HR0ZZOFKQ97N	23498
A3HR93GM9JK82A	23499
A3HRDRQ5VAFPQS	23500
A3HRE1ZWF8F35B	23501
A3HRMJCD5XZUA9	23502
A3HRPYUMCSE8SW	23503
A3HS1XCLDH4TQX	23504
A3HS6BQ0SPHC3O	23505
A3HS6KZB4OTABZ	23506
A3HS9EZBGWJ5IE	23507
A3HSAZ2JCCHJ87	23508
A3HSDV9Y0TV5Z2	23509
A3HSR4K5K992AA	23510
A3HSSRAEKLUCOP	23511
A3HSYXFXCYORQR	23512
A3HT3M08PAWC97	23513
A3HT8Z717DVTNZ	23514
A3HTF51PHDSXYF	23515
A3HTID8HD31B09	23516
A3HTMF9ROZGCPK	23517
A3HTV8LYGVWN90	23518
A3HTY6HNQ9VGDE	23519
A3HU38HMPFC5NH	23520
A3HU71XGNX7H9R	23521
A3HU75KHVI3TMX	23522
A3HUC8541SJ6UT	23523
A3HV44EZ4MGL04	23524
A3HV5E56FK40ZL	23525
A3HVBPI19U4BCF	23526
A3HVD6AEA5XGBZ	23527
A3HVI3LQ1I39EO	23528
A3HVO5CJBF76S2	23529
A3HW1EFHKPCHYY	23530
A3HW2U76355CL5	23531
A3HW57B1JLJCTY	23532
A3HWBUTNF3A82O	23533
A3HWMMFVDHY5ID	23534
A3HWN6OPZCW2TR	23535
A3HWQMPY7TB9AY	23536
A3HX4CA7TEGP7Z	23537
A3HX6U7E4N2XUA	23538
A3HX9FWJNN9R06	23539
A3HXGZ5AFCJLEN	23540
A3HXH9TNTO86BC	23541
A3HXJ45E307BI7	23542
A3HY3OZMKSIUEK	23543
A3HY903F6XPOX	23544
A3HYC0RY9VVYS3	23545
A3HYXY9D12MEWK	23546
A3HZ1U86YIIKUJ	23547
A3HZ6WKT2JQC99	23548
A3HZ83EUW587RM	23549
A3HZGRUVKOARXC	23550
A3HZHNJSUG3R9L	23551
A3HZT4SY7GKXK5	23552
A3I04RM049YS8Y	23553
A3I093DEFVCUUY	23554
A3I0MW8H69IW0U	23555
A3I0VYMA5LYSI0	23556
A3I11E7NXU8XA	23557
A3I1BJIFFM4S21	23558
A3I1JWYCQ076FF	23559
A3I1KF122KRF60	23560
A3I1MKZT7E0CYL	23561
A3I1RDY74OTAN5	23562
A3I1SNXT44BMTY	23563
A3I1VYMV8TJEEN	23564
A3I1YHSY3RXX7X	23565
A3I23XW4L5ITOG	23566
A3I2707PQ43730	23567
A3I271BVX8YUL1	23568
A3I29TA5KYZN1U	23569
A3I2BBQ1MDZFJ9	23570
A3I2CNHP0ZZQ5W	23571
A3I2E3IWY7RW00	23572
A3I2I6Q4T87V7G	23573
A3I2ICEN7EMB67	23574
A3I2JICMVWE2KM	23575
A3I2M02GYB5G8V	23576
A3I2XS8WVEQDO9	23577
A3I31HXEU9O0AJ	23578
A3I37WRTVINAGI	23579
A3I39OVXIAML6Y	23580
A3I3LJZ0XL1UZJ	23581
A3I3SI5FIZN4X2	23582
A3I3SRKV9V02G9	23583
A3I3V4ES3V082W	23584
A3I3WGKEI9ITS7	23585
A3I42CDG116KKQ	23586
A3I4BFJBRAFRSJ	23587
A3I4FNN00CJ3QS	23588
A3I4KR7P3MGN3P	23589
A3I4QS0F350D17	23590
A3I4R13SDTU46K	23591
A3I5ASE15KQPH9	23592
A3I5F96N3LR5QF	23593
A3I5N62NGZ2BPR	23594
A3I5RJZ0YK4E8F	23595
A3I5SSEWRF2AU5	23596
A3I5YO7MDOW5T4	23597
A3I5YPJZMTG1QO	23598
A3I668KMDRROVH	23599
A3I6704DLTIILE	23600
A3I67DL0ZOOTKH	23601
A3I6AD26IDHKT3	23602
A3I6GTT0KNVL5B	23603
A3I6T064Z0BKSY	23604
A3I73QMJPPMZ3Q	23605
A3I77R5NQMD6TP	23606
A3I79R78BVO2W2	23607
A3I7GEKWNH86EL	23608
A3I7GUWI8MO95K	23609
A3I7W7SYUJ6NZ8	23610
A3I87YRFB0DI2S	23611
A3I8I3ZW5A8V2R	23612
A3I8NB817N7PMH	23613
A3I8OX7K06Q6SV	23614
A3I8RWNR19W13W	23615
A3I8VKL1FVKY0C	23616
A3I8VSDOZD6S8A	23617
A3I8WBPG9UE67O	23618
A3I8Y3C2HCU69G	23619
A3I98WDUWYWVPW	23620
A3I9BGO81PSAFU	23621
A3I9CF760TJNQ9	23622
A3I9MCGO36KZ7V	23623
A3I9MDNP4JGT46	23624
A3I9PKBZWXV2C4	23625
A3I9WVNCGY0HCJ	23626
A3IA18AIY3XXA1	23627
A3IA2MNS4OWNWF	23628
A3IA32TWTPITZE	23629
A3IA356YOKBPKX	23630
A3IA49WSYE2WUN	23631
A3IA7FYFVI79CT	23632
A3IAEMIOKXD0AO	23633
A3IAU6ZPVF2R5K	23634
A3IB0HXSIBRZWF	23635
A3IB57PLE0QLT2	23636
A3IB935PA94VIQ	23637
A3IBA3BVEO8O0K	23638
A3IBHF8GF0E0L5	23639
A3IBLA7SJENOMP	23640
A3IBUF8IM2M0VW	23641
A3IBUNOV6DQOG4	23642
A3IBY99O59EW7J	23643
A3IC02PU1BELQ1	23644
A3IC6YOW92SOVK	23645
A3ICCGPS51CK5Y	23646
A3ICDJ1PTMYIQU	23647
A3ICFFIFOK3IL4	23648
A3ID1M74XTQPGF	23649
A3IDA7H81VIBKT	23650
A3IDCU0SL7CWQX	23651
A3IDFHUI53L11Y	23652
A3IDKSIBY2P9HZ	23653
A3IDMPP0ZFW1XM	23654
A3IE1LL6UGSNL6	23655
A3IE3L4AIQ2KRL	23656
A3IE59J7FF4WTJ	23657
A3IE8PNBE2LPJE	23658
A3IEAEON6ILI07	23659
A3IEBFQFROGCKN	23660
A3IEGFLUNPKRV4	23661
A3IESFE5TNFUTX	23662
A3IF17D06PNL7A	23663
A3IF2RRR8R84BV	23664
A3IF3K5LYD9L8D	23665
A3IF8MA51IPL7W	23666
A3IFHLX3U0M7SF	23667
A3IFN9U47O8KWH	23668
A3IFPUSAWYW4P8	23669
A3IFQJ5U63YJIU	23670
A3IFQNZ28M51RA	23671
A3IFTNFXI6OS0E	23672
A3IFXSOTK5PMCQ	23673
A3IGA27S36A95A	23674
A3IGERNV8SC0OX	23675
A3IGETH1M17L0W	23676
A3IGH60Y88B040	23677
A3IGQ1KA0M8FQS	23678
A3IGUKZRSOXO54	23679
A3IGUYDJW3AAJR	23680
A3IGW4NLDX6YN0	23681
A3IGW5HF144TBC	23682
A3IGYF45BZV4S6	23683
A3IH6AWXUZLKZV	23684
A3IH7P4U1AMHL4	23685
A3IHKJX22JMIK2	23686
A3IHX99Z9OK2Y9	23687
A3IHZP2530M05N	23688
A3II22EPSXSC57	23689
A3II30E5N5WNOY	23690
A3II8RZACTAH4Y	23691
A3IIBE4D1VECWC	23692
A3IIBPLNEF8EZ0	23693
A3IICZ9XJ95V3Q	23694
A3IIGNLUVVQBBU	23695
A3III07Y9VJI8Q	23696
A3IINOA2WIWSWJ	23697
A3IIOLR3N5DPBZ	23698
A3IIUAZGXYVXP8	23699
A3IIVCHG77U7BG	23700
A3IIXXMY77HM27	23701
A3IIZ302FYYIYI	23702
A3IJ0KQUH7V9ZQ	23703
A3IJ4Z18FTIIP	23704
A3IJMWMFVUYV8V	23705
A3IJPOMXY91502	23706
A3IJRFGPQ9IAIW	23707
A3IJS64BLQNBUA	23708
A3IJUJ5OIZ7Q3Y	23709
A3IJXVJ2RVF8H3	23710
A3IJXZ5BXOEFBL	23711
A3IK2K2D1NP8TY	23712
A3IKEB7O7XZH0K	23713
A3IKI4G5OZ07HP	23714
A3IKS0XF91VJOO	23715
A3IKYYT8LV9RF1	23716
A3IL4WNBMGBJRY	23717
A3IL59DZWKMRP9	23718
A3ILA1GH745QOA	23719
A3ILA7TWINEZ76	23720
A3ILELGG8QYRR8	23721
A3ILLDD5KHE3RA	23722
A3ILMSHRBLYHVX	23723
A3ILNPHHD6MU0U	23724
A3ILQW67FRF0JO	23725
A3ILSZ3XJVXNZU	23726
A3ILU4YK5FS2X8	23727
A3IMALU0RM8UT9	23728
A3IMBZGJKOGA5B	23729
A3IMK08UX0I46A	23730
A3IMO49QD6OYKN	23731
A3IMRRH34AZQIJ	23732
A3IMVBMC42MLC2	23733
A3IN10XCIHKOQD	23734
A3IN3O8D6JWWHQ	23735
A3IN7ZLJ86RT3	23736
A3INCUW2Y0JVED	23737
A3INEBR97GICKX	23738
A3INK02RZ70YKY	23739
A3INN916E4VION	23740
A3INOXVX9YRLWF	23741
A3INP5XNKN4U76	23742
A3INUENVJRK20B	23743
A3IO0P6W3ARKHA	23744
A3IO9C78ZC84SK	23745
A3IOCPLIMYDBCD	23746
A3IOEBJEMVM58G	23747
A3IOH8HQDGJ6F3	23748
A3IOMA6R9GW9NS	23749
A3IONYEMNKKS2H	23750
A3IOQ7NVVLAUEE	23751
A3IOR9GEVP333M	23752
A3IP2O0VQWCZZ1	23753
A3IP7P59KKM4Y9	23754
A3IPDEDGA52BGU	23755
A3IPN12WPXYTEI	23756
A3IPR5C1DKJ37U	23757
A3IPTVTV8XEDWQ	23758
A3IPWPLI6EUU39	23759
A3IQ5M92PNU3D9	23760
A3IQB7ZUH3K8WY	23761
A3IQFC5I1NA9EU	23762
A3IQJMW0ANLUNO	23763
A3IQPE9175KN9U	23764
A3IQXED40ZZ2T2	23765
A3IQYWE8ANV7QL	23766
A3IR4ZID1QPKCN	23767
A3IR6QLR2DU0NR	23768
A3IRGV7L8BV3W5	23769
A3IROM8JD6KAVG	23770
A3IRS1AY45IWXR	23771
A3IRV9D5P40F0B	23772
A3IS0NV98WNDWC	23773
A3IS23397LB45	23774
A3IS5SSWBH7WPN	23775
A3IS69URTWZ8AT	23776
A3IS7JDIHCZ43H	23777
A3ISA1OK3MZ3EG	23778
A3ISALM6ASUBW4	23779
A3ISGACIHSUHHZ	23780
A3ISHDWTSG1H8Y	23781
A3ISHNM5393CR	23782
A3ISZ1PROF6NPF	23783
A3ISZ8KLXYYI7P	23784
A3IT4A0ZI7MSYY	23785
A3ITCKZPT7DVNP	23786
A3ITNTDTCOB5IN	23787
A3ITO7RTW3TR04	23788
A3ITUVIV1YYUEF	23789
A3ITVPHPTS4CMA	23790
A3IUD6OUAS0A9K	23791
A3IUJR2SMA4MFF	23792
A3IULQ4N5W3G93	23793
A3IUMK88JB4U1V	23794
A3IUO5U80PBY7N	23795
A3IUUFEOONMSBB	23796
A3IUWUCQQ8I1QN	23797
A3IUXB286VDQ70	23798
A3IV0R1434YXWW	23799
A3IV2RFPBY5E0E	23800
A3IV4LLZU7AWGF	23801
A3IV701XFS5COA	23802
A3IV7Z1LTYCBA2	23803
A3IVAY8N7ES98Y	23804
A3IVBCBWLG4WY6	23805
A3IVDNYEXJC4XK	23806
A3IVOBRF33TWWI	23807
A3IVPIXKL4NIFB	23808
A3IVUOM0VZBN32	23809
A3IW53B7ORD712	23810
A3IW6HJF53384O	23811
A3IWACNWKJUZC3	23812
A3IWLULELH900Y	23813
A3IWPBVMSC8KJW	23814
A3IWSD2MCUUB9G	23815
A3IWZKHJWBQXPE	23816
A3IX3K2CGPN2M6	23817
A3IXCF92PS9B05	23818
A3IXDD8SHN5VPO	23819
A3IXF3BZMBQTJU	23820
A3IXYPDWFPWXUQ	23821
A3IY14D75B6U0P	23822
A3IY316DRNF5F2	23823
A3IY3TKV4XSBWQ	23824
A3IY4HSPK3D9SQ	23825
A3IY5ZKHG0WCVP	23826
A3IY6RZA9Y23LI	23827
A3IY9TNNUGIGVU	23828
A3IYA4H79ISAEH	23829
A3IYFGXBKV2AL1	23830
A3IYGR8ULYFEKQ	23831
A3IYI0I9CSK639	23832
A3IYP28PPMO2QL	23833
A3IYXE69NZ7011	23834
A3IYYPWVCJNSP1	23835
A3IZ7LVIRHCNCJ	23836
A3IZD1A0Q2DHVS	23837
A3IZDVIS87YT60	23838
A3IZF3M92E7SI2	23839
A3IZHDHQ83ISXQ	23840
A3IZI6CGNO1LN6	23841
A3IZJ733D99RNT	23842
A3IZQ573KXO6ZW	23843
A3IZQ5QBR0C7B7	23844
A3IZTNKTIID97U	23845
A3IZTYG9BRN55Y	23846
A3IZU3WCHIF7XW	23847
A3J029KBNG5MNP	23848
A3J02DDAODLYKW	23849
A3J03ETIRP9V17	23850
A3J046QCC8PMOV	23851
A3J0A1YAPRSU1N	23852
A3J0LNI1TQKTA5	23853
A3J0XCZWXBCBPF	23854
A3J10B38WTHOD	23855
A3J140MFGOD9JU	23856
A3J16PT98MCVE3	23857
A3J178Z5G0XD4J	23858
A3J18C4T2JWI2F	23859
A3J1C9LF1H4UEL	23860
A3J1PJ1PKNOR35	23861
A3J1TI5VNY4TSR	23862
A3J1VMG4XJVNQ	23863
A3J1W1VVNZXKVU	23864
A3J20HDHEMAS4U	23865
A3J21AI0EWVAHL	23866
A3J233FKGC25GQ	23867
A3J23GW8FNISGJ	23868
A3J2AAH6P0QL8P	23869
A3J2DS6ML80617	23870
A3J2I7IY9ZAR10	23871
A3J2OOA5UQVT6T	23872
A3J2PD04B55B9Z	23873
A3J2PLGTU6PDLG	23874
A3J2WSTG5SZCQR	23875
A3J2YU2D9BH2J7	23876
A3J3EZUHRGE28G	23877
A3J3HTVE7RVXJ0	23878
A3J3MXHLT5EPA9	23879
A3J4C9ROLAQJKJ	23880
A3J4CLBVDW18EE	23881
A3J4CYY2V7KQEW	23882
A3J4ISS5S38YQS	23883
A3J4MCIVITBWTW	23884
A3J4OJOBG5WY0Y	23885
A3J4PUR7WBT492	23886
A3J537M0G5JMVN	23887
A3J53PDAEC2NV7	23888
A3J53Z2CAO68HR	23889
A3J5NSW49F72I3	23890
A3J5RNZ49UVT4B	23891
A3J60VG1VQPYAD	23892
A3J6BBXIQX64MP	23893
A3J6GD0TC0H4OE	23894
A3J6HM4NMC1OXO	23895
A3J6JQILC3Q3KT	23896
A3J6N5LW6QY25O	23897
A3J6NW3S55DWLL	23898
A3J6OQOA7HB56P	23899
A3J6R0B4TODRG5	23900
A3J6RV0E85FE0Y	23901
A3J6SO0XTT16R5	23902
A3J6U3X2QK49G5	23903
A3J6U4DRKLO2C9	23904
A3J6UIFFLPCMD1	23905
A3J6YDFCKI51G6	23906
A3J70SWLLQAFAT	23907
A3J76VSGS3C4Z4	23908
A3J7RNIW8WO667	23909
A3J87F1FENYRU4	23910
A3J8T7UNJOUNX0	23911
A3J8V5GJ1IRGC3	23912
A3J8XONJJHRHRU	23913
A3J9DV1EIZBYUJ	23914
A3J9Y6KCZ1IMGE	23915
A3JA25QL1W28B1	23916
A3JA47RSSX83W2	23917
A3JA6Y4WK8VW2F	23918
A3JA73ZCR2P0ZN	23919
A3JA7GR3F2HQFF	23920
A3JA80DEUKKILA	23921
A3JAAB4G1R7YIC	23922
A3JAC90CICBB5T	23923
A3JAEVWGUYNBN2	23924
A3JAITM5A93M0U	23925
A3JAN65PHJB9E6	23926
A3JAOSHAZBP11S	23927
A3JAQCCJAF9AH8	23928
A3JAT0ZJTUAGBF	23929
A3JAVRRAK3KHN6	23930
A3JB45FLJWJ563	23931
A3JB65L9SSXRLJ	23932
A3JBF6QIOJVPQN	23933
A3JBIE5OGF9TBS	23934
A3JBKL5AIUHY2U	23935
A3JBU5SIV0EI60	23936
A3JBUZ57NGOM5X	23937
A3JCAA3MTEGK38	23938
A3JCANDMTZG16L	23939
A3JCBJ7PM3GH19	23940
A3JCCX9E6Z7RAA	23941
A3JCDLVVSLQC62	23942
A3JCH1N8HT70E1	23943
A3JCI3KBVCLBYR	23944
A3JCNLSNSA04G8	23945
A3JCPV1EPCPP64	23946
A3JD46Y3M7LE6B	23947
A3JD87DUPU2I56	23948
A3JDH9ZU07YPHX	23949
A3JDN2MIKBGWJI	23950
A3JDNIJQXSRK5V	23951
A3JDZFBW0F4RF9	23952
A3JE1ANMT3Z1P	23953
A3JEBO8IVYUE5L	23954
A3JEKQR85578AC	23955
A3JEN1033DD86S	23956
A3JEQY83QS05C0	23957
A3JESPIM3XSLKA	23958
A3JEWDSP6RFBQ0	23959
A3JF001WP479T7	23960
A3JF1EEXMKSEZI	23961
A3JF20DXYQO8NG	23962
A3JF4AAPJ9YUR9	23963
A3JFL7TIENT1QN	23964
A3JFNZQMLYAMH	23965
A3JFRQPMP535DM	23966
A3JFU7C7W3XUG3	23967
A3JG6XU37HV531	23968
A3JG7F04KBUH1O	23969
A3JGIYXVD8QP5J	23970
A3JGJZA04JH9WE	23971
A3JGPL8JOIPCO7	23972
A3JGWPU67E3IVY	23973
A3JGYZ1COZN0G2	23974
A3JH638J3XK5SW	23975
A3JHB0A4GYFJKZ	23976
A3JHC8O59WDHFZ	23977
A3JHUK3Z3RIK2R	23978
A3JI0XP54T2HQS	23979
A3JI4B0E6ENF6J	23980
A3JIDD454ALO0W	23981
A3JIMLA7PJ88FU	23982
A3JIQBI2POR16F	23983
A3JIXSWSQWS17V	23984
A3JJ0EI69G3Z28	23985
A3JJ2LAPAM96FJ	23986
A3JJ3AC8YU4P76	23987
A3JJDP9CLK5K5V	23988
A3JJNENVQD96JZ	23989
A3JJZXOOLQYDT5	23990
A3JK5QYZ3Q3GZT	23991
A3JK5R7P5L09U	23992
A3JK6HKAP09OH6	23993
A3JKCIQ967X9RA	23994
A3JKE30OS4O87C	23995
A3JKGPDL9WRTOW	23996
A3JKK3VYJU990R	23997
A3JKT5G0HI4IPI	23998
A3JKVKAD32QU5N	23999
A3JL3YQYI7OR5O	24000
A3JL4S6EPDOGP4	24001
A3JLA81B67QXOC	24002
A3JLFOC2P945L0	24003
A3JLVNTE67E1FV	24004
A3JM4RKD8GVVLZ	24005
A3JM9ZNOGR2I54	24006
A3JMD9V2W8NPY5	24007
A3JMI1UD3ZRT8W	24008
A3JMIVOTZ6YQOL	24009
A3JN38JZZJ45T	24010
A3JN4OIXJCDQWE	24011
A3JN8B7K4GK7MC	24012
A3JNCD9Z402L7K	24013
A3JNGJJVY1DO29	24014
A3JNHITFXMG7FU	24015
A3JNNKOV4R0JVI	24016
A3JNPCGWUMN4VB	24017
A3JNS16SMDIX98	24018
A3JNX3QVENVTBW	24019
A3JOBO2X8KSSBQ	24020
A3JOGOI87Z4CXP	24021
A3JOIAD5RKU24Z	24022
A3JOQV4NUHOEVD	24023
A3JOWTN8J6DLNX	24024
A3JP831AUTAFB7	24025
A3JPFWKS83R49V	24026
A3JPGY5ZXTNP77	24027
A3JPMWY0V0L2C5	24028
A3JPQ9GN0NJ8ZY	24029
A3JQ58CZBV3FOZ	24030
A3JQAS5RSTO9KM	24031
A3JQCYKYTYKENU	24032
A3JQF3NJA2YG3P	24033
A3JQQ2TWTKFVNH	24034
A3JQQY5R8V7CM3	24035
A3JQUVUKHTVRML	24036
A3JR2EA400ZAD7	24037
A3JR9CRHMB8VR2	24038
A3JRBTA0JCURCB	24039
A3JRIVN87L4GS3	24040
A3JRM0DU4MGUSY	24041
A3JROZG58VWA4A	24042
A3JRPHF898TEW8	24043
A3JS5M6JRD3KV5	24044
A3JS6HJ9RQFYCW	24045
A3JS9ODJDNDJPU	24046
A3JSD6O2M28T11	24047
A3JSLJELC5W8TR	24048
A3JSNA3NS7PR0Z	24049
A3JSVFEUJSBS5I	24050
A3JT29L4YFEIMJ	24051
A3JT5XR92IFRVL	24052
A3JTUF800LT9PF	24053
A3JTV95LYJM5D	24054
A3JU16JTNLVK1J	24055
A3JU990UTN5RQP	24056
A3JUBXJAXRXJY8	24057
A3JUFABHVV11U6	24058
A3JUHP1E3WUHEA	24059
A3JUK3VMS1VNIC	24060
A3JUKOUN1UXKTO	24061
A3JULG2JUELYVK	24062
A3JULMMR67Q6EV	24063
A3JUSOKL2I1AU9	24064
A3JV071KO43Q5X	24065
A3JVBWOMO9L0MR	24066
A3JVD6IJPRCXT1	24067
A3JVDFM5N3DJJH	24068
A3JVG9GC7QDJYJ	24069
A3JVLTDFAA97CS	24070
A3JVMH1YT9CER1	24071
A3JVOY9S5YM8S2	24072
A3JVSKQCV6T7I5	24073
A3JVYK8FZTYRZQ	24074
A3JWC99NHJUNPI	24075
A3JWD0WQ3VEZEX	24076
A3JWKYJTKM7NJC	24077
A3JWQU1M51U2XP	24078
A3JWSVASXJKFLV	24079
A3JWZOLKYL6T00	24080
A3JX1D26WFEXOS	24081
A3JX5AKMGH044O	24082
A3JXARXF2KGBIS	24083
A3JXI3GLK71NS2	24084
A3JXM4DIQ16RWO	24085
A3JXMOHV5DYFK5	24086
A3JXWM0AO2CHYP	24087
A3JXYXZHH8MXEL	24088
A3JYFO49Y64ZMX	24089
A3JYFPPCT5XY3G	24090
A3JYH5RMYKJJQ5	24091
A3JYHUZ7URRWU	24092
A3JYSY4P6BADUS	24093
A3JYXUH03TB4DS	24094
A3JYY5MCXRAN3C	24095
A3JZ2ES8RIPXT3	24096
A3JZ2QZFD8KHM5	24097
A3JZ3PFAD6DXBM	24098
A3JZ5U9WU0GY73	24099
A3JZAAZETTHC7J	24100
A3JZUH2N81JGDF	24101
A3JZXPMXUKO762	24102
A3K04GHJ88XQR8	24103
A3K09Z0Z4LA615	24104
A3K0AUQ2IJB4S9	24105
A3K0J05VZE9R11	24106
A3K0WYB9353H3Z	24107
A3K104YGUONHK3	24108
A3K17DII6CDCG9	24109
A3K1JZPUXSADRJ	24110
A3K1LOTULHGPI0	24111
A3K1LZDEF0FR18	24112
A3K1OP32IB2QNF	24113
A3K1Z7D96XFHNE	24114
A3K201M6E3CSJL	24115
A3K2S539T4ZP5N	24116
A3K2XNVBNCRGGQ	24117
A3K34ESOB67O4T	24118
A3K3BMKY0OHNW7	24119
A3K3FOM2WXD8M	24120
A3K3H4FPY4L8QH	24121
A3K4ASJVQU2G5V	24122
A3K4BY4MO2U24H	24123
A3K4HD6NJAPTU9	24124
A3K4PRDYQBBRTT	24125
A3K4U14FDRO1C8	24126
A3K4VN0MHW084P	24127
A3K58IKL2FNZAL	24128
A3K5BREMWEULEE	24129
A3K5GINRGPC7UY	24130
A3K5H4EWWWIMUP	24131
A3K5I6HFROIQ7G	24132
A3K5LESV135GFJ	24133
A3K5V3ZJVI4L8	24134
A3K5VP66HZCBE6	24135
A3K5WT26L55O2	24136
A3K6097ACJXYT3	24137
A3K61FNBUN8NPF	24138
A3K65DFOWJRMM4	24139
A3K68DIKTRE92G	24140
A3K69HHRUWYQ1O	24141
A3K6CX04FUHUFN	24142
A3K6FXL68M7IED	24143
A3K6JECJIXECT9	24144
A3K6KI3Y4SUEOK	24145
A3K6P0WTBZHKT3	24146
A3K6RBIHPYKPBA	24147
A3K6SVEZV60MR0	24148
A3K6U6UHSRNIJ9	24149
A3K769A108GP3E	24150
A3K78RYRE4QP6N	24151
A3K7FMQAKI2XMD	24152
A3K7LF3BZ8EW48	24153
A3K8GJ99U7W481	24154
A3K8UPAFCBAKJR	24155
A3K93OWHKHGI9V	24156
A3K9D666M842PQ	24157
A3K9E6KZXMCE3R	24158
A3K9EW3VIAH2JL	24159
A3K9H2DDDHKHTD	24160
A3K9KSBQKN6VZ8	24161
A3K9Q416A14VP7	24162
A3K9T64S4KMC52	24163
A3KA0BUBOYGVS9	24164
A3KA349KEHLV4J	24165
A3KADAJ8CGZ7IB	24166
A3KAFRPX50PC37	24167
A3KAHXAVYM864W	24168
A3KAMSCR7R30YS	24169
A3KAPDTQTYKXOR	24170
A3KARGJSQR5LKI	24171
A3KATMGOQ0ZY56	24172
A3KAVLRR1THOEC	24173
A3KB3WWMA35AQ4	24174
A3KB5N4TCX8CPR	24175
A3KBH5FOTNEGHX	24176
A3KBLEBIXLQFOW	24177
A3KBPJCH9WLD42	24178
A3KBTZZDKCR16	24179
A3KBUTSIFX0K9V	24180
A3KC9ONPJOTUWS	24181
A3KCKECEO3E2AN	24182
A3KCPQA9HKG9SN	24183
A3KCT4XQZF060	24184
A3KCUFNGBQXGNP	24185
A3KCVNKNIO1U8	24186
A3KCWQMEOLRC2U	24187
A3KCX0DU4ZF439	24188
A3KCZSBWK8EFP1	24189
A3KD19YYARC835	24190
A3KD7QBSUIJ2VR	24191
A3KD8SHYPIZAC8	24192
A3KDHYRMGG1U23	24193
A3KDIV1C02WIHL	24194
A3KDMFAXK1LG1R	24195
A3KDO3XV0MK1GX	24196
A3KDRLIBWILPMJ	24197
A3KDRW7K8WP1PM	24198
A3KDSQS5RCFLB1	24199
A3KDU4EL3YZAXF	24200
A3KDX0XIRTW5J3	24201
A3KDZ6MARIAC7W	24202
A3KE4YOGY8GF89	24203
A3KEDOP6R6FDU5	24204
A3KF0A1I1XQB95	24205
A3KF3RWPANR3FI	24206
A3KF4HPTFG0KU7	24207
A3KF79AODCE7YE	24208
A3KFAI4MS0VDH8	24209
A3KFH2I39WA90Z	24210
A3KFJQU37ZZDBD	24211
A3KFSCJUHYVA2O	24212
A3KG5W8KWFJ54W	24213
A3KGBMY4LDH2FU	24214
A3KGCERWOJU5KI	24215
A3KGEQM501RH1C	24216
A3KGN9VJV84KUA	24217
A3KH78FURZS49Q	24218
A3KH7T0FBLHG10	24219
A3KH8LI6NG65LJ	24220
A3KHCLSTRQQ8KW	24221
A3KHLQW28D4480	24222
A3KHRW6ZC2EQIL	24223
A3KHS90UO8FHWP	24224
A3KHTAKZ1B9L6	24225
A3KI0GRVP7V80V	24226
A3KI717L8HWMCD	24227
A3KIHIO3VQF7T8	24228
A3KIOMRFJL9YGB	24229
A3KIRWTF18CIRN	24230
A3KIVMKERJ5VRY	24231
A3KIX0N7AJOX68	24232
A3KJ06Z2K3UGYG	24233
A3KJ0LYG1AOVZL	24234
A3KJ2OFIQYQOQ8	24235
A3KJ5NNN60H5R9	24236
A3KJC9MYYS6VRW	24237
A3KJET7RTAI880	24238
A3KJF4IC62D5LV	24239
A3KJHJWJENZXTI	24240
A3KJJG5T61YJ63	24241
A3KJQ5BA7AVOCN	24242
A3KJQHZ9E29SVZ	24243
A3KJQLFN0XXQBZ	24244
A3KJWK27FTN71I	24245
A3KKDUCBGLNVHE	24246
A3KKI4WPIYHLK7	24247
A3KKT0O1105HBA	24248
A3KKVQVQU2LE2R	24249
A3KL4BLZW0F08D	24250
A3KLBH3KHKFTMI	24251
A3KLH7HA3IGEVY	24252
A3KLKHCX309SKG	24253
A3KLP8PBIBH5QB	24254
A3KLP9N2TLW0KJ	24255
A3KLQ6NS4379ZV	24256
A3KLREIKOBEL7O	24257
A3KLS6J5G8GYEB	24258
A3KM49YN5C09U8	24259
A3KMC08WBRPBOT	24260
A3KMEY9A2TIZBI	24261
A3KMGBQ98XNUZ7	24262
A3KMILYR935CHF	24263
A3KMKMK0Z7UVKJ	24264
A3KMLKQTNV5WON	24265
A3KMNCEWOAZPU5	24266
A3KMOZAYZLNDA4	24267
A3KMT7W783SKWO	24268
A3KMU9PGWBVY95	24269
A3KN2H9HVVHFB9	24270
A3KN9W0LMHWI5Q	24271
A3KNANNW2O5FBL	24272
A3KNC04ASLV608	24273
A3KNIBN8J3NI9E	24274
A3KNPE2J0ZX0DS	24275
A3KNRLL7KZSS9N	24276
A3KO3964CNP0XN	24277
A3KO4005TL36OC	24278
A3KO6JEVS1FJ8X	24279
A3KOGVQNZMDRYN	24280
A3KOSML0PGGOXN	24281
A3KP46HCMALX07	24282
A3KP4SUZMXJ7OE	24283
A3KPAVFSUS0915	24284
A3KPD3WLML2Q4E	24285
A3KPDXWNTD53BZ	24286
A3KPGYKL506SRF	24287
A3KPH6TPCEX6BB	24288
A3KPIF5DZXSJ85	24289
A3KPLW6OEXOKA4	24290
A3KPYTKXGKMUVF	24291
A3KQ3S4IERT4C5	24292
A3KQAURNWUNH9P	24293
A3KQD0LN7X1S2Z	24294
A3KQHPXLAL6Q25	24295
A3KQI20BYN34V0	24296
A3KQJIA4J51F06	24297
A3KQQ7A604R2RZ	24298
A3KQXH63H20EV3	24299
A3KQXKSHK1OPLS	24300
A3KR2I31KIH5AX	24301
A3KR8FS8FR7L6P	24302
A3KR8QU655B1QV	24303
A3KRKAL0UK5W7Q	24304
A3KRQVQAQ0BDHH	24305
A3KS8XBD1EUCT9	24306
A3KSNHK3P7I1DK	24307
A3KSQMBQ1XQK0C	24308
A3KSRGR5FLBKC9	24309
A3KSYDQ27VJ50V	24310
A3KT0KLRKI6S8W	24311
A3KT2IYSACXOJD	24312
A3KT5SEGWNGRWZ	24313
A3KT8PUHI4SB3M	24314
A3KTANVSZ7ELRZ	24315
A3KTGNQMIIT912	24316
A3KTVWVE5GSLZN	24317
A3KU0DDJVLL0BZ	24318
A3KU1I3A04MFFO	24319
A3KU873FNPVD3K	24320
A3KUC5K5VSJNU9	24321
A3KUCLD3XDR91	24322
A3KUGTEG6U34CF	24323
A3KUI3UIIVY9OA	24324
A3KUJ9WY4EVN2Q	24325
A3KULFIW5DD2TW	24326
A3KUO4CSEQ6TFZ	24327
A3KUT657D9KJYD	24328
A3KV0D7OGBT84W	24329
A3KV2L54EQS8NK	24330
A3KV691NSUKAN	24331
A3KVCHF2QXJKN5	24332
A3KVGXZMPELV8W	24333
A3KVSZYI3O3JLY	24334
A3KVVVL5XQK0FO	24335
A3KVX8SX9O6TTR	24336
A3KW0XMGVD9U6N	24337
A3KW2YFBNSRZNN	24338
A3KW39LWHV74PS	24339
A3KW844DCDRMV1	24340
A3KWDRPJDZNZ6S	24341
A3KWFH1C5U7E7V	24342
A3KWIW92IM6JHH	24343
A3KWWFNXEIQALY	24344
A3KX0GH5H2AEK6	24345
A3KX0LZ3TGBMLU	24346
A3KX70SYLED6SM	24347
A3KX8SVSUCSHKU	24348
A3KXFXHBC2QDD3	24349
A3KXPSY5IWY3XS	24350
A3KXTF0LG0NEBF	24351
A3KXVXJ3ZB3KCP	24352
A3KY36WIK9YQYJ	24353
A3KY3IL0QCID4U	24354
A3KY7S30O1RPBW	24355
A3KYDP3QINP6US	24356
A3KYERURW6MZ5A	24357
A3KYS5Y11V9S63	24358
A3KYS9L3ASUXEO	24359
A3KYXEKHDTQVK7	24360
A3KYYFYZ73WDWV	24361
A3KYYVQXDSTZ9Z	24362
A3KZ7OH4VRL048	24363
A3KZ8114Z7KVDX	24364
A3KZBDGY4PJTX2	24365
A3KZGG817VZHHL	24366
A3KZHHGSX5BIU	24367
A3KZUAA4F2VQ2A	24368
A3L01SDVW4IQS4	24369
A3L05VKWZK0KVD	24370
A3L0BCJABHTL27	24371
A3L0LGGA1IFBMY	24372
A3L0Q0D434JPZG	24373
A3L0Y9G1R9BETG	24374
A3L1344UY8SA7A	24375
A3L176F1EMHUDV	24376
A3L17PPCF9MY4Z	24377
A3L1MSM8NBUBZT	24378
A3L1RIEAPX26O2	24379
A3L1RYE41LOMOR	24380
A3L1SFXX5BBSVU	24381
A3L1TG3OOOTRBR	24382
A3L1U1SOGVR6L7	24383
A3L1VJMHFWONCB	24384
A3L1Z1IMR23PX5	24385
A3L21DL2V7WHXF	24386
A3L22X5E638PWK	24387
A3L2HQ4OMCAW8Y	24388
A3L2KIDLP8WDYT	24389
A3L2NL4A3RODWI	24390
A3L2VV9MUUC9ER	24391
A3L2WJPWQII70G	24392
A3L3466RID8RZV	24393
A3L37ACBK22WMM	24394
A3L38AZQUJP7XR	24395
A3L3BDZGMHQGWH	24396
A3L3CTH0R1S7OM	24397
A3L3E86JN3BTJ9	24398
A3L3RLY42MEGIU	24399
A3L3VBLFSPL0XB	24400
A3L3W0CFZ3IUST	24401
A3L3Z86GY29NXD	24402
A3L40W5H7G9WN8	24403
A3L47BI34UYBCA	24404
A3L4AYZWKNU81H	24405
A3L4GMJ3FGXQEO	24406
A3L4QIPETE77AI	24407
A3L50D70FG48OF	24408
A3L52LZA8UN78L	24409
A3L57B71XLJ6MX	24410
A3L5ETZHUN7PH7	24411
A3L5F5OE59C20S	24412
A3L5JGVA7P2PN3	24413
A3L5PG57UDUAK2	24414
A3L5QFB60FJGH1	24415
A3L5UAVKFHHPCD	24416
A3L5XZA4JFF54V	24417
A3L61G6N7AT8N2	24418
A3L67OH8LRYAK7	24419
A3L6HWT9VYUIER	24420
A3L6I4RECDTJ8P	24421
A3L6M9R8LXYGBP	24422
A3L71M5CXJLCRL	24423
A3L7EQAO3CI00Z	24424
A3L7NMPF4PGZWE	24425
A3L7OEJEHPTJC9	24426
A3L7R65CDHARAK	24427
A3L80MZH5WRS3H	24428
A3L83OV2D94LHJ	24429
A3L89L6EOFRI94	24430
A3L8DGECZSZ0BW	24431
A3L8DOTQIOHGGE	24432
A3L8G2KORURC95	24433
A3L8KH2R9RPVTY	24434
A3L8KM5K79T16	24435
A3L8O5T6752KS2	24436
A3L93XLCOO8U49	24437
A3L9D6AWL68YUF	24438
A3L9E0YI7C5G0W	24439
A3L9II3NATNP2N	24440
A3L9NGPTBJBQEL	24441
A3L9OT8LNB2IJV	24442
A3L9VURRN6J9KJ	24443
A3L9Z3PULP7PCV	24444
A3LAD79Q47Q9UU	24445
A3LADXRUQ4B9UZ	24446
A3LAI2N11QW5QV	24447
A3LAQ6T7Z3B7GA	24448
A3LARH8NTCO24F	24449
A3LB0QE76EB7G3	24450
A3LB2AIBTVWDX5	24451
A3LB2NFSHKWGCJ	24452
A3LB7DNNV17NMG	24453
A3LB9QQZ2BESXY	24454
A3LBG0370QHRXD	24455
A3LBHMW78BJM5X	24456
A3LBJVU9OKGGEJ	24457
A3LBKABJYI9MA3	24458
A3LBMTH43REV82	24459
A3LBQNGQKQ6FO7	24460
A3LBRJ21JK9HI2	24461
A3LBSH3WGORD4I	24462
A3LBTC13EYE4MS	24463
A3LC65NZIK4YSH	24464
A3LCCE5PI7J2JD	24465
A3LCDLFROE6XRH	24466
A3LCKV36IPPDRV	24467
A3LCV3EBPGK9E5	24468
A3LCXMS16P2UEG	24469
A3LD1XWCUGHVFI	24470
A3LD57VIH47U08	24471
A3LD5QS1D2CKRX	24472
A3LDACMAJOIRAF	24473
A3LDE3G3PIAMCK	24474
A3LDFTSXU3UPBO	24475
A3LDH6FL77IAWN	24476
A3LDJHV9Q9QO02	24477
A3LDOC3GKH7ZCQ	24478
A3LDZ0WD6N43RF	24479
A3LE679O8FUH17	24480
A3LERG0B5G6OSH	24481
A3LFAKT9FC1XRQ	24482
A3LG021LVJT20C	24483
A3LG1CBQ3PVM1R	24484
A3LG9L98H61AQA	24485
A3LGIJ7BDZFC78	24486
A3LGT0FSQ3IDJO	24487
A3LGT6UZL99IW1	24488
A3LGUNY5JBRKN6	24489
A3LHGUB66FPRMD	24490
A3LHHW6WRRXEDJ	24491
A3LHIRT4SR3F9T	24492
A3LHM5YKF4YCMN	24493
A3LHRBY1GPBIAC	24494
A3LHYXDDJM9AJ7	24495
A3LIOQ6M991VBX	24496
A3LIWTJI0VB3QW	24497
A3LJ2P6A88JT60	24498
A3LJ4LNC4LLQR6	24499
A3LJGMVFTLK36Q	24500
A3LJHB06YLM2Y3	24501
A3LJIDEUF9EX2U	24502
A3LJMD597DPT05	24503
A3LJNZ4IV62EO	24504
A3LJOSAYINSWU3	24505
A3LJPOCBYT70N1	24506
A3LK2QY17NE9VU	24507
A3LK9YM4SAH2UA	24508
A3LKDDKU9ZQGBZ	24509
A3LKDTBYPR16WF	24510
A3LKEPMO0PAOI3	24511
A3LKERF9WNB4J0	24512
A3LKH7W5VM11CW	24513
A3LL8OC18N7NZM	24514
A3LLMO1CDNOBKF	24515
A3LLORRCQISQPB	24516
A3LLU5M9GON02A	24517
A3LLUY0GIM5TC8	24518
A3LLZ6KS9WO238	24519
A3LM0XM48NYIOD	24520
A3LM1NFJ77OGII	24521
A3LM31ZBJ5881R	24522
A3LM4XDBO0QQKU	24523
A3LM86MP6XUGY6	24524
A3LMCC0H0KBZ7L	24525
A3LMH9U4ACWMMQ	24526
A3LMKT444A5A25	24527
A3LMPD1ZQTWOC4	24528
A3LMR19UEG9H7I	24529
A3LN0TMDSCDT1G	24530
A3LN27742T0L76	24531
A3LNN7WUF8B4BN	24532
A3LO72OXJOI6ID	24533
A3LO7NQTVTAZ4N	24534
A3LOAQX4DVQPCS	24535
A3LODK1E4SKGMC	24536
A3LOE0WA78GQAT	24537
A3LOFW8X578NT8	24538
A3LOG4RKMFFBX3	24539
A3LOGP4VA9DX46	24540
A3LOSQHBT0EF2O	24541
A3LP1AOUTR52VN	24542
A3LPJCT455VPU3	24543
A3LPL35P7FH78Y	24544
A3LPOGVLZSJMDP	24545
A3LPT0Z5PAYHIA	24546
A3LPT7TS6L9YXG	24547
A3LPV7RA8ONDC5	24548
A3LQ9D1MPWKQFF	24549
A3LQDYVAAHHV2T	24550
A3LQITXK4S5G0Q	24551
A3LQRDLADXYY7P	24552
A3LQTH3WFBUPQ5	24553
A3LQUEB84IR3VO	24554
A3LQXWWXW1WNS9	24555
A3LR17Q1F6L5EE	24556
A3LRC10XCOJAZK	24557
A3LRCFJEQ5BQLD	24558
A3LRFSBY4RBGTM	24559
A3LRPXTB2FBYJH	24560
A3LRZ42FM1SRL9	24561
A3LS0N5ADL421D	24562
A3LS3QX8NPJFGY	24563
A3LSDJRI2X42N6	24564
A3LSEIG2PIJYBL	24565
A3LSQIT1SZLMHT	24566
A3LSVLJ1TW0WGC	24567
A3LSYCZY6EB1NV	24568
A3LSZYR80H6FIS	24569
A3LT0FCP7IQIP4	24570
A3LT5AKJNV94JX	24571
A3LT5C5WK51XEQ	24572
A3LT8ATYK8ZDVV	24573
A3LTAUUOKHJKX5	24574
A3LTHVGDTSY67A	24575
A3LTL3T4DQAVQR	24576
A3LTMXPR3BTX3A	24577
A3LTXKCELSA8SK	24578
A3LTYTWHB5D3XN	24579
A3LU3U4M2OTL4B	24580
A3LUSMP97BC1NR	24581
A3LVE9LNTC0ZCY	24582
A3LVGOZZ46Q5LM	24583
A3LVHKO79TMUYH	24584
A3LVOQJKDR1FD	24585
A3LVSATC0GE2BP	24586
A3LVZEIKCSOJET	24587
A3LW0T9HM0XZL7	24588
A3LW1N4P1VIZFI	24589
A3LW3ADQAUGQDM	24590
A3LW9W8UQR6Q6H	24591
A3LWAL0XB6HHMR	24592
A3LWC833HQIG7J	24593
A3LWHOLBP06K55	24594
A3LWR6L9ZPUSDZ	24595
A3LWRQ2PAFDPXM	24596
A3LX57I5OKG70V	24597
A3LX7B0YT8D91Q	24598
A3LXB8SQ4NJ72I	24599
A3LXDZDOJDJKP0	24600
A3LXIHGONC6JIT	24601
A3LXIJ0BV8K2XJ	24602
A3LY4KEWH1UTPU	24603
A3LYAEH6HDDO24	24604
A3LYFRATW68EX1	24605
A3LYRMZZCG1RKB	24606
A3LYVB1JLWRHDN	24607
A3LYXYRNY1ZTM8	24608
A3LYYLHOEJJ9TU	24609
A3LZ6WNP039O8F	24610
A3LZA698SQPCXE	24611
A3LZEXBU0LP4Q9	24612
A3LZKAHZ6XOKG3	24613
A3LZKUQ6RQMXKB	24614
A3LZMSQ4IU3N4R	24615
A3LZVSXN9GH0M1	24616
A3LZWXI9AJ91NR	24617
A3LZXB9WABL8M4	24618
A3LZXUGYD2YF7Q	24619
A3M030W1X1RMQZ	24620
A3M06TE1J42O3T	24621
A3M06U4N3VLNPZ	24622
A3M07YLBNB1BCI	24623
A3M0GTG0X5Q1VK	24624
A3M0M6T65ZYJSJ	24625
A3M0N66TGYDDM1	24626
A3M0NK5L2YLMCQ	24627
A3M0RVZG1VDAYA	24628
A3M0SVKXPJYL13	24629
A3M0T8H0DIL3Z4	24630
A3M0XJIDMLA70W	24631
A3M17XG8HL7JRF	24632
A3M1A1YM65GIRO	24633
A3M1F7BNER0SN5	24634
A3M1RHIREM5YX7	24635
A3M2E3XL7QULQH	24636
A3M2GGY0GTW3E7	24637
A3M2NESXZPR6BP	24638
A3M2NU5V2RAWO0	24639
A3M2O06MCHJG18	24640
A3M2OJ1EUYS8AH	24641
A3M2QGNJQTQ205	24642
A3M2U2803IED3X	24643
A3M2W6GS4434JV	24644
A3M2X9IIYAO7NE	24645
A3M2XN7I20X92R	24646
A3M2XWZ7SMFBS1	24647
A3M2YXEQ019N2D	24648
A3M3CXC2I4JW9T	24649
A3M3HN5N6ZCWCP	24650
A3M3ICZZA6DR84	24651
A3M3J48P0CECG	24652
A3M3PBFHKTN5DK	24653
A3M3VKHI6CCLHV	24654
A3M40BO0JI5UKO	24655
A3M42XG8YM9OUC	24656
A3M4L6CT5XECIK	24657
A3M4S00NCQYC5C	24658
A3M4T3YV1H8Y7R	24659
A3M4YAX5EDONU2	24660
A3M55R486M5RUF	24661
A3M5Q5ZAUQ0U8P	24662
A3M5QWMUDUB0XS	24663
A3M5SVKEU847P4	24664
A3M5UYZ32P8DOE	24665
A3M60X6RI3TWLC	24666
A3M61RZBYON3U0	24667
A3M64X806HGJEW	24668
A3M64Z5YVV2Q1U	24669
A3M67BHA67S49G	24670
A3M6FSDG784SXG	24671
A3M6L0KYHLJT87	24672
A3M6L86GPYG0A9	24673
A3M6TSEV71537G	24674
A3M6V9ANORQPAD	24675
A3M6Z7FJ3G354U	24676
A3M7275VDTZ9AK	24677
A3M7996WFNPZ4O	24678
A3M7JVQ5ACLPEL	24679
A3M82NO6OU1FHS	24680
A3M84QHDMH8L8A	24681
A3M8QBOO3QCISZ	24682
A3M8RH1K9BX45H	24683
A3M8W6GG37LGJ6	24684
A3M8XD9O779E9B	24685
A3M93AADSKZLTA	24686
A3M99O2GXU84DM	24687
A3M9E21WQ5TODK	24688
A3M9GFCTB1KRW	24689
A3M9KBVBJIBERP	24690
A3M9NHHQFQ1E45	24691
A3M9P66YDEKWLO	24692
A3M9RZ69JQ6008	24693
A3M9S46U16IYLR	24694
A3M9T1EK9F8N9X	24695
A3M9XM5UVI1ZYP	24696
A3MA0GENSE798M	24697
A3MABDJN7UK1BY	24698
A3MABWQP7Y3IKF	24699
A3MAEYDHO20OPR	24700
A3MAL6LFQN18LM	24701
A3MALXREVOLP3H	24702
A3MAMHEH3YFW30	24703
A3MARYYNDJI5UX	24704
A3MASQGKKQC4WN	24705
A3MAT1NQF6UC4O	24706
A3MAYMGGPBWRHE	24707
A3MB0NK3S21DJD	24708
A3MB3ODXOZXWW1	24709
A3MB49AQ0HJ242	24710
A3MB8OBZFIVBAJ	24711
A3MBQ77WOM20A0	24712
A3MBRKEMNBASQ	24713
A3MBTOFG9VCIGH	24714
A3MBWEFV80NK9T	24715
A3MC344H57MD6B	24716
A3MC3BG9YYEYFD	24717
A3MC3D4G9U8097	24718
A3MCBU7UN1QBED	24719
A3MCD3BV77HYH2	24720
A3MCIAFO37VH14	24721
A3MCIS9HRSKWVT	24722
A3MCJ1Q5J3WIV9	24723
A3MCJIP2OP5OWX	24724
A3MCKE2J5F9XO9	24725
A3MCKRM5EI26PZ	24726
A3MCPNPCOLOCEI	24727
A3MCXG58AD31NK	24728
A3MCXIEAX35YEN	24729
A3MCYAKIXSZ9G4	24730
A3MD3O383OUTE7	24731
A3MDA891A1EPT8	24732
A3MDDEDF17LNSU	24733
A3MDF5QSBB6LRP	24734
A3MDTIP27VCHSY	24735
A3MDX580F0DZEG	24736
A3MEJ4WKMEYS3X	24737
A3MEMX0XF00TBD	24738
A3MEWDX2LLSTDK	24739
A3MF5JS52CO3X7	24740
A3MF61GRKDD3KQ	24741
A3MF7U80XJFWX	24742
A3MF8MA3YWDK5N	24743
A3MFH1N28EDZ87	24744
A3MFORLOKIOEQY	24745
A3MFRFE8EYHU9R	24746
A3MFSSNB1B5E6M	24747
A3MFU0GVZUVH3K	24748
A3MFWZC479PDD9	24749
A3MG13MFZFF6NO	24750
A3MG41TQBWVCT	24751
A3MG5E90YBW2PY	24752
A3MG6Y46ECJTPQ	24753
A3MGE7I6QDLGHB	24754
A3MGK8AI6NYBRJ	24755
A3MGN2SIBOETD6	24756
A3MGOB5O3UHPWV	24757
A3MGPW01PY4T0G	24758
A3MGUPD7C6CDIP	24759
A3MGXTYZTLW36F	24760
A3MH5XGU7B10C8	24761
A3MH75XEELHGY0	24762
A3MHB30XYTWSIC	24763
A3MHCEAU6GQQNW	24764
A3MHGA6BJJ7P27	24765
A3MHKCEW4S1UFZ	24766
A3MHUDH32RXAM	24767
A3MI47O6BIIC7K	24768
A3MI6FE0G78BBV	24769
A3MI6ZTS2GWPPW	24770
A3MIJ3DV3TSH68	24771
A3MIMUKDD64GT1	24772
A3MIQJ9CY8K8MV	24773
A3MIRXCE6CK0Z5	24774
A3MJ16YZAZTO3C	24775
A3MJ9BPOW1JSRG	24776
A3MJ9NWFGFXBK0	24777
A3MJCTB53MMEKT	24778
A3MJDMWEA3500K	24779
A3MJGFNQONLYN9	24780
A3MJISYNXNYEQD	24781
A3MJKB6GE93393	24782
A3MJN8GIIDP59Q	24783
A3MJZUIR8TUT6P	24784
A3MK7QOTTPBGQA	24785
A3MKAZWKTHHAEN	24786
A3MKB4DQO0N2OL	24787
A3MKI6NB6H41RH	24788
A3MKIWSP6RR2OC	24789
A3MKN257JGPNL9	24790
A3MKNAVMJTM8Y3	24791
A3MKOHLGXARW7G	24792
A3MKONBAB5B29R	24793
A3MKRAD7Z64ED5	24794
A3MKSMGZ70UJC6	24795
A3MKXXKJVNFLEB	24796
A3ML4JRJHNOG7A	24797
A3ML82IRDQNZKI	24798
A3ML92UHFX02LP	24799
A3MLGGEUKQ2AHX	24800
A3MLIALTC8GOSY	24801
A3MLVSTBNXDJFX	24802
A3MMC23X9EMJZP	24803
A3MMJEMXBJOJ8H	24804
A3MMO4P4U82GJ0	24805
A3MMOY1YAN4TXP	24806
A3MMVTD7DA3PJ8	24807
A3MN0GR13X5N74	24808
A3MN5MVG61C71W	24809
A3MN5S4M7MCJK4	24810
A3MN755NFQN1IM	24811
A3MNA37GGH4X1X	24812
A3MNBF8I3TH9WE	24813
A3MNMPRLQBSS5J	24814
A3MNZIGHKUI5YR	24815
A3MO1I7GEO0BWC	24816
A3MOHKAZ6IDZMK	24817
A3MOJ4RZO0CMUW	24818
A3MOZABSXJZIMN	24819
A3MPHJNQJ4LCN7	24820
A3MPIOQ6M5F8J1	24821
A3MPMQW327UCVQ	24822
A3MPQZFJW5BJ0A	24823
A3MPU3Y01EZG1G	24824
A3MPY2AZQZ4MQX	24825
A3MPZ913V8Z04Q	24826
A3MQAQT8C6D1I7	24827
A3MQFSY50DF4RG	24828
A3MQGTR9MF6LHY	24829
A3MQJJDZJGSRCY	24830
A3MQK752B7EWUA	24831
A3MQOJE1Q60V40	24832
A3MQU9GXW89HKL	24833
A3MR3BPIY2YNEJ	24834
A3MR3PRJMR54C0	24835
A3MRB1C0GJ6D22	24836
A3MRBUCGH66JTY	24837
A3MRMMNKXIRBQ3	24838
A3MRTII1OLQ16P	24839
A3MRUIKOIGZ6QY	24840
A3MRV396I1H75J	24841
A3MS1JHF5DCILX	24842
A3MS9BMORNXLUL	24843
A3MSC9HKLAMVKI	24844
A3MSCWB0YBU8N	24845
A3MSFF4QAVBLRW	24846
A3MSG1POHU5MBX	24847
A3MSGJ2XL591VS	24848
A3MSLB6D6DCHVP	24849
A3MSOX8LL8BXO2	24850
A3MSTBO3VF22SG	24851
A3MT09FHMAY654	24852
A3MT2WI1UF61N2	24853
A3MU33YJNP2FNB	24854
A3MU96A3E3OIJT	24855
A3MUAD6VHBA2HJ	24856
A3MUAWFFWPTQWA	24857
A3MUAYM3GD8K0Y	24858
A3MUFNK4D0K2KY	24859
A3MUQMD1MZWDV9	24860
A3MUSWDCTZINQZ	24861
A3MUU5LXKL9TQV	24862
A3MUXTFDA5O49N	24863
A3MVOOKH7M37O1	24864
A3MVT8U2F5BTAW	24865
A3MVWG0HVM4SY4	24866
A3MW52813EEB8L	24867
A3MW8B6I2LXVWR	24868
A3MWB1V96BE3LC	24869
A3MWP39R0W9TQX	24870
A3MWS1V3MMT486	24871
A3MWVER3ZXH4I3	24872
A3MWWJ1I3EN31P	24873
A3MX2RLWOFK75V	24874
A3MXD6Y9LTZQ4V	24875
A3MXXBDGJFYUHB	24876
A3MXXMLYBZM5Q9	24877
A3MY0BZMCLTKU6	24878
A3MY5JNC4WYK33	24879
A3MYAJIB91563Q	24880
A3MYXALHMDFNCX	24881
A3MZ5DTVE2WHY5	24882
A3MZCDK26WMJ4N	24883
A3MZEVY42JSMJW	24884
A3MZKH4O7KPKLL	24885
A3MZL3MCNLT28M	24886
A3MZNRSDQ32UUH	24887
A3MZWM75KSM1P6	24888
A3MZXR0Q2KSX0B	24889
A3MZY64K1FLLVU	24890
A3MZZ9W0WJP01B	24891
A3N03YZJL2WCU1	24892
A3N0KNA51YEBA7	24893
A3N0P5AAMP6XD2	24894
A3N0PBMHROT40K	24895
A3N0S3JB0CN34W	24896
A3N0SIFZCQ92X3	24897
A3N1331WMUPKO0	24898
A3N191AG1N0JO9	24899
A3N1BZ7190CI3J	24900
A3N1CQZGDK126Z	24901
A3N1JN1655YM7R	24902
A3N1L93IZL2X4R	24903
A3N1NCX4Q4XBKR	24904
A3N1OF1HMCE1TN	24905
A3N1RI2QMJJ2JS	24906
A3N1X8EM3G0ODT	24907
A3N1Y3PMKRSW6H	24908
A3N1Y441L5Q8CC	24909
A3N20TJU5K8IZQ	24910
A3N26CT3Z7WA6K	24911
A3N27L13CWJ9HY	24912
A3N2DZA2PXRRXC	24913
A3N2I59UQT85AI	24914
A3N2NF73BKRZZ3	24915
A3N309GVHKRSU9	24916
A3N318NGNTUDFU	24917
A3N35H0A9RB6AE	24918
A3N37IWYXIEFL0	24919
A3N38WV23HTHFD	24920
A3N3CNQD0L3HX9	24921
A3N3HEPW4RRE2O	24922
A3N3KSB1UM7I9K	24923
A3N3ST27FUV7Q8	24924
A3N3TRD4YGTKUY	24925
A3N3WE6U6N794O	24926
A3N3WWRXPZXGBA	24927
A3N3YN4IIUYCRX	24928
A3N3YXMN77Z2XQ	24929
A3N4ELEUN2R5W3	24930
A3N4K7TVT1D7KF	24931
A3N4QU9537CZ5O	24932
A3N4RYRXASS0XW	24933
A3N4THMK0T6YSD	24934
A3N4VTNFPMTHEF	24935
A3N567YXFQNW8E	24936
A3N5AKJ2OE4VFF	24937
A3N5BC70W8DMPW	24938
A3N5UONRS4CJE2	24939
A3N5W3C6CQRF5M	24940
A3N5WDXHKED4A8	24941
A3N5XNDRDX7QB7	24942
A3N65H2Q320Y4H	24943
A3N6CQ8PMM9007	24944
A3N6J2PZ6WFC1O	24945
A3N6O21QKBX4WW	24946
A3N6RLLWCCI9MQ	24947
A3N6SJVJNOJ6YK	24948
A3N6V1WP4ZJIH1	24949
A3N7BC7Q8PRCLH	24950
A3N7GBJ5NC8RUC	24951
A3N7OZQMWBONXS	24952
A3N7YH3JCT6BZ8	24953
A3N802Q305SLHW	24954
A3N84BD2NORZVP	24955
A3N86MZLKCBXD8	24956
A3N87BW44IUFET	24957
A3N89JRE34GM25	24958
A3N89MBKDL54DA	24959
A3N8O68DOEQ2FE	24960
A3N8PMDRZP1AFH	24961
A3N8SUM6D6T8B0	24962
A3N9CCJUUWCFUW	24963
A3N9D9YFKUCD3Q	24964
A3N9RM6DGSRRUH	24965
A3N9TOPHBENB9I	24966
A3NA8EQIQOZZXN	24967
A3NAL78RWTGDU2	24968
A3NAUCCSAAK8G5	24969
A3NAZ0GYRM6CZI	24970
A3NB1J2EIW3X5I	24971
A3NB2EPJGCCLAM	24972
A3NB76KHA3F7RJ	24973
A3NB7RXND2EEZY	24974
A3NBLM3K68YJVN	24975
A3NBRSA9SAXQI8	24976
A3NBZ6G901L8BF	24977
A3NC01WSYMH4L8	24978
A3NC13O0J1KZSF	24979
A3NCEOBR23N3Q3	24980
A3NCIN6TNL0MGA	24981
A3NCPT3N84OZSY	24982
A3ND2HQAYPZPIK	24983
A3NDB74D2JHYHJ	24984
A3NDC5OFIOOHNU	24985
A3NDCJ6BA9K8SJ	24986
A3NDGGX7CWV8RT	24987
A3NDGMG1I216AX	24988
A3NDLKIMAWN24W	24989
A3NDPX33N04JW5	24990
A3NEAETOSXDBOM	24991
A3NEDODUMFX0R3	24992
A3NEW1OQL95R23	24993
A3NF3I4LUDOPTV	24994
A3NF4M5ATPLZYB	24995
A3NFJJYHUU68IQ	24996
A3NFYLKLB3DYX	24997
A3NFYMJ0HER33S	24998
A3NG7A9KSPZIUK	24999
A3NG7X4APIV649	25000
A3NG936AKNOY2E	25001
A3NGABXDIB0POU	25002
A3NGF7K94H0B9L	25003
A3NGGFGH6ZZHLS	25004
A3NGOG8Z78AZSD	25005
A3NGRWRYPK8MVA	25006
A3NGX35C4OQNBV	25007
A3NH0RRMYJQASN	25008
A3NHG1UIRHHCTN	25009
A3NHMJCO27RUOD	25010
A3NHNGCN5UNMMR	25011
A3NHRCM5X2RARQ	25012
A3NHUQ33CFH3VM	25013
A3NHUQF8UGCK18	25014
A3NHZR8IQ92VE9	25015
A3NI12Z2AC2PK3	25016
A3NI23GUZHW3MR	25017
A3NID9D9WMIV01	25018
A3NIK0NCH2MZ07	25019
A3NIQOE0M1NNV7	25020
A3NIV8Z7HJGNZO	25021
A3NIWL78NW3F67	25022
A3NIZY52398CZ9	25023
A3NJ3IX96I8630	25024
A3NJ8BTY5151XI	25025
A3NJ8UUM77OPF3	25026
A3NJC6CHXF9UF3	25027
A3NJC8R9DD0IPY	25028
A3NJIIDIXLQFIN	25029
A3NJR3DA6Y0KBA	25030
A3NJVY0J6ANF3L	25031
A3NJWUW55GQ4P5	25032
A3NKDXIISHO6IO	25033
A3NKJT0XIX694D	25034
A3NKRV6J3KT5C1	25035
A3NL6I9LM4S7CF	25036
A3NLG4XRJNNNBE	25037
A3NLXG52G0FF61	25038
A3NM0IXDR8HBR8	25039
A3NM1MT3Q2FHXV	25040
A3NM1UC5161FPA	25041
A3NM6AGOA5JUK0	25042
A3NM7WJ3H1VOC	25043
A3NMEVDA703NXC	25044
A3NMF97S4YRMHH	25045
A3NMG7SSNZNE7F	25046
A3NMGKC0K85YVM	25047
A3NMJ4OPK587WV	25048
A3NMQLL3Q3YSM5	25049
A3NMSAKV0RRIDD	25050
A3NMSXJZSMV5IL	25051
A3NN1PGBOFP28Y	25052
A3NN40IM7X0O10	25053
A3NN60Q58SLQR4	25054
A3NN8CIUFHU230	25055
A3NNM78UU82CMM	25056
A3NNWIHL0XN9Y1	25057
A3NO1H9WHUT4LE	25058
A3NO7QLC4ZB69H	25059
A3NO9NOCWLFAAJ	25060
A3NOBH42C7UI5M	25061
A3NONIK5AGTJUZ	25062
A3NOV7ESDS0KAJ	25063
A3NP6E40OS834Z	25064
A3NP8AX6Y4DHN8	25065
A3NP8YCWV1RIMD	25066
A3NPA5D75UHYM1	25067
A3NPCFIAXKXU5J	25068
A3NPEVFNN2ZWTA	25069
A3NPI77YCKNIJ3	25070
A3NPL7H30YRW86	25071
A3NPM74YZKZG9G	25072
A3NPP6SN6QGP8U	25073
A3NPVNUVK2RU8O	25074
A3NPVYX0TQC60U	25075
A3NQ0W13375YIT	25076
A3NQDGKMOSN191	25077
A3NQLKUNEG474M	25078
A3NQSN3D19ECZ7	25079
A3NQU1649SH0Q4	25080
A3NQVI690KTY03	25081
A3NR01TLMPPAQK	25082
A3NR08HZ9C4BYT	25083
A3NR13G06A4619	25084
A3NR8Q9OJB65BW	25085
A3NRHBDJBB9JM9	25086
A3NRIS6JOJ2R8K	25087
A3NROI3DFC0WKD	25088
A3NRXNOY2QM9V5	25089
A3NS3E1A3NTN9	25090
A3NS59RBZTIDCU	25091
A3NS9XX567J13Q	25092
A3NSDDZOW624ZR	25093
A3NT7QB47IWIHL	25094
A3NTAJ0B1KY50H	25095
A3NTAQ473SV08U	25096
A3NU0DF5ZDL1EB	25097
A3NU1E3IQBF1L5	25098
A3NU76D1SFE9R5	25099
A3NU7960X4FZ64	25100
A3NUD7O0XZ30ZN	25101
A3NULLXRV4IN3A	25102
A3NUUJF2S2ZWAD	25103
A3NV1QJXDIGVG8	25104
A3NVJJBL57QONO	25105
A3NVKBZ45RV119	25106
A3NVQJAN7SGC9A	25107
A3NW0SCK1YEZUM	25108
A3NW3QH8ODZU87	25109
A3NW6FSU5ZASQQ	25110
A3NWH8MB5OTZBY	25111
A3NWJ96SNO1E0R	25112
A3NWKBA9ZXWH5W	25113
A3NWSGFSARF99I	25114
A3NX1LBHVA86DU	25115
A3NX4BZ58A640M	25116
A3NX6AN1ZC2BF9	25117
A3NX6TQ4VG4PBT	25118
A3NXAN5ACMVNY8	25119
A3NXCAF2T6Y1NP	25120
A3NXF691GOQK17	25121
A3NXJDNTQK2YJL	25122
A3NXLTZUFUNIWK	25123
A3NXOKJ2HEV7OU	25124
A3NXPJ5AIJ1VQK	25125
A3NXRI1PSZNXLB	25126
A3NXSHSJ57IKLF	25127
A3NXYXWHJ1FQNS	25128
A3NY2WYBAED1ZW	25129
A3NY355LONWAU1	25130
A3NY77KX9291O	25131
A3NYB7IK9O3CSU	25132
A3NYKHD0CE645Y	25133
A3NYZ5P8VEI3ZY	25134
A3NZ51JH6UR9EQ	25135
A3NZ74QTATJ45W	25136
A3NZH8HRZWOZ9R	25137
A3NZJBGXKQ7MC6	25138
A3NZOWWKODWLIY	25139
A3NZV2982RUJ60	25140
A3NZZTLPQ1Z10E	25141
A3O00BUEBIFVAR	25142
A3O0ASFHX0MZ9R	25143
A3O0BLSYF6ENTI	25144
A3O0IKJI5OLDIW	25145
A3O0N562BLZ4Y8	25146
A3O0SS8V2QMHP4	25147
A3O0UXVZTDC7M7	25148
A3O10ZTQSU6RKX	25149
A3O12K1YQR2FZ9	25150
A3O1FALKBV08YQ	25151
A3O1FEQI64S2K0	25152
A3O1FORN4LU2RM	25153
A3O1JLO5328TM0	25154
A3O1OLQ5PSS42D	25155
A3O1TSBJNWLNP8	25156
A3O1Z5QNB1SP3B	25157
A3O1ZITMGXMZDE	25158
A3O25EJOHRWDQD	25159
A3O25NLICJ89US	25160
A3O2EKTQ2HJL1R	25161
A3O2G4BEGY480C	25162
A3O2HSTJ0Z1GHH	25163
A3O2RXBKZEW0PH	25164
A3O32D6FN0RW02	25165
A3O3706QP3W7Z2	25166
A3O3JPYDH9Q3Q0	25167
A3O3NKGZQULFM7	25168
A3O3QJFOVMTOCW	25169
A3O41B2H1LE3MZ	25170
A3O440F2XDTGG5	25171
A3O448OA0G62SL	25172
A3O483TJGU65G4	25173
A3O4M843FE0T6R	25174
A3O4QM66IHX8KD	25175
A3O56PDSWBBB7E	25176
A3O58GTFRLM41W	25177
A3O59Q96TC50II	25178
A3O5GLIXZ8MVHA	25179
A3O5H3HATO4VCL	25180
A3O5N1RTCE9TUH	25181
A3O5PYSHZ66ZGA	25182
A3O66INL5R5H9I	25183
A3O690L0GM5XMM	25184
A3O69XN36T5FOG	25185
A3O6DMG1QGS3RC	25186
A3O6DSWH7T4S9I	25187
A3O6PXMBVDDPOA	25188
A3O6RSGIVYWPIW	25189
A3O730IL2A9MEN	25190
A3O75QIH2ND659	25191
A3O75UULU0XR60	25192
A3O77Z7CIKOZHR	25193
A3O7DZOQ0US83Y	25194
A3O7LSTW4OQ49C	25195
A3O7LVFESZEMH7	25196
A3O7MMNPLXPGLQ	25197
A3O7RJA2F7NXQ1	25198
A3O7W9MC4S5LTI	25199
A3O7YA577SL5I6	25200
A3O83KJPEHVZW3	25201
A3O84RXKF07IRK	25202
A3O86CUY520CPY	25203
A3O8GLYUI44T79	25204
A3O8MK56TSKK4J	25205
A3O8N8NG4PSRY9	25206
A3O8TPQ3OT4A9Y	25207
A3O8UWK94J4GQN	25208
A3O9H8S9GWWB8R	25209
A3O9OQPU2TZ1KH	25210
A3O9WS7FJA80Y4	25211
A3OA4DV4L81N1D	25212
A3OA5JIY7MX6QS	25213
A3OA5X8LOLICI1	25214
A3OA7AD2C545MP	25215
A3OAHDGVT0P54C	25216
A3OAJTTDNQP3V1	25217
A3OAPA74XSA120	25218
A3OASQ4ZCT57AY	25219
A3OAWVJRQQTB3H	25220
A3OB8U8362U5XV	25221
A3OBHWDRDF7V0I	25222
A3OBK0NQBTV79H	25223
A3OBYI61FITTQ5	25224
A3OC1XBXM9XQKW	25225
A3OC33Q3NZRU66	25226
A3OCA6HVECNHWB	25227
A3OCCRWCIU3RV5	25228
A3OCDFK0ZJ7898	25229
A3OCIWPCPXNN0I	25230
A3OCRSA7EGFS11	25231
A3OCU2P1ILK0TI	25232
A3OD255TJDZ7HL	25233
A3OD2LRVPAH5CD	25234
A3ODG7Y53Y04R9	25235
A3ODI5PHY9L7BC	25236
A3ODJIHO6H3YG	25237
A3ODWCPYP9W58H	25238
A3ODZK83USG53W	25239
A3OE4VJOJNCS03	25240
A3OECW7R6SXY34	25241
A3OEDE7Y7XZYC5	25242
A3OEIPLU13BEW2	25243
A3OEPR1T58V2L2	25244
A3OEU8V5WHB3RR	25245
A3OEVU8VYMOSML	25246
A3OEWQXYMIXYVI	25247
A3OF1S2WBC1WJQ	25248
A3OF5VIA60JPJV	25249
A3OFCCVOA11M04	25250
A3OFZVU80TZQA2	25251
A3OG4VMCPV5YKK	25252
A3OGFGPFIVW7QZ	25253
A3OGKNT24IBF2B	25254
A3OGLLTZKBUDVY	25255
A3OGQEZ9OLXSEO	25256
A3OGZ2623KFK1Q	25257
A3OH59FU25SUPG	25258
A3OH87VLWQ3O0B	25259
A3OI3ASKSUVH3K	25260
A3OI8FH6YIQM06	25261
A3OIHU92M34QFI	25262
A3OIM8HNE1UYSS	25263
A3OIPEJ73Z1YQU	25264
A3OIPQ0N6E2JWT	25265
A3OIXQ9MAZYQKR	25266
A3OJ23DF2MAPO1	25267
A3OJ2EBF4YK96R	25268
A3OJ468M9L4RWR	25269
A3OJOJXPNCWSUY	25270
A3OJQNFN6EVWRF	25271
A3OJSXR0NPFDNJ	25272
A3OJVZTUSBMM26	25273
A3OJYSF3CURSR1	25274
A3OK0EFDRDVA5L	25275
A3OK1BBHL6ZQYV	25276
A3OK290LZHEVFF	25277
A3OKOY9TMSGRBH	25278
A3OKTTM5WAALP8	25279
A3OKVIEOCH201P	25280
A3OKWVCGG347KT	25281
A3OKYA5YVAG6WD	25282
A3OL2XYJZ2VUD9	25283
A3OL74I0JQZAUE	25284
A3OLA1AQ5EMSMI	25285
A3OLA91CE5F52B	25286
A3OLJGKUNWKOGS	25287
A3OLSOEETS6PBG	25288
A3OLTLUNEPW2SD	25289
A3OM0I03DI716U	25290
A3OMOF1DY5PNLQ	25291
A3OMPH5DJS08KZ	25292
A3OMQWY9A99HI	25293
A3OMZR256R6P8T	25294
A3OMZRJOLEJZIQ	25295
A3ON21KYGEY2RR	25296
A3ONAWRTCYAR4T	25297
A3ONII9X9JLI16	25298
A3ONQRTU9DNVPA	25299
A3ONR0WWEC3SAB	25300
A3ONXC8B4HW09P	25301
A3OOABI53BVHME	25302
A3OOFANSVHN05V	25303
A3OP7BQ9NP8N5D	25304
A3OP7YR7NG4OH5	25305
A3OPGNQT5FDBAF	25306
A3OPI53S56MFAS	25307
A3OPIA6LEKKG21	25308
A3OPRM6W3LV9HG	25309
A3OPSP4A62QD51	25310
A3OPUHQ5HU6AAL	25311
A3OQ1ZK4EB8ALD	25312
A3OQ209RAG8N9I	25313
A3OQ30RR8ASUAE	25314
A3OQF8TWZ59LWO	25315
A3OQHNJUIHQZTA	25316
A3OQOIIA2O9I4	25317
A3OQT2Z756XXEX	25318
A3OQUM59UOZYCK	25319
A3OQX4MD953LTJ	25320
A3OR8PXWEK0LL8	25321
A3ORHERX7VY6ZN	25322
A3ORK411MGLXNS	25323
A3ORV1QBL4K9U1	25324
A3ORWR9754FAFL	25325
A3ORX1ZSIJCZN8	25326
A3OS08H6KAWIIG	25327
A3OS1SO09S3WRJ	25328
A3OS5M8BO19GWK	25329
A3OSHB0AACYN95	25330
A3OSS6QKUZHRXL	25331
A3OT3D19N3WPU	25332
A3OTEL3HMID5ZJ	25333
A3OTJGTGJWFRUV	25334
A3OTNPX43778QK	25335
A3OTOJ3YLG7OOR	25336
A3OTQ8Y2OSF5I3	25337
A3OTZY79KC0X6V	25338
A3OU5TKCGW45H8	25339
A3OU81LAFVJOIN	25340
A3OU8QHX1588SZ	25341
A3OUBB7G1CODE1	25342
A3OUGDEUS3EIF	25343
A3OUGV8DMW009	25344
A3OUI7AYB4EFKG	25345
A3OUSPGU4G0GYR	25346
A3OV02XNWVVQ76	25347
A3OV70ELSD5KD	25348
A3OVAZG3IK32WC	25349
A3OVD5RFFLH9U2	25350
A3OVFKEOJNJ89I	25351
A3OVLUPH7N96YP	25352
A3OVP43SI4BAEK	25353
A3OVZ3PDXZ4NGJ	25354
A3OWJ8F79S7UK0	25355
A3OWRKCV3DBBRS	25356
A3OWYXTI802I48	25357
A3OX7CDDLATRXK	25358
A3OX88VHAG3VNU	25359
A3OXF9UXYZT44L	25360
A3OXHLG6DIBRW8	25361
A3OXLOEVIOYYKO	25362
A3OXOY8F90BLCX	25363
A3OXRFCJI67IMN	25364
A3OXVIXRDD2IAI	25365
A3OXXZT736O0Y6	25366
A3OXYL4QZIYMAK	25367
A3OXZEQ7WZNKER	25368
A3OY2U6J6IW6RH	25369
A3OY4GONV46MSA	25370
A3OY9JFTHSUBER	25371
A3OYJUOJRYU8K1	25372
A3OYM94QA3ZAQW	25373
A3OYMM2C9AWQ3A	25374
A3OYX2TR7HH7MY	25375
A3OYXL97N0ATAT	25376
A3OZ0KBZOA2Y14	25377
A3OZ10H6BVNERP	25378
A3OZCIHMV4JRVU	25379
A3OZIAEL6970QS	25380
A3OZQDZD6KIJW8	25381
A3OZR1HAPF767K	25382
A3OZSNL0BHBYS	25383
A3P00JCAR1DUEQ	25384
A3P067FG6URLN7	25385
A3P09N99T4VIXZ	25386
A3P0S61BLF6IOX	25387
A3P0YK3JTXYLVY	25388
A3P10ORRTTVOEC	25389
A3P1508PZ0UADD	25390
A3P1IKQF48X2CQ	25391
A3P1SFHXGT2GK6	25392
A3P1SVONO50V1B	25393
A3P1V2LWTUZFCJ	25394
A3P21LTE9FPQHI	25395
A3P21OJVO2G71Y	25396
A3P25WDH4TV01S	25397
A3P28FX6M0W38H	25398
A3P2FATSXYDQ0Z	25399
A3P2I0QW6J16Z3	25400
A3P2IEOCMBL2Y9	25401
A3P2Q27D7DGOFE	25402
A3P2QYODSFVNAQ	25403
A3P2TXT2WDMZR6	25404
A3P2YQDW36Q7XK	25405
A3P31I1WLV67AL	25406
A3P34FDM346ZK2	25407
A3P37M78N7ZI60	25408
A3P40ZULHDR30L	25409
A3P4122GENRBPJ	25410
A3P4H47YZ9YS8S	25411
A3P4IWB6IQYJG1	25412
A3P4KHBLTJG3GQ	25413
A3P4TJUF01L7VH	25414
A3P4TPYXV8FKSA	25415
A3P4TSKVY4TRAE	25416
A3P4XUKDFEX1XV	25417
A3P5EXD30S2NHF	25418
A3P5G64FFNWSWC	25419
A3P5JO09F34VWH	25420
A3P5MHB1NSWRPN	25421
A3P5NKR8TL4P6O	25422
A3P5OJEJW4WNBS	25423
A3P6453TUQUFOT	25424
A3P668XWFK46S0	25425
A3P66YCEVVJ62C	25426
A3P6E5TBYKWZZN	25427
A3P741CSW41TM8	25428
A3P753NDLP5TP3	25429
A3P7D8AZ84L82W	25430
A3P7GQWGN5RZHH	25431
A3P7I4YL21MWX9	25432
A3P7NLRAUEUA7O	25433
A3P7XP6GHWBLIW	25434
A3P7ZTEFLEA7T9	25435
A3P8190IC94PKS	25436
A3P83ATPJQ86I8	25437
A3P8FX9FN1JI7W	25438
A3P8N3YORM08CA	25439
A3P8NB5UR8NV6B	25440
A3P8Q0ANP6CNH8	25441
A3P8UPPM2S5OYQ	25442
A3P8YI0OFQ4WC5	25443
A3P9BN02LLPDPH	25444
A3P9CI11WKDATT	25445
A3P9LBA19I8TZA	25446
A3P9OYUD5RER20	25447
A3P9QLD5KJD0IX	25448
A3P9TZH3I5TO51	25449
A3PA0RYCFJ28MY	25450
A3PAE40PWT7NYD	25451
A3PAFSQSX7Y12B	25452
A3PAGFPUSST53W	25453
A3PAN623AXWQFO	25454
A3PAO60Y34HZJN	25455
A3PAQOLZQWN91R	25456
A3PAZ88Y3LWN9D	25457
A3PB185SERTW2S	25458
A3PB1FI3R9V7PY	25459
A3PBB3N07RCY86	25460
A3PBB6HOWMVH5Q	25461
A3PBDF9QQARL7S	25462
A3PBVKRB5NLM41	25463
A3PBWE27JXF7N0	25464
A3PBY5FB5IQKFD	25465
A3PC6Y8964HLFV	25466
A3PCEB9ND82AGE	25467
A3PCXCGFT1S1V8	25468
A3PCXVT2GY6BJ7	25469
A3PCZXUN18IFE2	25470
A3PD1LW2MYHIH9	25471
A3PD6RO3DHNH53	25472
A3PD7KINO1SGG7	25473
A3PD8JD9L4WEII	25474
A3PDAT5YSC7QOE	25475
A3PDEDHB222Q4N	25476
A3PDGWYC08DXF4	25477
A3PDIOTAS2D1O2	25478
A3PE4UB27MTCCF	25479
A3PEATAHIVRRUI	25480
A3PEJSULM13CQS	25481
A3PEQDXTZ0G6XK	25482
A3PERENVM7YTXW	25483
A3PET632HYXUHA	25484
A3PEVZFANDWG77	25485
A3PF43X9CS9N37	25486
A3PF6M11V5R886	25487
A3PF9GDXS5S032	25488
A3PFFCPQKVU42C	25489
A3PFIVKFP67LHH	25490
A3PFLP31VHSZNS	25491
A3PFNAOW11FTRC	25492
A3PFORXA3XZHSI	25493
A3PFPCLQL4PJQM	25494
A3PFQVXE61DG3U	25495
A3PFSIPTQO2L47	25496
A3PFU0D714E109	25497
A3PG6W9NVL8AKF	25498
A3PGBV6F8BGJ52	25499
A3PGE0N774CEXW	25500
A3PGEBL0BLYNWQ	25501
A3PGED0E1VBPRT	25502
A3PGHKJGKVH6ZR	25503
A3PGNBZ1N2I7D1	25504
A3PGR8QXG6FVXI	25505
A3PGS9RW2MAT0N	25506
A3PGVJF37JSHFO	25507
A3PGZ7CJZIK2AK	25508
A3PH0KW27XLO5W	25509
A3PH0NOMXEHO8J	25510
A3PHFS69VM338T	25511
A3PHHQUAD9U4DT	25512
A3PHL18RYME2UB	25513
A3PHW1UYLKIMH1	25514
A3PHWH3X4AW5WZ	25515
A3PI0ZXIQ3Y5VX	25516
A3PI4WRUV9FA3L	25517
A3PI6NI8UN2T9D	25518
A3PIDQJQK13YMJ	25519
A3PIRA9KWE5WKE	25520
A3PIW7ZF4C5ZJL	25521
A3PJ0TNZOJ2MCI	25522
A3PJIS5V56P4Y	25523
A3PJZ8TU8FDQ1K	25524
A3PK1N0UGNID89	25525
A3PKGDVH2R1EZ3	25526
A3PKXLIC2GVT8X	25527
A3PL07N6MGEHVQ	25528
A3PLAQTXZXTF50	25529
A3PLB20HXRJEU8	25530
A3PLBAYDL70M9T	25531
A3PLFEADMDT96S	25532
A3PLGU40324Y8V	25533
A3PLJJIN80R9K5	25534
A3PLSE1DHYB3E5	25535
A3PLSXY81Z52XF	25536
A3PLZLAXNFVNQ0	25537
A3PM5DH1D3E1EI	25538
A3PMF6DVKGFCN6	25539
A3PN85ABOGGMHT	25540
A3PNBZ60XRKZFP	25541
A3PNK1JFOIC3YH	25542
A3PNT3969Y7H2K	25543
A3PNTHT4OBBSJO	25544
A3PNX3HJ19HYNB	25545
A3PO0DI0HMNZFM	25546
A3PO0PD1O2CXU9	25547
A3PO49827668IE	25548
A3POCGNTZE7CRM	25549
A3POFHRR20UKS3	25550
A3POGQ1C8OFOMQ	25551
A3POJ33TOFKPYB	25552
A3POJV0EEOS5FC	25553
A3PON17TWPXCPH	25554
A3POQXEQHPG85M	25555
A3PP8SO3UP7RHX	25556
A3PPACBO0HAIVL	25557
A3PPFW1RHMAULY	25558
A3PPODCOABYH8S	25559
A3PPPADJUL7OG9	25560
A3PPQPP06WWDJ0	25561
A3PPY2UX9K8B0V	25562
A3PQ0ZHUB56C7K	25563
A3PQ1W6XP5G7EU	25564
A3PQ2GVEVN62PM	25565
A3PQI14CLMP22E	25566
A3PQLE9ZGKS526	25567
A3PQTLORUKTSQU	25568
A3PQUA57IVNSAN	25569
A3PQUSU35MJICT	25570
A3PQZIK1NP1D0I	25571
A3PR4XWB19XDSF	25572
A3PR94RJJK85KC	25573
A3PRA6CBC5229C	25574
A3PRA7DAN3N3ZC	25575
A3PRF6LJFSDU57	25576
A3PRGMG4G3NT87	25577
A3PRPDKYRUG6NQ	25578
A3PRRPPBJLK438	25579
A3PS1TRV26VO8A	25580
A3PSB2A4691UEN	25581
A3PSCL2RXFINQ0	25582
A3PSGM7T1GK049	25583
A3PSGWX44XGW76	25584
A3PSJEB2O37G8U	25585
A3PSL7ULVHJRD2	25586
A3PST9OA48HQGT	25587
A3PSV9QV5JQV1T	25588
A3PSWADKX3Z9UD	25589
A3PSY4CLE5N9LO	25590
A3PT0WHSYQY0J4	25591
A3PT1IBVIPMVPJ	25592
A3PT86YP5P1LIW	25593
A3PTK9U2689ZLX	25594
A3PTR3M8UVC47K	25595
A3PTTUDKFOI8EQ	25596
A3PTZPN8EOJX10	25597
A3PU4D7YKP5KWG	25598
A3PU82N7RO8KST	25599
A3PU8HOIE1LWIW	25600
A3PUAZ6L97FT78	25601
A3PUG1AZK50TYO	25602
A3PUL78WKGBACR	25603
A3PVBPPEN5WC14	25604
A3PVOKGXUM0QUJ	25605
A3PVUJ3XSVFPOR	25606
A3PVVB5XJIWPDA	25607
A3PVZ3MNZH36SY	25608
A3PW0TX1DXN707	25609
A3PW1SRE8IJ7BU	25610
A3PW2A2JF67SVT	25611
A3PWALFIPMSFLB	25612
A3PWDPQ4B1S7G8	25613
A3PWFMYA45TGMN	25614
A3PWUTI1GOMP0Z	25615
A3PXDE055W880X	25616
A3PXEHQ50U0W17	25617
A3PXHSWHX7HA94	25618
A3PXKPBIT9V2QK	25619
A3PXP5OAIYK3FT	25620
A3PXPR5O0HDEFY	25621
A3PXQXO65C1R8S	25622
A3PXZ8TOQNGLA	25623
A3PYCXB5DIEOBB	25624
A3PYIKPXP1L0YI	25625
A3PYM0R9EWXFFG	25626
A3PYQ83VEHKUUR	25627
A3PYWDMEW1CEGT	25628
A3PZM15SU7V48N	25629
A3PZNA0Q81TASJ	25630
A3PZPM1NN68B3E	25631
A3PZR1PPVVQC6C	25632
A3PZUU2DQ3NNHT	25633
A3Q01Z3DDAH554	25634
A3Q0HPS1OI9621	25635
A3Q0K57TNNRGON	25636
A3Q0V1ZMX5MFY2	25637
A3Q0ZAW0WY3B4C	25638
A3Q112ZJ6WEM0X	25639
A3Q11JB1BTGPW1	25640
A3Q15K4EUXXHLX	25641
A3Q1AMDRFUVMX3	25642
A3Q1JCE9CY2YAO	25643
A3Q1KIDFJ8THMP	25644
A3Q1O9ZS2F9WS7	25645
A3Q1R2ESJI9Y8U	25646
A3Q1RL03VCGX11	25647
A3Q2EEVIS5M626	25648
A3Q2HW41XACQAA	25649
A3Q2JMJNMVCGFI	25650
A3Q2YDC2QZ1UM1	25651
A3Q2ZKPRVYI3FL	25652
A3Q38HRIH878HR	25653
A3Q3GXZDUHAS1A	25654
A3Q3HEKKBZEV45	25655
A3Q3ICZ7K0RA1V	25656
A3Q3JRT58GM094	25657
A3Q3RPLWC3SQBC	25658
A3Q422EBJ9ADAI	25659
A3Q457JRXYF7BY	25660
A3Q4A2AA813QBW	25661
A3Q4QC7S3SUWK8	25662
A3Q4TT5Z0SZAQX	25663
A3Q4TYJVAM4IRM	25664
A3Q4XKJDI1RLBR	25665
A3Q4YXWX0M5XKZ	25666
A3Q50MME1EO29R	25667
A3Q51J7LAWM8Q0	25668
A3Q5AF9C6MSN18	25669
A3Q5CNXOJZIZQA	25670
A3Q5CUQ6U2CWSK	25671
A3Q5O8568PHKVK	25672
A3Q5OISFM2FTT1	25673
A3Q5U81CGNTYWA	25674
A3Q5UOMAMX5OG7	25675
A3Q5UUD0KZONTW	25676
A3Q5X21RR0HQJY	25677
A3Q61D065RMXGP	25678
A3Q68R34AM0GGW	25679
A3Q6BH62NS629	25680
A3Q6G631VH4KVI	25681
A3Q6NN6ADI4MMB	25682
A3Q6SS7MISO4OY	25683
A3Q71H7LWFW70S	25684
A3Q77UA6I1LLZC	25685
A3Q7JYLAT345Y1	25686
A3Q7Q6QDA0WLMU	25687
A3Q7RO7DGD26AX	25688
A3Q8B4D2VMT5PY	25689
A3Q8K1KCFNYSJO	25690
A3Q8NFJP15VKFV	25691
A3Q8QEWI0M3DNE	25692
A3Q8RALYOLC51Q	25693
A3Q8W33C4HG0GR	25694
A3Q8YLZPFRIP2A	25695
A3Q8YVG7YVFZW5	25696
A3Q90JARBPQ51Y	25697
A3Q9DVV5C51CFL	25698
A3Q9FHQGZDRFB8	25699
A3Q9HY0LU7MN6E	25700
A3Q9O8RE23KXTR	25701
A3Q9SHY2QS5DEQ	25702
A3Q9ZYJQCF47MF	25703
A3QA0BBQW08DLZ	25704
A3QA9LIZVG61RZ	25705
A3QAAVAR6E3EUS	25706
A3QABR4VLX74J5	25707
A3QAE4CH5WXRAP	25708
A3QAJLV8E95O3P	25709
A3QAKIQRRASFUM	25710
A3QANIPQ4OAX6S	25711
A3QAQB6BRL9H3C	25712
A3QASRKWRGXYTK	25713
A3QB42QA8DCJ8	25714
A3QB616IO58EP4	25715
A3QBFMVZGPZF6W	25716
A3QBJNOMKLCGNL	25717
A3QBKYANO0T7O0	25718
A3QBQ3ZMU0IZQN	25719
A3QBYJRDQ0KS1W	25720
A3QBYS6X6R03KL	25721
A3QC0PB3XGEFLH	25722
A3QC4WXNN65RR5	25723
A3QC533RQ1X3ZV	25724
A3QC8F26045YSI	25725
A3QCBP1Y4QOF65	25726
A3QCN8WYG4OG8G	25727
A3QCT29837JYXM	25728
A3QCUODM162BHN	25729
A3QCX44324X7EA	25730
A3QCZ5CAVNF0MU	25731
A3QDE51R520FKN	25732
A3QDPQBJAJC6C	25733
A3QDVDVJWD1NOK	25734
A3QDZKUZY8R8W	25735
A3QDZUQJE6MPZJ	25736
A3QEC2WLZ9V7TS	25737
A3QEDG5QQW2CVP	25738
A3QEIVO8AB3YMU	25739
A3QEMX1DV6EX6L	25740
A3QEN9KKOF8NHL	25741
A3QEPTBGILU2EF	25742
A3QF4C6VH5ONJK	25743
A3QF87EWX0K9MR	25744
A3QFAJ0CE4F31T	25745
A3QFD0J9ZWFOHX	25746
A3QFLDVM5RUNS6	25747
A3QFRKNOF5UYOF	25748
A3QFYOAH4K2GIL	25749
A3QFZJZ22WHX80	25750
A3QG8KWNDIAUTC	25751
A3QGFD2MBEKKTT	25752
A3QGHN1P9KCFLF	25753
A3QGL4W4KC6I45	25754
A3QGNWDOR1C66G	25755
A3QGSZ5VCUVY8B	25756
A3QH021U3Z537L	25757
A3QH1L1Q2E9CNI	25758
A3QH38VS8EX3U6	25759
A3QHSYM3ML57MG	25760
A3QHTSP8KVXTMN	25761
A3QI3C7CWPTCTM	25762
A3QIC8IEI4PTQL	25763
A3QIEISBZP4QTV	25764
A3QIEPFQ3KX2SI	25765
A3QIGJ8TMOF9KA	25766
A3QIIFCE6T9KUE	25767
A3QIQ497BX1U5U	25768
A3QIQ87YYOBLF	25769
A3QJ43QJ565I41	25770
A3QJ8RW0UQZHFL	25771
A3QJ96RYCTXP4V	25772
A3QJFJFTECNOGO	25773
A3QJGC6TBUW6BB	25774
A3QJR07X13UVMX	25775
A3QJRCELCL08DX	25776
A3QJWPMUQOCZXY	25777
A3QJWRJG9GBD9C	25778
A3QJYMFEATJRNM	25779
A3QKDISZEQ6SKZ	25780
A3QKG1L0KNPZHO	25781
A3QKJVU72TWGXW	25782
A3QKUOHGH6SUNB	25783
A3QL1YMF8DGV14	25784
A3QL58D59YO4XV	25785
A3QL5OGJM1RUJC	25786
A3QL857ALV5RCJ	25787
A3QLADC679YJSQ	25788
A3QLCKK2SOZTXZ	25789
A3QLLC0NV3XZ62	25790
A3QLU0HDIKJ9IB	25791
A3QLWF9JHU1JSC	25792
A3QLX9FGC5KPZH	25793
A3QM53A9A7YENO	25794
A3QM9QX27HZ3SI	25795
A3QMDZTRWOIQS0	25796
A3QMFORWB5R5JD	25797
A3QMHEOQCC30A9	25798
A3QMJGDGE9HRF1	25799
A3QML0KTN8B2FC	25800
A3QMOVLXZQR5SH	25801
A3QMROL5K18IKY	25802
A3QN1DHU09PHZ5	25803
A3QNCIHNUIQJMG	25804
A3QNEEBUO7VYZX	25805
A3QNQQKJTL76H0	25806
A3QNW63YC9V86	25807
A3QNX5KWHDV0GD	25808
A3QO5YL2WMRN8W	25809
A3QO73FZ1J4DIT	25810
A3QO90L2Q32M7A	25811
A3QOGOZMU4E45E	25812
A3QPCXPORY9KW3	25813
A3QPFBTJ7EDJYN	25814
A3QPJBTM1BHHI0	25815
A3QPO44PJFB82R	25816
A3QPP51755OAX5	25817
A3QPU6ZV283Y95	25818
A3QPXQNHSE5TPD	25819
A3QQ32OCO11BB0	25820
A3QQD1V68HVUW9	25821
A3QQGPI3CTV9SX	25822
A3QQIYQ5C0NZGT	25823
A3QQL6OO7LSGVQ	25824
A3QQQ4LGO3IXM7	25825
A3QQUL558ODNGH	25826
A3QQVWKE32ULEJ	25827
A3QQZO3PJ41GZG	25828
A3QR4DUPZWVAZ4	25829
A3QR7NREZ913IW	25830
A3QRIMNH0L0PEU	25831
A3QRKKOZWZZLUJ	25832
A3QRLXGAEPUUIC	25833
A3QRQURNITEVTZ	25834
A3QRR8PSCBI07C	25835
A3QRU10F6FO31N	25836
A3QRW0UJPKIAX7	25837
A3QRYLPB880I8	25838
A3QS4WWC1LCA6H	25839
A3QS7GPXGF7UID	25840
A3QS8K9V8BS2H7	25841
A3QSIBBBV7T3TI	25842
A3QSQ9ZX7T6FJS	25843
A3QSVSHOGM48F8	25844
A3QSXEHCHWRRVB	25845
A3QSZ2SE3HUSXM	25846
A3QT3VKUUG0I1E	25847
A3QT6W17Y7BXO6	25848
A3QTRFAU7T5X9Y	25849
A3QTSMGW8MWYF4	25850
A3QU5NXATW7JNW	25851
A3QU89RBYRMR67	25852
A3QUBEVYJQMSY0	25853
A3QULN965GN3VS	25854
A3QUMNHAK728SA	25855
A3QUUV9DAU7OD1	25856
A3QUZG4J7L8D4K	25857
A3QV0MZGUBHJB	25858
A3QVA0HAJUXIPM	25859
A3QVAKVRAH657N	25860
A3QVI9P1PDXKFO	25861
A3QVLXIZRVZLBQ	25862
A3QVQ4QF75EH42	25863
A3QVRTX1YUXZGL	25864
A3QVS3BW4QK01S	25865
A3QVXHUK31USWK	25866
A3QW2964II08SJ	25867
A3QW9VBLTLQTP6	25868
A3QWE1H8BLPUDF	25869
A3QWHXMIF0BA4E	25870
A3QWWA6AI353AF	25871
A3QWX5JS0STCHS	25872
A3QWXO9H75GGKC	25873
A3QWY8R9XD9P7B	25874
A3QWYUC0FBK5VY	25875
A3QX0ERX4D03TF	25876
A3QXGGV5LFUJS3	25877
A3QXIFKBURTLCJ	25878
A3QXUTBOXM7VF2	25879
A3QY4OSSACYU8B	25880
A3QY9GPBT5VVD7	25881
A3QY9MCAQ6CRFH	25882
A3QYE81M3A3K73	25883
A3QYS5PADGU65U	25884
A3QYVYXTCC9TNE	25885
A3QYWF1Y7NV0XY	25886
A3QZ549YSFEL1H	25887
A3QZG71GGXHVSE	25888
A3QZKZRFEJ0PMP	25889
A3QZUG1RLZX5SH	25890
A3R010YP0C2BQJ	25891
A3R01POUSLPNEE	25892
A3R01WHD75L6FG	25893
A3R02F4G2MZ80I	25894
A3R038ZZBERKD8	25895
A3R06XBV9VP4IR	25896
A3R09RFEZNR3AC	25897
A3R0EZ6RXMZODD	25898
A3R0NBIBAG9V8F	25899
A3R0S2DGHJZAXA	25900
A3R0XV55PK7BS8	25901
A3R0YD4A20BUOC	25902
A3R0ZDQWANTOHM	25903
A3R14060VCWUAD	25904
A3R16UTKDL4FOA	25905
A3R1956N5QPDG7	25906
A3R19YKNL641X3	25907
A3R1GXHF8XUGWV	25908
A3R1JKO8UOS81J	25909
A3R1MVZWX3DMAG	25910
A3R1NWG76KG2Y2	25911
A3R1PGM3772MBO	25912
A3R1U0QN7JL6H3	25913
A3R1VY89KSZ467	25914
A3R1WFO4KIUQXZ	25915
A3R1XNDMZLDES6	25916
A3R1Y122F9AAKN	25917
A3R24TNI5DBC2U	25918
A3R259AIFHD917	25919
A3R29OHW7DE2HD	25920
A3R2DH62OOSON5	25921
A3R2DRD4654UOJ	25922
A3R2WDUF36PUVW	25923
A3R30PABZH7IH	25924
A3R30SI77DI9M3	25925
A3R33KMESG0XGQ	25926
A3R3VDZAWMFZXN	25927
A3R45RXL6JFUBE	25928
A3R4794K2RVU1S	25929
A3R4FUK7W3Z6M9	25930
A3R4KINDCVQN35	25931
A3R4NAFMN22TBW	25932
A3R4PLEXCLTV74	25933
A3R4Q2UEPTZPSQ	25934
A3R4RQO8R4WGZ1	25935
A3R54B4AFAV3PD	25936
A3R552TLDIDKS	25937
A3R5C4SSF9QYCM	25938
A3R5CGBPODX9K7	25939
A3R5GTYQ50QVMD	25940
A3R5ITK5Y627HN	25941
A3R5PR666Z3FZD	25942
A3R5UVPWBZHMW	25943
A3R63262UJBSZP	25944
A3R6IUQN6VYT7S	25945
A3R6NVQ2VTON15	25946
A3R6O2UWHVIO4U	25947
A3R6QAH8KOZHF1	25948
A3R6QHSNZ5HUY8	25949
A3R6U3LXR9HICL	25950
A3R6V43G6HAJ0Y	25951
A3R709YSAOKMJX	25952
A3R70IAULHR1CX	25953
A3R71OOFIFSBLI	25954
A3R76G4VON6ZVN	25955
A3R79UTQWOL9PW	25956
A3R7D1FKXIEYJ	25957
A3R7DYXM8HP4OW	25958
A3R7FI749ZKQJY	25959
A3R7JO7TXWGRUU	25960
A3R7M30FVV6WSF	25961
A3R7MXVQRGGIQ9	25962
A3R7OBBV42JO7O	25963
A3R7R8ARVN2P3D	25964
A3R7RE5O61M112	25965
A3R8CFVJH5UZAI	25966
A3R8PXSFGY9MC2	25967
A3R8RWN9A6NRSP	25968
A3R8US1T1YJWVU	25969
A3R8WFWAY3R5UA	25970
A3R90LTE5PFBLO	25971
A3R93KH0Q62QHY	25972
A3R93Q3LTLQULW	25973
A3R9A8BH5H2O9N	25974
A3R9EY138X2IGK	25975
A3R9STT7EF4XRG	25976
A3R9X003XW0LNR	25977
A3RA210V0DA1J4	25978
A3RA5AQJBWM3XV	25979
A3RAESXA4SR1YL	25980
A3RAMMYPC8VEVU	25981
A3RAU2SY7EXIKJ	25982
A3RAU5VPCDHUVA	25983
A3RB9QFLFBI2X5	25984
A3RBA5DOKP9G6A	25985
A3RBE1MYIHGSVM	25986
A3RBJ02CW69CEH	25987
A3RBRTC0DH2PFL	25988
A3RC8P0BC30AO6	25989
A3RC8SAJRBJ267	25990
A3RCQQS12E8HWO	25991
A3RCUV0YY336HW	25992
A3RCY3S93G52C6	25993
A3RCZ4GWIO9F2X	25994
A3RD2V2Q3Z37YG	25995
A3RD3SPBLNKECW	25996
A3RDKPNNXIAQNU	25997
A3RDQG0LZRGWAZ	25998
A3RDR1ZHIUSKAL	25999
A3RDS0DJ5EJGA7	26000
A3REDIO2K6MLR2	26001
A3REK3OFONWB1Q	26002
A3REUILBAGPS06	26003
A3REUNFHQOY65N	26004
A3REZNGLB8N0XP	26005
A3RF2VORV4QF5S	26006
A3RF8RCQPUGIFF	26007
A3RFNCMOL3FSE8	26008
A3RFODUORSYFTF	26009
A3RFU44JGPXPVP	26010
A3RFUH6A0NDX3A	26011
A3RG0QCNOOB6AX	26012
A3RG86SO4E00XY	26013
A3RGBDZYIXWA8H	26014
A3RGFF12AS0F6I	26015
A3RGHO0Q938FRS	26016
A3RGN75LHYAG8U	26017
A3RGNLV5ZU6JQB	26018
A3RH1H5WBSWV16	26019
A3RH6G3UO7LHJU	26020
A3RHKBOEA64YR7	26021
A3RHPUZBOP4D47	26022
A3RHQMUDOIP5T3	26023
A3RHW0ZXT01NVQ	26024
A3RI1H7C41KYEY	26025
A3RI2C0RY4DHK	26026
A3RIAJ81TPZDNV	26027
A3RIJKTR4OPQ65	26028
A3RIXZ3FAJBM1D	26029
A3RJGDKCPT7NPN	26030
A3RJP31YBCYE0A	26031
A3RJWFFVVZ6ZRM	26032
A3RJZLKVAEFK19	26033
A3RK33WAGEWJ8I	26034
A3RK42329EOH9	26035
A3RKD45W10QX81	26036
A3RKIBZN92NS97	26037
A3RKK971KO0G3N	26038
A3RKLFAJD0Y313	26039
A3RKNRLZ2D6D08	26040
A3RKT2SVK34Y3	26041
A3RKTGAAK0RTY0	26042
A3RKTK5QR0BW4G	26043
A3RL0O5SVLKWDZ	26044
A3RLAX1UQIXV8R	26045
A3RLD48LIW01D0	26046
A3RLGEDPKXU95M	26047
A3RLMTIFIZKDQF	26048
A3RLNNIDBRAF6R	26049
A3RM0JKSNFNJ0C	26050
A3RM36CXFUCSV1	26051
A3RM3PJM5RXYNW	26052
A3RM6ESHAH800M	26053
A3RM9CPH0MQ9HQ	26054
A3RMEV0OPNCQ17	26055
A3RMGM15W0AK6S	26056
A3RMN2TWVICI2F	26057
A3RMTAD7YR1TN3	26058
A3RMV4TJ5MC5BY	26059
A3RMWLR41JU2JX	26060
A3RMZBGR4VIQCF	26061
A3RN0G2IRC1JEM	26062
A3RN725KRA64HS	26063
A3RNSX8VKC38WA	26064
A3RNT02MBR4FPS	26065
A3RNTTHMVRME5Y	26066
A3RO4TJQAUY1NJ	26067
A3RO4XZFT7X4WF	26068
A3ROHGMM5LXB0Y	26069
A3ROMB95RLWSHV	26070
A3ROSQA05Y7MPB	26071
A3ROZQCSJ4TUD4	26072
A3RP42UNE4XP31	26073
A3RP9YHR6FAL8B	26074
A3RQ0A2YLNNGF9	26075
A3RQ8FUMBXVQ3C	26076
A3RQDJF4UNMN8K	26077
A3RQS7NAO8XP70	26078
A3RQXEI2LT8H2T	26079
A3RR2P5IS3DGPR	26080
A3RR7ENCA13P4M	26081
A3RRAIE5VGNS0S	26082
A3RRE5W3A3QBRR	26083
A3RRT24BWVCCYY	26084
A3RS1CHNTFZ0TU	26085
A3RSA9FYHGGD11	26086
A3RSBAFBBISWPH	26087
A3RSDHH9D48E6N	26088
A3RSFC3LP1O781	26089
A3RSLZMFS6KK6E	26090
A3RSOO27SN5XWQ	26091
A3RSQ43VA6NQ6H	26092
A3RSTV28TIJVA5	26093
A3RT4TB5XL8NRB	26094
A3RTDPTZJ6SAOC	26095
A3RTDU3X791JO0	26096
A3RTL2M7A4DM2N	26097
A3RTO0HGONLFV2	26098
A3RTYKBFLX50C6	26099
A3RU134V0CLYNP	26100
A3RUDDH7DEBKCF	26101
A3RUQO10JKY9NT	26102
A3RV4QLJ0GG40T	26103
A3RVDXHXWXI6K4	26104
A3RVHK4DHXMUX1	26105
A3RVINMU3BUYY4	26106
A3RVJOAPVBQTHA	26107
A3RVLIXP0KFFBB	26108
A3RVLOKXHLY2ZF	26109
A3RVWRM8DVUFP4	26110
A3RW10PHUNFDSE	26111
A3RW1160H67ES9	26112
A3RW8E0FJQXBDZ	26113
A3RW8YXVPPFDXA	26114
A3RWLSUWYHZBU0	26115
A3RWSSC4BWTN7	26116
A3RWUA59FMTYDF	26117
A3RWWN5LET1271	26118
A3RX5N0JN4C1MQ	26119
A3RXANQZX8Y4EA	26120
A3RXD484BS2ECQ	26121
A3RXJ9K72TLOZ4	26122
A3RXOWP27IZA93	26123
A3RXOZCXABYIYQ	26124
A3RYKOVGKUN4CI	26125
A3RYXDYPWJJKFE	26126
A3RYXEEQAVRPYR	26127
A3RZ23VUW00A3F	26128
A3RZMA7SYOSNHH	26129
A3RZNFQ9W1UI5H	26130
A3S04QTTRXSRPJ	26131
A3S0CKJWCCOZJF	26132
A3S0HSMF3MU2EQ	26133
A3S0KJS635H212	26134
A3S0LR5AGMQ0M3	26135
A3S0NH5UZS1PTC	26136
A3S12HXPVWTBO8	26137
A3S13LMHK1ALP2	26138
A3S13X3NBFPULM	26139
A3S15J9WWXXOCB	26140
A3S195DW5JCBUR	26141
A3S1BY32P288TW	26142
A3S1EB6OSBUPHL	26143
A3S1HDQLL3BLLP	26144
A3S1TRKDSGZRVK	26145
A3S1VXDGCLWGS	26146
A3S1XA2H90YKL9	26147
A3S1Z9US8XLFNS	26148
A3S21958NHKEJV	26149
A3S26P56BE4DEL	26150
A3S2DN3T0AWDC1	26151
A3S3B8TSRKWLSA	26152
A3S3DAXSI4LE8C	26153
A3S3L24L3MMDXR	26154
A3S3O8ODGN9G8Y	26155
A3S3R88HA0HZG3	26156
A3S3TGIWP6785Z	26157
A3S3UA3D7TXBS6	26158
A3S3VSXEFXBMRC	26159
A3S40VXGLHGMGC	26160
A3S48L655OCE3K	26161
A3S4ATODPDRWDW	26162
A3S4B1TPZB6TZV	26163
A3S4CHJL2ET11I	26164
A3S4GCW625UL60	26165
A3S4UYCPVF8UAE	26166
A3S50DHSAUT0X4	26167
A3S516D612NNK5	26168
A3S55JAQTIL0HK	26169
A3S58J9HNVKP32	26170
A3S5CU8SKTVDC4	26171
A3S5E00AAJC446	26172
A3S5MDHBCCGO48	26173
A3S5U2JY7ZYC1Q	26174
A3S5WWHED7RN1Y	26175
A3S5WYWYKSAI9C	26176
A3S5XFET3OTPKO	26177
A3S5Y8P2SSJ5ZX	26178
A3S60Z14U4C7LR	26179
A3S68DBTBUKKEQ	26180
A3S6DO7HX3YVMQ	26181
A3S6N383YNH9AB	26182
A3S6TWT2AYLA60	26183
A3S73J1PQ5QFB6	26184
A3S73VLN1KOGEY	26185
A3S75IOJF2U9X2	26186
A3S76NP1H3R0XH	26187
A3S7AAQ1TBIMZW	26188
A3S7GOCCMMW6SV	26189
A3S7OZJU8H02XP	26190
A3S7TU8G5DZ0YS	26191
A3S81088CR0YBE	26192
A3S84SEN2Z6DZU	26193
A3S87HZC60ECXP	26194
A3S8OZIVQ4WC6I	26195
A3S8VUEEHZFG7R	26196
A3S91EPB9NNDFP	26197
A3S93FHPSDEZ5X	26198
A3S9DOTT4Z8JF9	26199
A3S9FFBL09LEU2	26200
A3S9FGV4Z2FLOM	26201
A3S9G0ODTVWQWF	26202
A3S9HR74ZGTIT	26203
A3S9OS2QUU6UK2	26204
A3S9QDYYLHSVFU	26205
A3SA00HHCD9III	26206
A3SA3745SAM88D	26207
A3SA3SI8HXUTWM	26208
A3SACPT3TO506A	26209
A3SAIDO614U4B	26210
A3SAOFC5BSO30X	26211
A3SAU7FQLT19NW	26212
A3SAYOK5AS5YYG	26213
A3SB5GWQSL15KB	26214
A3SB8S612GOB28	26215
A3SB9KXCR8F8CV	26216
A3SBF9762Y7SQ0	26217
A3SBGPFKLVK466	26218
A3SBID9M5LYUN8	26219
A3SBO8V4BBNWAI	26220
A3SBOS17I5PNSH	26221
A3SBTW3WS4IQSN	26222
A3SBZAOPPY40IT	26223
A3SC4XMRTKY0LM	26224
A3SC9EQJVD4HMI	26225
A3SCDOISPD80WM	26226
A3SCDZAEJVYM1H	26227
A3SCT52MUYJ3D7	26228
A3SCWXXJXBVJ05	26229
A3SD0RFV2WS0SU	26230
A3SD3E6FIS6CS9	26231
A3SDDMEUMCN858	26232
A3SDI9RFNDMNTI	26233
A3SDKH1RN7DQYI	26234
A3SDW6TI2CBCT3	26235
A3SE2IYOTFXN1V	26236
A3SEDF6KBR0B1I	26237
A3SEF6589812JB	26238
A3SEWVHXMXPVEZ	26239
A3SEZJSFI22MG0	26240
A3SF1TFMNDOANC	26241
A3SF3IUWFKY03W	26242
A3SF707NLLO357	26243
A3SF716LKI8GXB	26244
A3SFCB0MPFHKAE	26245
A3SFHW3C22IXMF	26246
A3SFHZ326WL184	26247
A3SFKYLO3AQFSR	26248
A3SFL8IUX0687I	26249
A3SFSEXNWE6YRA	26250
A3SFSOMDTIS53W	26251
A3SFUQ7K5IIIFP	26252
A3SFYX4G856XIO	26253
A3SG0Q2HUM7JZK	26254
A3SGA21CJZM2VV	26255
A3SGA86CXLS14L	26256
A3SGCL5JZ22HHR	26257
A3SGRLT3AYY56L	26258
A3SH5CTNH8SF9E	26259
A3SHECVIYG1LJP	26260
A3SHES3635OOL7	26261
A3SHKVUTGC68PC	26262
A3SHOJI3QASIKS	26263
A3SHROXD3SH325	26264
A3SHZ1O8KH761M	26265
A3SI10Q8RZVZ9N	26266
A3SI8H7MSFSBDY	26267
A3SIAYZNQR8OKA	26268
A3SIFPKLMOY07N	26269
A3SIN2UVY6LZOD	26270
A3SIOGU1OFRJZ	26271
A3SIWTES7J0CMR	26272
A3SIZIW9GU2Z3S	26273
A3SJ5ERHAN56J3	26274
A3SJLV9TCDNHD3	26275
A3SJNK7MI47D5N	26276
A3SJU1AGUIIH91	26277
A3SJZOR442GULS	26278
A3SK4WFWME8A8N	26279
A3SK9F0Y5KNN7S	26280
A3SKEDTT2O0390	26281
A3SKJFXH1MTCHJ	26282
A3SKTT833MZKWM	26283
A3SKY6FIA11FIA	26284
A3SKYX16YXX56Y	26285
A3SL2O5KOVWBGK	26286
A3SL4DL35Q31AC	26287
A3SL7UWG7Z4H4T	26288
A3SLFBH3NA5DHZ	26289
A3SLKU5ATJE3X0	26290
A3SLLU4AVF95QA	26291
A3SLPCO9WIJULM	26292
A3SLR15TZON2CH	26293
A3SLVYLUVFLZMA	26294
A3SM82AFRGHN5H	26295
A3SMBKI3JVHVON	26296
A3SMD3T0QTN109	26297
A3SMEPEPQKBMDZ	26298
A3SMIN90PN542N	26299
A3SMR4HRFJARSC	26300
A3SN6ZH4TYD74C	26301
A3SN77Z5P3BB5F	26302
A3SNALTPGRUSYP	26303
A3SNNOL7MJ40CL	26304
A3SO2AGQXXL8LC	26305
A3SO3D1I14VAC8	26306
A3SO66T5SME0B	26307
A3SOJO7Z7R9WIA	26308
A3SOK1G3SP4PL8	26309
A3SOK9WNFQRNSB	26310
A3SORJTNKR1M0P	26311
A3SOTAIXAQJNLT	26312
A3SP2AWQ6MUFIO	26313
A3SPKFBYMBNO2J	26314
A3SPRSLV03DT6Y	26315
A3SPZQ0FTS8MCG	26316
A3SQ1POMEZGZKG	26317
A3SQCLO1YBO6HS	26318
A3SQCTNYQFVBWM	26319
A3SQQYS79AV13M	26320
A3SQV1Q3LQH59Z	26321
A3SQWPW57X0NZV	26322
A3SQZXAQ24UGJW	26323
A3SRDVCD2ATIIS	26324
A3SRFKBVSD3AOJ	26325
A3SRJ2JNFHWQBZ	26326
A3SRKGEXZF5MOT	26327
A3SRLF4PGFUTPN	26328
A3SRMK9AF1BAII	26329
A3SRWJM6O8PIVF	26330
A3SS06G3NO5MY7	26331
A3SS9VI1S2D344	26332
A3SSC0695VZAY8	26333
A3SSJ3R1JZNEST	26334
A3SSNT1KG6SZZ8	26335
A3SSQL2M71LTP0	26336
A3SSQRWUP2A04Q	26337
A3SSSVZHCZDCVG	26338
A3SSURUJHTO28P	26339
A3ST4AAUTEQIV4	26340
A3ST6EB3CHFXPG	26341
A3STI2G2SKXM3O	26342
A3STJ0W79S8A5P	26343
A3STK5WDK5UB58	26344
A3STQ45XNMV62B	26345
A3STR2P7Y55YKE	26346
A3STRP5GUR92RV	26347
A3STYWJJV2NM5V	26348
A3SU1JZBMQ5ABZ	26349
A3SU7JSTPH9CC9	26350
A3SUHC4GAE8A0P	26351
A3SUKOVIMXNECI	26352
A3SUNFVOZVSTN5	26353
A3SUO50DSEZK6Z	26354
A3SUT7UXRJ3IMS	26355
A3SUV9638VETWI	26356
A3SUW384MOKO35	26357
A3SUXPJS619VP8	26358
A3SUZA0C8QV8AW	26359
A3SV2A7BWH61LD	26360
A3SV7SEJKCFHYW	26361
A3SV916Q09BI82	26362
A3SVE5Q3Z78EV8	26363
A3SVGQ1RJKGY1R	26364
A3SVPQT5NV8QDC	26365
A3SVRQ9PAVBG1J	26366
A3SVYHYHAA00WV	26367
A3SVZ2MGKIWP3W	26368
A3SW1PLJKCJUYQ	26369
A3SW4AY69BRRJ	26370
A3SW6QRTVKC11W	26371
A3SW979PHZEBLH	26372
A3SW9AUVHDMIAW	26373
A3SWDCG00T0YK7	26374
A3SWJ4ZDNMQSA2	26375
A3SWVIM7A8UE7D	26376
A3SWZMDSYHRQ83	26377
A3SX0D66F17UZ6	26378
A3SX6PZ7KT8M9Z	26379
A3SXDLSHAUVOL7	26380
A3SXEF6BOM2AXQ	26381
A3SXJPUOCSHFLN	26382
A3SXM4W15LEIED	26383
A3SXWVW2Q9D9Q9	26384
A3SXXLFS7GLP2S	26385
A3SYBRRVJUJFU0	26386
A3SYG0AVVZ1GYO	26387
A3SYWW7KP0TFO3	26388
A3SZ3BY7FJ2KZA	26389
A3SZ4CWC3X19SI	26390
A3SZBE5F3UQ9EC	26391
A3SZLGTDUO7Q5O	26392
A3SZO5W4WUCAO2	26393
A3SZT8YWVBK26Z	26394
A3SZTEM98877A1	26395
A3T0DDOQYML4N5	26396
A3T0DQ3IMKX25Q	26397
A3T0HKDB3G07R2	26398
A3T0KYNBXCMN07	26399
A3T1GCI1WN6TQB	26400
A3T1IMU6RVW1NX	26401
A3T1LD0C65QCWK	26402
A3T255K9CCR6TR	26403
A3T2CX64BQL3OY	26404
A3T2DCK9OHAGMM	26405
A3T2FLEAWO5DQP	26406
A3T2FOARW917S3	26407
A3T2K0IHJ9S3YG	26408
A3T2NXMZJFT1XL	26409
A3T2P2KEO2V2SV	26410
A3T3A4RXJV5BI	26411
A3T3HANTEQWE0S	26412
A3T3KPW2QE866W	26413
A3T3OXZ8FD971N	26414
A3T3SKTPAF42IR	26415
A3T4E9D1Y9382Z	26416
A3T4I8ACHGME7N	26417
A3T4JLV1LMD0YK	26418
A3T4KSSC3YY9XF	26419
A3T4OHEAHOJ700	26420
A3T4PFGWLJH99Z	26421
A3T4RR60X5EAN4	26422
A3T4S2J525P1H	26423
A3T4TAK4IRC2K8	26424
A3T4X9X5RVUMXE	26425
A3T4Z0R2BBN9D8	26426
A3T50C7ZIH2BYS	26427
A3T51GXI514SL3	26428
A3T55BZ234HER1	26429
A3T55MJ78F1AQX	26430
A3T58H6I4RVPXR	26431
A3T5EAK6UBSZ8B	26432
A3T5FHZQQBBLM2	26433
A3T5H53KJY7ZG	26434
A3T5IT0PQVWJB2	26435
A3T5MVN3A991QR	26436
A3T5TQY8VUCNY1	26437
A3T5VYWPI4KB3A	26438
A3T6472ESEV6UD	26439
A3T65L1AC2YDUX	26440
A3T66AZP34RK7L	26441
A3T68ZIDMI3I2E	26442
A3T6CTDV1N0ERW	26443
A3T6FK6YRRUIJY	26444
A3T6HX48F66512	26445
A3T6NQULMXQCJ4	26446
A3T6VESMI3FT4C	26447
A3T6ZQONABIJSG	26448
A3T71KQ79R06VG	26449
A3T7671X1DCA7F	26450
A3T7F2FQ9B4HIN	26451
A3T7NQ9Q2SK5UG	26452
A3T7OVWAIIASJL	26453
A3T7V207KRDE2O	26454
A3T7XVG3AXJF61	26455
A3T83KDIIRF9SJ	26456
A3T8K9M8WWGC66	26457
A3T8L49BSENYMJ	26458
A3T8OXK2YT9SRD	26459
A3T8Q3K1FQY59I	26460
A3T8S9K4O0DHK8	26461
A3T8US2FRBNYFK	26462
A3T92U40CTPY2G	26463
A3T99ZL93O3NRM	26464
A3T9DEKT0B97PZ	26465
A3T9HNU52G8Y4Z	26466
A3T9LTPXF3YBP	26467
A3T9NDR35O0MZH	26468
A3T9OE6NKBQL8X	26469
A3T9YHV5N1UE5Y	26470
A3TA1A3PXA42T4	26471
A3TA1UJWRJF9NC	26472
A3TAIJZGO6Z6GK	26473
A3TAS1AG6FMBQW	26474
A3TAWG88V9AXYP	26475
A3TAWID0SUDRVG	26476
A3TB4JUHH3PRWB	26477
A3TB9HNQR54B5V	26478
A3TB9Y868FE0E6	26479
A3TBMAWIIHKHFN	26480
A3TBMGNSEQBWIL	26481
A3TBU3B0NV6IE2	26482
A3TBYH940MEE20	26483
A3TBZ9KR9EQ7MC	26484
A3TCA055KCCVPO	26485
A3TCB2X2TUUONQ	26486
A3TCG2UK01GKJ5	26487
A3TCKE0T9D59J6	26488
A3TCL75HS4N448	26489
A3TCLEX0XPPLSN	26490
A3TCP789Q4P9NS	26491
A3TCTJ23C3X08N	26492
A3TCYEDX0E369B	26493
A3TD35Q89VTSYB	26494
A3TD5M9JRS9EMI	26495
A3TDLI4JKB3JTQ	26496
A3TDVSVKNGPZNN	26497
A3TE4BKCWPFVSM	26498
A3TE7A0DZS04P8	26499
A3TE9XOO84BFGK	26500
A3TEJW190OEKP4	26501
A3TELNZ5DACRUV	26502
A3TEY0JM4C9H1B	26503
A3TEZLUWVE5CQS	26504
A3TF6B19Q22S3Y	26505
A3TFAHQR7867RT	26506
A3TFSJRTG92PKO	26507
A3TG1BJKM6XX06	26508
A3TG61FT2R0K0I	26509
A3TGA4IJWMDONW	26510
A3TGPMZA30L233	26511
A3TH42PC3EZV1B	26512
A3TH4UELWBAUWQ	26513
A3TH8P2P069QPG	26514
A3THI712E09A09	26515
A3THJA140FPGCF	26516
A3THO00K4OBQ5P	26517
A3THXTVMIXK8MN	26518
A3THYVR82INHZA	26519
A3THZWIOHYCBIQ	26520
A3TI6V32Y7ZY14	26521
A3TI72JU2R64GY	26522
A3TIEOU540B7GV	26523
A3TIL1PC2ZE97B	26524
A3TIL9QMHNAEQM	26525
A3TINOY4LYUYY6	26526
A3TIO0EJOOK3A0	26527
A3TIPV8NYQJ67P	26528
A3TIW9HJB65XNA	26529
A3TIWRAKFP7LMA	26530
A3TJ2K4LP6V71U	26531
A3TJ735KIV1CTF	26532
A3TJ7N2S7GJXYV	26533
A3TJBBW0AV7BD6	26534
A3TJKNTD8I6NZL	26535
A3TJT0V1XUN10M	26536
A3TK0G84X0QKN5	26537
A3TK4Q118BOIDY	26538
A3TK50P1ZI2B6Z	26539
A3TKAASI88LE2B	26540
A3TKDMEPF59UY1	26541
A3TKT2DMTUVTPE	26542
A3TKZTMD8XG4N	26543
A3TLJAX41X8O8W	26544
A3TLR8U26SZIB4	26545
A3TLWIZDFVYGKV	26546
A3TM108K4GJVOT	26547
A3TMF8E4YQFIH8	26548
A3TMH3ESKQN3L4	26549
A3TMS7JNHRLAHY	26550
A3TN703GZCIMJD	26551
A3TN8R661UL2RH	26552
A3TNFQ8HIA3BJF	26553
A3TNH6IND3BT99	26554
A3TNM3C9ENUCFW	26555
A3TNQMD5FMZQLK	26556
A3TNSFWCPBLW71	26557
A3TNZ31U9DD7UE	26558
A3TO513NEJ5Q8T	26559
A3TOAQSTS6UCFF	26560
A3TOB54PMTDTYM	26561
A3TOHQOYXOFUQ5	26562
A3TOI2WTHIU54C	26563
A3TOI3HC1V7WKF	26564
A3TOQWCUN1UPNM	26565
A3TOWHOFL83WTY	26566
A3TOZH8GEZPQ4L	26567
A3TP31S61PPE3G	26568
A3TP6JTQQYFRS	26569
A3TP97AGPXIBOM	26570
A3TPCZETP0OTEC	26571
A3TPEPYMO2GFN7	26572
A3TPG7TJT31T3N	26573
A3TPHWX6JOMS9H	26574
A3TPNVJ5FH53X	26575
A3TPO8R3QQDW0D	26576
A3TQ6JQ3V80XEO	26577
A3TQFRETXE7ALN	26578
A3TQH3MG8CSWZM	26579
A3TQHEXU0F4PIB	26580
A3TQJ6F88RQ7MB	26581
A3TQOEO0QUKCY	26582
A3TQOPLOKC65UP	26583
A3TQTYD0D6AUO3	26584
A3TQUSCRZMQ9X5	26585
A3TQUZGWL8KT6T	26586
A3TR0FIT13SSVN	26587
A3TR55U44Q94CZ	26588
A3TRANJ81RSZWY	26589
A3TRDRDCNGNDHX	26590
A3TRDXV323RKVY	26591
A3TRIH4MG9XM8H	26592
A3TRSUX9JYKNCJ	26593
A3TRY0VGRSCLOT	26594
A3TRZNE0Z4QA67	26595
A3TSAQ6H6HKXIZ	26596
A3TSFLWC5LK26Z	26597
A3TSIT7OD9LYQN	26598
A3TSIXJLPSHAZO	26599
A3TSPXQWWQ499T	26600
A3TSQVDK4TZ1VD	26601
A3TSSBPD49FSML	26602
A3TT0O61SEFDPA	26603
A3TTEM8N3KGHKL	26604
A3TTFJT0HX6E0V	26605
A3TTG2Y7I9WKIP	26606
A3TTIGAJU2VPY7	26607
A3TTJ34A2VXMC7	26608
A3TTRU0ALUOQC1	26609
A3TTSOJM3X1U8S	26610
A3TU022G7JZYZS	26611
A3TU2D1OS38PXG	26612
A3TU618RIP1SGL	26613
A3TUDSGMJFF2FY	26614
A3TUDWR7QMVU8L	26615
A3TUGVUDQV81K5	26616
A3TUIBY4U6B4MD	26617
A3TV100G3JYSJC	26618
A3TVAKY5EDJG70	26619
A3TVDMZOVOO52Z	26620
A3TVG0MQWHUZ7F	26621
A3TVPP8M50CX5W	26622
A3TVQC8K9KNVRG	26623
A3TVSDWKTTWDBJ	26624
A3TVSHNAX4V2T5	26625
A3TVXWNYSUVCZG	26626
A3TW88EXWVM07Q	26627
A3TWDBI8RHV2P0	26628
A3TX99E3P7387S	26629
A3TXQIOHXRCDFC	26630
A3TXZJQWCPYNVS	26631
A3TY01A5TRORU7	26632
A3TY3FXZG7UMS9	26633
A3TYJTG8HXTWKY	26634
A3TYK94ZGTM1HJ	26635
A3TYKVML4NBEB3	26636
A3TYM5HBIEAMD3	26637
A3TYR4UBAFJQAR	26638
A3TYXVPPKM0QGU	26639
A3TZ0U3UUUSLKQ	26640
A3TZ5YNCPFONQS	26641
A3TZF8XK8SXH9	26642
A3U027SLRGEIRA	26643
A3U029B8Z5WGI2	26644
A3U0B9B70QBT6S	26645
A3U0CG57HIXDSD	26646
A3U0HIOEOIW81Y	26647
A3U0HRZXDW80QD	26648
A3U0IKEECPTOLW	26649
A3U0KZRH7O8L8M	26650
A3U0NKTCD010BB	26651
A3U0QGF6LRP900	26652
A3U0UBVX71S4Y6	26653
A3U0XS0CZWX8K2	26654
A3U140NC6B83V7	26655
A3U19JKQ7U6AH9	26656
A3U1B0RH48AXIG	26657
A3U1KZCUUYS93K	26658
A3U1NLCVPFM3KV	26659
A3U1QK6MUMYPCK	26660
A3U1RCYYYLS3AM	26661
A3U1W0FCVY6LFF	26662
A3U1WPDQLP9CQ	26663
A3U28BLG5J34T2	26664
A3U2CZDDU4JM24	26665
A3U2MSPN4IYUA6	26666
A3U2YSTDWNJC2R	26667
A3U3KOR0F4RA91	26668
A3U3PXRAYLZMKK	26669
A3U3UJCGIYD3HK	26670
A3U3V2D62US0EV	26671
A3U3W3ZC85ASJM	26672
A3U3ZHB4K0D7WW	26673
A3U41ZL33SS92P	26674
A3U4AFML9SZPWK	26675
A3U4BI1WS7N2E	26676
A3U4FCEAT75XLS	26677
A3U4GW06XNSI2Q	26678
A3U4K766N97DM1	26679
A3U4LXEURXLM14	26680
A3U4V6BG5WG4YE	26681
A3U50OKIYOWJVA	26682
A3U521S7IPSFZG	26683
A3U52AN1JJW5QP	26684
A3U52V5ZAHZZKU	26685
A3U53HU65CU00J	26686
A3U5CL5Y1H1HTZ	26687
A3U5CZ3PV82JXD	26688
A3U5HKDHPYBAK3	26689
A3U5QOGI5VQWXJ	26690
A3U5RYD678A4LL	26691
A3U5WSM11TAA2M	26692
A3U627HGX4WQSI	26693
A3U638HY3J4GC3	26694
A3U64NFGORWLTJ	26695
A3U67G1ULX2CHU	26696
A3U6J0DLLDEWM2	26697
A3U6LEKLKJBTVP	26698
A3U6R5GZDOY70K	26699
A3U6SEJ8TQNSY7	26700
A3U6U68Z9K2UKD	26701
A3U7680U7B3TFP	26702
A3U77QALPUA1JO	26703
A3U7N2ZNEQNCT8	26704
A3U7SC5HOS58OA	26705
A3U7U7PCX8HS4V	26706
A3U7VRVCXZ3QYG	26707
A3U81PTBGAZQNN	26708
A3U88O16YE6LS1	26709
A3U89SLWUOEI7O	26710
A3U8B622ASXHKF	26711
A3U8SQA062Y3DL	26712
A3U8X8FZ4BZWC0	26713
A3U97FH9HX5KJ7	26714
A3U9AMZDQOHCUZ	26715
A3U9FDNOZRKY8V	26716
A3U9HGGS2CE4WW	26717
A3U9KACCAE0JDY	26718
A3U9LHX1CX1P8M	26719
A3U9SFVX405X27	26720
A3U9XNXNDNAZ4	26721
A3UA509OUW3RSO	26722
A3UACABVOF2XF1	26723
A3UACG1PAAI8NN	26724
A3UAJDWE05JL42	26725
A3UAJV1PK7DOWE	26726
A3UAKIWYY15G2X	26727
A3UAMFKW84GMLY	26728
A3UAX660CIY00Q	26729
A3UAYLNSZTE8SC	26730
A3UB7T4RXTP7R9	26731
A3UBI6BR9E2OFK	26732
A3UBOCDMV1HRNH	26733
A3UBVFAD7O1BD7	26734
A3UBZOPTA2AGJS	26735
A3UC0BWU7CSVZT	26736
A3UC68UVGNAE9T	26737
A3UCCZLNOXD0R3	26738
A3UCID8WQPOTY7	26739
A3UCJR7W6MTYDC	26740
A3UCK6SVM2V7RW	26741
A3UCKWUSNR2H55	26742
A3UCMZFWT5RUUE	26743
A3UCQMO2JFD6F8	26744
A3UCV93YX4JVJC	26745
A3UD74MXP5WEKJ	26746
A3UDC63P12LRUI	26747
A3UDUYF9WFQZLI	26748
A3UDXJQBVI0B7P	26749
A3UDXOEYLRGUD5	26750
A3UDXVFMGWY758	26751
A3UE65G5QP0DAY	26752
A3UE9U4TSR56X4	26753
A3UEJ7A77KHMMU	26754
A3UEQ1CYG8E6D2	26755
A3UF1QY3RTX00G	26756
A3UF8X1S0ZZ8KR	26757
A3UFA5IYJHMT4Y	26758
A3UFF151UW12SH	26759
A3UFNIX4B41177	26760
A3UFX7R3DED5QJ	26761
A3UG91J4KV308L	26762
A3UGDJK475TD0Y	26763
A3UGKGHBU34DEM	26764
A3UGKHRAARY5SU	26765
A3UGXRNRXVNAPI	26766
A3UGZ5JP7BPXFL	26767
A3UH0G4X8BO07U	26768
A3UH5TBDOCQN9G	26769
A3UH7CVGC0YTAI	26770
A3UH7KYW3T9VQG	26771
A3UH7Q5PBLXBFK	26772
A3UHAPZX6LOQRL	26773
A3UHCOLY0BML0F	26774
A3UHI5DDLR8F31	26775
A3UHSP0A8I0LIN	26776
A3UI5ODGOLAXEI	26777
A3UIF9NNNSKAOK	26778
A3UIWIVUFN46S1	26779
A3UJJWJNUW238O	26780
A3UJMQRUJN9GM7	26781
A3UJRNI8UR4871	26782
A3UK2SY954UM1A	26783
A3UKCR8BBXR8MT	26784
A3UKHDUL8NOACU	26785
A3UKIMS698FI6J	26786
A3UKPY9YVQVGR	26787
A3UKS11S6YE4UM	26788
A3UKSYJ3MC2FCK	26789
A3UKTEGENECDNB	26790
A3UKVNTEJ242OM	26791
A3UKWQS8SRW6IO	26792
A3UL74QKX9M6Y3	26793
A3UL98496LTQQ5	26794
A3ULGJ13NXUS1E	26795
A3ULK1Y4XZMS45	26796
A3ULKBI7I6N5DT	26797
A3ULLBZUPCEBYQ	26798
A3ULQX8LK2BX1O	26799
A3ULTP7MV89VRB	26800
A3ULWZ6KI0P4R2	26801
A3UM067186N7NS	26802
A3UM3QQ067RQX1	26803
A3UM3XG1CRIRQU	26804
A3UM7V0PVIHUDP	26805
A3UMBHM6R5AEW5	26806
A3UMLXL8K0C89N	26807
A3UMNAV5NHTGS2	26808
A3UMNUOVA30CTJ	26809
A3UMOMTO4MOSP3	26810
A3UMRE29ZC60C7	26811
A3UN6174IASM9F	26812
A3UN944SY6QRDB	26813
A3UNI9VA4EXY3U	26814
A3UNMA1K04GFNE	26815
A3UNPH6U0A65SW	26816
A3UNR4HDAXDCRV	26817
A3UNVFF8XZH5Z9	26818
A3UNVUSTAEN8S7	26819
A3UO2SU0D533YS	26820
A3UO7TPKCH3D4	26821
A3UORBSIKQ56ZB	26822
A3UOSNSYF9F9PV	26823
A3UOYO3UL8OSDK	26824
A3UP4431XG8OEH	26825
A3UP7FE0QET6MF	26826
A3UP97IQAI6LJH	26827
A3UPB0E42ZL8Y	26828
A3UPGIV1ZNYSPZ	26829
A3UPHLCMOEZ5NU	26830
A3UPJQ8GW9Y35A	26831
A3UPRMY10TYDAX	26832
A3UPZDQZB0DR4S	26833
A3UQ0CZNQAUJ3Z	26834
A3UQ0QWI3INTKO	26835
A3UQC1GUH3YPT1	26836
A3UQEBUN7F1G10	26837
A3UQEJDSZX2KEG	26838
A3UQK34C2N9RD3	26839
A3UQKH9FW57IJ7	26840
A3UQT2IXWIS1T4	26841
A3UR3Z77DTTHRY	26842
A3UR4QTAHYLHC1	26843
A3UR9M8HG62DJ1	26844
A3URE3Y5VJ8P65	26845
A3URQNKLZ5RSM1	26846
A3URROV6HPSJZL	26847
A3URYZMMNM1XIL	26848
A3US0A3Q7VZDA9	26849
A3US1JFOET2UFP	26850
A3US4DY1QRIGB7	26851
A3US651GJPUGJ5	26852
A3US81SC69US5H	26853
A3USHFZRLOD1IC	26854
A3USTLMU2KNW8E	26855
A3USTSI5NZSXYJ	26856
A3USYQABCVA3WH	26857
A3USZRRQ98NX4A	26858
A3UT0KCL1QZUKA	26859
A3UT6SWKSWTEC9	26860
A3UTJA64E85J3T	26861
A3UTUQNJKAQWHQ	26862
A3UTYOI4EDTZ6V	26863
A3UU3B6ZTQLYUO	26864
A3UU8W7PYBPHW9	26865
A3UUHLGCPRJTNA	26866
A3UUK5G5BTY3R0	26867
A3UUKEXALUB303	26868
A3UUP16P95DT4W	26869
A3UUPHSQUWKTET	26870
A3UUPNF3M5VC6F	26871
A3UUZ8EU103MEK	26872
A3UV38ZCFCNI3W	26873
A3UVJOWD2ODCVS	26874
A3UVOZ86RCJ009	26875
A3UVPUJ77XVTGL	26876
A3UVZGHJW29508	26877
A3UW23DBF2KHWC	26878
A3UW8GH4ACAPR7	26879
A3UW8UH4PTZXMT	26880
A3UWCSZORQA5QU	26881
A3UWRQZV34509I	26882
A3UWZ4UGR9Z4GJ	26883
A3UX01P6UL6KIP	26884
A3UX3E1B1ULDKG	26885
A3UXHR161OB61E	26886
A3UXOHZ2RHXD6Z	26887
A3UXWBZBU7623M	26888
A3UXWF0FN0FB94	26889
A3UXWG3R791PWP	26890
A3UYBRB74RJFXB	26891
A3UYDE9DU39UBF	26892
A3UYK0797Q4QIF	26893
A3UZ2IQGIWSRAY	26894
A3UZ2RCTUN4S9Z	26895
A3UZ7DHABYMBZ9	26896
A3UZDTSRMG43GB	26897
A3UZHCA98CQUFY	26898
A3UZNR6I1YMMXB	26899
A3V01D7U3487LK	26900
A3V01RHFB1ART1	26901
A3V05IDJBB2JIH	26902
A3V08V821QXL10	26903
A3V09O7EYOD66Q	26904
A3V0D97QKXDN5R	26905
A3V0FDYLYB92DO	26906
A3V0FQ15QCTBXQ	26907
A3V0HBG38TFHOK	26908
A3V0JSSESO1STO	26909
A3V0U0WFFZ6ID1	26910
A3V0YMPHNH76PQ	26911
A3V10H0ZIY8Y7L	26912
A3V15SFD7918WZ	26913
A3V16CPB7YE3VD	26914
A3V18F0FIAP14Z	26915
A3V1A3C9DTLPME	26916
A3V1AHX8P4R839	26917
A3V1MKC2BVWY48	26918
A3V1N9K3BHHGJY	26919
A3V1W3QRFU3DWF	26920
A3V1WX74KDD12I	26921
A3V20U36JZWEW	26922
A3V20YFVPC2SH1	26923
A3V219IAFSVS98	26924
A3V296F5XF0YHA	26925
A3V2E6LV9OPEU8	26926
A3V2ESDQOBDOWM	26927
A3V2EZ6MA32FF6	26928
A3V2HO5AJP8HQ7	26929
A3V2KO3SXNXA8U	26930
A3V2O7NQL66LT2	26931
A3V2TY16Z39VI2	26932
A3V2ULYTEULKXS	26933
A3V2VVDGXH7YFE	26934
A3V33HAR28Q4ZP	26935
A3V34YQOWJ4HR4	26936
A3V3AJNLQ3R6H6	26937
A3V3CM5N2RGZU3	26938
A3V3F6BMIJ15C8	26939
A3V3MEAJO86014	26940
A3V3QIO99RVBFU	26941
A3V3XZV7GOA2Z6	26942
A3V453KNFHAUZS	26943
A3V4FVSN1ZO8Y4	26944
A3V4HY2AVHXOUQ	26945
A3V4J167YDV8HI	26946
A3V4ZRLNTEOI1C	26947
A3V52OTJHKIJZX	26948
A3V543DBS5C4RU	26949
A3V55DVYU80LDS	26950
A3V568XXI7FIP3	26951
A3V58DYMKOF27V	26952
A3V58QCIAS2UGJ	26953
A3V5IL29BQO2Y5	26954
A3V5UPZWNGJ8YO	26955
A3V60HXIJDNNIT	26956
A3V6320L3JE0QI	26957
A3V65EQUFDQ1FL	26958
A3V6I66AQLB3CX	26959
A3V6KKG9N1EHCL	26960
A3V6VJVR1NRPZ3	26961
A3V6XD8G9MIZT9	26962
A3V6Z4RCDGRC44	26963
A3V73ZYM9XPC6O	26964
A3V744NS6AJ7I	26965
A3V7D0LH8L7BG0	26966
A3V7GTJ5I6YO5P	26967
A3V7LZQ5B89YLB	26968
A3V7Q3EKFBBZBH	26969
A3V7W086VLKZQY	26970
A3V83IWGLCSAFU	26971
A3V8593XE0IY7R	26972
A3V8AJC0U5A83S	26973
A3V8M6OKZM0HBM	26974
A3V8XW8ZN1WREJ	26975
A3V8Z2NSOEGT5I	26976
A3V91TSGLE779I	26977
A3V9FBTDK316UM	26978
A3V9H7U6085Z69	26979
A3V9HR2P3PZ0JE	26980
A3V9HT10S0KDOX	26981
A3V9QGROF32CZD	26982
A3V9Z855105HUK	26983
A3V9ZWGDBTDBM6	26984
A3VA36CYZS277X	26985
A3VAH4JWUXS1PZ	26986
A3VAMS87Z3297E	26987
A3VAO95NXRJW69	26988
A3VB7813JEPY89	26989
A3VB7MK66YU1L6	26990
A3VB8DULS0ZXLL	26991
A3VBA1CVNPXS84	26992
A3VBCXPB3CZWVB	26993
A3VBDO7E6OX4K2	26994
A3VBE0NSVSNOPH	26995
A3VBORHS4H8LES	26996
A3VBPXTQFDF0L2	26997
A3VBTSUCO7PTKT	26998
A3VBTW5AP02D98	26999
A3VBV0SY31K4VM	27000
A3VBWU9LELE3RN	27001
A3VBXPGW3WZ4Z1	27002
A3VBXQKRM7A4JR	27003
A3VC04VNDFOBOL	27004
A3VC1V2VQ10KXR	27005
A3VC6D6GTPU97Y	27006
A3VC7UGT5IXK6S	27007
A3VCAEC71576S9	27008
A3VCC78EODZNQM	27009
A3VCIEAN3NYO12	27010
A3VCP3G1L0PZ3M	27011
A3VD0QDAD3V1BX	27012
A3VD0TU3DHZ4VI	27013
A3VDQ60W8T01QH	27014
A3VDQW6Q437K1G	27015
A3VDSIIA3VUZN3	27016
A3VDWR7HE54SB2	27017
A3VDXVBVLBY568	27018
A3VDY2E2ZFGMZK	27019
A3VEFR9189DB7C	27020
A3VEHQNKQA2ZI7	27021
A3VEJDWR4X9P0B	27022
A3VEK3DFTYJ30E	27023
A3VF1CKX8TVAJJ	27024
A3VFCCLN3RAMMI	27025
A3VFEICZRXOFOB	27026
A3VFFP4SR2F1ZW	27027
A3VFMC9JAT62H	27028
A3VFWHQVI8AMVL	27029
A3VFY1DRCGARIP	27030
A3VG06ZPDNQ2CY	27031
A3VG4MEKJU06YS	27032
A3VGCU2NCQFMG7	27033
A3VGH51GDMYCAT	27034
A3VGP7RB3ZWFU1	27035
A3VGQYBWEDPQQS	27036
A3VH0SQQ914OH5	27037
A3VHGUZCGYA4KK	27038
A3VHK1SG8ST9OF	27039
A3VHKO17S8PYQE	27040
A3VHPPIY9DBDMM	27041
A3VI2VETB90ZG5	27042
A3VI5VDU52N1RK	27043
A3VI6MA2T7QBAP	27044
A3VIFJZC7SHX1T	27045
A3VIH61B8E340V	27046
A3VIJ65HJ1TVVD	27047
A3VIML4PCYEKVM	27048
A3VIRG27TO2IO6	27049
A3VISIN9Q1H7C5	27050
A3VJ23BXXFDXOT	27051
A3VJIYLQ5FUFG8	27052
A3VJJK33P4EM1G	27053
A3VJWCEK5ZG3Y5	27054
A3VK4UNUGQXHNQ	27055
A3VK7G9UG83LZ9	27056
A3VKBXQ6S41YCS	27057
A3VKG6N6L1J4IP	27058
A3VKOGY2NCMZTC	27059
A3VL4YP43RVCCV	27060
A3VLB5D8G8KL6F	27061
A3VLBXYDWLAO9Z	27062
A3VLHYFMXBFK0K	27063
A3VLTT45T236B	27064
A3VLVOVWP2ZX63	27065
A3VLX7ZKAABD14	27066
A3VM7Q66Q3TBML	27067
A3VMZKGJIEN2ZG	27068
A3VNASQR8EIUF9	27069
A3VNBSGWXMJ20K	27070
A3VNHG7QKXRS4V	27071
A3VNVS97D3GT2H	27072
A3VNVUWY6VWOLM	27073
A3VO8BO2QH6JD3	27074
A3VO99EDNGBTY7	27075
A3VOBOUVRDH300	27076
A3VOC0E8UL8B3J	27077
A3VOJUC5AU4OA	27078
A3VOLU4VGKRQ3E	27079
A3VONQL7YW8UPM	27080
A3VOVZ2KE822XI	27081
A3VOYOIQSKK5I3	27082
A3VP5SXUTKJFRW	27083
A3VP7R56AZ744P	27084
A3VPA06B0YBJIC	27085
A3VPJIWF7TNAW8	27086
A3VPP95ZKOOUJK	27087
A3VPY387BRN2A7	27088
A3VPZ80YMOUTI8	27089
A3VQ0D3BC8JPHG	27090
A3VQ9XXLO1HGWG	27091
A3VQAX20YMOFD7	27092
A3VQEQ0XNIJIC6	27093
A3VQFUAB6WQXMU	27094
A3VQGPNOR0724G	27095
A3VQNMN5I0V2JI	27096
A3VQOKT0OEIFDT	27097
A3VQQZ0QGYP383	27098
A3VR05NQOLGQJ5	27099
A3VRAVF2WVDV21	27100
A3VREHMMAOHGD7	27101
A3VREX5S099GGR	27102
A3VRW4C26XL1RN	27103
A3VS12DRTNMCFF	27104
A3VS2RYRGDW4HS	27105
A3VS36GAE6FVQD	27106
A3VSDJQ9DCIVAB	27107
A3VSDZVWONN4SQ	27108
A3VSHLS9K329RP	27109
A3VSL4BCA09DVI	27110
A3VSLO08YVR853	27111
A3VSMRBCV8PWYG	27112
A3VSMUBKY8HYB2	27113
A3VSV2A52SRERA	27114
A3VSZVHLEFUFJC	27115
A3VT6G8TOSEX33	27116
A3VT9VE8JYA0LI	27117
A3VTI6QYIUL4CK	27118
A3VTMEIJ6ZG64K	27119
A3VTMZYLG38AJU	27120
A3VTOLNB5N6FVP	27121
A3VTSGMHNA7CA6	27122
A3VU2IFN9NTWN1	27123
A3VU75LG2ZSXK6	27124
A3VU9PM0QRGQZO	27125
A3VUDSI2S80CYB	27126
A3VUL2YPZZYN9Y	27127
A3VUMS3420576K	27128
A3VUSO5VWDZ3Y5	27129
A3VUUBQQ3YE6QK	27130
A3VV4P5ZFVMV5H	27131
A3VV5LVHXSL1JY	27132
A3VVIIRLAJDR8D	27133
A3VVKC910FN4EK	27134
A3VVL9YV9GB8N	27135
A3VVS81J7UBGYB	27136
A3VVT9FFZHXCGO	27137
A3VVVTEQMM1T1C	27138
A3VW3CVEKVH05P	27139
A3VW47C62Q0RML	27140
A3VWC3ACQXWRJT	27141
A3VWGARXY6L1K9	27142
A3VWMYQH16HHX	27143
A3VWOQ1XQFFBRK	27144
A3VWV1O62VNYOY	27145
A3VWWUIMO41AD1	27146
A3VWYUH3NAWL0A	27147
A3VWYWA7QBNRLJ	27148
A3VX1I43LBEUYU	27149
A3VX6DDDK0681Z	27150
A3VX6U2IIT1WWG	27151
A3VX79GLO6VD4K	27152
A3VXDJJEZDTRLC	27153
A3VXEB32FUDCCL	27154
A3VXRSF5ZACHHF	27155
A3VXVON06PQWCU	27156
A3VXXZML93VAFV	27157
A3VYJ8J7M9I7GB	27158
A3VYK5PGZBXPVY	27159
A3VYR1XI64HAX0	27160
A3VYRCWF5ZS88G	27161
A3VZDP2IVU8WEH	27162
A3VZEIPOJV9IMN	27163
A3VZH0PWLQ9BB1	27164
A3VZNYWQNUNANJ	27165
A3W06YJC2YACTH	27166
A3W0HZYTL0SENP	27167
A3W0I3WGY6I4DY	27168
A3W0KXACZ19E13	27169
A3W0LBVL8MDCS6	27170
A3W0QBWMP2V3K5	27171
A3W0RA8PUF95GJ	27172
A3W0WA1Q1UNK9C	27173
A3W12REHWJF8UB	27174
A3W14ZY4IMM08L	27175
A3W152L0OZZER6	27176
A3W176WW987W5W	27177
A3W18RZKEATYDG	27178
A3W19LQPMXARTK	27179
A3W1CX78I81IB1	27180
A3W1EE5ICSVQY	27181
A3W1EO0CTY8ERA	27182
A3W1KYJ1ZIDC2J	27183
A3W1U5B19BDTCV	27184
A3W1W9TMWC15LB	27185
A3W26Q2VKP9O73	27186
A3W2B1B93U8W1O	27187
A3W2CCBB22ZD15	27188
A3W2EOWTZVIGC9	27189
A3W2IK007IA48A	27190
A3W2MRIU8K8F45	27191
A3W2ZHYTJTNQVE	27192
A3W3IHUA50WIFK	27193
A3W3RG9R7KRN49	27194
A3W3XQY4GQRSIY	27195
A3W3YDM6JRX6WM	27196
A3W400E8PUFM0Y	27197
A3W42QTADBX2NI	27198
A3W48LWQGJHDQM	27199
A3W4D8XOGLWUN5	27200
A3W4P30RSJU2GY	27201
A3W4PFJ086E49S	27202
A3W4ZUQ4HGCIYV	27203
A3W519SCPZ79LX	27204
A3W5JVNI76RZ6	27205
A3WEJOG6OMYPN	27206
A3WEKT312MAQX	27207
A3WLPYK4C2QQF	27208
A3X0OABB0HCP2	27209
A3X59FM57CGNG	27210
A3X9FRDGQB1LD	27211
A3XBPVBZZTA1M	27212
A3XF0URQKZ81I	27213
A3XGHG3XSPSWJ	27214
A3XPQIG3TZCYA	27215
A3Y0IB3VYLD6A	27216
A3Y60CDFXE7OA	27217
A3YCLEPPIHGDX	27218
A3YFPACNYM514	27219
A3YJX1TWOHVDA	27220
A3YRIEUDJV27C	27221
A3YVWWVZMT33I	27222
A3YW2B4OR5S8U	27223
A3YWY3MA5P0O3	27224
A3YY0BWFCCU2A	27225
A3Z0H6S144Q2Z	27226
A3Z0NY5KLOI8Z	27227
A3Z3P93UJ2B37	27228
A3Z4EITASQVQW	27229
A3Z5YDKXS8ZOM	27230
A3Z9QN0RCOHEY	27231
A3ZCB4W344GHF	27232
A3ZG2NIPY1T7P	27233
A3ZQ7T9H9UKNC	27234
A3ZU440QVR6TK	27235
A3ZWI0U1CXY9N	27236
A3ZZLKYYSGFMQ	27237
A405PWNGF8A4T	27238
A40A0Z1WXGR8V	27239
A40AELOB6X2KQ	27240
A40JUS2GBY03K	27241
A40LMVROYSWXS	27242
A40N5P6DG7FOL	27243
A40VXO701K3ZP	27244
A4165W43KS7DM	27245
A416MQFPKN8MQ	27246
A41BIXWJYSN3Y	27247
A41FD1DQQJLPA	27248
A41I67QYRAOSQ	27249
A41K4XLPJFGPY	27250
A41L0PDLK9BB2	27251
A41RJ4XSG9K77	27252
A41SRSXS4GCVE	27253
A41T72L0R9IAQ	27254
A41WGBZCVQNW	27255
A42ERR0F138ON	27256
A42F2OIUHFSS3	27257
A42FNTM7Q2FE0	27258
A42PJ9K10RLMT	27259
A42PPXDU8WQWH	27260
A42SEDGF3GMX4	27261
A435HYI6HEQPQ	27262
A435RZ8GG6XEY	27263
A43905ISZUK4Y	27264
A43XA818R3XA2	27265
A43Y8KFO5JK5P	27266
A441R59DABT6E	27267
A444L4C9EP79B	27268
A445FFOZKY3WZ	27269
A449KVVGC9J7I	27270
A44BKMUSUG6P0	27271
A44C8TQSNYMYU	27272
A44LH24OHCTWM	27273
A44Q72Y2LKSXR	27274
A44RJ319ZLWJV	27275
A44YWWMMHNS0E	27276
A4535H9O9RGOQ	27277
A454MD2H0729Q	27278
A45A747V7LRFE	27279
A45SGXUY3D4U	27280
A45YXVAPUJYMO	27281
A461OPOOF9JJT	27282
A46C0Z42PNYOG	27283
A46D3MTB5LIUY	27284
A46OATBWCRUJQ	27285
A470RVF0UK1LL	27286
A477SRTK9URMV	27287
A47ERMXJ4KU7A	27288
A47FOUT5ETH62	27289
A47HVKXH9IUPN	27290
A47S7MHSKSSLL	27291
A480SYNC2Z0E4	27292
A481M4ZBIZ4B2	27293
A4835AYNZGI5F	27294
A4870AFMYU0X6	27295
A48AQOAUC1JGW	27296
A48H6VJDL9NM5	27297
A48IIPXCUT1QS	27298
A48J4OYL4M4B6	27299
A48LZ1NBNK45C	27300
A48M2CKIEB9LI	27301
A48NUZO68QFHM	27302
A48UNJNL1MQ99	27303
A48XTH8RFWM24	27304
A497L1EUTOVXW	27305
A497YP1LRP5A2	27306
A49FLO3WCIRQB	27307
A49LF193BLCBE	27308
A49OIAURHFJG	27309
A49OMDL4TDB9Q	27310
A49R5DBXXQDE5	27311
A49RSMGCPA123	27312
A4A6BG3SD0KBO	27313
A4AC593GW57L1	27314
A4AE51TJNBEV7	27315
A4ANH9BIZPJMR	27316
A4ANKGN9RC6KO	27317
A4ANM0GLEMU1S	27318
A4B5JBA6KQOD7	27319
A4BEV3882S4DB	27320
A4BGWTZK5DM9Q	27321
A4BLA5JU33LLM	27322
A4BTV4KW2AFD4	27323
A4BWCJCLY8XHH	27324
A4C38HZYNECXJ	27325
A4C3VTL1LGIMG	27326
A4CBYR7ENHIVY	27327
A4CCHU14W40TP	27328
A4CDPNHTVJ8DZ	27329
A4D5B7Q8A7PA6	27330
A4D5J3R64W3D3	27331
A4DF7XDJ5TL8V	27332
A4DG6HPP0EW3G	27333
A4DIJKDS8I0DD	27334
A4DJDYGCR9JIG	27335
A4DLVVK8W2ZVA	27336
A4DM6VIUS5FIT	27337
A4DR5XUUM4RYH	27338
A4DXBSBVZOKGQ	27339
A4E9H23O2Q9SR	27340
A4EMNMR48UDHT	27341
A4EN88Q1RZIED	27342
A4ET6NC735AP7	27343
A4F5VOTJ7EDBA	27344
A4FICMB6B9BKN	27345
A4G0OC68P7DAE	27346
A4G181FU6S1DV	27347
A4G21URP9GGUK	27348
A4GFA67FAZ5V1	27349
A4GHPW9AAH1NY	27350
A4GJ1M7OFHTN8	27351
A4GLR5U1NHQR8	27352
A4GWGUXW753JY	27353
A4GYVXQ96FVGL	27354
A4H14K0YQFQS4	27355
A4H5Z13FBMQ79	27356
A4H9MYDEMZD7M	27357
A4HEWVQZMJT6Y	27358
A4HG2JXKY5ZP2	27359
A4HGFGH5BV631	27360
A4HH0ECYP7D7G	27361
A4HVIYRVP4TD4	27362
A4HXJCT84CDFN	27363
A4I1LNR6F30O6	27364
A4I805THYQLEN	27365
A4IB507C5PR96	27366
A4IJMAS30WDEK	27367
A4IL0CLL27Q33	27368
A4IN71YT1QY1U	27369
A4IR5LKIO6V3B	27370
A4ISWORCAGKOX	27371
A4J3BZK27TFXQ	27372
A4JB19G363O39	27373
A4JFP3NOW5OAD	27374
A4JI62J0FUPD6	27375
A4JJ5F8UYABVT	27376
A4JOIW5PWHBLT	27377
A4JP6OOVC8EL6	27378
A4JQHMXA9537Z	27379
A4JUFO59WP1N0	27380
A4JZOZEZ8NLUA	27381
A4K1YGL2AXS9F	27382
A4K42FSI49FJ5	27383
A4K8F9IFVP8QV	27384
A4KU0XJNBH674	27385
A4KXC4QTQWU34	27386
A4L6H4AF8TRXD	27387
A4L7790YJGFA4	27388
A4LFP1G224GQ4	27389
A4LL5U8PG1R4D	27390
A4LNX4LWRMN7N	27391
A4LST4BHBJ8ST	27392
A4LTB4HE83JO1	27393
A4LV31QMA8J13	27394
A4M1EAAECOYM2	27395
A4M93AOUPNAAD	27396
A4MR0PYNBLHJ	27397
A4NCJATGZ3X8	27398
A4NFRHD1LDJEV	27399
A4NG3V6DRH0EK	27400
A4NIKHFSMCQEC	27401
A4NLT1M8GOQQS	27402
A4O13NRQHSNTZ	27403
A4O5ZUZDDKPZ9	27404
A4O787I6NONMP	27405
A4O8419SE829C	27406
A4OD6G48H0UT2	27407
A4OH5P0NHO0V2	27408
A4OLR73CS4AKI	27409
A4OMKMD7ZIQVG	27410
A4ONPTKOHKXPB	27411
A4OSEUA98PPAA	27412
A4P0N81DLXQFQ	27413
A4P1HDSC3O2TT	27414
A4P7PBG6OJJF7	27415
A4PMNMW91YCA4	27416
A4PYOAQ2GH8FQ	27417
A4Q1YDHGWCP4F	27418
A4Q4IVIKFYCGV	27419
A4QBYJ0W4996T	27420
A4QDURCD51EQF	27421
A4QFV49ICQ7NI	27422
A4QP6XV8Z7VFN	27423
A4QRDM6MU5L32	27424
A4QXTN3K865NR	27425
A4QZ8EWL4QC6B	27426
A4R9Z75NLKIF5	27427
A4RA5BV10E4SD	27428
A4RDE2GAAYGA1	27429
A4RF2RJ3MHRGF	27430
A4RL6XMNONZ6U	27431
A4SCKVU6SM223	27432
A4SD8F79JBYG2	27433
A4SEHTBQ3LM7R	27434
A4SGTEYGXD0OX	27435
A4SQEWVYT5DDV	27436
A4SQX62FJLN2H	27437
A4SYLZT0PGE96	27438
A4SZE46QC0CSX	27439
A4T9JRLZE53G1	27440
A4TO3144C29PI	27441
A4TTT2KNPEF43	27442
A4TU4M76Y09AR	27443
A4TVO2UOHES3I	27444
A4U401WWL1G2W	27445
A4UF0VC6UTBE0	27446
A4UGMKUSX9XHI	27447
A4V2OC7RCAOVP	27448
A4V46BRHERMAJ	27449
A4VMQ6ZTSXSSL	27450
A4VPGEYDALPQQ	27451
A4VX4BOYJ66C6	27452
A4W3NOZED0H9H	27453
A4W780QWH3XZY	27454
A4WBOO8ZRX24R	27455
A4WEV11XSDZLC	27456
A4WEZJOIZIV4U	27457
A4WQ0BK78TJTU	27458
A4WQR5378I4NJ	27459
A4WVMH3S78VKC	27460
A4X0CQ7X97L8W	27461
A4XA34LFWC07K	27462
A4XCPZWSJVLSF	27463
A4XFPCFW9NPS8	27464
A4XJHYZCKFZD9	27465
A4XR36DJRU3S3	27466
A4XYG4P7M81DT	27467
A4XYLE9FXHYBI	27468
A4Y8MPXJ35Y7R	27469
A4YG9CA21ZZ9L	27470
A4YRSGZ04NWSE	27471
A4YV49T8Y0X94	27472
A4Z7T58VKMSZN	27473
A4ZGPH50QWA1F	27474
A4ZGUXJ3V8F93	27475
A4ZIV2WHORG6F	27476
A4ZYT875KT8KS	27477
A506HOOCVL8GW	27478
A50D5LXIX44AC	27479
A50L19N0HMBG4	27480
A50LD8D1QDXLU	27481
A50SHFDNBM19I	27482
A515DGB9JWCWO	27483
A516LZRKSEBM2	27484
A51F6DMGCGDPT	27485
A51M9KO297J09	27486
A51QF00V42KG2	27487
A51U442TJ00T0	27488
A521VQI1AT8OK	27489
A52C0HDSM2M8E	27490
A52GGTRWILP04	27491
A52MJKHFYXWR4	27492
A52NA17KU7QSZ	27493
A534XOAZHS2EG	27494
A537XC69FAD3J	27495
A53MASQQW2XUU	27496
A53QOQJQOF5RN	27497
A53WRABEY2JBN	27498
A542MVJCVMEFL	27499
A5449PONBDSYE	27500
A549EDJOTHK79	27501
A54AH7R63XXVE	27502
A54REBNBBP8C0	27503
A54SG05AV6S4H	27504
A54SH1WKRKDYY	27505
A55AVHDVGSMHZ	27506
A55GUZLX6R02M	27507
A55JVR3QR03B	27508
A55KZ8F51V0XZ	27509
A55OWI53KJ4KZ	27510
A55PK06Q6AKFY	27511
A562WTDM0VR1V	27512
A5640W3BA38VZ	27513
A565O398MM18B	27514
A5663BYQTSFMV	27515
A567HBSX35U7X	27516
A569XELPVEKAO	27517
A56DN9KGTR0UH	27518
A56RDH3IBN7MU	27519
A56SR1XLE8DF1	27520
A572XO1QVXNBM	27521
A5758KLH61UFO	27522
A575UB00PJYBK	27523
A5765SIMK2F3X	27524
A57O6SU7FFBVP	27525
A57OG4UVVT9HS	27526
A57PV9WULNJHK	27527
A57QX52Q5RY23	27528
A57TSM5WBXW4B	27529
A58437AUQICZF	27530
A58F10T4OE58C	27531
A58F7Y55RPEGZ	27532
A58GYW7Q9YV12	27533
A58MZ6Z339AP2	27534
A58N0P2OKC2GA	27535
A58P1TUC17EL2	27536
A58TADE3X5OX3	27537
A58UC051UCKV6	27538
A5925XC9UTONQ	27539
A5949EUFVJ8J8	27540
A599PGY2HAVJB	27541
A59D0V9008LQP	27542
A59GVQP6WY0IP	27543
A59L2UPBEI50K	27544
A59P4HF0IM8O2	27545
A59QABPYU08MM	27546
A59QUGFB15U88	27547
A59SPA2S6NCC6	27548
A5ADGRSJF0UPH	27549
A5AP2KGHZZ78J	27550
A5APZDP9RA0JY	27551
A5BCGI9V38TJ1	27552
A5BFBXMYI5JEN	27553
A5BJMAHZWGJ7N	27554
A5BXTOEBW0IFC	27555
A5BYIJGVK9FOK	27556
A5C0IPOV9AY2N	27557
A5C2JDPTKZROK	27558
A5CDMTW6JKV5G	27559
A5CEJLJ7I5SHM	27560
A5CJ9KN2OTOPR	27561
A5CJMNF0EJ3AH	27562
A5CJY6TSMKKUO	27563
A5CWKXRGP8DIX	27564
A5DC71HIZZ0YU	27565
A5DC9PFK3EOML	27566
A5DHIFSSOA1B2	27567
A5E03O2GDR9IV	27568
A5E19XM0E53N	27569
A5E3CV8KRR8HP	27570
A5E3NWEQIHF8H	27571
A5EKS7DH7PZI1	27572
A5ENM8TCLPP40	27573
A5EPN0VVF9EHZ	27574
A5ERKXLO1W5LT	27575
A5ETYJRNUUACF	27576
A5EXER5Y8XFL0	27577
A5EZI5TVHC476	27578
A5F1YHFYRK1B	27579
A5F4K8GULBUYL	27580
A5FTU1EQRBHIL	27581
A5FYIWH5ORHU	27582
A5G0HNH78BXZO	27583
A5G7B65K0UKOT	27584
A5G8BKM4CT9XV	27585
A5GK5WJCJ4F3N	27586
A5GPH59NDWJRB	27587
A5GSEXS4BAXAQ	27588
A5GWKVS2C8B9X	27589
A5H1G19GCIBOC	27590
A5H338JMTD69F	27591
A5H6ZV9IV0QZD	27592
A5HC2DWR6544Q	27593
A5HH2YBDQ859A	27594
A5HIQ1449ACVN	27595
A5HTLU40QSVSP	27596
A5HVHBVL1BPOX	27597
A5HWUA6VY3C0G	27598
A5I11VXKK2T26	27599
A5I3E0Q21BIUP	27600
A5IB1HOY2T9QE	27601
A5IBTA0UIX0XJ	27602
A5IE4L9QLSS5F	27603
A5IEN7V2CQVUA	27604
A5II29J0V20A1	27605
A5IIM9A0BDLXI	27606
A5IKX7K0ID3M8	27607
A5IMSRXL75UB	27608
A5IXSA5FCROD1	27609
A5J5LFI7860PX	27610
A5JLAU2ARJ0BO	27611
A5K25VAIVML50	27612
A5K3A64I7WUMF	27613
A5K51V4E6SQZ5	27614
A5K71R320YIB1	27615
A5K73VV4Z88VP	27616
A5KUU8RUK3PL0	27617
A5KVTBI8FA961	27618
A5L6UC0CZC480	27619
A5L8Q2OB3O62E	27620
A5LJBDPNJZ71U	27621
A5LQFQXCEU7Y3	27622
A5LQYKV6QJ1MO	27623
A5LRBVFGVZ6D5	27624
A5M114VIWT5F	27625
A5M1M9IJEQ8J2	27626
A5M3AZ4RNZOEY	27627
A5MB80K8KCW0D	27628
A5MDA94ROD7DT	27629
A5MKILTPX5N83	27630
A5MSC9VBBCYBX	27631
A5MU2BHNUOOR9	27632
A5N0QU8JBRVQQ	27633
A5NA8I02DWUXE	27634
A5NM40EFF2Y32	27635
A5OAHOU9KUUY	27636
A5OAHVTXTIDUK	27637
A5ODOG87CMCF9	27638
A5OEPOZ3SHKYE	27639
A5OEZLIMHIE5Q	27640
A5OGGRCNL19IJ	27641
A5OGGYSQRUYCU	27642
A5ON50JNYEVNU	27643
A5OSZTD3V3WRP	27644
A5OV9VH8JACZZ	27645
A5OY9OA1Z2P6T	27646
A5P2GQK8ZEE8F	27647
A5P7JYYQWFKPZ	27648
A5P9VRZBP0LV3	27649
A5PEVCGMRAITO	27650
A5PG7USCONTTR	27651
A5PGRS8PXTEAF	27652
A5PNP95EG7BX1	27653
A5PS5MKS1KU4Y	27654
A5PS78KFK8PYY	27655
A5Q1FK0FWU7DH	27656
A5Q2ZORRLRH3A	27657
A5QD4KPMEHLO7	27658
A5QDZGAOJ9E7F	27659
A5QNL5H6ZOKUR	27660
A5QSETKDDSA3C	27661
A5QY2KFRNBXBH	27662
A5QYKT41NWSII	27663
A5R8IN688K7A2	27664
A5R9ANLZEZSLG	27665
A5RVFC4P94UNQ	27666
A5S1SMZSWMO5M	27667
A5S4PJHP7BS45	27668
A5S8Q039I5TMD	27669
A5SO20STHAUL0	27670
A5SPFD59N0QAB	27671
A5SWVB87Q4LL	27672
A5SXBVQMWZBS2	27673
A5T1AJ2TYYT2U	27674
A5T8F0LC8OCOF	27675
A5TC93GLV2SGH	27676
A5TGH3GJ6CX30	27677
A5TP35K822MS	27678
A5TVT6BJL9E64	27679
A5TWQVY8SF25R	27680
A5U5T6EWH90O0	27681
A5UA6U7E1K8AG	27682
A5UBHXGISP7XG	27683
A5UBLA9VV4YTM	27684
A5UJ1X53YA2CS	27685
A5UO9FYAJ6GSE	27686
A5UWEGQ0APJCX	27687
A5UXBYIKGPNJL	27688
A5VJUBG4HK80	27689
A5VMO2PRYTPLH	27690
A5VNJC0R1ZCJ6	27691
A5VOUMN5JTANL	27692
A5VU95W1GGQDQ	27693
A5VW2OMVO7WA6	27694
A5W79RR414T5B	27695
A5WVT6IGQS0G9	27696
A5X2FEKTCV4H5	27697
A5X5EGH95H0OQ	27698
A5XB4EVQR8T6L	27699
A5XG0KDFX4WMI	27700
A5XQ1I7SJ9201	27701
A5XST67MB560Y	27702
A5Y3PGL74CQYM	27703
A5Y3YCIEMMBY4	27704
A5Y4O0F8ML169	27705
A5YBU9HNQ9TZ3	27706
A5YBZQ14BWDCR	27707
A5YCM6L1UH59	27708
A5YG9L7ENWYFY	27709
A5YKIZIC8493P	27710
A5YRIHBRA6D9S	27711
A5YSNNBCMLVX2	27712
A5YVAO9LP7ZEP	27713
A5Z57DJDFMOL2	27714
A5ZAKMHSY48P9	27715
A5ZGAVE21CMYM	27716
A5ZGJBOPDRVQL	27717
A5ZSA8AOEW76C	27718
A5ZSKBFBCLXZM	27719
A605GXKCFTNIF	27720
A605YWFWRLUI1	27721
A607L2J1CG0C1	27722
A60ALS50X3F0S	27723
A60F51XH23EDJ	27724
A60GRZWE1VPHV	27725
A60I915C5M3JE	27726
A60O9YC0Z10O2	27727
A60S6KF15QWCX	27728
A60WMQV3P58G5	27729
A60XONDGHMEPP	27730
A611J1TAB1VGT	27731
A61XXNZ6ZPJVG	27732
A628XUE6PL5LF	27733
A62DKICS3BS43	27734
A62EB2MJA1S8I	27735
A62ELZVUP25DE	27736
A62G72H3HDFSJ	27737
A62JQIBVEUF60	27738
A62S8THB8S60B	27739
A62UW53AM49RN	27740
A62ZEZQXY4FPX	27741
A637TO94SRP2G	27742
A639QZ73NWS4I	27743
A639R9N9K4JQK	27744
A63F2RIUC2T7A	27745
A63GSML234W5B	27746
A63LWDKJAKXK1	27747
A63VE694XCMCR	27748
A63WLF97DL99B	27749
A642EMSD5P7PA	27750
A648MQ4NZI8FL	27751
A64IQ9NIYA633	27752
A64K2TFBIDUNL	27753
A64KZDUQYPWES	27754
A64LEAZ2QF8L2	27755
A64NRL5OSR3KB	27756
A64QYHD9QN5K4	27757
A64SJL2IBJEEU	27758
A64TN6AEZX1SC	27759
A657M5IAOWQVY	27760
A658AAAKQFJIS	27761
A65CVI5YH8CHT	27762
A65V8CMBWLA3J	27763
A660CJHVDVWK4	27764
A661ZL9OTBQRE	27765
A66DME0HFC10K	27766
A66MG4KECE0MK	27767
A66TDSWAJVGSS	27768
A66XJOWNNVFMX	27769
A66ZZ4KKKIBW4	27770
A671GGV9ALOJL	27771
A67CT1PTZBMK7	27772
A67G139BUJ62Q	27773
A67IRSANB1NRA	27774
A67JHCXGNQQJJ	27775
A67KHOCFEH6AM	27776
A67LPQN251T2U	27777
A67R8JMFIS788	27778
A67SZBD5JJ8WJ	27779
A680RUE1FDO8B	27780
A683BC8TB3PZT	27781
A688GZS4Q1KRZ	27782
A689KHXA9Z5R9	27783
A68HQ1ZHKV5ZW	27784
A68I27YTWAHAY	27785
A68I93HI9W6LD	27786
A68KJIH3C8XGN	27787
A68LDFWMO6LXH	27788
A68OKTHU2CT53	27789
A68S3LVAJ62FQ	27790
A68SASV2A2HN8	27791
A68VA5YD1JSMO	27792
A68VJQXLQET77	27793
A691NY7572YH9	27794
A693I4BF4GES4	27795
A69E9TA8SHN0D	27796
A69KAYOQU6MPT	27797
A69NDGJXS2LBE	27798
A69SRVXCZVVUS	27799
A69YYD2CPMO20	27800
A6AHPVPOKTGJI	27801
A6AMCCU0CBDJO	27802
A6AU1EI1G5MY1	27803
A6BJCVLQ54ZYU	27804
A6BJWBPA4P2S4	27805
A6C1I8BIKEGXW	27806
A6CF4LM335JW2	27807
A6CGKE1GVYKU9	27808
A6CI1I6RUSIBO	27809
A6CRYR43Y6IIY	27810
A6D2NFZJXE9VD	27811
A6D91KPQGIDKZ	27812
A6DF9OQYVGS8X	27813
A6DH503SREREQ	27814
A6DVJ45WYPJ0R	27815
A6DZZH5VIWVQ2	27816
A6E34KYWRWIQR	27817
A6EE77MLFZ0MD	27818
A6ERG7NEXTRZR	27819
A6EWLR388G8OX	27820
A6F5SEU1GBW3A	27821
A6F726JO5L8YI	27822
A6F7ZYAS8PBBU	27823
A6FA4UFDQ411U	27824
A6FGXI8MTHLHM	27825
A6FHBAC5Z3M4J	27826
A6FIAB28IS79	27827
A6FIW5DREWU28	27828
A6FNS064DS223	27829
A6FR996819KJB	27830
A6G4VLOO0MSGY	27831
A6GIR5FFAO46V	27832
A6GM5CYVOOPU3	27833
A6GMEO3VRY51S	27834
A6GQ6NPCYDQ8P	27835
A6GWER7KD1WTO	27836
A6GXF6IFNKKR3	27837
A6H56ZC6ZMHOX	27838
A6HPW1RI5H2AF	27839
A6I0H5EVIARJN	27840
A6I0LUYEHG4KC	27841
A6I1QL8UBXD14	27842
A6I8F4QKJ2VFJ	27843
A6IDHTQOHKBRG	27844
A6IDVSIIOXPL9	27845
A6IF1T6MPB4BN	27846
A6IH5AX0MVA4B	27847
A6IHE6LGFHAMA	27848
A6IIU2QGZID73	27849
A6IX9WX9GTNMZ	27850
A6J3CGTPTWAUX	27851
A6J8D9V5S9MBE	27852
A6JTKJBPQI7Y6	27853
A6KFBA0SOBYIR	27854
A6KGOJ4B23GQ5	27855
A6KUT35GOLGRJ	27856
A6L0LN5FPYW99	27857
A6L30PNS07DTB	27858
A6L9KOTK81C0X	27859
A6LKD6TFIBCXC	27860
A6LL2IR52GM63	27861
A6LNLG4HG8DKR	27862
A6M2QLBIY1HR6	27863
A6M441DQ7HL09	27864
A6MB1MKAGJ3G4	27865
A6MBJNDVCWXRT	27866
A6MG5LUAUUGJB	27867
A6MH9D5H3DZFH	27868
A6MJFQ11DVHMF	27869
A6MNUK8W6H33Q	27870
A6N1A4WVI37RB	27871
A6N5N7OX5LAIJ	27872
A6N96JO7MJK5E	27873
A6NF5AIGDG39U	27874
A6O89RL5H43J6	27875
A6OI9FIQHMH5F	27876
A6OQWTBDN4TII	27877
A6OS03D6AD6FG	27878
A6OSDNASR0BVX	27879
A6OXLA4UEQFJI	27880
A6P74JYRZP0E6	27881
A6PDHN9EZ4AZP	27882
A6POOGEM76MQJ	27883
A6Q7AF4OKX5KA	27884
A6QJTFXTMQ6OD	27885
A6QZIFJHVO3WC	27886
A6R7MFKB209LZ	27887
A6RAAP48OCJ9D	27888
A6RDOQ77ZARCW	27889
A6RGPU0H5VFTZ	27890
A6RHN9V2ZP32I	27891
A6RK4W5DOVT3S	27892
A6RMELGZ0IUG7	27893
A6RN9UIM7LXVQ	27894
A6ROAQZE4H2S5	27895
A6RQW4O2IBCXN	27896
A6RZG1711OSGT	27897
A6S1KJTW8OGLF	27898
A6S7T4SROVZYY	27899
A6S9AKRSORG2G	27900
A6SBD3Z3J0MD6	27901
A6SL0WRL8A7UU	27902
A6SUWJ50J6IMK	27903
A6SZ669V8CJOA	27904
A6T098A9B0GZC	27905
A6T10T4PUTBYT	27906
A6T2JTHB24DEQ	27907
A6T40GCNFG83K	27908
A6T6TEAD1ABV7	27909
A6TDYD3CY5MEX	27910
A6THC24JHZCS2	27911
A6TPEI80WTAFV	27912
A6TPHIXWU4Y7K	27913
A6TYG6XQWYLEV	27914
A6U8QVVUJBMEJ	27915
A6U9Y4RYID2AR	27916
A6UBB3ISYP0TJ	27917
A6UI7M54IJDCX	27918
A6UL5KH2KVE0S	27919
A6UVFGMPXJOWZ	27920
A6UWS0W9K3388	27921
A6V5OIFQ409PN	27922
A6V5U30AK9L6J	27923
A6VE3EXYS1ERJ	27924
A6VF538Q5W031	27925
A6VJTCLU1M098	27926
A6VK25SXHKYU6	27927
A6VPK7X53QNAQ	27928
A6VSNGOSCGNJA	27929
A6VWVVEFTOWNA	27930
A6VXZ1EEPRTLV	27931
A6VXZPDHOWZ4K	27932
A6VZQ6L90S1PB	27933
A6W2PZ0RHS0M5	27934
A6WA7LPEM6FJQ	27935
A6WDHZG7PFLPX	27936
A6WEOCJXQIGXC	27937
A6WLV6MXR7Q3K	27938
A6X1O3A5C5FX1	27939
A6X27D5UUR47U	27940
A6X50OZ026IJ0	27941
A6X9HW1W82XK7	27942
A6XGEVZDATF5W	27943
A6XGIW9KSC0Y1	27944
A6XGONEHD3Q68	27945
A6XHF110BC856	27946
A6XJY5CE5P42X	27947
A6XNVAIA8ZULB	27948
A6XVWPWDGL5QO	27949
A6XZB1K7HZYVQ	27950
A6Y7658A04MTT	27951
A6Y94KJB6NJGH	27952
A6YBDZ6YPV4O5	27953
A6YEAHCVOHKWM	27954
A6YG4IWBLOUGC	27955
A6YLKZVY690PP	27956
A6YPLYWM604K3	27957
A6YQ1V9MN41H	27958
A6YQRXJEG9LTA	27959
A6YT8ATZ4SEKT	27960
A6Z2CYSYALEZ1	27961
A6Z2HTHHT290L	27962
A6Z7120YYJJ6V	27963
A6ZQLKECESRSF	27964
A701WLTP9PH2X	27965
A70703R62DT8W	27966
A70CKQ0ZITPIC	27967
A70I32FL55MXU	27968
A70LXK8RA7RKA	27969
A70NFM6KHU24F	27970
A70TR5LKVN0OI	27971
A710QUP1I4PJE	27972
A715IFJE96H96	27973
A717WT14P3LH	27974
A71BX7OI5NH2T	27975
A71ECZ7SYBIWP	27976
A71SGJHN71V54	27977
A71W7G4TCTH3T	27978
A71W9SSOGZ24Z	27979
A720QRIVD75R2	27980
A729ZKU8BXV45	27981
A72BLELH9GDIZ	27982
A72KEKIG7WATK	27983
A72M12CDWWG9P	27984
A72NZ1LBHV6QD	27985
A7384B20HNHK1	27986
A738DJ3IX9B7Q	27987
A73G8SQOMPM0Y	27988
A73GBRDBGXTIT	27989
A73OOUWLEDVQ2	27990
A73S8S4ON11IJ	27991
A746EJ1ZA5GQQ	27992
A748LJUABGV3	27993
A74GOVT4IYJUT	27994
A74IB3S1VG6SS	27995
A74PYTZ9I99XG	27996
A74UT8IQCM0I2	27997
A753UAWISWHCO	27998
A757WUO1UQQ36	27999
A75I74MTIY8DE	28000
A766OSUTLJ0Y8	28001
A768OB1LNE356	28002
A769I5U3HK438	28003
A76LAIUAWMDC7	28004
A77CQQDD9B5T0	28005
A77GQK6BF4XVL	28006
A77HNPURTCHP2	28007
A77I52W9PNX9U	28008
A77LSZ526K877	28009
A77PRINJFSZUZ	28010
A77QVNUETG1R1	28011
A780537E8WNV2	28012
A785BKWM28O3H	28013
A7889V8DAKIQM	28014
A78CVBSU3MA6S	28015
A78ODHO1U21FH	28016
A78OR792O2O63	28017
A78RIQURPCCPT	28018
A79372WBA9IJM	28019
A79C5OC0ZQAHA	28020
A79FRM7526481	28021
A79LQ2TFAP9HC	28022
A79QS8JI9GO5X	28023
A7A41NB4JECU0	28024
A7A9WVDCLLJSY	28025
A7ADKPQ8UFY95	28026
A7AEVCM0P42DL	28027
A7AM5RWKI3PEK	28028
A7ANL234QZQ70	28029
A7AT3C7RMESNM	28030
A7ATGJ0YIAFL5	28031
A7AYPDBGIQ4DA	28032
A7B3QUZPAX92M	28033
A7B6JHJ272IM3	28034
A7B9609ZMNKUR	28035
A7BDANB7QCNIT	28036
A7BH4T2S4GT0W	28037
A7BQF2Y5QBIC0	28038
A7BZD8KXC5635	28039
A7C3DMXKL78HR	28040
A7C89X3662W78	28041
A7CMZHQV0Z79B	28042
A7CPFFSKZ8TQ5	28043
A7CRF9J3WSZ1K	28044
A7CTIXDLF8I5W	28045
A7DI08NVIQZP5	28046
A7DK4J73J3ET2	28047
A7DLLAZ65DVU5	28048
A7DNUH8AZBK0P	28049
A7DTNIA9ZDOXP	28050
A7DZT0W9YNZIK	28051
A7EG7ETZRJENB	28052
A7ELNGMVRPYWO	28053
A7EPWJU58QSBW	28054
A7EU2BWLLCJY2	28055
A7EU3UEWA7VS9	28056
A7EUECZHY1E2S	28057
A7EW37ZQSIV78	28058
A7EZLH1VWI0X2	28059
A7F3ORELWDH6T	28060
A7F5CUX2GAUVG	28061
A7F65J30QU7K5	28062
A7F99TCBCP31H	28063
A7FDKGO7Q426E	28064
A7FE3U5S4K9EE	28065
A7FN71Z3QK1CJ	28066
A7FRKMTDMHDM0	28067
A7FS6IXSALHH	28068
A7FSRS5WZ9QIC	28069
A7FZA5O1EQ2GV	28070
A7G06WDC7RLNM	28071
A7G126IZ2JC3L	28072
A7G6FO2LVBR1C	28073
A7GERSYUIH9TV	28074
A7GIR68EES0MC	28075
A7GN6BIFXVLAY	28076
A7GPP6G2PUJ2Q	28077
A7GWIEEO0662J	28078
A7GXT5V1VL5UT	28079
A7GY24UUXLLMS	28080
A7H12E47D02Y4	28081
A7H5DH11NBLSC	28082
A7H6M2DUH2220	28083
A7HAEH81Z44IW	28084
A7HAWKXVLJENU	28085
A7HB9WXBF3MRR	28086
A7HHIYN1H1RRI	28087
A7HVGZVW0VBTO	28088
A7I1FBM4MXWSZ	28089
A7I7G5K0POLOQ	28090
A7I7SINQIMZ20	28091
A7IBOCJ0K4V8C	28092
A7ICKLHHZ1RHV	28093
A7IE1QY6RI6RF	28094
A7IV169G1CZ40	28095
A7IV8PEA0TW9X	28096
A7IXRBYZ3TG4	28097
A7J1BAZN6HRYN	28098
A7J1NJ0YQOBTZ	28099
A7J39Z5AZFPJ9	28100
A7J4XWOGBHXQL	28101
A7J6B13JWRJ47	28102
A7J6KUI9203I	28103
A7J9RF0LC08D0	28104
A7JC62FV0BRHE	28105
A7JCZMDXL9EJ2	28106
A7JD3L7NBCCI6	28107
A7JGEKN140F4S	28108
A7JJ0VXY3QTVO	28109
A7JOHG63H2O5O	28110
A7JQDI5K9XZY8	28111
A7KIP2APRK4UF	28112
A7KLQYAEB0C1M	28113
A7L8DQJR4WLI5	28114
A7L8DSO0EI3NH	28115
A7LC3XTZXMVBN	28116
A7LC6HE9VHGZF	28117
A7LEIJ5LBORNS	28118
A7LHXCJCNYHJL	28119
A7LLIXTVFFP9W	28120
A7M555OT5GNM5	28121
A7M6PENCFEZ0O	28122
A7MCTI3ZFN6DR	28123
A7MFZNU43SRBC	28124
A7MGEMRO8YJSC	28125
A7MHSJUYHX4AY	28126
A7MZABWTW7Y2B	28127
A7N1JRLTA65IE	28128
A7N48X3MMGC46	28129
A7NC5HN03J7ZB	28130
A7NCGA42VJXSN	28131
A7NCK4YRCGDAK	28132
A7NDR999YTJ7N	28133
A7NHP83B13MM4	28134
A7NJC0M2BCUBN	28135
A7NNFW15T8FHX	28136
A7NW27QUCULJY	28137
A7O1XESFWS0BB	28138
A7OG1Z5URP288	28139
A7OHBCMRMNVPR	28140
A7OHET3A3MBU9	28141
A7OT82DN460H2	28142
A7OTTM22AV2VR	28143
A7OWNN294DHO2	28144
A7P3854H8749S	28145
A7P3RKNN5QFAH	28146
A7P7ZBSC10APW	28147
A7PDFD3YIPJR8	28148
A7PK28G48DGPG	28149
A7Q5OECQBQA6F	28150
A7Q76NKFVN4DJ	28151
A7Q91ZJQC8OHQ	28152
A7QJUMMT4FPDK	28153
A7QMQBGJ2TCQG	28154
A7QOOJUE2THEC	28155
A7QPAKJFBTY05	28156
A7QTU8892I94X	28157
A7QXRM8APAZVE	28158
A7QZOJZX85TIR	28159
A7R4PC0NAPUTU	28160
A7RE7BRSY9UOT	28161
A7RFDGVXDYQLJ	28162
A7RMQILTS4CKY	28163
A7RPPQ6N22EJU	28164
A7RQ18P0L7DV9	28165
A7RRVXWI0VZAY	28166
A7RUXBTX7VNIO	28167
A7RVZ6O6D97EJ	28168
A7S0I6MK5340Y	28169
A7SOOE8PMLOW3	28170
A7SSMJIBVGUDC	28171
A7T2VY28U2IDB	28172
A7T89RHQS0A45	28173
A7TKB3JEUX41G	28174
A7TU9V28J7YE2	28175
A7TWTC7I6SSN6	28176
A7U25TVWU93LJ	28177
A7U3641HUNI86	28178
A7U3FORYP0ML9	28179
A7U7WZHGBV54S	28180
A7U89IUOM8EAZ	28181
A7UICP3CGOFAM	28182
A7UL509Y1IHN4	28183
A7UZC9QWRNDT5	28184
A7UZN5A0E6Q16	28185
A7V2HQP3MJTKJ	28186
A7V8XBDRFX3AF	28187
A7V9TTK6BLJ6Q	28188
A7VFDN1XKTF2G	28189
A7VHT7GMLGOJ9	28190
A7VJ1T1LKTUFX	28191
A7VL7J6S7TQ3E	28192
A7VT0CVFG6PI	28193
A7W17E6IR47MG	28194
A7WCB7DDU6J5Z	28195
A7WIRKPI8O6NW	28196
A7WL4IWA5AEK3	28197
A7WPUJDQIM1LJ	28198
A7WQ3I6W3AXJV	28199
A7XD6USME37GG	28200
A7XELIPV7JLS0	28201
A7XLQUTH8N2T5	28202
A7XVZ7JWJFUE5	28203
A7XXN0WC1WUFV	28204
A7Y27WSN3YSI0	28205
A7Y5XOAIXWHL7	28206
A7Y64ICNNWLZ2	28207
A7Y6AVS576M03	28208
A7YHTBUR6HO32	28209
A7YJP5Z7L8ZS	28210
A7YLGLYN17VRW	28211
A7YQ4LVED6VDF	28212
A7YT7X7MIWR16	28213
A7Z2J9V37ABCO	28214
A7Z6OM871YWF2	28215
A7ZADIMTO4XG8	28216
A7ZCFU1QPEBNE	28217
A7ZKJ86MUO5JS	28218
A7ZSYZV0RIRX2	28219
A800U8XFXCMLE	28220
A80BRGH7JKQXK	28221
A80C4U09XWTJS	28222
A80DJ7SWOFLKN	28223
A80H5PNRY1C0M	28224
A80J37LFA5Z56	28225
A80K0HPEW21AZ	28226
A80K4QY5P1WIN	28227
A80QJKSEC9CS2	28228
A80SFDVGOCBU8	28229
A80T6TBHDK8W9	28230
A81IUG2CGRI79	28231
A81M9AEYSQMF9	28232
A81UJ5N5DNVN6	28233
A81UQY2JL2F6A	28234
A81XD7SDAM9RX	28235
A81XIM8XFKWX5	28236
A8254C23GDD3J	28237
A82KFGFYLHE1K	28238
A82SFHI71SJQU	28239
A82V5472S3NLQ	28240
A832WQ0YQI8MB	28241
A83D3H7AEVNWC	28242
A83E4IRCY6PEK	28243
A83G9QYT44X4F	28244
A83I0RMLCGMV8	28245
A83I2S2W31SZV	28246
A83PRJVYPLKT0	28247
A83Y103OTF6JO	28248
A844JE32OUHG1	28249
A8496OQVAEZIL	28250
A84DVWIVO92RS	28251
A84JO2X9XRMF9	28252
A84M4Y4K61S7J	28253
A84NJWFUFNERK	28254
A84YU5QG5PNE1	28255
A850ABQTJNSC0	28256
A8594KBE3OBIA	28257
A85CHPU6YFR3K	28258
A85G734EHJILN	28259
A85SPHITT6HHC	28260
A85V7EAHDOMA4	28261
A85ZIBTFC05L4	28262
A85ZY7XYIKFCS	28263
A860LZDJS1CC4	28264
A863J10079C9Y	28265
A864JNUOQLPRZ	28266
A865LEYQHTTYS	28267
A8688V39RF6UW	28268
A86HPP423VMDP	28269
A873X7RH8P7K2	28270
A8752UVV9T4H6	28271
A877CW4532IJV	28272
A87A0OCIA38WL	28273
A87CILADRIZW0	28274
A87M57K2JKZ1Z	28275
A889KP6OFZNRD	28276
A88B4Z3VN1YG9	28277
A88IZT451DWUR	28278
A88OBJQ0DG8PI	28279
A891QJBUBFUZJ	28280
A893CN2VVDQST	28281
A897ZUFFV7X0B	28282
A89KFOCKCO0OA	28283
A89V2EIM5FMP5	28284
A89Z4G9S94K3Y	28285
A89Z6QDQND21B	28286
A89ZZKNDFQH23	28287
A8A2AF5NCZ867	28288
A8A47R89D0I3P	28289
A8ABIGK0KCNYU	28290
A8AMQ7R8WF5X7	28291
A8AY64RUWA7ZR	28292
A8AZLPF37YTL0	28293
A8BBO68FXKKOP	28294
A8BG6LL907QP6	28295
A8BRLJSUJSENQ	28296
A8C6QTKFQSF37	28297
A8C7U2GAO5PTZ	28298
A8C8W7GO4RX78	28299
A8CB7K15TNIBM	28300
A8CEAIU94ZIC	28301
A8CGRRAL9WSWH	28302
A8CJCDTFZGJ5R	28303
A8CKH8XB33XGN	28304
A8CKMK1CJM0X0	28305
A8CTEVP7PA7RK	28306
A8CWLVUXQ0SFU	28307
A8CYIUTBMSBEG	28308
A8D0PLKMLE756	28309
A8D13MQNLSQ6V	28310
A8D1WI4LA5GKI	28311
A8D3PMYA0QVI7	28312
A8D7QTADXLQMI	28313
A8DCZN408QYKC	28314
A8DJL2TBQ73QD	28315
A8DM3BPBMOEIQ	28316
A8DR7GVMQQJUC	28317
A8DTGSLA92T69	28318
A8DZAXOHH73L1	28319
A8DZKOEN0DNRA	28320
A8E7YRX24NH11	28321
A8EALICITYTVX	28322
A8EFEITIMYF94	28323
A8ENH6LRWN573	28324
A8EO2EC8HVM0U	28325
A8ET5HWZDRT36	28326
A8EVUI427F39T	28327
A8F8FPTGXRW80	28328
A8FDCQHYNFCY3	28329
A8FG3PKZ6OXEU	28330
A8FKL1DHTHC12	28331
A8FPP1EYJMQK8	28332
A8FTB5LW2SPNZ	28333
A8G2B8289HGGP	28334
A8GB2GI6REFPT	28335
A8GB3FMNC6JIP	28336
A8GB3U9I1F29H	28337
A8GJH12E11UMJ	28338
A8GJL59ZG51LU	28339
A8GL1EB6L7DJX	28340
A8GR4PH5NW96V	28341
A8GRB7DFX2M68	28342
A8H7W57VCA9B9	28343
A8HBG7U437TLQ	28344
A8HGGOB7WRGE9	28345
A8HOXYZO6XZ0S	28346
A8HS6N6BLZVSJ	28347
A8HSRNHD04B8X	28348
A8I23ZC5LE5RZ	28349
A8IC24X90BLDK	28350
A8IE58LNLS1V8	28351
A8IKWMHTUV33B	28352
A8IOH22P1RZ5K	28353
A8IQCC91ALSKN	28354
A8IUIC49AOBDO	28355
A8IXVSWTEM7JP	28356
A8J6HKCD8ULQX	28357
A8J8NC9545ZWG	28358
A8J9STQS6HKR	28359
A8JDHVASZI6C7	28360
A8JKSZC1ZLWTU	28361
A8JQTP4P4M4DS	28362
A8JSDZABFH32F	28363
A8JW9LISCDS5R	28364
A8K91XXAAELFC	28365
A8KB5VHV039PS	28366
A8KBCNZSGUI9C	28367
A8KG2KGMOORMY	28368
A8L60MR3KTOYH	28369
A8L6BDEF57UUH	28370
A8LE1433WIXI1	28371
A8LEFDO3AKIJP	28372
A8LFKGMZF2EMR	28373
A8LFWTY1JPACA	28374
A8LLAZVHP8H5Q	28375
A8LLSZGC70K1G	28376
A8LS5YOVMFYT8	28377
A8LSLJ29YCAOV	28378
A8LUWCET4MR61	28379
A8M5O95HXAOW5	28380
A8MFR9441T8W7	28381
A8MGBZMOYY112	28382
A8MHTL8RM3BS6	28383
A8MOL1BNPXTIX	28384
A8N0PMBUVZE8U	28385
A8N4R38H6BNIM	28386
A8N56ELQ4JYID	28387
A8NAPMCV0PV8F	28388
A8NIZAIRT4EF7	28389
A8NJVG0EIJDR1	28390
A8NQBQQSF8W8O	28391
A8NUPPGWUXL9T	28392
A8NW3KM6CNKIA	28393
A8ODCSRXXAYXE	28394
A8ODXNY8VD85F	28395
A8OHK6XIOV9HL	28396
A8OM015SBLWA2	28397
A8OPMR1382E7P	28398
A8OWIX5FGGWC1	28399
A8P2XZFSXMAKB	28400
A8P4T9SGDPT7P	28401
A8P5ZBH50PPOR	28402
A8P8KPVXCWV9R	28403
A8PRNLDRNW0OP	28404
A8PS6YTA2Y0UX	28405
A8PSGKCET5D6V	28406
A8PXUR9QMF17H	28407
A8Q0UVW5ZCBKP	28408
A8QA2U3RJRUDV	28409
A8QC2O7KA1V8D	28410
A8QE4OHM14XZT	28411
A8QP790CUKKYI	28412
A8QYRG7TW491B	28413
A8R1MLHKFNYX3	28414
A8RCRTU5G02W5	28415
A8RL18TNFFMMW	28416
A8RN69COHWSYY	28417
A8S0ZJJRZVABW	28418
A8S4BC3P61CCC	28419
A8S52B5A7F2NT	28420
A8S8K8AXRCXOV	28421
A8SBVKWX7L3IS	28422
A8SFFZ6JZAKM8	28423
A8SFO1JWUU8LF	28424
A8SMJI7E0TFFE	28425
A8SNG7PTY5QHH	28426
A8SS2ZWKB4OIP	28427
A8STAP75OK51N	28428
A8SUFL583E073	28429
A8SV5Q2BWZ08N	28430
A8T1H6EMWUZ6C	28431
A8TAQ503PW79P	28432
A8TCPRCAFKZ5L	28433
A8THO4H7UZQN2	28434
A8TIL945EHW1U	28435
A8TLTY3ZDEZUA	28436
A8TNQIK803UGT	28437
A8TO8GDVZ5G5Z	28438
A8TQ4G98MC464	28439
A8TRNQ7R03JKQ	28440
A8TSRBSYWZSZG	28441
A8TWEUI1LMLZJ	28442
A8TWQEOJ7VOMF	28443
A8UAJLYRODVJ5	28444
A8UEFJHFRB7M1	28445
A8UJCO5CH0ZOS	28446
A8UJO3PXVW70R	28447
A8UL3YBPIEW5M	28448
A8ULAPYGJ70PH	28449
A8UM78SMPSHC0	28450
A8UYLOOY1I1CR	28451
A8V0Q6C2XMPIS	28452
A8VBE8QNTXFAQ	28453
A8VGK918RJDN3	28454
A8VI7KMUHI7ZH	28455
A8VIRPFDG6GT5	28456
A8VKEPW8YV7V3	28457
A8VL9WL0NSPT0	28458
A8W1BH8T2UD0F	28459
A8W39VUNSVDDF	28460
A8W83C4RL0N0U	28461
A8WAYVOKYBLO6	28462
A8WEKW81IT6IY	28463
A8WEXFRWX1ZHH	28464
A8WMQJM5NH68Q	28465
A8WTRA85CNQNE	28466
A8WWT8O05LCBM	28467
A8X1YH87FXCPR	28468
A8X8D4BUY5DFU	28469
A8X9J7EDYPFMJ	28470
A8XEEORIXJNZL	28471
A8XKD4NVHZYLD	28472
A8XMKWFNT44JR	28473
A8XRT4JTM49T8	28474
A8Y17MMAHHDON	28475
A8Y3BV5XDF2AO	28476
A8Y4S5F10OU1I	28477
A8Y5B4E1LG4G1	28478
A8YB2SFBZMATK	28479
A8YQQ89D3BM8Y	28480
A8YRVZ1289PII	28481
A8ZFO2HLST1O6	28482
A8ZM8ZLVDF5TY	28483
A8ZPZ6V9CCJ3N	28484
A8ZROACLIF5DX	28485
A907V5E0QCBB1	28486
A90B4KSAGDSPM	28487
A90DSP1LTHGHK	28488
A90HJYAM9FXK9	28489
A90T0261PRLNJ	28490
A90WJ9P16ZIJM	28491
A90ZEUSAGE4VS	28492
A913X3CZ55YAA	28493
A914TQVHI872U	28494
A91697BRE2VUG	28495
A9193QN2B1HJD	28496
A91BDJG4SJNV1	28497
A91BVZEDZYEWW	28498
A91G9XJ5RWZKN	28499
A91I3JZ5Z4U65	28500
A91KV3DEAR5RN	28501
A91QBUSJHRAR1	28502
A91TAIIM4ZB1I	28503
A91YPBRXDEAWX	28504
A921HK30EZQ3K	28505
A927549LQM3KD	28506
A928NXDJXHVS8	28507
A92LD431P843F	28508
A92LRDTAURDX1	28509
A92RLB8OQWS8E	28510
A92TZGFJB4TG9	28511
A92VTE6G2XYYN	28512
A92XNAC3PIV8H	28513
A93169FB6FU8S	28514
A9358AXOP9I0X	28515
A93LCEKKTMG7Q	28516
A93SRU78HLB2P	28517
A93VOM71BL1CS	28518
A947JFE2NX6SR	28519
A94GCTI3VMYKY	28520
A94S2Y2RON2II	28521
A94WNKR5OWJL	28522
A952TXZHHV33E	28523
A954G6Z3985CL	28524
A95NNUBBC703V	28525
A95O40OHFMGB7	28526
A95OO94OTWR93	28527
A95PO9C2USE5W	28528
A96ALNF9EY9N0	28529
A96AON1A885W9	28530
A96BNEPQJYSP7	28531
A96HWP2NBXTH8	28532
A96J6N8M59XNX	28533
A96JD9312DHWC	28534
A96K1ZGW56S2I	28535
A96MGG9OWJOVC	28536
A96N1WJYSG5QE	28537
A96TKIVHJ15ZT	28538
A972HGNMFEI5R	28539
A974M938BZ9HE	28540
A97779NZW9EFK	28541
A97BWMJE7J41N	28542
A97D06WOT84BF	28543
A97IOMA3WUV6N	28544
A97KDW9WH2BE	28545
A97LI2UNZ7A1C	28546
A97N4KFZCCMQ6	28547
A97P8D0V0K0BY	28548
A97TYP2NJSJNC	28549
A988QD8ZD4GEO	28550
A98EMXHC6883S	28551
A98G5DZNTHE9D	28552
A98U4NSMO1FU9	28553
A98V610SXRRQR	28554
A9985GNE6GXRO	28555
A998JT1CE78HE	28556
A99K7S15XOQ45	28557
A99N6WDOKAFFA	28558
A99OI2NHSW93	28559
A99RXN7BM9JV2	28560
A9A2R7CY4JAQ	28561
A9AC2CWK8T4ZO	28562
A9APMKNW23UYD	28563
A9AQRNTZ0YLHV	28564
A9ASW5BJ14G69	28565
A9AT2P6L1RKYY	28566
A9AVM8UYG2RNX	28567
A9AY3A11DKA9R	28568
A9B56BWY7555	28569
A9B5AQ2Y0BR82	28570
A9BI8R6PIMOPX	28571
A9BQ3JSASJWPZ	28572
A9BVHFGX28SNZ	28573
A9BVKB4NOBHAG	28574
A9C2VONW19VTD	28575
A9C6O3H6RHU1H	28576
A9C8S069EKKPV	28577
A9C98LRAB0PH2	28578
A9CJG3Y4DJWB6	28579
A9CTHER6I0VDE	28580
A9CWCALZ0JOXK	28581
A9CZYHP1R6SEE	28582
A9D3I6V72473A	28583
A9D3W5XV8N5RD	28584
A9D62L2RKYXE2	28585
A9DCQPOOK1XC0	28586
A9DEC0254L9H2	28587
A9DFFO8AXM42R	28588
A9DH6MLZBGUMO	28589
A9DJDYXHVOFT1	28590
A9DKSIPSB37PJ	28591
A9DL62MUCVCGI	28592
A9DUCBTL8K3E4	28593
A9DUGMQRXNIJZ	28594
A9DYKMP9TS40C	28595
A9DZ0BAPF8OYB	28596
A9E7XAWHDR0FM	28597
A9E8T0R6ZWSKN	28598
A9ECW8HD5FXGD	28599
A9EE4JR3SBG5J	28600
A9ELHLPXF7JKD	28601
A9ENYAHGU88IA	28602
A9EP9HTGPMK96	28603
A9EWI8UGYRM4S	28604
A9EYVF3E5ACI2	28605
A9F3I6L4N5TUX	28606
A9F9N1WLJJKQI	28607
A9FLWNMXBOJFD	28608
A9G2CPS9N6HVF	28609
A9G85AJ78K471	28610
A9G8Y21OWPY4A	28611
A9G90QMMSNRGY	28612
A9GABRO29M0RA	28613
A9GDO3UDAAW7K	28614
A9GIGJUB98JNR	28615
A9GMC1LKJ7QUL	28616
A9GMH8XYSYHPG	28617
A9H6S93C0RTU0	28618
A9H7S4Z12BK1T	28619
A9H9Q9VJB8OVS	28620
A9HJJGYMCRT08	28621
A9HOMMDHU3NHM	28622
A9HVL5TGF897Q	28623
A9HZ8C9WTNRQI	28624
A9I1IO0FPPDGV	28625
A9IBF6NNP3V2T	28626
A9IBR6JGTHT96	28627
A9IDINW47D59	28628
A9IFTUOLHFPQL	28629
A9IJVX32VD4X6	28630
A9IMSZKTPGGR0	28631
A9IRR5CMSKRUH	28632
A9IU3689Z6OKM	28633
A9IWKG5DH22QO	28634
A9J3LMY955WKJ	28635
A9J66DDOJ3XNE	28636
A9JIEUFMQ2Z5W	28637
A9JSUZ02HNMOK	28638
A9JTZX7OG2X0Q	28639
A9JWP771B3C29	28640
A9JYA18JY89VC	28641
A9K3N18RGC49I	28642
A9K844YTLBOAQ	28643
A9K8YTSP53MU4	28644
A9KAY47NCPQS	28645
A9KB4R8SEHLJ	28646
A9KD0M0WTSL4O	28647
A9KHYGORRLSXP	28648
A9KI1AQMFXFIE	28649
A9KLAL1CXZ0W5	28650
A9KNHPGK8EB0S	28651
A9KOC3PXLXYSB	28652
A9KRIHM5OHENS	28653
A9KXPCA08B8ZH	28654
A9KZ8ILHR95ZM	28655
A9LCKLPE96AE0	28656
A9LJG3K5TEVPB	28657
A9LNA3OQU3X7U	28658
A9LNWA25IM2DX	28659
A9LO67WCGY4HI	28660
A9LOPCXMTXV6	28661
A9LYDGQCOZ3LV	28662
A9LZ6MRFYI6US	28663
A9M8JTTDPWC8O	28664
A9MGY0PC1S5WH	28665
A9MTN0D260WAD	28666
A9MXNQMOE1CMR	28667
A9N2LRZM8FUSN	28668
A9N83OAL3B3YN	28669
A9NFFAZF3LIB2	28670
A9NIHNF4EVNNN	28671
A9NJQ4KOTWI4V	28672
A9NK800CTYZZM	28673
A9NS25H9Z7SRC	28674
A9NXTC0HTPSDO	28675
A9NYO929L8J2H	28676
A9NZHBLUZOUV8	28677
A9O0ETELBZOX7	28678
A9O5ZZ906BKNF	28679
A9O6M3QPQ9XXN	28680
A9OKK098C84GJ	28681
A9OMQM6ELNFQY	28682
A9OU23P2ZNHRU	28683
A9OVE0W3MTDIQ	28684
A9OYEL9X5MLH4	28685
A9P4Q7KX35RS2	28686
A9PG9ODPPP31N	28687
A9PNT3H16WT7S	28688
A9PP0WPACZNC4	28689
A9Q1AM246R40	28690
A9Q8X2ABUFHVS	28691
A9QCQ50XMU5A1	28692
A9QMX4S04XMGU	28693
A9QWE4HNA4UMJ	28694
A9R2GI9J8FHXA	28695
A9R6BTJP1BD2O	28696
A9RIFZ6S11NJR	28697
A9RTRKZM3IEOY	28698
A9S37VHOE4OY2	28699
A9SD0CK4NH879	28700
A9SFRJRGYWU5T	28701
A9SOPOJPXJKFD	28702
A9SRRW7T0HY70	28703
A9STI830ZWN4E	28704
A9STT0V2I6G90	28705
A9SV9NEHBE7EZ	28706
A9SZMG8KAWI3S	28707
A9T5JJJ0U19M	28708
A9T7QT2H7BGQ7	28709
A9TCJ0Q16DLD9	28710
A9TCXSCUZGMPD	28711
A9TGA4SGK77QD	28712
A9U67PQAY9Q7P	28713
A9U739EBRESR5	28714
A9U7Q05RODK57	28715
A9UB2ECA0U51Q	28716
A9UMKMCB0AE12	28717
A9UP3WCEFCP6A	28718
A9UPIT5BY0DHK	28719
A9US4NGLYLM37	28720
A9US4ZP00T8EM	28721
A9VID3L7WXAWV	28722
A9VK1A134QK4J	28723
A9VKU6OAO7TRE	28724
A9VU4H3LP49H	28725
A9VW693Q8PGL9	28726
A9VXEL4VZ9XN0	28727
A9W0KIDLB1TMV	28728
A9W8VBYB5URD8	28729
A9WHWBYW5XQVW	28730
A9WO6SOUAHQ8A	28731
A9WR1VGC988P5	28732
A9WU2QQEDIPJ9	28733
A9X15ZBVTGPA9	28734
A9X3VU3UUJRAD	28735
A9X5AC8D7TZ2K	28736
A9XDD88TH6F9G	28737
A9XFZF8U852KH	28738
A9XGQN0FNLUDB	28739
A9XHSPJ55WWE	28740
A9XMQ24ZKXYSN	28741
A9XPA8KD9XM0C	28742
A9XQT268S8F4C	28743
A9XTA93AD39YV	28744
A9XU81AKNDQOQ	28745
A9XX8OHS2ZQ2X	28746
A9Y2GROSTUHVP	28747
A9Y4J1FD0O74Q	28748
A9Y5O2R4D6EH5	28749
A9YBDVJV2WWOD	28750
A9YBLTDG0LMY1	28751
A9YD1S6VJJMOV	28752
A9YD8Y5RKOKTO	28753
A9YSCZ3QT956R	28754
A9YSHRP8LIW7D	28755
A9YTFIXBHITK9	28756
A9Z5A8OYYVD1B	28757
A9Z6X3XUXI8OE	28758
A9ZA51OFTN2UM	28759
A9ZFAV46K333O	28760
AA05J02K72XT0	28761
AA07683DI4DYN	28762
AA0CQGB6K3JUZ	28763
AA0DEIFPHAB4T	28764
AA0LPZHA1EYT2	28765
AA0QGRC20841H	28766
AA0YPCLUF78B4	28767
AA10LMSVXM0XB	28768
AA11GB3N722H0	28769
AA1951H3SLZR8	28770
AA1FBD24BCUK	28771
AA1JJNJ5VYI97	28772
AA1P8TGNLCN7U	28773
AA1RBJ6XJURB2	28774
AA1ZYCEKJGG3A	28775
AA274U0H6J0Z	28776
AA2AO5XUWZQK8	28777
AA2NKJKHGG5X0	28778
AA2YNA8TOLIEC	28779
AA36S69CEYXFZ	28780
AA38AJCGHURV1	28781
AA3A32YKIPQC4	28782
AA3C1FOCJCWNM	28783
AA3DS67PSF6R4	28784
AA3FTJYJYX55C	28785
AA3KXV8UGBZ2R	28786
AA3PB1KETZ37B	28787
AA3QPF51100FG	28788
AA3Y997I5GV9N	28789
AA41SB1DHCJ8B	28790
AA460WUKL3BC6	28791
AA4GU9RA1DXPW	28792
AA4KTZA3TO189	28793
AA4OFZ7DM3IM7	28794
AA57WOI1XTX5N	28795
AA5ENW633HM3I	28796
AA5GZVEV0OA64	28797
AA5MZGFIG3RH7	28798
AA5RF10QKIIT5	28799
AA68UA2Z64P5G	28800
AA6DM9S6XTJ9R	28801
AA792QBYVSBJS	28802
AA7FNPJDMRHHK	28803
AA7JCM5FB54VY	28804
AA7P2NEC94K79	28805
AA7TSL3NOI8VF	28806
AA7UD1HV5N0OE	28807
AA7Z6PGL15IDA	28808
AA808VC64TIWC	28809
AA81T5IRRGAHA	28810
AA83C4NRL2OJG	28811
AA86UBGTFSGQT	28812
AA89MMP3R10SK	28813
AA8C0TJTOEIYU	28814
AA8F2HV4DPV2T	28815
AA8L190ZLRKML	28816
AA8SWH4Y5SN8H	28817
AA8WHATWADGF9	28818
AA8YKC2LOYDN2	28819
AA91O96C1Z18W	28820
AA98O5326L88T	28821
AA98XEPL62IKC	28822
AA9A4NC3D4X62	28823
AA9Q28FN78Z5I	28824
AA9RGE8TOL081	28825
AAA0TUKS5VBSA	28826
AAA316AS24O29	28827
AAA3ZSI7Z4XMY	28828
AAA72ZPSWUMTN	28829
AAA8Q6YKU5P5Y	28830
AAAKZS0D83D5	28831
AAAQ5XM1BHX15	28832
AAAQVOH4NL9UR	28833
AAAWJ6LW9WMOO	28834
AAB8N6DQE4QI2	28835
AABPLGJDDZ2SU	28836
AABQ639S3SESX	28837
AAC0ADN1O05OO	28838
AAC67P4KTM968	28839
AACE8O7JIAMAQ	28840
AACGMV4XVE3SV	28841
AACJUD2Y4DXWV	28842
AACUOHZAVWC3A	28843
AACXDTSDYTQA1	28844
AAD2456J0SZOL	28845
AAD8C5BBCIX9C	28846
AAD94LGA2QWCP	28847
AADIT619AOYKD	28848
AADNYB7VT67KV	28849
AADSJBKCD7C94	28850
AAE02V05OYORD	28851
AAEDAAPI4K4WE	28852
AAEF726MRER0E	28853
AAEHOTZ1GRAUX	28854
AAEVGE52KL0DJ	28855
AAEZ7MJ0OUZB4	28856
AAF26DFZ3R4QU	28857
AAFHSLCL7D1BR	28858
AAFN35L808KGU	28859
AAFPPGSMUBMTU	28860
AAFVB3YBNG2DB	28861
AAFXZHIA83KZR	28862
AAGQN2I2IU3GN	28863
AAGW9V1MUB8R3	28864
AAH0V8THCZFVM	28865
AAHDV04OLZALY	28866
AAHG38VW9UT5F	28867
AAHPKYM9KW2E0	28868
AAHZ6JPL2S8YA	28869
AAI44ZDAPZCHZ	28870
AAI7YE095ZVNA	28871
AAIGKYOW4ZQRV	28872
AAIH9XYQ2MHVK	28873
AAIJT4YYRY83Z	28874
AAIOIGCCJRD01	28875
AAISW1WW68VG7	28876
AAIW0Q8XY224I	28877
AAJ139MJOX8CF	28878
AAJ13SJO99H9K	28879
AAJ58LRDGK74N	28880
AAJ64YP75WFRN	28881
AAJAMXX6UBMVP	28882
AAJBU52YZ1S13	28883
AAJDWEEYGBQQ8	28884
AAJGG6HSSJZNF	28885
AAJGOUWPKVTI6	28886
AAJGSW3CKYK42	28887
AAJHHSBOF3CL7	28888
AAJNTGCE90YUD	28889
AAJO54VBC6K2X	28890
AAJOZ1KO8L5UA	28891
AAJSBKDD9FIDI	28892
AAJVNOUKHZ5U2	28893
AAJXCEJJ6VIZ9	28894
AAKEO22ET8C9B	28895
AAKQIP34Q88CW	28896
AAKSLZ9IDTEH0	28897
AAKYT8KY8B9BG	28898
AAL1F5IFQQG8O	28899
AALDKRMK4RIRZ	28900
AALE4FYO89I8X	28901
AALHU07QC67RY	28902
AALP11C2SOETE	28903
AALTZ87A5061X	28904
AALZZ5TPMOP0U	28905
AAMDX05XWEONG	28906
AAMQ1BQ8V9ETT	28907
AAMSO26I2WGXS	28908
AAMU00SSB7TYG	28909
AAMZ09K0S95S7	28910
AAN5097C2YVL0	28911
AANCJ2FKXEBMM	28912
AANE60OYQ8UO5	28913
AANR9EJ31K7BZ	28914
AANWUE9UZIA7E	28915
AAO8AUB3XZU99	28916
AAOFLJ2LQTI6C	28917
AAOL8YB47GND3	28918
AAOLNBV6A9094	28919
AAOPX9PTTOP3G	28920
AAORD7AVMVPQE	28921
AAOW4W0NJK79J	28922
AAOYA0DKWED4W	28923
AAP9OJFJI0IZ3	28924
AAPA49LSP78OF	28925
AAPBKROW3C9OT	28926
AAPPL0MM7U01X	28927
AAPUI9NG9IA79	28928
AAPWA858TGD32	28929
AAQ6102Q8SQNK	28930
AAQ8OJ9S9XU5J	28931
AAQ9NJ480N9W5	28932
AAQFBEHVAYZC9	28933
AAQM3I9EX0UP3	28934
AAQM48J7Q6E8K	28935
AAQS9F6C8REGY	28936
AAR7E3JTNNRV1	28937
AARAA0HXIBSL2	28938
AARFD6FVZ1LB	28939
AARFM8913U734	28940
AARIETA421RQ0	28941
AARIIW46OO6LA	28942
AARK6Z11OFDGQ	28943
AARK8UCT4777E	28944
AARN2YOS4LRM1	28945
AARN9C0Z1SXE7	28946
AARUC5Y0U6NG2	28947
AAS2SUB7HPIRE	28948
AASJFLCI2LUV6	28949
AASU654QZ43H2	28950
AAT4OR5WLCM4R	28951
AAT547AAKXWP0	28952
AATE4Z93NQL7Z	28953
AATE7V47SNTFW	28954
AATGFJUDR3HQN	28955
AATGRXZ76UUAM	28956
AATMZN1MA98KN	28957
AATO27X6947AD	28958
AATVHYLPBPJ1K	28959
AATWFX0ZZSE6C	28960
AATWN8HJ8F6QS	28961
AAUF43G89ATLC	28962
AAUSX8GOOJ6TP	28963
AAUTBGHAPOK38	28964
AAV3HU72C3R3G	28965
AAV45IBIJCSWN	28966
AAV5XDXK2IRZL	28967
AAV9HS77D9IJ0	28968
AAV9X8TYKADGH	28969
AAVKU4DFGY3MI	28970
AAVPATXDA6JOI	28971
AAVSL38E1GU2L	28972
AAVVPHV7ALEAY	28973
AAVVTDZULOATF	28974
AAW3NBFB5C9	28975
AAW55VFOYFTL0	28976
AAW7K3CG9Q6E4	28977
AAW7X3GRD8GY9	28978
AAWBFEUHGHGQL	28979
AAWDGMUGA5NWI	28980
AAWDMELHNPBL4	28981
AAWF5MMUWG3FM	28982
AAWRRR2UEES1Q	28983
AAX10PSHLLG37	28984
AAXAKFQEAQPWC	28985
AAXB51XCRBUSH	28986
AAXCPI72IYGAY	28987
AAXHYHQFTS2H4	28988
AAXIMKSYJFT2T	28989
AAXJU3LXVF322	28990
AAXKSWMIKQD5U	28991
AAXSN6M4W7FXY	28992
AAXULML7N8QYI	28993
AAXY15DF4W7ZA	28994
AAY9BCQU47ZVY	28995
AAY9U0FNNK1FE	28996
AAYCZJV7BSRQ5	28997
AAYS36PW7RHM2	28998
AAYYF3V6CDIR4	28999
AAZ6BKZDWG1M3	29000
AAZJCG9O5KW02	29001
AAZOEH2M2Z5MR	29002
AAZOIO6W7ADTJ	29003
AAZX90TKCJ2CW	29004
AAZY3MGAMPE7	29005
AB017CJ2W5P5Y	29006
AB06TUF5KJ1WO	29007
AB07OJ9DJN3WM	29008
AB094YABX21WQ	29009
AB09APTLV6JEX	29010
AB0GYMMUGUNIN	29011
AB0H7TXGNPLMV	29012
AB0Y33G717HOU	29013
AB14E2B41RF36	29014
AB1ZV60WX05M6	29015
AB2AGQ9OBURYP	29016
AB2G1XOBEGWK2	29017
AB2H1OPTZIN5F	29018
AB2HGEFQFGAK1	29019
AB2MODDQPZKMP	29020
AB2T1LUEW1DEG	29021
AB2W04NI4OEAD	29022
AB2YZA2HLY75H	29023
AB31C4TLCYN4X	29024
AB32VAORO0RD0	29025
AB3305NBYLR3Y	29026
AB33ZRXEBG41L	29027
AB39HXPQYD7VN	29028
AB39SPGO6B4KO	29029
AB39UO500J4EP	29030
AB3I74FIW58XI	29031
AB3JG21JMRB59	29032
AB3V38O2L2I8U	29033
AB3WT1JATRBIY	29034
AB3XJDI3NIWGL	29035
AB468E19VTQKU	29036
AB46RTSZKS5IH	29037
AB498OT901TBY	29038
AB4F6BMTZN5B2	29039
AB4HD25RMKHIO	29040
AB4HYUG1DR25H	29041
AB4KP014XNPTP	29042
AB4LA9IA5NFLL	29043
AB4LYZR5NNJIY	29044
AB4UMT4UGGT2M	29045
AB4XMH2FXC3D	29046
AB53YU1C6Y00Z	29047
AB5M6E6YWLH1M	29048
AB5PBQ63AAI3V	29049
AB5PVWIXYWSQ0	29050
AB5URFZ767DOD	29051
AB5VJAEGL7M1H	29052
AB5X63CW9O0R6	29053
AB60Y10NUWDMW	29054
AB64R7I6XW7X2	29055
AB652GSHAQ2D3	29056
AB67PZ0XJXZCF	29057
AB6HUEZEUCRLY	29058
AB6I46V40EQDN	29059
AB6IV1YFCZKQH	29060
AB6MF1EQKCZV2	29061
AB6U8N47RL4GY	29062
AB6UHA7EGHKMF	29063
AB6WBV37AWVAD	29064
AB788IAWU77Z4	29065
AB7AK3OSYPR5	29066
AB7CHIQRE0W0X	29067
AB7DMRX3Z7B28	29068
AB7FU9FPKYYL8	29069
AB7G7BCRD931L	29070
AB7Q76XU2O0AE	29071
AB82ZURTQGYEQ	29072
AB83HWPGIQE3O	29073
AB8448QQKN4H6	29074
AB888AN01ZMLF	29075
AB88TYX8P4Q1B	29076
AB8FR43317YJO	29077
AB8TX5GQQZTS8	29078
AB8Y0TI99OX3B	29079
AB9G240KCNI7B	29080
AB9ILU9SOF3SM	29081
AB9PPFQFTULH5	29082
AB9XUO2XGO2XP	29083
ABA0WK6OP5HFD	29084
ABA7H8MM9COTU	29085
ABAD5M790EMVM	29086
ABAJUKJV5A8KB	29087
ABAN9UKTZ2I6R	29088
ABAPF3XY1W6JX	29089
ABAT3R1T8QZ5L	29090
ABAU6PFSNH8ZU	29091
ABB6ZHRTR55YC	29092
ABB9WR7QP31WE	29093
ABBCUMRFQ5PJ3	29094
ABBIURWJFRZKJ	29095
ABC6ONYDZBSRG	29096
ABCAFOWHJN0ND	29097
ABCBPI97QRT8N	29098
ABCDEFF7L3HJH	29099
ABCGSVAIPAV72	29100
ABCTGJSDLYVN0	29101
ABD0VY1J9PBOJ	29102
ABD5BWZ1HD8UA	29103
ABD6TPKC6ADF4	29104
ABD6XEN44YE20	29105
ABD7PBS5F2788	29106
ABDG3GQ1HU29I	29107
ABDLE8SNF67OS	29108
ABDR6IJ93HFIO	29109
ABDUIWLMT3YYU	29110
ABE42TQ25B2FO	29111
ABE4MS7H3IGOS	29112
ABEJJKOGQHKDU	29113
ABEYUT9H0GDPS	29114
ABF4VEGGM9ZOO	29115
ABFAF8YFA19UO	29116
ABFAO09KLTIFL	29117
ABFDAYSFXIANE	29118
ABFE72SP3EKPK	29119
ABFGQL2Q4TRG2	29120
ABFGW4X12LB4T	29121
ABFPPAZZLY5G7	29122
ABFU1WV2CSP4U	29123
ABFX5OPQD50P	29124
ABG35ZIJK2UMN	29125
ABG7PJVVJ3PJW	29126
ABGPMCZ3ZSZD	29127
ABGS3H5IXOSXD	29128
ABH0A9YQWZ3YZ	29129
ABH5AHMM5CA69	29130
ABH7RJI5A0LXI	29131
ABHCTFAVQRDQU	29132
ABHDKGSTMGHK1	29133
ABHN5AU085RN0	29134
ABHS0WL35O7VQ	29135
ABHT2HHN42HJG	29136
ABHU6EOSCAP0O	29137
ABHVQFSEBDVN7	29138
ABI4AHAG261PH	29139
ABI5KIHILDCP1	29140
ABI5NFXKIC5T1	29141
ABIURYDZ1XLMX	29142
ABJ16MT3JVAT2	29143
ABJ3BU5FR0RL3	29144
ABJ5VHQ133ZST	29145
ABJCJS4BLG382	29146
ABJEZ55EMEXNM	29147
ABJFKTC3NW10M	29148
ABJGA7H0Q2QV3	29149
ABJIRN4S0IDMW	29150
ABJIXMSVJ5YK2	29151
ABJNCFD48KB8	29152
ABJVSQBJ4G438	29153
ABK36UKDPMCQL	29154
ABKAZYSKRRM78	29155
ABKC1V24ZDLSD	29156
ABKQ6LC0PULGE	29157
ABKUCXMAFG6Q5	29158
ABKUJX7YJZ3DA	29159
ABKX78M4YIBKE	29160
ABKYBNND374AW	29161
ABL2CBNEXEWU7	29162
ABL5T4ZE9RH5E	29163
ABLOQZIL42W7I	29164
ABLQVPCG78KHD	29165
ABLW2M2R7VQIA	29166
ABLYG410FOSK	29167
ABM0Q995KC344	29168
ABM6Z2HN4A0JO	29169
ABM9CL72EGWKN	29170
ABMH1JAWEFY62	29171
ABMMRT41KEDSE	29172
ABMN74TBW5UWE	29173
ABMNPNBV0KDVO	29174
ABMNX856X89CS	29175
ABMQAZKHDM9IM	29176
ABMQTSJL33EDH	29177
ABMSLHPKJJMYM	29178
ABMSLII8V1XO6	29179
ABN9EKLP3DEEO	29180
ABNIELDJH39HC	29181
ABNJQZ1JHUUJI	29182
ABNMD6670TV53	29183
ABNMEG7YMKG3R	29184
ABNVIMNJEFCFZ	29185
ABO1R8HH1LTGT	29186
ABO9VONAGV9K6	29187
ABOD2CGMINXTL	29188
ABOD2QM3P8287	29189
ABODTODRWTUMH	29190
ABOKL9VZUKETS	29191
ABORBHO7BRTXE	29192
ABORF7EUQZFPT	29193
ABP1DWLVWRUKN	29194
ABP5OAMEK2739	29195
ABPGR3PP3ITT9	29196
ABPHE1YZBMMMX	29197
ABPOFBZMCW5KP	29198
ABPP6J9PWJ25O	29199
ABPR6GC9FJQMO	29200
ABPX680DGJ5AA	29201
ABPXWVF9MC8SS	29202
ABQ2QKYJG7YOJ	29203
ABQFIX6QQIKFJ	29204
ABQSM5Q504GFQ	29205
ABQWEL10KO46C	29206
ABQWMANK4AR63	29207
ABR8ZY5XBHGWW	29208
ABRCAF8DCRRKS	29209
ABRGWI3OXS618	29210
ABRQ5B94K5QI	29211
ABRTUBOUGGVW4	29212
ABRU67ICJ6PXX	29213
ABS11FRCQ563A	29214
ABS1QBGNVL0SA	29215
ABS2UB2BBW8SE	29216
ABS3FKBUAUJ1D	29217
ABS4QMWGQWIA3	29218
ABS6K19TDDACG	29219
ABSE75FAEAGME	29220
ABSEYAX48XK2I	29221
ABSMCR2WE786O	29222
ABSYIF0ONC2AF	29223
ABT95WPR4VVHU	29224
ABTBOD679KEMX	29225
ABTBQTN3LK0IS	29226
ABTG555FRPS9M	29227
ABTG9FTKFBJP8	29228
ABTVMKPN1MLLX	29229
ABU9XU71CASVB	29230
ABUAXUFEOKQJQ	29231
ABUE0ALHKWKHC	29232
ABUIRVLVTPFTZ	29233
ABUKZOCSJJOYI	29234
ABUNQDZP3KZ2W	29235
ABUO6RM3FK842	29236
ABV5LWQS91V1Y	29237
ABV8E3YKDH9K0	29238
ABVL3PMCG9NJS	29239
ABVO4F5X0LIWA	29240
ABVQPY5KMJILQ	29241
ABVR3WDVHWXZK	29242
ABVVEFYUQ8EJJ	29243
ABVYGB2TKBO8F	29244
ABW0MF3NQB17J	29245
ABW1G60W83B63	29246
ABW554JXEMB4H	29247
ABWKIIB69MC33	29248
ABWS6C54DYU3A	29249
ABX9ZBMGSD31O	29250
ABXDLWMTPNCUL	29251
ABXEFUVFKQLXT	29252
ABXEHWDIALHM4	29253
ABXS55NFGWD4Y	29254
ABXT1P0HJOQK4	29255
ABY9XN7167XC6	29256
ABYJ2Q3PAB6H9	29257
ABYUNTRXBPEYG	29258
ABYX5QFSG01PD	29259
ABYZCZLM99HPD	29260
ABZ3E4B4KZ3BZ	29261
ABZ46BTEJA0RT	29262
ABZBEPVBPKB4A	29263
ABZGKC1OR5VWT	29264
ABZLC33PJO47S	29265
ABZSHWUTLQFFK	29266
ABZWDCTX7J4LE	29267
ABZZLN3GTPKV0	29268
AC09OIFJYTUQK	29269
AC0B9RSLLOX30	29270
AC0RQ6LK0APWE	29271
AC0UPMHC30NIS	29272
AC0VMCFOHCB97	29273
AC13MBUY4PJ7F	29274
AC1600QULQJ37	29275
AC1ALCCSW89E0	29276
AC1FPJYFVW9XT	29277
AC1IUHWGIOV4F	29278
AC1LH7CD36ZGT	29279
AC1M4QY844U3M	29280
AC1S9QJCTCPUX	29281
AC1SJXOWL296	29282
AC1W570QVFE9O	29283
AC1YLEFC9AN5X	29284
AC20FVLSPA4QE	29285
AC2278WPK3EU	29286
AC22AGZ977UT9	29287
AC24XWD4WMQTY	29288
AC29NDEY0MZQD	29289
AC29OL6FYLB3G	29290
AC2BXO0YJHWUY	29291
AC2GB5YLTKEOH	29292
AC2LZHW8OLC7P	29293
AC3D29CS8M0T6	29294
AC3ODOUMG9EDE	29295
AC3OFJXGSWD3T	29296
AC3Q6N0I5EP8I	29297
AC3SZDOUYPEYK	29298
AC4A4QXXRDYEF	29299
AC4SHGFLNDMO4	29300
AC4VKICWL0Z3C	29301
AC4XV78EJG1QB	29302
AC556FHJ6WN97	29303
AC58VYFOXVAQS	29304
AC5B68IBCBE43	29305
AC5CHLIGN32S6	29306
AC5CJ836466TX	29307
AC5IRIRRIPIT9	29308
AC5JHG6Q2A1WM	29309
AC5W75GQWI50	29310
AC5Z5LRB3KDR8	29311
AC61U16AJQ8X7	29312
AC62OK938MBCK	29313
AC6M0AS27T157	29314
AC6SHBN4NG5QZ	29315
AC6Z7DP1Z5GHD	29316
AC75PCIHFY07U	29317
AC7FAUMU80QUW	29318
AC7GH8E6C6CFT	29319
AC7NNGRIR5UZT	29320
AC7RPYAXVLYB	29321
AC7S3Y74A5OB6	29322
AC7VHCEOKD2HR	29323
AC7XVHH5E16WI	29324
AC82TH39WO32T	29325
AC8A7XTCUCEIZ	29326
AC8BTR3UTM6X6	29327
AC8C9PT59CDW1	29328
AC8DV1MAF0L2K	29329
AC8ES13DDKJDW	29330
AC9DIG45NBL5	29331
AC9F1HRVAVJU6	29332
AC9PSRCO2CNFI	29333
AC9USRFQC0CAR	29334
ACA0VTA4HXZNM	29335
ACA1N462O95IO	29336
ACA6DWWWQDAHY	29337
ACA98CAV02ODL	29338
ACAAT6KCXQE4D	29339
ACAHR0Y2212KE	29340
ACAM3CX4GHVZJ	29341
ACB6HBK631QX0	29342
ACBBT4Y7S7MBZ	29343
ACBHY9W3LQO8W	29344
ACBTRDBXC322U	29345
ACBXWNU4CMHGL	29346
ACBYMNSEUP5FK	29347
ACC3Z4GVCTKO7	29348
ACC9POYKE0CRQ	29349
ACCATO2KI7KX7	29350
ACCGIBM7X0N8F	29351
ACCZGSCVHLTWT	29352
ACD6N5D1Q9KSD	29353
ACDFWCP754D0L	29354
ACDHRI2B81J2D	29355
ACDJL2NYQL0GT	29356
ACDOMM63SYEUT	29357
ACDPBKNLWB6H4	29358
ACDQZSWWOU0K9	29359
ACDUE1XLWO2LY	29360
ACDUL6SJIJSB4	29361
ACDVSP2WTZ2G1	29362
ACE12BFL8PPT	29363
ACE3DIGT4JL6V	29364
ACEB7C8XF8SFB	29365
ACEFN347LV1EZ	29366
ACELR3T3KTUMA	29367
ACEW2AUO3AEA4	29368
ACF6H8C8A45AG	29369
ACF6HSEDLNMJS	29370
ACF7LD7LMWW7R	29371
ACFAPP3E2A2PA	29372
ACFDUDIO6UU7W	29373
ACFMQR3MWJXXI	29374
ACFMXZLYCA4PN	29375
ACFOWGHEVZIKQ	29376
ACFSF0CLR1UR7	29377
ACFZS42DXLKYF	29378
ACG03QQG609FL	29379
ACG17QTCKHS9W	29380
ACGBZUJ0W0EL0	29381
ACGIKOGGEO3EH	29382
ACGIO2LAE7KWH	29383
ACGSKBNSQWTFH	29384
ACGSO4NQS4VEP	29385
ACGSVLZ3IYOQW	29386
ACGTA6JYLEGWQ	29387
ACGTVYY84EARV	29388
ACGVKBK47IMSZ	29389
ACGY24R6KT92P	29390
ACH40GDEWZRJS	29391
ACHAHQCRWHUG4	29392
ACHHTS6M9GQ7G	29393
ACHP02LGJWSHA	29394
ACHTDPEQYSEQL	29395
ACHWUC6RI2JDE	29396
ACHXUOIIWADD6	29397
ACI9UE1HSEQ41	29398
ACIEN2K8SJ3EL	29399
ACIG3BXWREDD6	29400
ACIGG98OXH0IP	29401
ACIMQFK40ZF4K	29402
ACIR67N8OOWV2	29403
ACISLJANCZZ6L	29404
ACISYLJ6DANAT	29405
ACIT8U1ZGHZ	29406
ACJ3UTJY9GMVG	29407
ACJN23C0Y1GGU	29408
ACJRHVX8QOEJT	29409
ACJT8MUC0LRF0	29410
ACJX94AWZP8MP	29411
ACK2JGUZLDON0	29412
ACKGGFKGVJIGN	29413
ACKJJWQWRIVMQ	29414
ACKN5H8DXTERF	29415
ACKWTQN9I27KP	29416
ACKWW07BWOLLB	29417
ACL0T7X1THPAV	29418
ACL1T7YU1FTRR	29419
ACL5WQ6CVV82M	29420
ACLEMK47URFZP	29421
ACLHE92ZLG8U8	29422
ACLHXV7ROXJYK	29423
ACM259J02WJN5	29424
ACMKBC900W5UM	29425
ACMSCXK9GNQJ	29426
ACMW8OH1VJ10W	29427
ACN6LIE3MZABB	29428
ACNI1TXS29CNU	29429
ACNP0ZE5ZC5WS	29430
ACNP7BWJ3WNV9	29431
ACNV6ZWN8635Y	29432
ACNYR79WI3K1K	29433
ACO4EVZ0C2J1W	29434
ACO69282UBTDX	29435
ACOGII5LQGQXW	29436
ACOH9XX4RFM9K	29437
ACOJ0Y1UACFG0	29438
ACOM2CL2297RS	29439
ACONUV5L0KG6Z	29440
ACOTX40MZBJ2Z	29441
ACOYQQDQLY0AR	29442
ACOYX6QS8CI2Y	29443
ACP6PYDOL80AM	29444
ACPAQI3MYK8WU	29445
ACPF2WCSLB99G	29446
ACPKTHAJHJJU3	29447
ACPLRZ5S5U75N	29448
ACPLZYROFH42V	29449
ACPQ3HJ2PQAYH	29450
ACPTT5JYE0F3	29451
ACQ49QJVQHR2X	29452
ACQ8J8KLT4X7L	29453
ACQALHVMLGCKP	29454
ACQBONJTKYZF9	29455
ACQBWL3TL49VP	29456
ACQD52DDVX4F7	29457
ACQF3DSBMIYI1	29458
ACQHRK1M6KFW7	29459
ACQIIMRZNNG89	29460
ACQTWV7ALWG9F	29461
ACQZCGQORSBNE	29462
ACR0LFRY3VI6L	29463
ACR6O0NX75UPM	29464
ACRB5SB009USY	29465
ACREHLVRC4H5B	29466
ACRL3XK53TCS1	29467
ACRMQUNZFVQ3Y	29468
ACRPQ1NW0Z7PS	29469
ACRQ6IK8NCSFG	29470
ACS1D7BC4SYPL	29471
ACSA48NIBXG1O	29472
ACSA4CBJMEE4O	29473
ACSK2QXIQJLR4	29474
ACSNL0L1C7G9P	29475
ACT32VYIKCOLX	29476
ACTE2XVSHUAPX	29477
ACTEZE5RG7YXV	29478
ACTFGWY1Y8YWQ	29479
ACTMZJ4EUOC65	29480
ACTSKD3CRUH5B	29481
ACTSKTUSDX8H0	29482
ACUBQ07J5OK7K	29483
ACUE5OSY33N3R	29484
ACUFCGDFDR4UP	29485
ACUGBCEADYT6D	29486
ACUI37RRSDGUY	29487
ACUJ4FT60FX53	29488
ACUN4M7SQ7KFV	29489
ACUP38IQ4AUVD	29490
ACUVD6E4CE8BR	29491
ACUWSS82973YM	29492
ACV0PNTJ8O6Z1	29493
ACV4X53RQPYFO	29494
ACV7CGBS8QTW6	29495
ACV8R9H3J5CD8	29496
ACVD5BXOEKRO1	29497
ACVFB8B7Y2HU2	29498
ACVNFQNPPS1RX	29499
ACVR3WJTW8Q48	29500
ACVXDPE9P295K	29501
ACWDZGQAWRORW	29502
ACWG0QL4SNDIL	29503
ACWK8Z6ALPMSR	29504
ACWT4HHS7U9U6	29505
ACXBQ9JA3IIQY	29506
ACXNC7X9ZJOQW	29507
ACXOGPB6WVQWM	29508
ACXOSQK2U9ZOI	29509
ACXSN3DPA22XA	29510
ACXY0SBOR2LVM	29511
ACY3OGYCKNAUN	29512
ACY9QYNDFLVBI	29513
ACYFV5ZY9P4RR	29514
ACYH6GLF2AYK	29515
ACYMT1PL5FO9C	29516
ACYTQWJHR7FOK	29517
ACYX1TQKE1ZKV	29518
ACZ2PHFQVCE4O	29519
ACZ4YI6UWRVOG	29520
ACZ77TXF1LNMJ	29521
ACZ7THXSHC75T	29522
ACZMQBMOMEOF9	29523
ACZQD32A17GYA	29524
ACZYLE440LNVT	29525
AD013BEOEEVPP	29526
AD05LV5A1SLER	29527
AD09C841BQJ3N	29528
AD0BKKWQKMEFP	29529
AD0DMDDYE65KL	29530
AD0GRFJ69TTQJ	29531
AD0OA8I9FF4PN	29532
AD0VA39FRVNKN	29533
AD0VZM73UFZ3Q	29534
AD0WGOZ5CGP02	29535
AD0WUBKBO21KK	29536
AD119KKWU1NZN	29537
AD11BCKAGMKFB	29538
AD14IVCZN2IOR	29539
AD18NL069X7XY	29540
AD1J2ZHHXNOJG	29541
AD1LHGKRY8QAX	29542
AD1RNZPT4V9KH	29543
AD1TLCUIPBCXN	29544
AD27O6TXNVMVL	29545
AD27YH6IRSCVU	29546
AD2J9T115NCKI	29547
AD2K859FM7T69	29548
AD2N6TE8AVXLS	29549
AD2QRU9ZXBQZ1	29550
AD330ROM71XIN	29551
AD342OQX4EFN7	29552
AD35UOCTNHPFK	29553
AD3VVHFOC83PT	29554
AD3XAXJILZT24	29555
AD42KKDOKWVKD	29556
AD4D9H0IKZ7DH	29557
AD4OB44ICV3ZU	29558
AD4OGL155NR53	29559
AD4Q2DEDABFTO	29560
AD4QC0SCPICT9	29561
AD4QJRYAXIR0W	29562
AD4SVD6C0Q166	29563
AD4W1CZLJGS1M	29564
AD57Y0KINL4NL	29565
AD5AZ4VCOT33Y	29566
AD5D1X1VJTQ4Z	29567
AD5E41KLIJGG2	29568
AD5W83BSEW77M	29569
AD5WRJO4AV60A	29570
AD64M1IOZBT0N	29571
AD64PMSG5QN9T	29572
AD6AK1FG3NLQU	29573
AD6ARK9BEQ0XV	29574
AD6AX2KLXNWLX	29575
AD6CL9O6VDU9H	29576
AD6IW4HGRY4M9	29577
AD6Q9Y1DDWRRA	29578
AD6R2YCOYDK1R	29579
AD6S505KH3K65	29580
AD70YZ3Y3SP2N	29581
AD739EVO0P4QH	29582
AD744FK1H86V1	29583
AD75DV2LKDOW7	29584
AD78EU1OQ0D24	29585
AD7AVTGWDHW2R	29586
AD7EE2MWP9KJZ	29587
AD7HQPRV6EYME	29588
AD7VFJP8CRINI	29589
AD7WT7Z74UTMP	29590
AD82PZ1YXNEXR	29591
AD8EQ59MW2FCQ	29592
AD8JNGEEH402X	29593
AD8OR10M54LGJ	29594
AD8V8HX6XG80K	29595
AD8WJ6IDDJKWS	29596
AD91RC5NWG9EE	29597
AD951ULJZHSNB	29598
AD9MNP7YY3BS	29599
AD9VBPWGC4OJT	29600
AD9Z2KQFZOR34	29601
ADA0CDISNCDYM	29602
ADA7QNJUUZHQG	29603
ADAERGCOYM6ZF	29604
ADAGK40YSLZXS	29605
ADAHILLE3D1J2	29606
ADASHOB6SGQ6V	29607
ADB0YDFBGCGZT	29608
ADB5QN0CIWHOA	29609
ADB7I6ZA3VV5C	29610
ADB8W6CINQEJ8	29611
ADBB059PMJNW	29612
ADBGPR5L7NVSJ	29613
ADBIM4CR4GFU6	29614
ADBLNU88KHQNA	29615
ADBUW9SR6XPFJ	29616
ADC3D0SSLOUPV	29617
ADC6JYU28MKL3	29618
ADC7B09POSRAW	29619
ADCAMOKX021B9	29620
ADCCO1N4ZI8UT	29621
ADCM7RNYN5UJN	29622
ADCOMHS7BCM28	29623
ADCS61PPA0T2M	29624
ADD0EOID5QJST	29625
ADD5U5HOW613G	29626
ADDPOVWXWCTMT	29627
ADDYQ8RGADSVM	29628
ADE3DQLKA7UM6	29629
ADEJ1OQYTBAVY	29630
ADET9T1IHY4UN	29631
ADEVBXUS0RSIR	29632
ADEZOPMPKK146	29633
ADF1T8E1VNNXI	29634
ADF4TOZYOUS5W	29635
ADF50TZL9FTST	29636
ADF75MESW7X18	29637
ADF76CWZUBBA3	29638
ADF7Z7QMFUL7K	29639
ADFHL9C1IO1Z0	29640
ADFLBRY00Y70G	29641
ADFLPF6FI3W0O	29642
ADFO3RCVTA15	29643
ADFPSCR19NA33	29644
ADFV33E4P2293	29645
ADG88OARP7M7	29646
ADG9YAIXMMQ69	29647
ADGEKYI7JH0UH	29648
ADGH3NI8V1XW7	29649
ADGS7290GTK4Y	29650
ADGYBMES6V6XR	29651
ADH4076U11RFS	29652
ADH7NHBYIKSTP	29653
ADH7W1PJK7JJK	29654
ADH89WE5T8DR4	29655
ADHA1W879JNT0	29656
ADHM67E8Q46U8	29657
ADHWUBKF4O9WC	29658
ADI6OEPKZHEHU	29659
ADI7319IQ323H	29660
ADII6C59KL9TA	29661
ADILAU8A2KNFI	29662
ADIS4VUJEAPJ8	29663
ADJ8TVI5BTHCU	29664
ADJ9EREVJIMBO	29665
ADJAJTYZDOLPL	29666
ADJG7SIHWSIEO	29667
ADJH72AOAMD1M	29668
ADJJPF6GO50TS	29669
ADJO1XATFYSE5	29670
ADJWBK1J6K0T0	29671
ADJZSIDK1E4EN	29672
ADK1LPBU6L6WA	29673
ADK496F035K38	29674
ADK5JME060HZ1	29675
ADKDP8JNXLIU3	29676
ADKE808DS1RAG	29677
ADKGXDMVSDV6V	29678
ADKK95RG4BG23	29679
ADKL2WS2V45V3	29680
ADKR47TMI23LY	29681
ADKR4TJZ4FGLQ	29682
ADKUGA3FG7LVX	29683
ADKV841IG8738	29684
ADKXNP8VECJNO	29685
ADKZOXAOV8EXD	29686
ADL0W1TXSEO0W	29687
ADL7VW8R37T9M	29688
ADLHF7EXHSSGV	29689
ADLLUAUU6T2UY	29690
ADLQFV5H6V9CP	29691
ADLT4I2JUZV5K	29692
ADLVFFE4VBT8	29693
ADLWKJV7RKGLC	29694
ADM3BSBOHT4IK	29695
ADM6YAAEOQOO8	29696
ADM7NPAUB7M8S	29697
ADM7QSC7OHAOW	29698
ADMHI4KYTRKLM	29699
ADMJWDBE9COJ4	29700
ADML9OUJ5458H	29701
ADMN4706F5ZCM	29702
ADMTQ5D2CTI2Q	29703
ADMUEN7P6YOSK	29704
ADMZJGHLX91YG	29705
ADN8RA0DDVAC8	29706
ADNHW57NJ83DF	29707
ADNL27I485T1B	29708
ADNRXJSOD6D3H	29709
ADO0FWUA8G58M	29710
ADO14IJPCYCEF	29711
ADOHG9XWMP01W	29712
ADOIBSJ7A9OWZ	29713
ADOR3TR7GDF68	29714
ADOSZQ6F6OWYZ	29715
ADOTIP004GL6E	29716
ADP2GX1QS1IP4	29717
ADP4BARWOB1Z1	29718
ADP6XSD5E4R4G	29719
ADP7MAM8HAPJL	29720
ADP8ROI8NMNL2	29721
ADPG8B7L4YIV	29722
ADQ15IFX0YQWU	29723
ADQ1BBAZERUHH	29724
ADQBN17BQAZCN	29725
ADQCQ7SL631JM	29726
ADQO24YMLQI2Z	29727
ADQONAGGQOJLP	29728
ADR1XV0SL5BTO	29729
ADR6157NMQOTV	29730
ADR6MGE8CXTHU	29731
ADRAX0O52GM1C	29732
ADS13DOMTMU1Q	29733
ADS8W9A36D7WN	29734
ADS99W8WMEXZ2	29735
ADSEUGPODRQ60	29736
ADSGQBQ1PBP0X	29737
ADSLLT9R9BARR	29738
ADSM4TGG1D9HX	29739
ADSOLPK5JIK25	29740
ADSPYWNV22V8U	29741
ADSXIDO4TTTLA	29742
ADT66VQ9MIUWV	29743
ADT7NSKSZB7YU	29744
ADTM0ACLSJAGJ	29745
ADTPOSSW9L6P4	29746
ADTQBKC4WNPJI	29747
ADTQZYL4AVMDX	29748
ADTUWHKJI318Q	29749
ADTYJZZ3UNFBC	29750
ADUBENV0R4K8C	29751
ADUCSMUZ7I7LR	29752
ADUFW8N4WMEI1	29753
ADUI77N2IIKFJ	29754
ADUM14YVEGY8S	29755
ADV93Y9QX64CU	29756
ADVFXM1P1NLIJ	29757
ADVGL1RJ6U7FT	29758
ADVH60401PIPV	29759
ADVLRJS633OTD	29760
ADVNOAKBTLJOM	29761
ADVTJ03JD4RQ2	29762
ADW1K4LTGODOV	29763
ADW43S8H5PDXQ	29764
ADW6SK2BPDTWQ	29765
ADWCGW7CX7R8J	29766
ADWCIN6P4ZSTD	29767
ADWCPTUJQ0BXK	29768
ADWQJVH0FO2N0	29769
ADWRXIDKP0CR6	29770
ADWUJZ8865J2A	29771
ADWXLAKKZP2JC	29772
ADWZSI0N4WBAQ	29773
ADX389RR15CTR	29774
ADX6KUX4WWSJD	29775
ADX7OJDLEUL6R	29776
ADXAE3X1HES4M	29777
ADXGKRD1P7ZLR	29778
ADXS5162OPNK9	29779
ADXY7OUSBV9G9	29780
ADY1FCXJJGQYS	29781
ADY4AWPGYTXJS	29782
ADY5AZT8Y4WJV	29783
ADYBXA5G1R5SH	29784
ADYGE1FVW9U72	29785
ADYR709YFUVPF	29786
ADZD1QVZNY78T	29787
ADZEQEOWZQB4Q	29788
ADZIGA5QB1SJQ	29789
ADZIJQN6MNRAB	29790
ADZKLIHV54E9V	29791
AE05EUJNYZI4L	29792
AE08YZS436E1S	29793
AE0BLL3TXH2BN	29794
AE0HNSA6PQ47I	29795
AE0MOHBUJTI04	29796
AE0QM0TIM23O4	29797
AE0UIXKCZS1VQ	29798
AE0X54BHZFK88	29799
AE0YI75K1SZ7C	29800
AE17F4ASHJDS5	29801
AE18DJLXXM7HL	29802
AE19229SNVSH6	29803
AE19DEYUTQVQ4	29804
AE19HA3PP0SYO	29805
AE1C411CR2F1D	29806
AE1DBYRO2RTUF	29807
AE1H2ZINAXQMM	29808
AE1QRSINWT7EV	29809
AE22B2LS0JUY4	29810
AE2817TS36LQ2	29811
AE2I87RNTD4TO	29812
AE2Q1F0D62IXE	29813
AE2S71YU3GYF4	29814
AE3JUV6PBKO7	29815
AE3N23VTRJLVV	29816
AE3NEOP21DAMR	29817
AE42J9ETQWYRF	29818
AE451WX3YZBFT	29819
AE484JX5YOI9P	29820
AE4LMEMGK2TI8	29821
AE4R288TBY8RQ	29822
AE4RDD4ICR9AE	29823
AE4ROTGCE7BIA	29824
AE4XFHGIV3E3S	29825
AE4ZWS37YVEF3	29826
AE56978WOGMGZ	29827
AE56NA8OY9H60	29828
AE5CAGRT96P85	29829
AE5HGZPR0FLGF	29830
AE5KDO2OANAJ3	29831
AE5MHHAX1UP55	29832
AE6DDIKFMC2RY	29833
AE6LN80KUHS5I	29834
AE73TDNMH6H6R	29835
AE7752BA3X7U	29836
AE77GYKAKUIZR	29837
AE77HPZSD1T03	29838
AE77INRXW5A1L	29839
AE7ENA5Q0KMNO	29840
AE7FXKZ36483L	29841
AE7J8067PMM1	29842
AE7K0BKFRPP2L	29843
AE7K3KCV1MNYL	29844
AE7LK9H90CSQ5	29845
AE7SDXRY05RW5	29846
AE7UUH87ZLLZE	29847
AE7V92R2LVEJF	29848
AE7XNTVPLXPCU	29849
AE806Q7IM2UBT	29850
AE847QHR021XJ	29851
AE85N4BFQIKLX	29852
AE88D7OM7YU99	29853
AE8L4M418MASI	29854
AE8LMA5NMI2GL	29855
AE8P5C970ER4S	29856
AE8RWJK57JIDS	29857
AE8SR1GW0LND0	29858
AE8TXRXYCX4FN	29859
AE8UBXYSESNW6	29860
AE8WRSFL21Q5T	29861
AE8WXXN8BE7L4	29862
AE90GSVACZP5R	29863
AE93PR77YBAE7	29864
AE94DP47MZX44	29865
AE9AIPW9805GN	29866
AE9MMA2TX3NJR	29867
AE9QHHDDF5LXF	29868
AE9VTW4U0HDZK	29869
AEA32I0TS6TDZ	29870
AEA9K3MXS8JPZ	29871
AEAOZM2W2UK7W	29872
AEAPGAG8DXQLT	29873
AEAVN10JV3FFG	29874
AEAVQPA9IG2HH	29875
AEAXFUXSAHSGJ	29876
AEB05XUV9MTE0	29877
AEB47CWSZQVUV	29878
AEB4MSMFKKXPR	29879
AEBAF13V134KO	29880
AEBB0AMY6HIR6	29881
AEBB5N9CDZ05Y	29882
AEBS77A9JTQFX	29883
AEBTHMPFFMNX7	29884
AEBWS6L8VHSI1	29885
AEBWUHXHYIMAO	29886
AEC90GPFKLAAW	29887
AECD1LSAXYLAL	29888
AECD1QOMZ2F2I	29889
AECDRQB9XVYB4	29890
AECFRE7C0CCLU	29891
AECI7WXW9SDHS	29892
AED1L7HVVYBSO	29893
AED24PGN5EZRX	29894
AED4BKEIS0WX4	29895
AED5E09GYI9E9	29896
AED8XQDUKPW5E	29897
AED9ELYYOE2ST	29898
AEDAUICFW2GHM	29899
AEDFCPZUEJUR6	29900
AEDGYV2KDGWN2	29901
AEDZUZAYT0STR	29902
AEE42UT3ERITN	29903
AEEC5GCEMNZPJ	29904
AEEH1XF5902SW	29905
AEEJTH76KV5SN	29906
AEEO7ME0NS3CU	29907
AEETTGJ3QMZRY	29908
AEEV2J88L3W6V	29909
AEEXMTGSUYS3Y	29910
AEFAFG5YPE743	29911
AEFT97FFJ4SE3	29912
AEFTIUQHSVUFX	29913
AEFVHPV86MPAQ	29914
AEG2RWOXTFANZ	29915
AEG3WZNT4XNWE	29916
AEG4AMG621BW4	29917
AEG5H9MONJY01	29918
AEG5VH722TX4X	29919
AEG9SBQ1UETBD	29920
AEGMG7KV9DQ87	29921
AEGO6A1AFDTAV	29922
AEGWWFVYMKYTG	29923
AEH2DA3QAUL2J	29924
AEHPDO1PG6P9U	29925
AEHSQDIHIQ56X	29926
AEHUTK0NUT2U0	29927
AEI774EPWMCCO	29928
AEI8BUDQ8YPQB	29929
AEIFO615TKSSC	29930
AEIHKPE54RDPL	29931
AEIHUNS251I3B	29932
AEIQ20BHN9JFI	29933
AEIY2NXPGOO2L	29934
AEJ8D16G7XTHH	29935
AEJ92CW8OW8AI	29936
AEJAGHLC675A7	29937
AEJEVGGLF36MJ	29938
AEJPQY6YQZTFU	29939
AEJUTTZJRRYR2	29940
AEJZXQDZ0BWK9	29941
AEK49U21L8B2P	29942
AEKE77MIMYVWX	29943
AEKJHD85FKJG6	29944
AEKM0JFHHOX4S	29945
AEKMQ63B2HD30	29946
AEKX9949W1SYD	29947
AEL0NCDT8JUCT	29948
AEL6CQNQXONBX	29949
AELDWVN8XXIOP	29950
AELE6NFADU1K8	29951
AELKMRRCRS9M3	29952
AELOECRG3EA6X	29953
AELSKCU9ZWZ9N	29954
AELX7Q34SJ1Q5	29955
AEM7A4KL0MFO0	29956
AEMGH4RMOX06O	29957
AEMQQGHIZO0JY	29958
AEMSGB00FL3YO	29959
AEN44U6T9R93	29960
AEN7149A7NAWK	29961
AENDI8NHK2F0W	29962
AENFX8CQ089AZ	29963
AENK4X1X4C5CM	29964
AENPTP3X0Q866	29965
AENYJONPH7JMK	29966
AEO081ABUDFQF	29967
AEO4K5BM0KSDT	29968
AEOC155WMYAJN	29969
AEOCEVUWO5B7P	29970
AEODDGA58UV3X	29971
AEOL9SX7SB1ID	29972
AEOO030M3X8KE	29973
AEOYM4M0FQPDX	29974
AEP5K4UR4JLT4	29975
AEP6UQQQXO48B	29976
AEP857LCH4LOW	29977
AEPJXDKDJTXRF	29978
AEPP6P8ESIHGQ	29979
AEPSAKVNQR0BL	29980
AEPUOYRWPM0CQ	29981
AEQ0F65NSOGBH	29982
AEQ0QDUQMGWXJ	29983
AEQ6RFLBAHQ79	29984
AEQAOEZZ7V0WH	29985
AEQDF7A0SIGHQ	29986
AEQGA690CTCNR	29987
AEQUN4Z162XLT	29988
AEQVZXTOMEOHB	29989
AER2JNG7I2XBB	29990
AER4QC07Q3MJ2	29991
AER8P7OA4DWQL	29992
AERE5RCBLU85H	29993
AERK9BTE4J3H4	29994
AERTVDQPAD7WC	29995
AERXNDHS0M6V4	29996
AESPLVBQJCNC7	29997
AESUXU5AHWEFP	29998
AET21GGJ9WBRE	29999
AETA7Y7CFMWZZ	30000
AETG43ARLZDZD	30001
AETLLTFXXOS7R	30002
AETVVP4OAG8WQ	30003
AEU4JLUO88Y14	30004
AEUHO4WCNNRYH	30005
AEVH0O9MZAG7C	30006
AEVHM9T2YWQJO	30007
AEVIYGYO0FEOM	30008
AEVJTLI1U9M7	30009
AEVO0EBZDGDAW	30010
AEVSJWBORSDYY	30011
AEVSZW2TRQ83E	30012
AEVVBXT8UR575	30013
AEWC6Q4BVE0O2	30014
AEWC9FQ01I79E	30015
AEWOK8BEOSZOU	30016
AEWPJNDK81GJ	30017
AEWR12HGJP0Y2	30018
AEWTXTLXOGG65	30019
AEWYUPCNDV7HY	30020
AEX4784QN9XRT	30021
AEXOZXEA5I5NJ	30022
AEXVR1GPGW338	30023
AEXWQNGWS2NAV	30024
AEXY7GK9U6QIG	30025
AEXZ8PLR9A5H4	30026
AEY575L2G3MLD	30027
AEY6F1ERVXGR6	30028
AEYD0XTUE26ET	30029
AEYDPIDLOQUL9	30030
AEYEP8LXDWHMH	30031
AEYGLPQ5MJO28	30032
AEYKPDYE0CCG7	30033
AEYQI0OBHKDP3	30034
AEZ0X08KA6GPH	30035
AEZAZZEH3B2O3	30036
AEZM4GZ4V0AP6	30037
AEZR4ZW1D2C26	30038
AEZXT1BTBGTWX	30039
AF04EN73F9JU	30040
AF0E1Q98HR1AH	30041
AF0TDKED8HBEV	30042
AF0Z3KQ5KIBC4	30043
AF14S3PYR4HD7	30044
AF1BRDDV3CHRM	30045
AF1G8Y3LWC93S	30046
AF1KUHG8MZQXQ	30047
AF230CW086UHW	30048
AF26THGN6YZME	30049
AF283QAIEJXT2	30050
AF28ITWJ7XFIR	30051
AF2FTSRJB3I5S	30052
AF2OJS8GPW2Z0	30053
AF2X2YDX6TTJF	30054
AF31BHFQODYFJ	30055
AF331KJH45RIH	30056
AF3AZVK90T805	30057
AF3BYMPWKWO8F	30058
AF3D31QX07BWW	30059
AF3DVADRLSYGS	30060
AF3G5GJFCBJ65	30061
AF3RUP756SG4R	30062
AF3TSVG7A3EWG	30063
AF3X7J0XC391L	30064
AF40ONNQIRMXF	30065
AF4ADHUO5SB1B	30066
AF4BBKO341ZMZ	30067
AF4WKG0Z2JE2S	30068
AF5AJ5V9T6LTS	30069
AF5AO1VT4YN7Y	30070
AF5GJBN763Z7P	30071
AF5JRXFS3LVZR	30072
AF5M6L4WVQ76F	30073
AF5NGZ9YJA3J8	30074
AF5UPK1K0TZVK	30075
AF5YJQJ0R0PVI	30076
AF6EYHIGE8JFU	30077
AF6NBO946TQPK	30078
AF6PN6DGJHUSF	30079
AF6VMU2KESQ96	30080
AF6YOG2YGL14P	30081
AF76AAXINSF5E	30082
AF7AQHLX1UV1Z	30083
AF7CWQNEAW1UZ	30084
AF7NWNPFJX4XJ	30085
AF7P0CVCKHG0V	30086
AF7V7326I2Y2V	30087
AF7YXO9GKZ6FV	30088
AF89ENTVBBGHG	30089
AF8DGAR6W1FLX	30090
AF8E3LE7RSK1T	30091
AF8MD9W8KWVJP	30092
AF8SREA2XE7BJ	30093
AF8TWBVTIWURX	30094
AF8U1GGM2CTWF	30095
AF91WA9O8EQRQ	30096
AF999MR4ORAX9	30097
AF9F2K5WIHVIF	30098
AF9MI2WAHFOKR	30099
AF9UGGB68JH4G	30100
AFA33ZRPENAX0	30101
AFAD3KULGF6M4	30102
AFANIN0EHBCLN	30103
AFAT0G49G78WC	30104
AFB1332FOFR9M	30105
AFB2DSDMLSLEF	30106
AFB2O0NDJNXD0	30107
AFB7MSIPJIW68	30108
AFBBPILVJE6I2	30109
AFBCCNT0TBGSO	30110
AFBHHGKL81PDH	30111
AFBLTQ3H8BMH8	30112
AFBMLE4MKSSW0	30113
AFBTCQKFZX8OM	30114
AFBTLEULZQ1DF	30115
AFCAZIM440BI4	30116
AFCD2VYPAWKNG	30117
AFCEJ6UNZPCXC	30118
AFCFQE0UP98KA	30119
AFCGX8II062AF	30120
AFCIVNO3Q5Q75	30121
AFCNUTPDVEIDT	30122
AFCOO84XVP4WS	30123
AFD0JB5SCEM5S	30124
AFD3FHZBUFEYY	30125
AFD4A8X2O85BX	30126
AFDA4WD64VWOK	30127
AFDAJXIARG0E0	30128
AFDCAD19W6W5C	30129
AFDM0Z3HHXNX2	30130
AFDTC3ENHFXF1	30131
AFE84A2LB6D0T	30132
AFEB0MKOWW2N7	30133
AFEBETXVA3792	30134
AFECGAER92D8C	30135
AFED69FWIKZM2	30136
AFEH1TL3ARN1B	30137
AFEYHFH2GH0QZ	30138
AFF2QSNIFFOKC	30139
AFFF94OVE8BWI	30140
AFFGQ792Q0TKC	30141
AFFROFIP265EY	30142
AFFVUZEGP1FDQ	30143
AFG3B2MQ2SW8H	30144
AFG4D7NRVYDON	30145
AFG9WMH6FNXA4	30146
AFGVMBZRLH6Z5	30147
AFH1VH30550G	30148
AFH33EFXF6S9E	30149
AFH7BCP1KXHB6	30150
AFH97KY1SBP2C	30151
AFHAQ9ZVVZ63P	30152
AFHM8LWBUDBO2	30153
AFHN51GJB7FZS	30154
AFHYEO3Y1IIDD	30155
AFI7ZQK3HBPQ1	30156
AFICF7DKHTQ87	30157
AFIHZGX5DMIXS	30158
AFIICLATIIRTN	30159
AFIJWNLGW62KY	30160
AFIR57I2Y901O	30161
AFIXHGZVUBSWJ	30162
AFJ9QEQ5P5GOY	30163
AFJIPDN9COCVX	30164
AFJJOG2E2XQYO	30165
AFK6U0XQ7UMTH	30166
AFKLE8IDE3DQY	30167
AFKMY7WCDGUL2	30168
AFKOBSWET5ZSL	30169
AFKXSFEP9LJ31	30170
AFL8DI2C1ZPU8	30171
AFL9A4IOX6AOI	30172
AFLAUO50VZ2BR	30173
AFLBKIRS7MAGF	30174
AFLEIZY9LOV0N	30175
AFLKBMK3TCUDY	30176
AFLKI2YYA2RM4	30177
AFLKKMIC3V05T	30178
AFLMQ5ZRU233Y	30179
AFLNYJQP12XYA	30180
AFLOZSH9M0YCK	30181
AFLSOC4169WFL	30182
AFLU0JE1IRKMN	30183
AFM20YDLFK8R6	30184
AFM65NU0UXIGP	30185
AFM77XOJX20C	30186
AFM7FK7NFEKFZ	30187
AFM8HGCK7GHGB	30188
AFM9DBBX92QC7	30189
AFM9JUVXQZBQ5	30190
AFMAN5ZVYCCU9	30191
AFMH91OTW2H8N	30192
AFMS6SBZMBR08	30193
AFMT64818JBVF	30194
AFMUOCPGJDBG7	30195
AFN32PGTZ31MV	30196
AFN3GH6LE6JXF	30197
AFNCLXFKFGFOH	30198
AFNG8O2DXRCUV	30199
AFNH1PQYKUFLX	30200
AFNUMIW8EMT9Q	30201
AFNYEP9UND180	30202
AFO2VVG2FASIR	30203
AFO499SECGZJ2	30204
AFOD019437BG0	30205
AFORG8FF7HYKK	30206
AFORQLCIK5L5F	30207
AFOUI059FWAL9	30208
AFP0PAIXIYFFN	30209
AFPEYGYBGCSH6	30210
AFPLO7CATKD0H	30211
AFPSKCPSXE7XZ	30212
AFPWZO5WSG4XE	30213
AFQ0JJMG2GB8I	30214
AFQ5MPR6LXHZO	30215
AFQ5S412FFC2K	30216
AFQ6NNJ9UBJX2	30217
AFQ8S6RNH0P2R	30218
AFQBNEEQ1XFG8	30219
AFQBS241UKPAZ	30220
AFQNLSO520MAK	30221
AFQNTGEH2S96D	30222
AFQU20N1CQMM8	30223
AFQUD67SU9E4N	30224
AFQVEKFYJB8TC	30225
AFRGBNGHFJNJ0	30226
AFRJQ3RK97DK9	30227
AFRKK5JFA50UL	30228
AFRKTYRYDVJ7R	30229
AFRPS2HGKKF7Z	30230
AFRSORQWIXP0A	30231
AFRV2QZTHA4I5	30232
AFRWXEHK151Z1	30233
AFS8M7NRPOUZ4	30234
AFSBN7QDSBEU9	30235
AFSIDL7J9CUMJ	30236
AFSWJ734KHF0E	30237
AFSYDDK0DG2YQ	30238
AFT6APJPRJOLG	30239
AFTJGKMPC7A6G	30240
AFTM5F7C01ZVI	30241
AFTOJCGW8QXAV	30242
AFTOZR8D3NJB7	30243
AFTYSO0H0D871	30244
AFU0ZX1MVX6OH	30245
AFU6BITESC92S	30246
AFUGQMITCPWY	30247
AFUQCSK0WPLNZ	30248
AFUVWQIPPV8I8	30249
AFV4KEBSD7OPS	30250
AFV4LO6D33DYY	30251
AFV7JWAJMG5VG	30252
AFVG48SFGU8VB	30253
AFVKI7BCS3FSX	30254
AFVL06XZF4C4V	30255
AFVNSPWP68285	30256
AFVSQ338MCMNR	30257
AFVTYHLI6UQMD	30258
AFVY2KLFL58M1	30259
AFW0DOKAFVQYF	30260
AFW0QN9MNRTQA	30261
AFW5K7MVC7BH7	30262
AFW8AO8FR0UN2	30263
AFWO2X7NOPO5T	30264
AFWPLXT2OD6H1	30265
AFWVVZQ0OP050	30266
AFWX0SKABRFIW	30267
AFXBS5P5QK8G1	30268
AFXELZCMVXMV6	30269
AFXNG9WQEVH1V	30270
AFXXS6KIJ9E83	30271
AFY0THECYYN6M	30272
AFY5COU3MYMRA	30273
AFY8DN9QQ1FSL	30274
AFYPYQAFA31JU	30275
AFYQ9V4XBVCJ1	30276
AFYXI6UB76JJ0	30277
AFYZ1CJXS6EET	30278
AFZ3MQAJ17GPL	30279
AFZ6RRCNE6HDH	30280
AFZJHNFWEMWXP	30281
AFZJNYR931ZCN	30282
AFZJS0A9K09Q0	30283
AFZK0Z5BLHY08	30284
AFZQ3OHVYPWUO	30285
AG02Z9LDS9OV1	30286
AG07PU2U35CV9	30287
AG0FJQQSJJ8F	30288
AG0JNBLBMA6UG	30289
AG0LBH0P030U7	30290
AG0O7X59OEO4B	30291
AG0UP5II9OSP2	30292
AG0ZWTL8FN2W	30293
AG17QUS5DT5YJ	30294
AG1BY8P0HJU1V	30295
AG1DSHU5CQ1SZ	30296
AG1GJZRH1F6W9	30297
AG1IV7ZHWV1ZV	30298
AG1LOVY5VRM5P	30299
AG1RBRCWM3G1A	30300
AG1ZPU92ZZ8YH	30301
AG20G5TGY1UKU	30302
AG24IAYYEABLO	30303
AG26KTDIMS9MO	30304
AG28H2VJ3EA1Y	30305
AG2BNMGPA8JAX	30306
AG2CBCB9TUYN4	30307
AG2DJGPSDGTQH	30308
AG2EVZQFAE37M	30309
AG2HPE64P6G7B	30310
AG2OCH49SQOJ6	30311
AG2W4UUQ3U3RS	30312
AG2WLXDREGE41	30313
AG35JCCQWDRCS	30314
AG3K3D4W1OZ92	30315
AG3KCLSCLAKV1	30316
AG3NP9A37MXLK	30317
AG3ODP9T1GGEP	30318
AG3UGZBTZ96YW	30319
AG3V1POZP9CWO	30320
AG4078WY6HFHP	30321
AG46KXLYM4LMW	30322
AG4VC6EF9591J	30323
AG560UPDO19YH	30324
AG58N47HQW084	30325
AG5CT2129NFXT	30326
AG5DAAF90X8AP	30327
AG5IC2DDMQ8G1	30328
AG5LTFSJ3J1PN	30329
AG5PD19OQ8SRU	30330
AG5UMTUWX9T1V	30331
AG62OOVRP69UJ	30332
AG6IJT25GKDNZ	30333
AG6JJG6UOKBX	30334
AG6JWI77UMETS	30335
AG6L98VC6YNV9	30336
AG6ORBDPB2TPV	30337
AG6TX1ZJHLMO7	30338
AG6UMODOLZPQP	30339
AG71XMQGQ2UTJ	30340
AG79AN8BR5BC0	30341
AG7H74VHIBJ6D	30342
AG7JAT76KO5O1	30343
AG7O531AAY3NX	30344
AG7P7R2F7MWM9	30345
AG7QPDO7GNT5B	30346
AG7U5UT1STGXM	30347
AG7W4HX4OY9QD	30348
AG85L11WCOJVX	30349
AG88PJVD9RI74	30350
AG8E2F0G98ZTB	30351
AG8UNXK1TZRSE	30352
AG8YFLVARJYD5	30353
AG954PTX9EALX	30354
AG9ETAJ6E9OSJ	30355
AG9HK5F4FSJQL	30356
AG9KFH2QHTWH6	30357
AG9LGI7YGL6UO	30358
AG9N0P2ASOLZN	30359
AGA83I8ARKU6D	30360
AGA8DBCA2OAYI	30361
AGA8OYF22Q8L5	30362
AGA9LX1BU50DI	30363
AGAE1AN7H8KFO	30364
AGAOSG1WGUZPY	30365
AGARMY0GSHBVJ	30366
AGAYDRHFWK4JG	30367
AGB1YDTHIQ59V	30368
AGB4G6Q7836O3	30369
AGB76AJAEK3PT	30370
AGBRXOQ6AFTF	30371
AGBUOF2FX5KV2	30372
AGBZJNYGDNS4A	30373
AGC2TYQMWG5X6	30374
AGC5W4N4ID8TM	30375
AGCDVYOWZ7K0K	30376
AGCHRVXBEYY8M	30377
AGCI52RZGC33D	30378
AGCLX9BWD4KQC	30379
AGCZ28CITGXOJ	30380
AGCZ7KS4UUWHB	30381
AGD2B07DX52A6	30382
AGD6CORBEIVQH	30383
AGDFL7999DTOH	30384
AGDH4IDGDNPTZ	30385
AGDK0A51LQEYK	30386
AGDOWFCL6E4JE	30387
AGDPZ6ODO6VYA	30388
AGDVCK9508XQ7	30389
AGDVN0IZLSQWY	30390
AGE3BG0MWFS0L	30391
AGE3VNDU75Z8I	30392
AGE407FNGC3V9	30393
AGE59LCWE8QH	30394
AGE6QWU703LJ7	30395
AGE7FCKULIO6J	30396
AGE9A7JW731HO	30397
AGEBRG5W25WEX	30398
AGEEXB89TC8XI	30399
AGEJKYUWUX1LR	30400
AGEKVD8JPZQMT	30401
AGEPHL2A4JK8V	30402
AGETSICLTBAQO	30403
AGEWOMQ90BV8R	30404
AGF3E7FT7GOEW	30405
AGF5PP532LGUQ	30406
AGFFF8TSKHJ3R	30407
AGFGUGLP3141G	30408
AGFHJBFPD68WM	30409
AGFP1C8IV1V6D	30410
AGFVZS84VOL8	30411
AGFW667QNHDOY	30412
AGFXOZ20CUWI9	30413
AGFZK2MSIIJCV	30414
AGG0X66HONP1	30415
AGG5S7US0RT3Q	30416
AGG7I3EOLMF57	30417
AGGAQLXPVGM5D	30418
AGGDCYJILJAVB	30419
AGGOH1VNMGX2G	30420
AGGQDOYRBL7CE	30421
AGGRBKYIVIXPU	30422
AGGU8GVB24L6C	30423
AGH2LG47Y3B1S	30424
AGH9FOHXRAQ5E	30425
AGHA1CKJ9I6SM	30426
AGHBU1UWQBW2Z	30427
AGHCCVXFUHYZD	30428
AGHCN9HHCMX04	30429
AGHCPUA6AO5Z0	30430
AGHH757JQAEJA	30431
AGHM6ETUZ0B1Y	30432
AGI9JBF1PKW0D	30433
AGIBXZ0CFHWBK	30434
AGIDTZS0S7WJD	30435
AGIJFDYFSA05Q	30436
AGIL2Y5FYWXU5	30437
AGIM374OFA94D	30438
AGIQQVLJ58EBL	30439
AGJ0DW8O7D9FL	30440
AGJ1ZV4GK5OY7	30441
AGJ3C3ROE5KGO	30442
AGJA1F8P2RVJR	30443
AGJIY8KSGOMDU	30444
AGJNBLB4FATKH	30445
AGK71OWRMFGLA	30446
AGKDZXTRUVI2	30447
AGKEOBA122GPP	30448
AGKKMKBSKV6J5	30449
AGKRS74Z0FZPZ	30450
AGKXP186I8JIA	30451
AGL1BZEWW9WNQ	30452
AGL3FZ8J74X8I	30453
AGL4Y0ETZUL5R	30454
AGL5O7BF2AY7Z	30455
AGLBN4OGNJ337	30456
AGLMUF5G8N1PM	30457
AGLO3ASN590BT	30458
AGLPD6NL50QE0	30459
AGLWD7FVS8E1L	30460
AGLY8XF1SIZSV	30461
AGMFIB3T4P200	30462
AGMFQWTR5G93K	30463
AGMGCQFK2S6DW	30464
AGMID6IDA7Q7Y	30465
AGMK27LS2WU5H	30466
AGMKMQ8VUZ8IA	30467
AGMLK3U9UCANB	30468
AGMN7YTPZ6DP4	30469
AGMUI06ZVNPWZ	30470
AGMYJIGXJBOKD	30471
AGNE7UKOB6BDZ	30472
AGNKQDJG9VVQ2	30473
AGNP9QEEKLG1H	30474
AGNQQKLYFOUA4	30475
AGNTYQ8RF77LR	30476
AGNZWCO8SHV6W	30477
AGO03B54HI93Y	30478
AGO4L9KWWR6HW	30479
AGO66B580XHJG	30480
AGO7N4M9G3QM9	30481
AGOG99XT96OH0	30482
AGOH8N902URMW	30483
AGOKE53B7QGUQ	30484
AGP0SEJC9TX0U	30485
AGP3NZBOH5WLB	30486
AGP44COQYFIJ9	30487
AGQ47IY7KG18W	30488
AGQ4ZKMBMZK6H	30489
AGQ7PJY1O9L84	30490
AGQ87YXDW5N07	30491
AGQG5S6VYLRGI	30492
AGQGED4G740G0	30493
AGQIKGB66P607	30494
AGQN849N5XHSN	30495
AGQRM7VB1WFRT	30496
AGQVFOX6EZ9WW	30497
AGQW1BUS00R4K	30498
AGR1G5S0BO3R6	30499
AGR43JZSXY4BT	30500
AGR9X65YNUNJY	30501
AGRBMXQKF1E20	30502
AGREX6RC0HFV	30503
AGRFFR3NEFT0O	30504
AGRGPW2OMOQ52	30505
AGRL3IM3FH107	30506
AGRNF0GM6NAN7	30507
AGS84PG5LA6RI	30508
AGSC327PXS3W6	30509
AGSJLT37TKT09	30510
AGSKB96UM2QUZ	30511
AGSLYJ6BEPGKW	30512
AGSLYLDWFUAS5	30513
AGSPH9TPYBW2M	30514
AGSWD3EKJUZRY	30515
AGT7OLJCUDZW3	30516
AGT80TMVJP56I	30517
AGTB2ITQI4N7P	30518
AGTC3SJLS9XSQ	30519
AGTKW4F49ZR48	30520
AGTN72YTZ67YZ	30521
AGTP75D9E0UXR	30522
AGTQI1FK88J8X	30523
AGTYAED602KJ3	30524
AGU0GRBYLKBL8	30525
AGU6FY0MZQMR7	30526
AGU7N9HSQQ57C	30527
AGU7QAWZOHQIN	30528
AGULX4C472DRJ	30529
AGUNBR03VZWWM	30530
AGUWXCKBG9QAC	30531
AGUXT09TQ9KH1	30532
AGV0RUQJHFW3S	30533
AGVB3UZIPFHEF	30534
AGVDI7RLT24WJ	30535
AGVP05RE536T2	30536
AGVQ95JBV9TLE	30537
AGVVL0EUHBMB7	30538
AGVWTYW0ULXHT	30539
AGW72B7MS6T8R	30540
AGW72RTLMGGFN	30541
AGW7WQJX2GDPG	30542
AGWZ279KMOBQN	30543
AGX9CAD9D9U16	30544
AGXHCA7OUZU0P	30545
AGXHFCDKM5DNX	30546
AGXIND08WDJEO	30547
AGXKN82T4PDQV	30548
AGXKTZWBDQFGT	30549
AGXMC3ITWZASE	30550
AGXY576DF2CJ2	30551
AGXY94X1NFBMS	30552
AGY1Q7NBNXC43	30553
AGY42JYEW4SWJ	30554
AGY8315ULU22X	30555
AGYBSEOZESADQ	30556
AGYL651SRILRQ	30557
AGYSTOXDZDL8Q	30558
AGYTMH5OBK530	30559
AGZ0LO4NPL67B	30560
AGZCJ0GL79LYJ	30561
AGZDSR4R8SA2S	30562
AGZE2AFICPTUH	30563
AGZFNYUBERAM7	30564
AGZHBGXO8LPFE	30565
AGZLOT7YS49SO	30566
AGZS27HN7KHNE	30567
AGZZCGFHPLHRK	30568
AH021ATNR1W53	30569
AH03503S9343X	30570
AH0C5DIY7MGE3	30571
AH0XON4XDOF2C	30572
AH0ZFCT049G9A	30573
AH10CF91A07PU	30574
AH1DIBHPWOSJ	30575
AH1H5N1V8Z2A6	30576
AH1KJ45IQTM4T	30577
AH2G0NS68XJRM	30578
AH2HT6TFAFP8X	30579
AH2MCPNVP8PNU	30580
AH2P5F2I0KP4E	30581
AH3237NVKB6W1	30582
AH32KYKY3WLH8	30583
AH3FP0EKWK1YD	30584
AH3H15JRP8O5Q	30585
AH3HKY0H8TGHW	30586
AH3L50E5NW732	30587
AH3TEQ9D12UDS	30588
AH3TGDK5AWX7	30589
AH42H8XU035E5	30590
AH46BNS04H73Y	30591
AH4830WACCBF7	30592
AH48IMEFCTE8D	30593
AH48S37R914M2	30594
AH49VV4MSDHH5	30595
AH4B2J6Q0X5F7	30596
AH4CJ7FEFV761	30597
AH4PBH4R1GZ5Q	30598
AH4XAOKQJYMY9	30599
AH4YV9LVTWGTQ	30600
AH530FH6MJ2TL	30601
AH53QL0FLXCQL	30602
AH5BFZ87NE85Z	30603
AH5GIUR8WWSU4	30604
AH5LF8C3G4PZ3	30605
AH5LRUAFO44F0	30606
AH5M4CV4ECQ62	30607
AH5WYM9F5Q7OQ	30608
AH6EQNBGM57ZS	30609
AH6IC4OQ9MORP	30610
AH6J1PRWQ0J41	30611
AH70P82ERXXO6	30612
AH77YPPGULV6W	30613
AH7BUVRXPY3CV	30614
AH7EXK88CDMP9	30615
AH7JDNB0OJSF5	30616
AH7LFIDX2PWG2	30617
AH7UCMXXCFD9G	30618
AH7UVEM9FI3NP	30619
AH8ARXZB1IM24	30620
AH8DSL5JS8481	30621
AH8FD9NZMZ29M	30622
AH8IIOE6WTED9	30623
AH8M5OGIIKDY7	30624
AH95GIB7VJI0B	30625
AH9AUW175XCVP	30626
AH9JN69QAUBZQ	30627
AH9LT35JJOL6C	30628
AH9QYOWBYWRXJ	30629
AH9ROJIRKGBIL	30630
AHA4T0B9H4DHJ	30631
AHA4XNFLSG7JH	30632
AHA5EXO49HX2T	30633
AHBHC4SPBKZ3B	30634
AHBHUBXWNFHNP	30635
AHBO6O3766B0O	30636
AHBODR39S423S	30637
AHC40ZRDV2PL7	30638
AHC641PX3PJN1	30639
AHC692C6O1YME	30640
AHC7S0S28X6UU	30641
AHCKR75WGTPA0	30642
AHCL2WVP0FIY9	30643
AHCM2GKBTLDY6	30644
AHCQJAXLZ40MP	30645
AHD3NZHDUZ5I6	30646
AHD4MBND95RHS	30647
AHD5U26I3GWZD	30648
AHDA65BGOQ8JY	30649
AHDDAT1C4NLTM	30650
AHDKNAB0NG1QI	30651
AHDT1IFWN1Y3D	30652
AHDUST9C189E3	30653
AHEB4CX91P0WU	30654
AHEGPQ4STNJPT	30655
AHEKX7V41PZ07	30656
AHEPSJLIXRYNW	30657
AHEU1RTYIDGHE	30658
AHEX6TNYZA0Y5	30659
AHF2BRTPFOZI7	30660
AHFBQ0O5UY04W	30661
AHFEVDEUQBJYG	30662
AHFEZ1KSH93IR	30663
AHFFTUJYI47XD	30664
AHFGCH8LANEZK	30665
AHFORCOL6Z0V2	30666
AHFRKFFNKTON6	30667
AHFT1WM5GIRRW	30668
AHFW8ZWBLMAFF	30669
AHFWJDTF4V5SK	30670
AHG5ZRGDV09O3	30671
AHG634U7GYEN1	30672
AHG6BT3T8F68O	30673
AHGL4J9FE56W9	30674
AHGU63Q25L1KS	30675
AHGWL6FM6DZFE	30676
AHGWQJQZ5XFO0	30677
AHH1RXH7LCBN0	30678
AHHBZAEMJUMVY	30679
AHHHJYXBQ5HDU	30680
AHHN0H4I75F6T	30681
AHHN2Q0GEOI9U	30682
AHHSL0KNGF12Z	30683
AHHW4VV07RGE8	30684
AHI2SPDYSN9BP	30685
AHI47VOZKGEFX	30686
AHIBSSBMVPP85	30687
AHJ0U4V74OVIP	30688
AHJ5DLZLDNF8J	30689
AHJ93169VBHBN	30690
AHJFDEGNTQKY1	30691
AHJROGTYWMWBU	30692
AHKG53QARWNF4	30693
AHKMP7SPYPFPO	30694
AHKN9BGTH988E	30695
AHKT15AJIO95S	30696
AHKT9ALJ3T2Y3	30697
AHKU3LYD4FHT3	30698
AHKVI8B20GBWV	30699
AHKW0GBCSGWU9	30700
AHKY3DLARR7KR	30701
AHL7IMOEEHTCB	30702
AHLA62DI9B6I	30703
AHLG6LQX62K83	30704
AHLGG9LN81ZJ1	30705
AHLLOUO126R5Y	30706
AHLN4HAUQ0AGR	30707
AHLT5AN93W4JC	30708
AHM54PJQF2JA9	30709
AHM6CF45NRBCX	30710
AHM7B24UTA3CT	30711
AHM8R6ATGRDTU	30712
AHMAT2A9B4UWH	30713
AHMF6J9IAH75E	30714
AHMGKR6LR7P5W	30715
AHMLITOBGMYCD	30716
AHMN3HOASTMZL	30717
AHN86VFJIJ2JP	30718
AHNAY1504LU8A	30719
AHNCSRONCAQ5F	30720
AHNF3G2CJ72PY	30721
AHNHLGKIZ2N3B	30722
AHNTA0AA1YT13	30723
AHNW06CRQD33O	30724
AHNWQ0VGVI5C3	30725
AHO7MIEZML967	30726
AHO96VUQURS0X	30727
AHOSO392OGQLB	30728
AHOV5ID2ZC4NA	30729
AHOXK15HIY6KG	30730
AHP03R3QBK0VG	30731
AHP37C6957C6K	30732
AHP46VAR2Z046	30733
AHP6DPFD5R3TN	30734
AHPEESXH467OI	30735
AHPFLRFV3A1XX	30736
AHPGOV707N0AF	30737
AHPH05I223SO9	30738
AHPQ314TV91H	30739
AHPT9PVZS8Z3H	30740
AHPXOLMBIG4KU	30741
AHQ0KIP330AVX	30742
AHQ2B06QZ2J3S	30743
AHQ6VT4848833	30744
AHQCSPKV0FGSP	30745
AHQDQZB43RN5T	30746
AHQIXF87QZWXZ	30747
AHQJ4S9KSDU7N	30748
AHQPYBZU6R5D8	30749
AHQPYZYJXIZ7X	30750
AHQRU3MRORIWQ	30751
AHQTXJQX2584I	30752
AHQWGBA6572VU	30753
AHQXPQ0LDDRP8	30754
AHR2E9TC9IGEP	30755
AHR485R743ADE	30756
AHR8JQWC1P11F	30757
AHRCOUECWB4GB	30758
AHREKCRZLNQZH	30759
AHRF3XVQMDNJI	30760
AHRNDSKWH1YBT	30761
AHROSV6WJOEGY	30762
AHRQOLXJE4CBV	30763
AHRZ36WLWZDAS	30764
AHS6PX6H22WW1	30765
AHSDPYUW5EXSX	30766
AHSNNIG4X0Q5J	30767
AHT4A5LKH2SO5	30768
AHT4UI0DBJSOY	30769
AHT6REY7TMPJI	30770
AHT9NUB9JE94S	30771
AHTD9HQP6YJ2G	30772
AHTILMWOPO35T	30773
AHTL3XCEATHEX	30774
AHTUW91IHIHJ4	30775
AHTWK74Y1FWUL	30776
AHTX7BABLLEXQ	30777
AHUBR9WX2ZG8V	30778
AHUMIGULG1NYK	30779
AHUS3DR2HNI3W	30780
AHUT092M6ZHO0	30781
AHUT55E980RDR	30782
AHVDJKJVGASJI	30783
AHVOC7B7YRB56	30784
AHVOH0KWKUP5Q	30785
AHVXIJBNSJPDG	30786
AHW1M4J6LRWVX	30787
AHW1NXVT9JOFQ	30788
AHW9HY6U7MV1Y	30789
AHWFUPO8JVP6U	30790
AHWO6AY53WJ15	30791
AHWPHSMQODKIB	30792
AHWWT58FO5TW4	30793
AHWYEEUTCWB29	30794
AHX6K60JHHTIH	30795
AHXCZQTQAZY7Z	30796
AHXESIHNWG642	30797
AHXNW2FCOS47M	30798
AHXO5V4F6Q3K4	30799
AHXRHFIH8TXI5	30800
AHXUPQUP9PGOB	30801
AHXVG65H84NQN	30802
AHXYY7G09V1X9	30803
AHYCMZKMTZKVW	30804
AHYGP6NBEQ23N	30805
AHYHEK4W2J6LX	30806
AHYMI19FUIR0X	30807
AHYO1HMSSFPSK	30808
AHYPTYSC79H1J	30809
AHZJ81IZM0714	30810
AHZOU2N85HLXD	30811
AHZOYH2O5OC9W	30812
AHZQDIL869DFQ	30813
AHZRL5LZ95PEA	30814
AHZYI1KAJSQP6	30815
AI00S9IUGAA0Z	30816
AI03D70L9BBHS	30817
AI03O5NL3543A	30818
AI03P6V2F2JZ3	30819
AI09IJF3VKJCZ	30820
AI0CE21OGVGVC	30821
AI0GKVKUTFZGR	30822
AI0IO4G3IYUZ4	30823
AI0JNM5QYDWVT	30824
AI0JRRPWMA860	30825
AI0JTMQIREZ8B	30826
AI0MVJ2W1TWYY	30827
AI0NMYA3LKXW1	30828
AI0OUNXLM4OIT	30829
AI0PIMYCT0HIT	30830
AI0Y5QFSF881V	30831
AI17EDOFWFHIM	30832
AI19H9NRP9B5F	30833
AI1P38UFJSB5R	30834
AI1PG1XOZVRL	30835
AI1V4H35OO4YE	30836
AI28W6RUJI00J	30837
AI2DQEW31GI3W	30838
AI2JX4DXMQSYH	30839
AI2M395FULJ08	30840
AI2XINIZFPBI8	30841
AI311HLUMAY5C	30842
AI3E7C3806ENK	30843
AI3KZUQVAZXO5	30844
AI3PB5O67FWXG	30845
AI3U3MHXZJ0M8	30846
AI3V9HMUBCH30	30847
AI3YHI32T4HL6	30848
AI4323FIHE7R8	30849
AI43VKPN5NF7D	30850
AI4AUESH2VFBD	30851
AI4KJTAMZDDCG	30852
AI4N4W9EB70JI	30853
AI4NZM1ULLZ8P	30854
AI4OSLGTG7O8Y	30855
AI4TNXXNH2HSC	30856
AI4UTG8QQHX24	30857
AI4WZMYMO23GE	30858
AI520Q4ALNKQG	30859
AI52UBKIHG8M2	30860
AI54LUTO0W3HU	30861
AI58RM29L07V2	30862
AI5C19CTS4ILF	30863
AI5EIS34J73QB	30864
AI5G44YVYJO90	30865
AI5GX5NFSYGUK	30866
AI5OR1HSYXCCL	30867
AI5PXNR9FDEAO	30868
AI5SCXQAQ3MO5	30869
AI60AUM7SJR99	30870
AI69O3B300DKN	30871
AI6GQNTSTTMN6	30872
AI6I89X73FUBG	30873
AI6K4BCDLMFIB	30874
AI6NBGAUIYS16	30875
AI6RMM9D6RFH3	30876
AI74LVURQBIQ2	30877
AI784P7GWKW6F	30878
AI7CZQLCGZ64F	30879
AI7DS6NA8TF86	30880
AI7HCHBNCGZ7X	30881
AI7OO4P5IKZ5I	30882
AI7OX6V28GI94	30883
AI7S94161XV07	30884
AI7WXHDA2OJXH	30885
AI819O4RWPS6O	30886
AI81TQ66XWOV4	30887
AI85GKPRK3B6R	30888
AI8CKT111WHK5	30889
AI8EMB0HUC6Z5	30890
AI8GE9WO12GB2	30891
AI8KUADFUIGV0	30892
AI8KUNA5Z796W	30893
AI8ZHTJ1JX1R3	30894
AI92S157QG6NL	30895
AI9F70TSNSCFN	30896
AI9K7IX2BUMJP	30897
AIA6XQU65ITU	30898
AIABELMH88S7P	30899
AIABS3C6DJZYK	30900
AIAQ0GU8GZ4DP	30901
AIAT0Z0K8Y184	30902
AIAY720FN8S9Z	30903
AIB1PZFKD8HGA	30904
AIB1U8F150NDW	30905
AIB3RQEPY3KHD	30906
AIBDFYYLBOLHJ	30907
AIBFEL3SGTHQ	30908
AIBGPKEBCPDNY	30909
AIBIJ8OMVKNIB	30910
AIBKPOSZ4TYXL	30911
AIBRTGBN07D6A	30912
AIBZI30VBLCG4	30913
AIC10XQB63KCX	30914
AIC2DHPG4E6E7	30915
AIC6F4MHVUEJY	30916
AICCYGY5TWSGW	30917
AICFNGZ0CQT1C	30918
AICMB9AK89DNV	30919
AICOA62HXW2ZF	30920
AICYMAPKGK4V6	30921
AID7WJNXZ0HAH	30922
AIDB9HCHBZ6BJ	30923
AIDJ7R8EYB2OA	30924
AIDLP1O33HY1R	30925
AIEH7Q6WDUTHX	30926
AIEQ8QY5ML99F	30927
AIESLO3S0GTHI	30928
AIESUMMETWIJ4	30929
AIETJWOOVSLJZ	30930
AIEVF6BYX4WCX	30931
AIF56B9ZSUX09	30932
AIFIR7HW14ONC	30933
AIFL122B7HKS	30934
AIFRG8JI1MFUK	30935
AIFRSA6PNJ103	30936
AIFTASM2YTQDF	30937
AIFVBYFQOKUYP	30938
AIFYBHZAIP9F	30939
AIG73L7GYIBIR	30940
AIG9X6ORE88KU	30941
AIGDH6JWU50U2	30942
AIGI9FNTUFG07	30943
AIGKE9WVW5Y50	30944
AIGMVT5RKK7UM	30945
AIGS5OWDIC012	30946
AIGVY3EM9067D	30947
AIGZC6JAPJ6O0	30948
AIHCOOWK6MV65	30949
AIHDU3RZHRATD	30950
AIHIOIZ2FT26Y	30951
AIHSTKXNB5ITG	30952
AIHZ6C9XXT0LA	30953
AIHZP8AXZTWKM	30954
AII4FRB1D4679	30955
AII75UVWU8SXJ	30956
AII7UQU1K9GU7	30957
AII8ZVDRMVG1V	30958
AIIA67RXS6ZTG	30959
AIIBD0NIYCK5K	30960
AIIBTSW8T1G9N	30961
AIIF90ZT4Y64S	30962
AIIGK40YPCYZK	30963
AIIQ8OEVVUQR1	30964
AIIXXPJTWT2BL	30965
AIIYOR1IQKYSM	30966
AIJ11Y5FR19H0	30967
AIJ5UAGBVPSY2	30968
AIJ9WDUMGAJ15	30969
AIJJXO6O88N7U	30970
AIJL2R2DTM7MC	30971
AIJPWF370DAJG	30972
AIJQU979J6UFY	30973
AIJWJO7H7LA24	30974
AIK1I5G2UUI87	30975
AIKGUIRXMWTFY	30976
AIKQUNWRUPK4S	30977
AIKV1VFUUQQ36	30978
AIKW049FWDG33	30979
AIL4OWX15JD1B	30980
AIL6VNBJC2MDF	30981
AILECGO5CYIRZ	30982
AILIBVWMDLSR3	30983
AILLL1WM4XWZP	30984
AILN9K4M5X8R9	30985
AILUNL9ZU19Q4	30986
AIM35SVQAMHCF	30987
AIM3XZLAO6JZV	30988
AIMA7EFBI8D69	30989
AIMBRN000G7O5	30990
AIMFPQGTC60V	30991
AIMGJJJTLVFED	30992
AIMZ9XV3FML8T	30993
AIN7V284R2CCR	30994
AINGNE1J86KTH	30995
AINH2936WQ5KP	30996
AINHOWXXLXR8I	30997
AINSBRW7S3J5E	30998
AINU7D66FR4ZT	30999
AINUV6DVXMKEM	31000
AIO0OR935YQDG	31001
AIO2ICUGWF8XN	31002
AIO52BBBTBDSE	31003
AIO59BSLDLCJ	31004
AIOAROOP7EK7Q	31005
AIOEOKJPFQ2NX	31006
AIOIN5218ZN3J	31007
AIOM6PF85XO7F	31008
AIOSEE4LG3WS1	31009
AIOUW9HYWRA8U	31010
AIOV0XOSUYZO6	31011
AIOW2GKW15RPH	31012
AIP0VIGQWIW90	31013
AIP6ANI052RC8	31014
AIP7X9PXRM3KY	31015
AIPAETCDF4LAM	31016
AIPIIXXMPQ8EC	31017
AIPJK3KY8W9EJ	31018
AIPPO19RICQ4V	31019
AIPVKMLXTO6H9	31020
AIPX0ZFUEP563	31021
AIPY9QIUPKZJ9	31022
AIQB180UP3VS9	31023
AIQBUXGID3QIV	31024
AIQGIYVKXENW1	31025
AIQIAVD7OWQMI	31026
AIQYT7L9SZ3ER	31027
AIR3XKH6RZC4U	31028
AIRF30SWCN7ZF	31029
AIRM5APKWNC4Z	31030
AIRQ0VC6QTLT9	31031
AIRU2BHYFY92Q	31032
AIS15FUQE0PS4	31033
AIS6978KQ3UMJ	31034
AISAJ674CUJJT	31035
AISEX5WTT7GT7	31036
AISL19MO41OXZ	31037
AISMQAHLL5KY8	31038
AISUDADN1U9EZ	31039
AISUFQ9YRE9AL	31040
AISYISOL66R2C	31041
AIT52EN9JZM5Q	31042
AITE81ANO7LPO	31043
AITGF5I6RBDXL	31044
AITGJN1H0Y1J8	31045
AITPYI2EFDEEI	31046
AITT9O1TQDT5L	31047
AITUF1FZY30GR	31048
AITUJKLUHZY69	31049
AITVVJLX2G1JB	31050
AIUF3M4QUG18N	31051
AIUFWO076UNLJ	31052
AIULJ4357GQOE	31053
AIUO3VV4FD1CA	31054
AIUO5OETS3PMP	31055
AIUT7GNUUB1A7	31056
AIUWBR79VSZ8J	31057
AIUY8SHT005PY	31058
AIUYSRD3S9WW2	31059
AIVBUUSRCRNPK	31060
AIVM8BTOPCSJ6	31061
AIVPIHYFUCJ21	31062
AIVQDWZWNB12W	31063
AIVSQ4OZ6H055	31064
AIVT6DOGR980L	31065
AIVU1J51MJ9O2	31066
AIVXLX5W10TGQ	31067
AIVXRWI3EJYN3	31068
AIW2B5CZEUTS5	31069
AIW2GT4AI4ZVP	31070
AIW4CHZOM5W7D	31071
AIW4KLKL2L50	31072
AIW96EY69TCDI	31073
AIWDGRTLV7IQF	31074
AIWXXYVNQHVSU	31075
AIXCIUSLJ9Y6D	31076
AIXJYLRL58CMQ	31077
AIXMKPW78DAN8	31078
AIXSNPX45ZOYI	31079
AIXTQA7MJ0KPR	31080
AIXXEOGCBC4XL	31081
AIXYX8MXBDDT0	31082
AIXZEYCQ27144	31083
AIXZKN4ACSKI	31084
AIY8XJLQPUFAB	31085
AIYBKY14CU7LV	31086
AIYGSQPH1SAWW	31087
AIZ6VGHLXCAHH	31088
AIZEPF8LPW25E	31089
AIZFG6OQA55AP	31090
AIZJL690X3GA3	31091
AIZXHG55CDJXH	31092
AJ0AZ3Y8UYL6P	31093
AJ0HFDY5BB77Y	31094
AJ0I8H7U2R8YQ	31095
AJ0LVMSVJ0CN1	31096
AJ0MP1O4PSGQ7	31097
AJ143AF92YNDT	31098
AJ16HQ7HA168D	31099
AJ18ASA8RSPU9	31100
AJ19JABX4UD3I	31101
AJ19ZX0GYZUEU	31102
AJ1H6G76TRNHP	31103
AJ1LU3RW7N0XG	31104
AJ1S2WJ299025	31105
AJ1X9BRNZ9BUJ	31106
AJ217YGEKXHHG	31107
AJ22XNZC2377X	31108
AJ23LJQ6OPJ32	31109
AJ258F7KNBQYO	31110
AJ287R4P3R1PU	31111
AJ2AJMDX2QCKA	31112
AJ2CERNLWGFVD	31113
AJ2DU4JFF2DYT	31114
AJ2FDNZ3COBFN	31115
AJ2ICMO59T3H	31116
AJ2W51K5HBFNO	31117
AJ33QRS84FILB	31118
AJ3AISOQOKJ37	31119
AJ3C501LTTP31	31120
AJ3DJWGFAL4Y8	31121
AJ3H85MTZFJ92	31122
AJ41M5TLRIWM6	31123
AJ43MMJAPEID1	31124
AJ5EDBN1RF6SZ	31125
AJ5LH5D8WVXGL	31126
AJ5M7HZBDT3IV	31127
AJ5RUCM0WIU8B	31128
AJ5WCSJ8C8Z5W	31129
AJ62Y7TMV60MO	31130
AJ66T51X745DU	31131
AJ697JMP88D2Z	31132
AJ6CFVNS1QREO	31133
AJ6DZGGVCIMO9	31134
AJ6H9ZV7TJUUT	31135
AJ6OOS8WIJWH7	31136
AJ6RCZDZIYMMA	31137
AJ752KXW3F6G4	31138
AJ7A71HV8ULF7	31139
AJ7A7ER4SSQHG	31140
AJ7D9752X5DY7	31141
AJ7E4CTV4IJ8Q	31142
AJ7K6AUYW77W5	31143
AJ7VIUQ7JY5TT	31144
AJ7VVCALVT8KP	31145
AJ822GIYH4R3H	31146
AJ8CBMFSPRKQU	31147
AJ8H49H6IHN59	31148
AJ8J8UF2OULM6	31149
AJ8O5BU57W3IK	31150
AJ8SVXL3SJN7T	31151
AJ8VZP14QIOBG	31152
AJ90HQJM5UT8E	31153
AJ95MO430KGM4	31154
AJ95PUDD2YLEO	31155
AJ97IBS9M6HE7	31156
AJ9AE2BVND0GS	31157
AJ9B92JX81B40	31158
AJ9CT4QBXOT2D	31159
AJ9SZ5JZ7LCZB	31160
AJ9WDU5RZPKEA	31161
AJ9WIFAWPBC3J	31162
AJ9XVDC3I2IK	31163
AJ9ZW3C9286EK	31164
AJA4IZEBSKWTS	31165
AJACQSR1FZXWZ	31166
AJAI0CSD1XJX0	31167
AJARHQRFK6N91	31168
AJASIFITRNWZE	31169
AJAYKDFVFPIBS	31170
AJB5O8O1BIFEH	31171
AJB8K6339AUHG	31172
AJB9TGSG4NMIA	31173
AJBP5EM70IN2Q	31174
AJBQHB5ZPDMF	31175
AJBT3DGFGRFN3	31176
AJC1CRUPPTWNW	31177
AJC7WTO025631	31178
AJCA6SB6MSP9H	31179
AJCAVTHZFM0J3	31180
AJCHGS1GND4OA	31181
AJD0VVGM4012G	31182
AJDBUCWPEDL01	31183
AJDIBR4JV7HV6	31184
AJDLAJ2OB3PX3	31185
AJDURKGBQ29VV	31186
AJE26239WKCL9	31187
AJE5S2MH4SERA	31188
AJEKW8NTPIICB	31189
AJEMUQU7KNI73	31190
AJEOFP6ZWY0MK	31191
AJEPSO44WZOGE	31192
AJEPZJ0LQE5BQ	31193
AJEPZROU93OIC	31194
AJEVKMCF8ZJT9	31195
AJEWZDNLWXTGM	31196
AJEY5RSX7QFF7	31197
AJF3TNYR29Y3E	31198
AJFG2M6GULSKJ	31199
AJFJDHF9OXKU1	31200
AJFT2VMLJV95G	31201
AJFXA9I2J9C9B	31202
AJFXMVJTGGHTY	31203
AJFZO0NBQQJ1T	31204
AJG0NKGWBSIYI	31205
AJG6W1PKOAR4U	31206
AJG7TLQE3LZJZ	31207
AJGBM0E8JOFNZ	31208
AJGK0D2KKP37T	31209
AJGKOT3GOICU2	31210
AJGKX2ASH0ZN8	31211
AJGNQL10PSZAW	31212
AJGRCD2U0NC9V	31213
AJGRMY7N3G5GL	31214
AJGU56YG8G1DQ	31215
AJGYR6Y0WPFCX	31216
AJH56SEX96IH4	31217
AJHDSDSP4SZNX	31218
AJI6YC2W75K6I	31219
AJIA55AVU0CUS	31220
AJIA6ZFG2MWG6	31221
AJIKQ1JEBC0UA	31222
AJIOFJ8L2LNAE	31223
AJIPZNEJC1ONA	31224
AJISPQOJWRPF5	31225
AJIT31GBRX01M	31226
AJIWFF326979T	31227
AJJ4Z626IVKNZ	31228
AJJ5I00L22JJN	31229
AJJ897C6KCLYL	31230
AJJH1E9NOLNZO	31231
AJJH71T4KKHOH	31232
AJJHC1VNE7N9B	31233
AJJHFO4I7O1GU	31234
AJJRQP8QMTNJH	31235
AJK8SMDHICTLO	31236
AJKE0BNNZSOFL	31237
AJKIG7PHE15EB	31238
AJKJXFHEL6EI3	31239
AJKMIGGQI8U0Z	31240
AJKR4G97V5N5Z	31241
AJL36LVROD6I	31242
AJL8K8MBFHXBA	31243
AJLOK2KJ0MGU9	31244
AJLPS4A9HGOQK	31245
AJM1MHU6NN6Y9	31246
AJM37F8PBJXUX	31247
AJM8T3W3A0BLY	31248
AJMA1RRJHTFLO	31249
AJMCEKRJ03RL5	31250
AJMMKOAP00YT4	31251
AJMNUWFYAZBX9	31252
AJMPGO5L66YKA	31253
AJMPSHWPVOPON	31254
AJMRR714CP3ND	31255
AJMSI5XPAHWUI	31256
AJND8CKPNXSCX	31257
AJNHQAQDESG7B	31258
AJNIKU4GSIWHY	31259
AJNM4W3SDK5VH	31260
AJNMA4PQZE3YE	31261
AJNS7G8W8VB97	31262
AJNTAMCNHZELF	31263
AJNU8E5SHV6PQ	31264
AJNUU9B5TAPAW	31265
AJNZEK9FRP7HP	31266
AJNZQZVL8MG6P	31267
AJO3II2UQNZNU	31268
AJO8XVDIGY40L	31269
AJO9VPVNDYR57	31270
AJODGI9WQ7NXU	31271
AJOIGI4QY35LP	31272
AJOQKW29Q8Y0T	31273
AJOQZ3TZSW43	31274
AJOXH616XO3UI	31275
AJP7B53DREX6D	31276
AJP7IKVQXDJ7G	31277
AJPGOX09WV6H	31278
AJPHXZH5WP054	31279
AJPKDAFL8B7MO	31280
AJPKNIE1CAEQG	31281
AJPTI9BGMXHWW	31282
AJPVFEK0BZ2OP	31283
AJQ4YOWN7OGLO	31284
AJQ6BVRFJP2GG	31285
AJQDIT55SZ3ZX	31286
AJQFNOFTZ7GOX	31287
AJQHDBJ7X16CG	31288
AJQJ028BEK4JJ	31289
AJQLO9QR8R396	31290
AJQM2AUNYBHD2	31291
AJQOKKD2GHZXC	31292
AJQRNEMP30M85	31293
AJQT7GBTWVU9Z	31294
AJQX9I037Q7W7	31295
AJQZWJP5HHL9W	31296
AJR4ZCSZA6PFJ	31297
AJRFGEG0ASJ47	31298
AJRNC98E2ADGL	31299
AJRTYW71BXI6H	31300
AJS3FDCIRAK13	31301
AJS9GDN9595A6	31302
AJSBF81JNHMXZ	31303
AJSQHCZ48BLP1	31304
AJTFFGE5K339W	31305
AJTQQJHFIKERW	31306
AJTTYAEL80K38	31307
AJTW44BA9DC7U	31308
AJU16HH9MIP90	31309
AJU1HQWCM13Y8	31310
AJU6VFIFNGT62	31311
AJU8W50NUO094	31312
AJUEAE35LR20G	31313
AJUP0PNA44A0A	31314
AJURKZ2A341IJ	31315
AJUYTBRPUH00E	31316
AJV2ZE8PN59VF	31317
AJV56QAAJJ3RH	31318
AJV5MCJ9FLHJY	31319
AJV9RI3DKLUNP	31320
AJVBFKLCEGPO2	31321
AJVD22NWN75H1	31322
AJVF3100286GE	31323
AJVFPC26GHXGF	31324
AJVQL9P2QXMVT	31325
AJVSBTKA5S9MH	31326
AJVU755LZ92DG	31327
AJVWS0GU6NUZQ	31328
AJVX086DADQET	31329
AJW2FKJTBK482	31330
AJW2OYU6QTXQT	31331
AJWFMT24DRSKZ	31332
AJWHSRHTQFF32	31333
AJWLN5Z6W97TM	31334
AJWTHK9SZ7HA4	31335
AJWUBGVQ47GJW	31336
AJWZ0YFI0Z117	31337
AJX5RV5PMMKGP	31338
AJX7R41GC06S1	31339
AJX8D1FASBGM1	31340
AJXMQ2116MJER	31341
AJXQGWEJDEUJH	31342
AJXXDGWYRTC0Z	31343
AJYGLV1NO5AFJ	31344
AJYIMTCW7R1K1	31345
AJYKH2W0CNS5Z	31346
AJYNT7XCH2G0J	31347
AJYS9DIUANLZU	31348
AJYSTLC9USNYM	31349
AJZ0GOSHCWR5I	31350
AJZ1TX67U5KTN	31351
AJZ3A7PYXNM52	31352
AJZKVKC0FIAYU	31353
AJZONTAC7I6AW	31354
AJZUFPKKMOO3X	31355
AJZXMJRJSZQ1K	31356
AK02U8QCN7FLK	31357
AK0386H357F4Z	31358
AK061D4VP2KG3	31359
AK06IZ6SGK8IS	31360
AK0A6283E5XZE	31361
AK0AZ175B3XSJ	31362
AK0EFNOVSQ3GM	31363
AK15WRC3F9EX4	31364
AK16KWK9211S3	31365
AK1HTWDD1JT9I	31366
AK1M5ZR0LME67	31367
AK1MRB79FJVBB	31368
AK1QR4D51KMN7	31369
AK1TZDZJ7R9BG	31370
AK23S56B6O5D9	31371
AK242AZTCQP11	31372
AK2CXHH9VRZ2A	31373
AK2D8W3AEL9FB	31374
AK2KBFOYR6YLQ	31375
AK30PH74PHMF3	31376
AK3GVZMOZL8ZS	31377
AK3TQ5JRPJLEM	31378
AK449TFQKT4AL	31379
AK44CEMMK3LC5	31380
AK4XZ3IHEZRFV	31381
AK51Y8U6JIA8Y	31382
AK52LDLOD1JY	31383
AK533QLYCA2XM	31384
AK5HBP3X6YWPU	31385
AK5K8T15BYFD7	31386
AK5UJJUM01EBP	31387
AK5YO100WPDFK	31388
AK63805LS0H97	31389
AK64FZULI77ZY	31390
AK69BPBJ5Z4I5	31391
AK6A4UKBXPVID	31392
AK6ASDG0G1XC5	31393
AK6FQFP6U4ER5	31394
AK6GZVPJ9B0CP	31395
AK6Q7BEBB8NTY	31396
AK6QV6O8CR00X	31397
AK6W850PLGKCC	31398
AK6YJDQMOL13D	31399
AK7BHPTD2GCAE	31400
AK7CAW3N1XZV6	31401
AK7F48XPJHCHZ	31402
AK7G3KBDTLZZ3	31403
AK7GPG911AL78	31404
AK7XHKC9DRR7U	31405
AK81KQNG4NPSC	31406
AK88GFBVJTYIF	31407
AK8C5V8KLUZ8U	31408
AK8MDEWCS7MA2	31409
AK8OMKCSGQU5S	31410
AK8PYIN3TBHTC	31411
AK8X5LOOXLV54	31412
AK91SBXB35ZNR	31413
AK96BQVP598VB	31414
AK977H3967Q5T	31415
AK9BXHEXOOM6Z	31416
AK9FI0PJ30MMM	31417
AK9HDJJF3BDXN	31418
AK9JJRR9Y9XTL	31419
AK9SOE6ZMMH57	31420
AK9UPC78LIPIR	31421
AK9YBPCXTPBRW	31422
AKAA01LG022OK	31423
AKABPOFOYD95	31424
AKACQSDXJZ8PS	31425
AKAFCGAWW8DLM	31426
AKAHDOH5UC0NF	31427
AKAO36JRS66Z3	31428
AKAQ2I012A3MN	31429
AKATYEGJGON0	31430
AKAWRBIYP8S4B	31431
AKBBZM546OD2F	31432
AKBDFIHUW5NNY	31433
AKBF05YOLOIT5	31434
AKBH2LUJJVXEM	31435
AKBMHQVCKEAVJ	31436
AKBUI9HBLIJDO	31437
AKBVYIIHWI04B	31438
AKBX1XAQPSJ5M	31439
AKBZD4VMJ1FF4	31440
AKC3N8P4RQB3Z	31441
AKC6SGNF2K5GB	31442
AKCDHGUSKVJ72	31443
AKCIFVS2AO1K2	31444
AKCLOWBZPZJ2U	31445
AKCU0AT0OXUTW	31446
AKCZ9DCTOTM3A	31447
AKCZIJ6ZHE41D	31448
AKD0AUJL065RX	31449
AKD8LO571PVRN	31450
AKDF0UWOYGL3M	31451
AKDF3YBHOKOIQ	31452
AKDJEWIDH2H73	31453
AKE2GDKB9EL7N	31454
AKEAOGAHVRJ20	31455
AKEIYNCINH7A7	31456
AKEMZPYHDSQQB	31457
AKERZ8O7L8V8H	31458
AKEWAQNGZBBFJ	31459
AKF1XBBWAQR6L	31460
AKFACM3A3WMF3	31461
AKFDXM1H93UEE	31462
AKFDXT3YT56ND	31463
AKFE675S7CNT8	31464
AKFLZAZ89IJVU	31465
AKFN2R3HNTI8J	31466
AKFOHJ9R66KUN	31467
AKFOKF9L25MCK	31468
AKFPA54TMATB5	31469
AKFR4KD18XGTU	31470
AKFRPB5RXWVLM	31471
AKFXDI72RS1Z2	31472
AKGAAUCR0GNTC	31473
AKGCIIDSK3X5Z	31474
AKGL79UGEZXY1	31475
AKGOO0ZOHT10S	31476
AKH61S5GTDYG4	31477
AKHFY3VCNZL2W	31478
AKHJRB566JOL8	31479
AKHLJIYMNNRZ8	31480
AKHQCZR9JZNOW	31481
AKHV4Z5GQIE3X	31482
AKHWZ3S1UVZAO	31483
AKHXMZKLNAAZR	31484
AKHXXYWATO51N	31485
AKI5C5DEXZWSC	31486
AKITXIQ3C3ZI	31487
AKIV8GT9KTAX7	31488
AKIZOQ9ADM2TX	31489
AKJ8PFW1O3A1G	31490
AKJHHD5VEH7VG	31491
AKJL096HBRAW0	31492
AKJWAZ1SLGMAW	31493
AKK4CYFM8WY6O	31494
AKKCFV0GQBWHW	31495
AKKIGH65S6ILU	31496
AKKQ4Z9P5H0RT	31497
AKKU3NALVX039	31498
AKL2LMZK0H21X	31499
AKL4B0VZTHZCG	31500
AKLH8VD1S2CSZ	31501
AKLK8AP8QKBYH	31502
AKLNZ4GBKADUR	31503
AKLO8S04YXCJC	31504
AKLQY10ZER1YY	31505
AKLTS7PR7Q9D7	31506
AKLUFVL8A311U	31507
AKM0LFWMR3LLD	31508
AKM1OWE65XLSH	31509
AKM2FN4YM1SAZ	31510
AKM5QW0OTNH9V	31511
AKM6Q820KB60P	31512
AKMD3RNXJKEX9	31513
AKMF771XVP1VZ	31514
AKMH12O58U8JD	31515
AKMLTHX647BDH	31516
AKMMV9SUGX8NF	31517
AKMOAHCL5SWEI	31518
AKMS46Z7U3AYP	31519
AKMVYSG4AE98L	31520
AKMXH0EUHUQCV	31521
AKN5NF1LOLJVI	31522
AKN6V9Y0YH421	31523
AKNCYPV5CKF77	31524
AKNNSGEE5KSKD	31525
AKNOE85TANVN3	31526
AKNSEM9VL7DYE	31527
AKO6YVMV3W2WW	31528
AKOJOP0DYUL2B	31529
AKOK7NIF31KGO	31530
AKOLASPPNP4QK	31531
AKOXPHHHYYXEZ	31532
AKOYIJFDDTC46	31533
AKOZZVN5MQN0W	31534
AKP9WZQJH2NGW	31535
AKPRR9T355CJO	31536
AKPWAMX2B4GXC	31537
AKPYS9VSM3LNX	31538
AKQE80FCY34NR	31539
AKQH5H21WUYEM	31540
AKQP1ADAWEWBW	31541
AKQRQIHKVH1FN	31542
AKQTUHUSDY2LQ	31543
AKR71T6MOJXY6	31544
AKRGJJUJ3Z685	31545
AKRIBSJXDNZPV	31546
AKRLPL7EV3S1X	31547
AKRNGCDD9833G	31548
AKRU9C2W00638	31549
AKRWB5XXYK6P3	31550
AKS5WLS8W6ZZ4	31551
AKSVMLWMDZCDU	31552
AKSXL39LTWADB	31553
AKSZBSGUSF4S1	31554
AKT0UXH0Y53GL	31555
AKT1CSDTTRBPE	31556
AKTCYJSADL4R8	31557
AKTG7AQ6XTOB1	31558
AKTMW6ZJY3CVN	31559
AKTUI414HWUGD	31560
AKTUISTOZAKMW	31561
AKTXDAJGYOVLB	31562
AKTYF20UE9QSC	31563
AKU5DF4MIBIT1	31564
AKU5HY9YDTCDQ	31565
AKUB5ON31MILZ	31566
AKUOO1OJBNIBZ	31567
AKV0RWATKSJUZ	31568
AKV6RO0RWFEIF	31569
AKV87H8H5TYQD	31570
AKVDER87LMEN1	31571
AKVNB0475EDZM	31572
AKVQE4W0ADP7J	31573
AKVS7HMH86PPC	31574
AKVTY79LRF5K0	31575
AKW0F7FCIWXBM	31576
AKW0VZ0K3UNFK	31577
AKW4P5VGVTUMN	31578
AKW867T7C6HF8	31579
AKW8TWE2AFR05	31580
AKWH8OETCWYG4	31581
AKWLCUNXKP32U	31582
AKWP7LOOOF3NB	31583
AKWWUHSW59CF3	31584
AKWX6ZRN9P7KQ	31585
AKXBULMYZDO3C	31586
AKXQIYQ44DXRY	31587
AKY8Q713FKBE5	31588
AKYKPQLY9MRIL	31589
AKYM22HHJ4576	31590
AKYRLB8MBEP1M	31591
AKYYAWGW2BFT1	31592
AKYZ7Z50O33FL	31593
AKZ16RHG0GJAQ	31594
AKZ46HX56202V	31595
AKZ4EYOF6PRES	31596
AKZ7ZBCV61M62	31597
AKZBMMK09LG8Z	31598
AKZR5OF8Z60FZ	31599
AKZRP3ER1SD8K	31600
AL021U4I0L1NW	31601
AL0397FEV4RHU	31602
AL06F6YJMPYYC	31603
AL077FOYWV1SO	31604
AL0A38B1RJ2FQ	31605
AL0D1GP3EUYG9	31606
AL0MLF4AINGY3	31607
AL0NNLAHZI0HF	31608
AL0Q9Z5902KB5	31609
AL0XGCBE6Z22M	31610
AL17USFHX733Q	31611
AL1BGAQK1O8RG	31612
AL1OH7X21DNK7	31613
AL1UG1FACOXC0	31614
AL1VR14HA1KKR	31615
AL1ZI07HP4YIR	31616
AL2029V6F70IZ	31617
AL249EJNIUQ7N	31618
AL2BT58VQVNJ8	31619
AL2C4IYK1FLM2	31620
AL2CD0KF155Y8	31621
AL2E17QB3E3QH	31622
AL2KYFGEHDSOZ	31623
AL2M6S0TZME77	31624
AL2T0IO0R2XEP	31625
AL32BBFK01MOS	31626
AL33A06NPR2ZV	31627
AL391IKGQ8SB	31628
AL3MFYSK9HKCL	31629
AL434WPXLPKL6	31630
AL4LIOEOXB0UR	31631
AL4WNXEAX4RU4	31632
AL565WU2VOVGC	31633
AL5BFRTUQXCFS	31634
AL5C362TM5A3R	31635
AL5GX3Y4LRHK1	31636
AL5IB8LXL3IJP	31637
AL5LMR4Y4A1FG	31638
AL5TGLQR4N1P2	31639
AL5YF8ZADV353	31640
AL5ZT1I5Y87TL	31641
AL67FYAXDL2TU	31642
AL6A5VGOMDC8E	31643
AL6CK95WQLYFD	31644
AL6DALQ1TPJIM	31645
AL6K7T6GURSAW	31646
AL6MB84OQIHW2	31647
AL6QGY9ZWXX59	31648
AL6S9YJ9L4IU4	31649
AL7DIW32P1EAX	31650
AL7JNBUYJ0BH6	31651
AL7KETAN5DVQQ	31652
AL7QH8SRS8HKI	31653
AL7VUK9A6ECGD	31654
AL7WTCD05CHQQ	31655
AL7XZRFPPET9V	31656
AL84CHB3ND0BX	31657
AL84WUOOTEW37	31658
AL8FP54Q89MBY	31659
AL8KY5MD92YE0	31660
AL8L11RK68LRH	31661
AL8QG9RT0EEK9	31662
AL8RJ9EOBKRVH	31663
AL8TX4QQNQDO2	31664
AL8XU9S3X68KY	31665
AL8ZBY7N1A57P	31666
AL93KVZHFLW82	31667
AL9AVFFM4955D	31668
AL9FFJE4EQJPA	31669
AL9HLYKMYNNOY	31670
AL9S1LAXMX91Z	31671
AL9VKODB44IYK	31672
AL9XC47AL9I7C	31673
ALA4ZOP4D0RH9	31674
ALA6X0NH5NTVS	31675
ALA9EIJ7G1SCF	31676
ALAA606YQL84Z	31677
ALADMXE8CLQQZ	31678
ALAEX6Q8ZYQDM	31679
ALAFI21S2T3VI	31680
ALAH64FCJ33FG	31681
ALALL6K920W7	31682
ALANC1D6AHLP0	31683
ALAO5ECUJ2GSB	31684
ALAZIIE9XTO0	31685
ALB5J80FKKWKE	31686
ALB64K7U0LJ3R	31687
ALBA45XHWRVDP	31688
ALBAWGOE1KXKR	31689
ALBILKHP07BJW	31690
ALBIUVHVLW73C	31691
ALBK8ITHVP7I	31692
ALBOXHO8GT6XW	31693
ALBV3CHC6TG7S	31694
ALC1P4TQB93C0	31695
ALC78IZMOVRHN	31696
ALC7BXHTVI4ZO	31697
ALC9S04VAJPBQ	31698
ALCJIHJ89Y4BS	31699
ALD6YUKZUQ9LT	31700
ALDAIS3KRMHTC	31701
ALDKBXKQW78KI	31702
ALDL4VAKYA6QI	31703
ALDP7AL3407K1	31704
ALDYVPJB1J69N	31705
ALE1RMXIM7H58	31706
ALE3XTAQ79ES	31707
ALE5ICFZW758L	31708
ALECH66Z1BVC3	31709
ALEH9S2VSBNDS	31710
ALEIFBVV8OELI	31711
ALEQA0ART9WHE	31712
ALESAZTNX7XZC	31713
ALEUQQE118NEW	31714
ALEVGXT3H1J3O	31715
ALF65Z107WAWW	31716
ALF6CCQWB4YST	31717
ALFJNW2ZDPCM	31718
ALG0KT66Y2F9R	31719
ALG2ICFVV11ZH	31720
ALG4MGOY96EW1	31721
ALG6AMKBCO8J6	31722
ALGB2OTYK75DL	31723
ALGCVGD6C7RUN	31724
ALGIOHV06A5P0	31725
ALGQGBBMOQZKQ	31726
ALGRTA7OUHP23	31727
ALGVL8263I6BD	31728
ALH2CXNTCM8S0	31729
ALH51XRFOT21S	31730
ALH68L88369Q3	31731
ALHC64J88LVWO	31732
ALHD5KJM42Y5B	31733
ALHD7F0MLJKAI	31734
ALHGIV49Q0FCK	31735
ALHWZSTAELK9I	31736
ALHX1KDNFZX40	31737
ALHZRU2I3IJV7	31738
ALI0FZ18IJDKU	31739
ALI6MEKH7JUOJ	31740
ALI8RBKOENF2S	31741
ALIFIDJCX3LS9	31742
ALILW9RXLZCB3	31743
ALIN01RFOIX3G	31744
ALIN4MRENNG4C	31745
ALIP2QJCOWRVK	31746
ALIVNL8DUZ0B	31747
ALIXDJD02ILHB	31748
ALJ2TCQR7JRYR	31749
ALJ7YQM6BUYW	31750
ALJF9BX26OBV4	31751
ALJMBSD21254F	31752
ALK0L5N48DSP	31753
ALKDL3UEHSDPC	31754
ALKQKHC7PAIZB	31755
ALKSBGBXH99K7	31756
ALKU84SDDUIWA	31757
ALL9XFM0Q1N4E	31758
ALLFPK4VJC48D	31759
ALLHJD3KZF9KC	31760
ALLO5TSNKH2HB	31761
ALLQDMQQOVLU1	31762
ALM7P02AGVJNG	31763
ALMLC645IU0PO	31764
ALMW9CPH0VTYJ	31765
ALMZHSYW6N4PR	31766
ALN2IZBOOKPHD	31767
ALN2Q4ZHZS9PE	31768
ALN9VSKZ6TS4A	31769
ALNE7Q71JFC0F	31770
ALNET5JVRMI8R	31771
ALNFFWSFE4L6X	31772
ALNFHVS3SC4FV	31773
ALNGKV5VQJRN3	31774
ALNJORG795COY	31775
ALNJRBSIY67TU	31776
ALNKGCCWX34MC	31777
ALNM3S4PKYH8C	31778
ALNME9GFL01TY	31779
ALNMKIWACMD0V	31780
ALNPXQXLM0N3R	31781
ALNREW3I75XOR	31782
ALNRVFNWB0G2D	31783
ALNSBXQXXYHHM	31784
ALNSXP3DODCCK	31785
ALO9YR1ULG3T1	31786
ALOLH0MDSD5X4	31787
ALOO0ZBHXK90N	31788
ALP0DM1YBPMF	31789
ALPR12S8RGF1Z	31790
ALPVU5BLWDP96	31791
ALQ4ZJ6XCQNHR	31792
ALQG0APX4V9TA	31793
ALQRBB58L8C8O	31794
ALQSPGTDKCGW1	31795
ALQZRRWOJ2954	31796
ALR070X5EH9W5	31797
ALRA6T40GGNR3	31798
ALRCAGJOJ9583	31799
ALRG1PM4D60WR	31800
ALRI5VCFB206H	31801
ALRI9HMAMVKKL	31802
ALRL91VANPN4A	31803
ALRLABYC88EV0	31804
ALRPVNC9B43F2	31805
ALRWEDCJMZ3ME	31806
ALRX4G46Q89I8	31807
ALS2ZVXZAWT4S	31808
ALS5SVPGWX1S6	31809
ALSAOZ1V546VT	31810
ALSBFC0XB4Y4T	31811
ALSCBTU8I0E6T	31812
ALSF39A1MZOL4	31813
ALSLA3YSM02RH	31814
ALT0T5YGZRW3B	31815
ALT4TFZTMNY0J	31816
ALT6JYQLLRHU9	31817
ALTJKER8IKZAM	31818
ALTJM4AT1IC3W	31819
ALUF42HEPEAZO	31820
ALUK9GBOGRQYD	31821
ALULO0EPNE1XJ	31822
ALUNVOQRXOZIA	31823
ALUPNKQ6HZV4A	31824
ALURL2XHR80EU	31825
ALUV2YKWZENKK	31826
ALUWT56E08TGQ	31827
ALUXJ3JPNIVWJ	31828
ALUZ2NSD65D5Q	31829
ALV18FQ30EJLX	31830
ALV27SWRKEO7E	31831
ALV34HBUTUUDO	31832
ALV36ZC8V0GZI	31833
ALV3JTIVURZLY	31834
ALV5YAV61IO1P	31835
ALVMVP0PW01CQ	31836
ALVMYPOLKI9A8	31837
ALVNN5CFRP44S	31838
ALVO1IWE4EWSQ	31839
ALVO51HPY14QX	31840
ALVPT1RVVD05X	31841
ALVVYXFXNRHLQ	31842
ALWAMEVRG3HTZ	31843
ALWOAKQLJ3J9F	31844
ALWR5RJI2KGKG	31845
ALX0Y2OV19I4G	31846
ALX49ZXPOC4P9	31847
ALX7RTBOPH499	31848
ALX8C63K3FYY2	31849
ALX917XZ2UI4F	31850
ALX9XJMQCN9QL	31851
ALXEFG3CAOPX5	31852
ALXGLLPE1KUKL	31853
ALXJI13PBYQ51	31854
ALXK3TMVOLHRW	31855
ALXMQKKA2I6VN	31856
ALXPPTAYD9MZL	31857
ALXU553HVUZ1R	31858
ALXUAIVUDLPMI	31859
ALXX1I6UXYOWZ	31860
ALY0Z3MG15OYI	31861
ALY1CCBNTZ05G	31862
ALY5CZ0G5LBJ4	31863
ALY5TNBW35I40	31864
ALYKB3SKB4IDZ	31865
ALYKH6KLKYGF	31866
ALYN8ORFYOLXC	31867
ALYX4LDWJLIRQ	31868
ALYY5MTGERC0B	31869
ALZ3XWTQRZ8FW	31870
ALZ5KVHCWOPAH	31871
ALZ81IIEF23TV	31872
ALZLWW3VMGB6	31873
AM07M9NWBNXCO	31874
AM0G7C2VDG5NP	31875
AM0H2DRCY3JDL	31876
AM0H3DGRVXXJ4	31877
AM0JRXKFKD8FD	31878
AM0QDQJ9QQVIT	31879
AM0QLU79O05JR	31880
AM0YQDT265CU1	31881
AM15ME2V6KL83	31882
AM1CFZK6N0TFV	31883
AM1EP55MNYK7G	31884
AM1H9HW5AAPW1	31885
AM1LJ8VMB1SVZ	31886
AM1N0ONQUIZ0A	31887
AM1T7QCP4B8EW	31888
AM1U938GOT2KV	31889
AM265GRN5HMCM	31890
AM279SXVL3GPS	31891
AM279VWXJ431F	31892
AM285URLQRKEX	31893
AM2AY4K401B98	31894
AM2B45RZJSLJT	31895
AM2BIAPACFYI9	31896
AM2DYPH24TPDD	31897
AM2LYY8OR0QXO	31898
AM2ZBYYQEUHMT	31899
AM30S5UU01G2F	31900
AM36U99R4RUUE	31901
AM37QEJBT15TR	31902
AM3CX4VOU76MS	31903
AM3YRZ0PBSX0L	31904
AM49V21TL4QEI	31905
AM4CC9RO04EOK	31906
AM4DKQ2056LK4	31907
AM4IH7JZDT9MP	31908
AM4JXYUJNDY27	31909
AM4P06MDH16GN	31910
AM4PKY09YZZMM	31911
AM4Q824AP7LHO	31912
AM4ZCWST9LAWB	31913
AM58ZMD6N093G	31914
AM5FRXD2W8FJT	31915
AM5GECB2TN3CU	31916
AM5JHS4J9K4SP	31917
AM5KL0UYQSO3Q	31918
AM5VAYE0S0A25	31919
AM5YE67JWKJNT	31920
AM5YFMZWIUKZ0	31921
AM67VZ3Z4HUTR	31922
AM68TPKMO8WQI	31923
AM6B0G3RG2SK8	31924
AM6IZTBQIFI06	31925
AM6KGBF2CHA31	31926
AM6KJVGJ00GDM	31927
AM6O8240VDHZ5	31928
AM6RIDAUICU81	31929
AM6SEQ609F0X8	31930
AM6ZG5ORQK5SA	31931
AM6ZNP09P201W	31932
AM70DJSI6JXHT	31933
AM74IGYP9MFNE	31934
AM75LTNBF3I18	31935
AM77C8BV63EC9	31936
AM78WFHEBDBGM	31937
AM7B7RNT99CC6	31938
AM7BCX3ZCQ70V	31939
AM7FRM994GYOJ	31940
AM7ISIKVZZ7BX	31941
AM7IW2CMI2PJL	31942
AM7K13MR3PVEL	31943
AM7VPXSXWO4HG	31944
AM7ZCZ9ZHHZ9B	31945
AM8029S4YTRAZ	31946
AM86LL1RR0DTJ	31947
AM870TTAD2RFT	31948
AM8842YXMEPEN	31949
AM8J1UVGVYAL4	31950
AM8JJCQQM4NOK	31951
AM8KHCXOU1VI0	31952
AM8TWJRLPXNLH	31953
AM8W8U0WS9ROC	31954
AM9A9BANUNQEQ	31955
AM9APPMIE1BHZ	31956
AM9BJ1HWLGTDL	31957
AM9IN447D3NFR	31958
AM9K03YRJRG2J	31959
AM9NKM5ELTVHZ	31960
AM9OAI2IN1DIE	31961
AM9XUNLDOWSO7	31962
AMA3JD4U8451B	31963
AMA6SOY5G0A5H	31964
AMACXKD1SBM6V	31965
AMAEMGY5CIK98	31966
AMAGX98ZMND2J	31967
AMANV18L61NOV	31968
AMAS0HAGU0E65	31969
AMASTZE8XHWBD	31970
AMATTO51R0AR8	31971
AMB2Z4FMDBWQY	31972
AMB5L7WUBUVDM	31973
AMBFK6N4JS5Z2	31974
AMBHUTGU8RP8O	31975
AMBIFRHLCFVGS	31976
AMBJQQSRCAOHS	31977
AMBN9QY1UCO5X	31978
AMBP5ZYF1HVX8	31979
AMC4LB3YJG0B1	31980
AMC758MM01K7K	31981
AMCAID3LTHKEC	31982
AMCBLQY3B1XYV	31983
AMCDZRBIR4W74	31984
AMCS8V9N7XOQ5	31985
AMCUHWD2UJAC2	31986
AMCYXS1YNIJHF	31987
AMD3TOSSUB47A	31988
AMD4O0235CIX9	31989
AMDBQLQB3S557	31990
AMDGTSD042HEF	31991
AMDM74IDK3RRU	31992
AMDNS2HB2MDQO	31993
AMDW6O9HKLJXL	31994
AME0H0WM3WAZE	31995
AME12B6XOXCJC	31996
AME2XO4YV5N24	31997
AME61YWL03XNQ	31998
AMEY8TH9VNLDX	31999
AMF75VWP2SV6M	32000
AMFB4B4SPCQY5	32001
AMFGLBG3YUR7H	32002
AMFP099AK5MZ8	32003
AMFQX8QUHYS3J	32004
AMFRKIQM2EWTW	32005
AMFWWA240TO58	32006
AMFXXAOVV4CPJ	32007
AMFXZNTXCRPLI	32008
AMG1TF46OQF2H	32009
AMG4AI141TE07	32010
AMG801R0QA1MV	32011
AMG9VABDFKZEZ	32012
AMGE7WSAJP34N	32013
AMGM73M3JHWEA	32014
AMGN9J2UQBJMK	32015
AMGX3DM55IKR6	32016
AMH2OX248MCQ4	32017
AMHGIF73NE1WS	32018
AMHL093JHMB54	32019
AMHQTHFXOZYOJ	32020
AMHVFVCAZAGH1	32021
AMHXGMFA42LN4	32022
AMIC3QND6AC8Y	32023
AMIH9TDZV3MNA	32024
AMINF18H9ZF21	32025
AMIOBH2K45LKC	32026
AMIUBN6Y75M3P	32027
AMJ482BDIGIZ6	32028
AMJ60FOZWOHBN	32029
AMJCIR1GX8QYT	32030
AMJESI07WEYQH	32031
AMJKE8ASULYGH	32032
AMJVSBODDQDXZ	32033
AMJYHNV3Y22WO	32034
AMJYIOO3HPR6R	32035
AMK7WMZ5YECFI	32036
AMKAOERLAVWT6	32037
AMKB1A6CU9H0P	32038
AMKE4ZDJRPY7X	32039
AMKKT0EKJA5ZA	32040
AMKNPIDFLRFMP	32041
AMKPSJXCQZVW9	32042
AMKX6DOLN802U	32043
AML3EBSXBT7RK	32044
AMLUT1VYH9PGL	32045
AMMNGUJK4HQJ5	32046
AMMVSYP8DQU0P	32047
AMMWWWWNAJ22S	32048
AMN6PCWBZ6C2J	32049
AMNGUHXQKJU7	32050
AMNHNP8IHVIKH	32051
AMNKAFY9CTJ6B	32052
AMNLH71N6WPA6	32053
AMNMDXZYKM268	32054
AMNO74IMDTYLO	32055
AMNPFW5GRHCM9	32056
AMNWDC4YB2I6G	32057
AMNZGRN1VV55	32058
AMNZH5VRW3IYG	32059
AMO1MLSIJSQOF	32060
AMO5770JRYSYO	32061
AMP5WITG8PCCM	32062
AMP6PVR3UJXGN	32063
AMP9SMF4KSZ5X	32064
AMPJ7MYTR9DT1	32065
AMPMJ8SIAZQLH	32066
AMPS7FYT8YHLS	32067
AMPUU35JA3H7A	32068
AMQ388WA7YB68	32069
AMQ792Y1OR7DT	32070
AMQICE69ZOFAU	32071
AMQW24Z2WQPOZ	32072
AMQWAVJS9CFS3	32073
AMR24U2MU082P	32074
AMR64RYNYF0RC	32075
AMRF7G4JDS0AZ	32076
AMRJ128XC8YMN	32077
AMRJASRPS0M8X	32078
AMRMK86X3PKXD	32079
AMRYLIEKOJMLW	32080
AMRYZYQ8G9GZC	32081
AMS01Y5R9ER2U	32082
AMS2CPERWN7JV	32083
AMS7E10YOOUY0	32084
AMS8MNG24SJOQ	32085
AMSDL72SK2XNX	32086
AMSFQBX4BH6FJ	32087
AMSIXXXU0R1ZL	32088
AMSKLBXKC8F6U	32089
AMT03TJORIL96	32090
AMT0E29Q875F9	32091
AMT5X5L4PN2R7	32092
AMTC1K1LANKU6	32093
AMTCYN7GGUVWV	32094
AMTD0S0T6E3J6	32095
AMTDEF7SAP17N	32096
AMTF0B4VKQRPG	32097
AMTMDUIJGTAE0	32098
AMTOQS9BXP5BS	32099
AMTP6O794G8KR	32100
AMU9U82QVSYUS	32101
AMU9X9JCJ5JJ3	32102
AMUB6BPK4YAHR	32103
AMUP8DYE7EAN2	32104
AMV0GLNZ3D7JU	32105
AMVB5Q12M2J2T	32106
AMVC9WTXYKNJ1	32107
AMVDEIAZZTR3Q	32108
AMVGXYSKOS65G	32109
AMVJ0RBWFU7W3	32110
AMVJKW7Z9JXNY	32111
AMW1OYXWOGZGJ	32112
AMW2I30QL5L93	32113
AMW3T35QR8NES	32114
AMWDZQDDB42B8	32115
AMWSB3LK790YV	32116
AMWW3G5GTWE4J	32117
AMX7NJRFPL68	32118
AMXBFZSXCHCRH	32119
AMXCDSUJDEW5F	32120
AMXK24F7NO6QL	32121
AMXLEH2N7P15	32122
AMXQ6C5O1F8G7	32123
AMYCYE67P0CPY	32124
AMYQVXWY2MIFK	32125
AMYULCVER9EC2	32126
AMYW5PN23J87O	32127
AMZ5S6HRDKU5W	32128
AMZ6FEOEHBCFO	32129
AMZC7PFI0W96O	32130
AMZCZBK1EF1PV	32131
AMZE5E8TTISYM	32132
AMZIKEI8XB73A	32133
AMZLKC7G2EJ53	32134
AMZNXR0RYYIYO	32135
AMZPWNBPIRK26	32136
AMZSZGH52D2KY	32137
AMZVOS4H9AYR1	32138
AN07WECN76KTO	32139
AN0EZDTG1QAB1	32140
AN0FMZFCL4KEM	32141
AN1JYRA1MDHUD	32142
AN1MN67T2QL6H	32143
AN1NHXLAP47G5	32144
AN1Q1N8V97OZ9	32145
AN1VFJR8D7RNA	32146
AN1XGJRVXY6J9	32147
AN1XHMFSY5ZEK	32148
AN1XZSLGROT17	32149
AN21Z3CKVL0WN	32150
AN237S5G9GPXC	32151
AN28FUG6NBF0I	32152
AN2H448W3EV1M	32153
AN2NB7CE9ZJCB	32154
AN2NYK1HXDA42	32155
AN2WM7LQGGE0K	32156
AN30G4IKL1BMZ	32157
AN31CJCZCEU8U	32158
AN32AWTQ5RZFZ	32159
AN33XQNF9OHBX	32160
AN3E4015H1P4B	32161
AN3USE2N5K3WA	32162
AN3VRFW2PV3EV	32163
AN3XJ4BHFW0PT	32164
AN3YG0O3ERW25	32165
AN43JCYGKED4N	32166
AN455LS3H4J91	32167
AN49S5Y0HEDV1	32168
AN4E6BHAH6F1J	32169
AN4EZ0ALG3M6E	32170
AN4OUR0YHAIXN	32171
AN4U1AHJXZD3Y	32172
AN4USURI9PJNK	32173
AN503ACH2N949	32174
AN5BRN1P87U5S	32175
AN5CKIUPZI6F5	32176
AN5IKE5P4MDQR	32177
AN5NMZ0QW80GN	32178
AN5O2JNDHGIL3	32179
AN5P0MDJ49D3Q	32180
AN61OQTU24ELV	32181
AN65KG18M4SDN	32182
AN69IGJ2KEBA5	32183
AN69N2M0ILUZ2	32184
AN6FNWSORMBHE	32185
AN6JUJC17FM8D	32186
AN6MDFRWTCC3O	32187
AN6PWAVKI6SEA	32188
AN6TWGIZXMYN3	32189
AN76DHF1XDKD3	32190
AN7C4K8W0U4Y2	32191
AN7IMXW5O955X	32192
AN7QQ1EEAB97I	32193
AN7SQUB81MSBW	32194
AN7SZ15K769UI	32195
AN81JUYW2SL24	32196
AN86UCB541479	32197
AN88JRKZ7TVVJ	32198
AN8AKX5HCSWTN	32199
AN8AMCGUNRKNH	32200
AN8FPU3E3KQY1	32201
AN8H0ML2O38O0	32202
AN8J02RKMKJUO	32203
AN8JD8P57J7TV	32204
AN8JG566B238N	32205
AN8KKBNVV5IKH	32206
AN8M3H1093ISV	32207
AN8NID4F7MNID	32208
AN8RCJQ46N6O8	32209
AN8YQC23Q0L1U	32210
AN92U23LYTQBR	32211
AN95QKLF0RE1E	32212
AN95U1I50CU91	32213
AN97549CIU3CG	32214
AN977J0FLBKGD	32215
AN97S061SNC0A	32216
AN9CP6J4JF91X	32217
AN9J46667D80O	32218
AN9K9ACPH00DF	32219
AN9M6J6M97KRD	32220
AN9MBMJSURVCV	32221
ANA845Z48ZB1R	32222
ANA9MIVTBHIHS	32223
ANABBW0ZDMRER	32224
ANAEMP31PY1YH	32225
ANAFOVE8AE3UI	32226
ANAFWBG6GVD09	32227
ANAIYF3Z32ZNW	32228
ANAK4SMXGXPHF	32229
ANAKXSFY77N8C	32230
ANB0OKIDLNTZ	32231
ANB3L606S9ZLY	32232
ANB6187K4E92W	32233
ANBS5Y3ZO15A0	32234
ANBVUD6SEPCI	32235
ANBW69FBQZCXZ	32236
ANC1S4G9XLWX	32237
ANC36RGFR9HU4	32238
ANC6NHMNVVUWV	32239
ANCCI5MM7VHNJ	32240
ANCOMAI0I7LVG	32241
AND58Z9S0KP2Q	32242
ANDE858C1CKGY	32243
ANDFEOEHCT62Y	32244
ANDGOGUND7K6Z	32245
ANDOCQ1GUE3NQ	32246
ANEDWSJCTZXYD	32247
ANEEEAYWYNO7G	32248
ANEEEFP4BL7ZX	32249
ANENEEZVZP35	32250
ANEQGDXB1X824	32251
ANF6H60KE2REI	32252
ANF7MN2MIAZ02	32253
ANFAZKDTLG033	32254
ANFBXO3WQUFBG	32255
ANFDMTL2EZS3E	32256
ANFETT2G49DGH	32257
ANFGCHPJEZQZM	32258
ANFH7LROWQJMY	32259
ANFIMDB2ZB400	32260
ANFJYYQ0P35CW	32261
ANFMG5J4NU2WG	32262
ANFZQ7P4G9MYU	32263
ANG7BFVS2QMPM	32264
ANG8PVRULEQMR	32265
ANGG3F7RRPK5M	32266
ANGH6401L9Y0T	32267
ANGJKB71WDYU2	32268
ANGPOQXFPUSNU	32269
ANGUA86GSK7MM	32270
ANGV7LZWPKZUC	32271
ANH0E47ROBM2Q	32272
ANH41QS8QBX42	32273
ANHGPKX7VIOK5	32274
ANHL7BB84WJMF	32275
ANHUTC91P5FQ2	32276
ANHZRD7CXQBXJ	32277
ANI4BJPDYNOXX	32278
ANI4TS9B0YP71	32279
ANIALVWAOIDXF	32280
ANIGD0E0A3UIM	32281
ANIRKBU984WKY	32282
ANIVFBMZ0UIVX	32283
ANIVQNL5O77FJ	32284
ANJ41L0Q0V2NN	32285
ANJ75VBRREHVO	32286
ANJEBGHPRZ6RO	32287
ANJFKR0NPSVGQ	32288
ANJFSFOYEOUXL	32289
ANJKGVHONDVA4	32290
ANJNW85WDNXXB	32291
ANJPMZY1M5RL7	32292
ANJUWNS8A61C4	32293
ANJV81T37FLIL	32294
ANJWGXZMO2KF	32295
ANJX0RP1IX4RU	32296
ANK1VOH7P4E0D	32297
ANK6FEF5PTWI5	32298
ANKAF5IV4UKWI	32299
ANKM7ATRLDR1P	32300
ANKMIDE70Y4II	32301
ANKO9BTQ6AELO	32302
ANKZUDSZFUMNZ	32303
ANL4KA01IF8QP	32304
ANLBXO45Q6Q7P	32305
ANLILQNUI8CBL	32306
ANLM1P6YYPJS0	32307
ANLS6YY9AB3BY	32308
ANLZOT7QJOYKU	32309
ANM1CNUY4IDYV	32310
ANM3G840QMKPO	32311
ANM9NKBS2QQ6U	32312
ANMRU7OU8TWM	32313
ANMSUPEE92C6M	32314
ANNC9AJ5CK6KP	32315
ANNLQSAN1AOPA	32316
ANNQP8SKR7870	32317
ANNUJPMDRWF3C	32318
ANO1EHX20GVG7	32319
ANO8TQ5ZB10RV	32320
ANOB52FGYTDD	32321
ANOB9WGSJZBX	32322
ANOEOHRLK11P0	32323
ANOFTKSE2TEPB	32324
ANOPGS41V01B5	32325
ANOPTZAQSU0DH	32326
ANORVPTSGHC4M	32327
ANOWZLD0ZCTO	32328
ANP2HRJGC0Z43	32329
ANP2R7OHDWR0C	32330
ANP5ZZGG9U7KZ	32331
ANP7PA85N3DHH	32332
ANP9VAJRF5NCQ	32333
ANPFF12GZI46U	32334
ANPFZSJ0EX3HR	32335
ANPL5SKVMYGJB	32336
ANPLA6KNMWFL	32337
ANPWUK4DI59EF	32338
ANQ5401ZLE2F5	32339
ANQ5H0KG2IXNO	32340
ANQ773YBIYLHC	32341
ANQH9LBGKAM3M	32342
ANQLKVC221VDD	32343
ANQOWWGUQA0PK	32344
ANQTTD9NT1RPL	32345
ANQYBOP1NXILN	32346
ANR34MET4LCMB	32347
ANR52RZ2TSBLP	32348
ANRC61KUGVV5D	32349
ANRCA06ZUXNM7	32350
ANRDH30AOMZW0	32351
ANRPK5SZQ3535	32352
ANRPN7DXVMDT	32353
ANRS196NKFVUU	32354
ANRWMBD04EI86	32355
ANRXH0BVEAR6B	32356
ANRYRO87UV0N2	32357
ANS3KYR0NXTN3	32358
ANS906E4EOXB3	32359
ANS9ICXPQOZ3T	32360
ANS9R3MM9ZU7X	32361
ANSCOB8BS12XK	32362
ANSIROL7R9SHV	32363
ANSOFFCY9KBWW	32364
ANSUZJU3K1UHZ	32365
ANSVSRYUZYPJ0	32366
ANSX679M10BEI	32367
ANT9CXTYYMXMZ	32368
ANTBCR7SK52JK	32369
ANTFZXARQMBY5	32370
ANTGGAQYPSWHF	32371
ANTKOACAUQ26R	32372
ANTL3WGUYOCFU	32373
ANTOV8XD0YB0W	32374
ANTZH95C2AKH6	32375
ANU1OUVLF7QO7	32376
ANUA1U5463Q8J	32377
ANUAEF83UF4RX	32378
ANUNO3WMAWBYX	32379
ANUNXRU5FRTAV	32380
ANUON0YM4X4HT	32381
ANUPHLS5AO6OS	32382
ANV4G753OS4H3	32383
ANV7PE98K8NQ2	32384
ANV9L0JU6BNL	32385
ANVIW40GROT81	32386
ANVMM1CVIKGDW	32387
ANVSJNYG0W40Z	32388
ANVURVNA1ER5D	32389
ANVWPCCFMK43W	32390
ANW5096LTXW5O	32391
ANW6EGY12V5XS	32392
ANW6YE4WXND88	32393
ANW83LKBLTCQH	32394
ANWB7D10LPJFU	32395
ANWE64TUSS2TX	32396
ANWIKU1MQ19I9	32397
ANWJWXB82T7SJ	32398
ANWP16XV8ZKYI	32399
ANWZYGU6HFYM9	32400
ANX1VYN4T2Z1F	32401
ANXE2VV6AQ0GU	32402
ANXEW7IDYDJEH	32403
ANXPTO1OJIEVJ	32404
ANXR1O98JSAMO	32405
ANXS5MAO6B0MC	32406
ANXSHJFY5DVUX	32407
ANXVC9YPIJBL4	32408
ANY5XT7KC25T9	32409
ANY6L67JQPQJ2	32410
ANY8NIRTE82VS	32411
ANYDTAZCQ4F64	32412
ANYEZ6BFJRDGP	32413
ANYHE1CB39FUP	32414
ANYHUWR89WS9P	32415
ANYWG43KD041N	32416
ANZ3AECN2G04V	32417
ANZ83LW97F1ZS	32418
ANZBQXCGQ20CF	32419
ANZGC4YCEQC6W	32420
ANZHPMJLXBU9T	32421
ANZL534L7AJ2Z	32422
ANZNLUN43E9KF	32423
ANZO7QISPYLFI	32424
ANZRE4YB4272M	32425
ANZTN7BD7K6KW	32426
ANZUI15KRNBTS	32427
ANZWZDWFRN78H	32428
AO054UPAPRF15	32429
AO09APZ33SV5E	32430
AO09RWV40IX78	32431
AO0HAMTWPM0WH	32432
AO0S1176Z1IBI	32433
AO12PB55RLCSH	32434
AO14OSVGHY6RM	32435
AO19APNA3KXBM	32436
AO19HA61ES9X7	32437
AO1BP09TB1NPJ	32438
AO1HXV7DWZZIR	32439
AO1LAXRAZWAE7	32440
AO1NNCO03D0LH	32441
AO1SKA9SAGW4G	32442
AO1TKLGRNSFDL	32443
AO1V5ICFPDUHU	32444
AO1Y3FTBCY4T0	32445
AO21PI3F8C2ES	32446
AO28ZQ615829O	32447
AO2EURP2Y4JZM	32448
AO2GZG0N16FCD	32449
AO2NWD5W949A2	32450
AO2TK7NG8NU78	32451
AO2V2T6ZZKYHI	32452
AO2W3F2NUK1MM	32453
AO2XR0KHHI79	32454
AO2Z69GJYQDZ8	32455
AO377Z7UORPJ6	32456
AO3BC1T71KSR8	32457
AO3E2EZJVWPQ7	32458
AO3I383L7TWO5	32459
AO3M0AXLL0AGW	32460
AO3PKY9A3IWJB	32461
AO3PNM6XYRG6K	32462
AO40PMMPYUTGY	32463
AO43A03C1LA0K	32464
AO4955RQHBQSS	32465
AO4EEX602894D	32466
AO4EIVW5V9ED	32467
AO4HV0YI65S7N	32468
AO4J2SFGRUJMC	32469
AO4JRI3C4N5WF	32470
AO4KJPY9BMJQL	32471
AO4ONHFS9XC8G	32472
AO4UKBLY7WA0L	32473
AO4WE0U9SB5T7	32474
AO5DMVKG4UGQ3	32475
AO5IR2PSEDE1N	32476
AO5TLVDN2I3IY	32477
AO5XV2ICVHZGU	32478
AO5ZF36N5YUT8	32479
AO63NZN6WK3T4	32480
AO64S4KZOLKVW	32481
AO68WBQPG1ZH9	32482
AO6FODX7R8R72	32483
AO6HQZPF5ZAZI	32484
AO6U7AVUYDT15	32485
AO6URI25USNBS	32486
AO6UYBS9T0Q6Q	32487
AO70WO0LT3571	32488
AO7CU10CWN2GK	32489
AO7J3ENO29214	32490
AO7K6ELOMEQW	32491
AO7MG11JNTJ0N	32492
AO7WD63M4AWQ2	32493
AO8NH0BV82XIE	32494
AO96PLO6E3MJC	32495
AO9D7E3409LAL	32496
AO9F5C8Z55IC2	32497
AO9IYI6N44PSP	32498
AO9K5AIZRKZRJ	32499
AO9OGGQAMK73W	32500
AO9TMLR4426Q4	32501
AO9UNKQG83BUP	32502
AO9VP853LLQFT	32503
AO9VXHD2RF2I2	32504
AOA0XDHSL5GRY	32505
AOA4W8L28PVMX	32506
AOA7NY2649Z9I	32507
AOABD4GUSHHG8	32508
AOAJDXP7KFVB9	32509
AOALQIRMAHBO	32510
AOALXOUDM29KB	32511
AOAOARIH72UWI	32512
AOAYQI2S6R0TH	32513
AOAZF8ZKG9S5Q	32514
AOAZOQ1X6GKVV	32515
AOB1NYXLNE99A	32516
AOB28PX7QIZWM	32517
AOBBG21PCW30H	32518
AOBHFGHGMTMQL	32519
AOBKCRZC9EP9B	32520
AOBKV4PFLREWK	32521
AOBNW6CQI32SR	32522
AOBODJILQ6CGA	32523
AOC1THISZJ47Q	32524
AOCDP40OR0BUE	32525
AOCEH35ABF6Y4	32526
AOCPDUSM5UMM6	32527
AOCPPYQO5SYWI	32528
AOCPSG0LNMFIL	32529
AOCPWY41ZAUB1	32530
AOCQ7K8EEUFFE	32531
AOCVGRX8JH1IW	32532
AOCY439A1FN4X	32533
AOCZIQHO2QGU	32534
AOD2620OXWF2K	32535
AOD2954SLOKJL	32536
AOD8KH4RCFYML	32537
AODC1LKKPNMY0	32538
AODFO8NQV5LIW	32539
AODPJC2DXWHIV	32540
AOE4EI1R61YRS	32541
AOEBQITA3G1EF	32542
AOEDWQLH2WKKW	32543
AOEFGESYMKP5R	32544
AOEG4UU0PMWS7	32545
AOEGQTVL8BSEC	32546
AOEUN9718KVRD	32547
AOEVTOAHDQIX0	32548
AOF0LFF8JRWBE	32549
AOF1Q4OKJYYKK	32550
AOF1RJAX2FK3L	32551
AOFGOUMXLMVZS	32552
AOFGZ0KPFN74M	32553
AOFHMRR63GG9F	32554
AOFJ7VW4X6IZM	32555
AOFPGZJLOPSUP	32556
AOFPNFYFMGLEP	32557
AOFU5L5E0KIJ3	32558
AOG4UUC63HQ3O	32559
AOGDVFU6D6VC8	32560
AOGQTPS1M8D82	32561
AOGUZNI7YCP4V	32562
AOGVYZO1QFA4Q	32563
AOGY0F8XCQ1YH	32564
AOGYS77ZXZ05L	32565
AOH61YBW7QVDD	32566
AOHJW6CTC5STN	32567
AOHNNY5F80NP8	32568
AOHSDAUDBQCJ5	32569
AOHX66NH4TSKU	32570
AOI2MD752ZWFU	32571
AOIAA9MU3UROL	32572
AOIBOJRBYYVGI	32573
AOIE51ZFT3EFI	32574
AOIHARJZRNHMD	32575
AOIIAVRBKHZ7C	32576
AOIJC2BY9E5YS	32577
AOIL1F9QZAN0P	32578
AOINAOO0NQRGN	32579
AOIQ2G657I04G	32580
AOIUVXE45YKE8	32581
AOIYEQ5CS0A5A	32582
AOJ2Q7GF401IA	32583
AOJ3TYYIPJWT8	32584
AOJ55KIDRPUUU	32585
AOJ7D2T2YAACJ	32586
AOJF71FFA3L5A	32587
AOJG214I4JOYC	32588
AOJJXZ328YFZ	32589
AOJNZDR3QFTTF	32590
AOJRG7SSTSZRA	32591
AOJSJ2ZFH7QMM	32592
AOJW55J5GR8TE	32593
AOJWJIILQEIEI	32594
AOJYWCPS98GHJ	32595
AOK8YSYUGM4TA	32596
AOK9CAXITIBZT	32597
AOKT38U676XKB	32598
AOKYVQWPL9NA	32599
AOL3KMASKSYXM	32600
AOLAVXUAUCK7O	32601
AOLECCQ2WCMY9	32602
AOLMNW9EA9PXK	32603
AOLN7ZXFT6EDI	32604
AOLNY1XEB1SO8	32605
AOLY6K5ZYP9L4	32606
AOM0CPZI93WMW	32607
AOM4WI8D6G7D9	32608
AOMCYVO55W52T	32609
AOMEH9W6LHC4S	32610
AOMHE6FUIHRSO	32611
AOMKUI325W2TJ	32612
AOMO31OFGABXU	32613
AOMOTMG7R8AUO	32614
AOMTM6GA9MDDU	32615
AON235026ZSUF	32616
AON90SDLJJC2Q	32617
AONBO3VO0FP32	32618
AONJHN6XPCO8E	32619
AONL8JBH4J3M9	32620
AONUCJBC85BL	32621
AONUO2CEC5FT5	32622
AONZQ3P8WAJML	32623
AOO9PT3NJZYAT	32624
AOOCZBTIWKRDB	32625
AOOGACWQSEJDU	32626
AOP2SLWVFYDRM	32627
AOP6D2C2XWST	32628
AOPBF8DQ5TC4W	32629
AOPBQMPMSKQY6	32630
AOPQ0KA1B7BFD	32631
AOPRHJQ3IHSG5	32632
AOPUBFTMOHY3B	32633
AOQ1ZQFYPFG6S	32634
AOQADX5OUKKQI	32635
AOQAOBNBA717N	32636
AOQGSXVB4SFKQ	32637
AOQK9HNGJUP32	32638
AOQP7AZPQ79P4	32639
AOQRPRWQBDDIM	32640
AOQTVGTFPMAWK	32641
AOQZQ5V5V0XQC	32642
AOR3A6SPUAHR2	32643
AORHU8VLI6YEI	32644
AORMI5BUB04ZS	32645
AORRRM25VWXMQ	32646
AORYRSWMJQY0P	32647
AOSFLZ5N2RVOW	32648
AOSGD40GI10QF	32649
AOSK75HRW0WFS	32650
AOSUGGUV23O94	32651
AOSZHQ1LW2J7E	32652
AOT6QXMUBILCV	32653
AOTCSUWBICSJK	32654
AOTDIAHMH16OR	32655
AOTE9EH96DOB0	32656
AOTEJ9DO51W6U	32657
AOTMP0OKJOUWI	32658
AOTMQCO305LKY	32659
AOTNM5GJ1Z9JH	32660
AOTTAQSJY1DTR	32661
AOTUXEKNE5QWL	32662
AOU4PJT09E6PU	32663
AOU4Z53ONBCWJ	32664
AOU5JPGKD601J	32665
AOUCACT2WQPM0	32666
AOUM75FA941HX	32667
AOUX6RXQVA3ZX	32668
AOV8L3S4QEMJF	32669
AOVD2T02C3X45	32670
AOVI9Q9OGT2OS	32671
AOVMTR7PA8XB9	32672
AOVQW1MX7ZQWD	32673
AOVROBZ8BNTP7	32674
AOVTLYTHVDNUX	32675
AOVUCN3BQ481O	32676
AOVZ1GCLGPTFX	32677
AOW25AZOWAAXX	32678
AOW2OXJZMMZH	32679
AOW9PORYV02AF	32680
AOWI7YN28H6M	32681
AOWIVH9IS3XAK	32682
AOWKX4S62DBKW	32683
AOX4C7V2067N6	32684
AOX9BNVVUQ183	32685
AOXBSR9XFM4NH	32686
AOXGO4CR4FUUL	32687
AOXM6J65BPI22	32688
AOXUEONCS29RV	32689
AOY41SX73FD18	32690
AOY59P4FRQZFZ	32691
AOY8BQ755A5YL	32692
AOYALVYTFVF7G	32693
AOYBRW903X3LG	32694
AOYHGD9HIHA9G	32695
AOYKD7G6QJ52K	32696
AOYTGUB8APWXF	32697
AOZ3HN986U09W	32698
AOZ4S7QB5PTRO	32699
AOZ8U5LI79KZG	32700
AOZFQAPPLMVOB	32701
AOZICAMLD8JM1	32702
AOZN4YIIOJ999	32703
AOZOTMIPWBU6B	32704
AOZSAIYLXOG7G	32705
AOZSMU9KZGDQM	32706
AOZYZXM8SI6I6	32707
AP0DC9LTF18OC	32708
AP0HGK86X7LAM	32709
AP0TJ3RKX2FGL	32710
AP0UBYBQQOW1S	32711
AP0W3EP2N36O9	32712
AP1335UV2ALB4	32713
AP155M2I1UH20	32714
AP1D70P5EMBJ2	32715
AP1FF40ZQM5DS	32716
AP1HA9147EL3I	32717
AP1NOVHTCOB9S	32718
AP1QISUZUQLY1	32719
AP1QSII669BCQ	32720
AP1VJI04NOBX9	32721
AP1WH5IUY3UN3	32722
AP1YAXUKOO0P	32723
AP1YHVQS65HNT	32724
AP23BPNLL81LK	32725
AP23EQD44LPFD	32726
AP280GAJFYHWI	32727
AP291W5FQT1T2	32728
AP2DICHDIWIFQ	32729
AP2WXZKZGWZ1N	32730
AP30AHF1R7O9B	32731
AP33XSP5P2KER	32732
AP362BYXYAERG	32733
AP37ZBVD77DUE	32734
AP39OUAMXRR6M	32735
AP3J5MTDERM8N	32736
AP3KVEA6F05KL	32737
AP3POU60V3IKJ	32738
AP3QKHMMEU50I	32739
AP4873MNO3DD1	32740
AP4EOETI05U74	32741
AP4TBC6O9BT37	32742
AP4W7A24ERSDM	32743
AP4XNWOR7RGQC	32744
AP4YU5YTO61DD	32745
AP5FWGKTVGQ90	32746
AP5LXBV3T0JR7	32747
AP5MTUD5D0WKH	32748
AP5SDNHAGRU7D	32749
AP5VTDVTG6DWJ	32750
AP6CSXSJNZG15	32751
AP6DZJX8D1JNB	32752
AP6J571KJQ8XL	32753
AP6L54VTCJKCQ	32754
AP6UKNC6UOLDK	32755
AP6YZV7MIIQ3J	32756
AP6ZSZ5M3Z647	32757
AP744Q25UML5L	32758
AP7BUUFAMLUN1	32759
AP7KLU6O8FVAU	32760
AP7VRFH9LAVZ	32761
AP7WJ7VM74R8M	32762
AP85QMV9WIZ73	32763
AP8AANH9F6UXX	32764
AP8D74QD9LUUL	32765
AP8DTQ9XSI6ZC	32766
AP8LKWGQPCVL2	32767
AP8TRLDSLWVUT	32768
AP911T3KQ6L9B	32769
AP96DSSNRSHPQ	32770
AP96X8MZV4CR2	32771
AP9AV6J3MFM5U	32772
AP9B8I6QP6XLX	32773
AP9FLXNSJ9NM5	32774
AP9G1C1BZWI9L	32775
AP9GMT6G15UKL	32776
AP9QSEBMJT2K1	32777
AP9YDYTA4QM6W	32778
APAF4JSLM8PJI	32779
APAIUW4HQSB38	32780
APAJ782Y3K4ZP	32781
APAMF2WIWG952	32782
APAOAM6BZ3W1I	32783
APAPXPY47WGBB	32784
APAQGM4HI0AQY	32785
APASCXWTM041	32786
APAYX5CZ55LVD	32787
APB1VAE7P1CAV	32788
APB715FZTDSJZ	32789
APBCUOMHCS5YR	32790
APBEND8VR84N	32791
APBI7U61PYOQW	32792
APBKWCRX9OPIY	32793
APBS3HOP3OT0P	32794
APBURBOKCHZOH	32795
APBWJRR77MRFT	32796
APC9L1E4XYYU9	32797
APCE0WXNF5ND6	32798
APCK0LYT3GMGP	32799
APCNLAADYMEHZ	32800
APCWO4IRZLW2S	32801
APD6DEUQTH5P7	32802
APD8K5WTYASBY	32803
APDDLDMPO9COA	32804
APDFIJGKJPXT0	32805
APDJCMGB3YLW7	32806
APDJOCQ23KDDY	32807
APDK39G2PUQPU	32808
APDTWLZZVJON2	32809
APDVAP9RLJF9M	32810
APDVHUTTR05XR	32811
APDW069J09OEL	32812
APDY9AJZDOGDX	32813
APE297GNSWEOQ	32814
APE9WLPRMVPKH	32815
APEAPKIZ3LEB8	32816
APEFG70Z06UN7	32817
APEFX3AHOR14V	32818
APEG0XH2TMJAE	32819
APELXT4PARA0D	32820
APEQ56UNSMLMG	32821
APEZD56KSBME9	32822
APF473GP287OO	32823
APF5AWTG4TOVU	32824
APF5YOKB5E5ML	32825
APF8R60PR2Q7P	32826
APFCH2BURLNLE	32827
APFCTAHNMM0RE	32828
APFEQMTX550NE	32829
APFMX64H3QODT	32830
APFOOWLLLA4KX	32831
APFSFA4B91BOI	32832
APFTBHATFQ1I	32833
APFVWM6UUYM7T	32834
APGDWJBFDNYF5	32835
APGE05SC50SPL	32836
APGE4QJI2QZLY	32837
APGIMVA3PKBOC	32838
APGJZQT1XNT9Z	32839
APGKHOXY0E7CX	32840
APGNGLRV13ZMQ	32841
APGQTZZ4ZFPHO	32842
APH7CC0TITZNI	32843
APH9D2JTVRSXS	32844
APHF8FLADTPMX	32845
APHJZPWRKOHPO	32846
APHLB10KXAZZ5	32847
APHMTMHCX6TYO	32848
APHPXV5RY2SDP	32849
APHRV2398SWHK	32850
APHTD85XC26A1	32851
API4Q61M15ATY	32852
APIAAFMLD0Z6C	32853
APIC3OEB5Z6T0	32854
APICNPJV1HPX9	32855
APID1WR5FZCMM	32856
APIDUJBU3UM65	32857
APIGBVMNNZP6	32858
APIIG8UK5KVQO	32859
APIKW10HXKEHV	32860
APIMYZHHN4VVL	32861
APIP9UZLEKBDT	32862
APIVDIS926OXI	32863
APJCXK1AGAFLL	32864
APJUPOYTTBCT9	32865
APJWYKCAIQB5S	32866
APJXB0KMSIRXP	32867
APJXF6Z4Z61YW	32868
APJYYIKTAN8L0	32869
APK2TDUTQN80E	32870
APKFUQ263AF8Q	32871
APKGFK3F83WD7	32872
APKH2G3K3Q1MV	32873
APKHI1AD9AYZW	32874
APKJTLR0KK1YR	32875
APKKCG6WT1HPI	32876
APKQ02M1J05RA	32877
APL4CYGZR6748	32878
APL5GPELNS1XD	32879
APL6NOS3X6G8H	32880
APL7UD4073SY5	32881
APLA4YHDFWS5H	32882
APLJ477673XLU	32883
APLXKWCRWQ118	32884
APM1P7CC3E2K3	32885
APM5HYQNB80HD	32886
APMELE5X18UKI	32887
APMFK1RHTAAEL	32888
APMMY3OTIT3TX	32889
APMT7B4AS389I	32890
APMYPD97EHUUZ	32891
APN5RKBBFA6FI	32892
APN6WNIAZUTSE	32893
APNEJAYET918T	32894
APNRCMNBANYW1	32895
APNT3AQR9N85C	32896
APOA4UKM1M75	32897
APOG4C0T3275P	32898
APOON4KOMV5EE	32899
APOQYBA8R0G0G	32900
APORGY0LT9QPH	32901
APOUV52VYRBIE	32902
APOXJ8I6412IR	32903
APPCJX62WKIIP	32904
APPHYSBNRMZYK	32905
APPLP62LJNMPO	32906
APPLREJU5D85Y	32907
APPMSXU9JXKGD	32908
APPOHZVMJSQDP	32909
APPYQFKPHV6D5	32910
APQL8UDTFWV4N	32911
APQOA0KX13YAI	32912
APQOT4GT7B2UF	32913
APQP7A4LLI5EZ	32914
APQPCM0X22JOB	32915
APQU90CFJS0AE	32916
APR4B9PWWEPKX	32917
APR5HXVQUVW1A	32918
APR8JC9PNXJOX	32919
APRI9EFZZVFC2	32920
APRIQVC8F4PQR	32921
APRJDKS9CHS61	32922
APRNS6DB68LLV	32923
APRPL859IZKLJ	32924
APRVKZZLIZUSJ	32925
APS26P799X9BH	32926
APS48G0MRI2TT	32927
APS5VV127IHOW	32928
APS831ZLF95PS	32929
APSIC1EDTWU9B	32930
APSPYX16ONB09	32931
APSR4P7FW8E2H	32932
APT014Z3IDFML	32933
APTFUXHA1SDP6	32934
APTFVZ1M4KMQV	32935
APTG60PI6GNCE	32936
APTLIEGQJ7M8D	32937
APTN4M3EHBHUY	32938
APTP3ZOCEI9XG	32939
APTPVTBVP524J	32940
APTRGH52N0GIA	32941
APU0297J4BRO3	32942
APU31S57AO2WV	32943
APU5TUDJGSDMT	32944
APUPGFQPK6U7U	32945
APUQK4GRDYPO9	32946
APUSOXVVN2B7G	32947
APUTJBAVLA8UF	32948
APUVYW3HIR28A	32949
APUWNVM0RSVFM	32950
APV50AQHR3XUG	32951
APVCKYQTCK78F	32952
APVDDS1R0Z1EP	32953
APVEYENWWW8W0	32954
APVIZ9VRRICP7	32955
APVLI8PO3OAPN	32956
APVNTVQHTX2QB	32957
APVT6HFAYHQSY	32958
APVTIWRVEEQ97	32959
APVTSE59RWRIL	32960
APVUOXZ3DTV37	32961
APVXCJVH5ICTZ	32962
APVY9YKG5NK5O	32963
APW0OINC8LISZ	32964
APW4RL43QCMTP	32965
APW7C4IJTCC4V	32966
APWTXURXGLPZ	32967
APX7O1XGOJRI9	32968
APXDO8MGMUNDT	32969
APXOYMDTSX4ZX	32970
APXQHFTTYERDE	32971
APXU4AV209PWG	32972
APXXOW9FEYOVC	32973
APY59V05C8N2W	32974
APY8T0GFZMG3T	32975
APYDHQONINKNB	32976
APYP8OSTYDF88	32977
APYXCVF6XQREF	32978
APZ0YRE5O8WPF	32979
APZ3RIRTH2EHC	32980
APZ62Y51L6X1G	32981
APZ6MI4TDI7WE	32982
APZ89Y5WTA8YX	32983
APZCS48UWONXZ	32984
APZFTQCM47XFP	32985
APZMW24EELJ3M	32986
APZQX1JYI2FS6	32987
APZWKX3F1YX37	32988
APZXAGPCGAC8Z	32989
APZZ1I14L7CHH	32990
AQ00D7ZAOVM34	32991
AQ01RWMSUYOYC	32992
AQ07TZ3S8QIF3	32993
AQ09ED8GV54CG	32994
AQ0C8S304IUGV	32995
AQ0F9ZWVMR1EA	32996
AQ0HIO5MJBEIJ	32997
AQ0NPHMTNQQV9	32998
AQ0OUNP5RPS1I	32999
AQ0XQGYOVNZNB	33000
AQ13CVJOFMBTF	33001
AQ18N1SD6RV2P	33002
AQ1VEA1RAXMJM	33003
AQ23W2MYNEOSY	33004
AQ25S788DOAEA	33005
AQ2CG6SEBMWJL	33006
AQ2ESH1UCIL8P	33007
AQ2FC1DLKVD8H	33008
AQ2NPXOXQK50H	33009
AQ2PLOBCJ39D1	33010
AQ2TLXCQVBI59	33011
AQ2VQSRYLJVZP	33012
AQ2WK2VHUHALI	33013
AQ2XND4GEBYSR	33014
AQ37BFCR5IKVZ	33015
AQ39SANR9BOP9	33016
AQ3ARAU1JBTQU	33017
AQ3G91398XXT8	33018
AQ3I85RQ26TZM	33019
AQ3IN3MRXQ5KH	33020
AQ3V3H6X4EAAD	33021
AQ40U5HE9RDFV	33022
AQ4228SK4B2Q9	33023
AQ4A4QTJST93F	33024
AQ4ALRLJTTTL0	33025
AQ4H2VPY8XFF	33026
AQ4IKWDATPCNX	33027
AQ4MJWURDQDAB	33028
AQ4OMASDBI5AY	33029
AQ4P5VTU2RASK	33030
AQ4QFIZXJ13OK	33031
AQ4YBDC7P6NMT	33032
AQ518V694LTCM	33033
AQ55H30MZSV0Q	33034
AQ5E8GS310T4X	33035
AQ5IW36LA7OLE	33036
AQ5VLLXPQNEJI	33037
AQ62X3Y898AG7	33038
AQ66EFBFY7JXY	33039
AQ69WQY9ADEX1	33040
AQ6AGWKWMTY8H	33041
AQ6NXRIBGTF09	33042
AQ6PDRMOIYM7M	33043
AQ6W15I2JNZ5H	33044
AQ6YSVAXKZNLS	33045
AQ7C9WOH067HC	33046
AQ7EQU4AIT38D	33047
AQ7UHYU5DQ9ZL	33048
AQ7UW2R448HKT	33049
AQ7Y8GNP78C5E	33050
AQ83QT5XUNJZX	33051
AQ844NGF8K6GO	33052
AQ861F54U2J7I	33053
AQ8AWYTJ7498P	33054
AQ8B73VXMKST9	33055
AQ8D6OAP7UVCS	33056
AQ8H9W7OXUJLF	33057
AQ8QDBFUEHUQB	33058
AQ8ROA0AYIR6A	33059
AQ90RG3LXQQAS	33060
AQ927GZ9GI7GS	33061
AQ9A7868YXS9E	33062
AQ9I3MAMCEAFN	33063
AQ9JTZBF30IW0	33064
AQA1NR3NNKTS2	33065
AQAHC5776FO1Y	33066
AQARJG1HXA3CL	33067
AQATBG40ISUGR	33068
AQAX4TDRW5DKD	33069
AQB4DH57MSZSC	33070
AQB9Z4YQGBMA8	33071
AQBCL6ZRQJUSY	33072
AQBUOGY1TSW0C	33073
AQBVM6OQFHNS	33074
AQBWBGQW2BD2A	33075
AQC0I7X09Q2QQ	33076
AQC13YQ3J7V8E	33077
AQC1GATFNKHE0	33078
AQC3SPEFPAX1M	33079
AQCFNXDMJ3QY7	33080
AQCO3NE1HSY49	33081
AQCOYMG1UTQI4	33082
AQCQFETBASODN	33083
AQCQKR6T8LUNQ	33084
AQCQUFSR2547V	33085
AQCSSRLVREUUY	33086
AQCYXGGPEAQ5V	33087
AQD3TK1N65VVL	33088
AQDB0HC4GIZVH	33089
AQDO5N94JICTI	33090
AQDRMGDYDR9Y	33091
AQDT0WRK755YD	33092
AQDUJPTWSLH40	33093
AQDUQ4G20AAHU	33094
AQDYRSJ20RTOH	33095
AQE0BDJNEQQB0	33096
AQE2B2QSZG0HY	33097
AQE3N64XZN7Y3	33098
AQE57IDGSAYT1	33099
AQE953RXK0KNQ	33100
AQEBN0TEL695H	33101
AQEH4IL44VEU2	33102
AQETVFCRO2FGK	33103
AQFB2SO584BMY	33104
AQFC1C4JZ5U2R	33105
AQFCM4XCBX7SE	33106
AQFDQVYNLJFT2	33107
AQFKWQK7JQIJW	33108
AQFNWXGFY6DOV	33109
AQFORCKKB6F8I	33110
AQFPDT0JSS2PV	33111
AQFZEKYP1P1LT	33112
AQG6K0WVLULB6	33113
AQG6S7YSV7W11	33114
AQG80SOFS0C58	33115
AQGGK340JR2V9	33116
AQGH8YIYLWPQK	33117
AQGLQR4VAMPNT	33118
AQGM5UEZS2NBG	33119
AQGR1M3I7UOW	33120
AQGTLU4OAX3P0	33121
AQGX3JU17NLM9	33122
AQH2VUPQLLVQK	33123
AQH2ZTCM0UX5B	33124
AQH9PGPM8MC6D	33125
AQH9UP8UL57E3	33126
AQHBF4Z19O7YQ	33127
AQHECLLG6JDIT	33128
AQHJXW7L8PJGL	33129
AQHLJ57UZNNPP	33130
AQHM5BY01R5GQ	33131
AQHU5ZSCY7JLH	33132
AQHVCYCP4PGPC	33133
AQHWALCUG1Q6A	33134
AQHXZAFT2UTS8	33135
AQI12YJY8SM49	33136
AQIJ3ZEEVCIKU	33137
AQIM3L9SLBKJA	33138
AQIWE4TG4UHVH	33139
AQJDYSA8X8KBF	33140
AQJFZ7N93FDWK	33141
AQJN8DSMR4VYB	33142
AQJT4VD2L0PFE	33143
AQJUB96Y7X59A	33144
AQJUBIWM5GPEZ	33145
AQJWVL7YBSMOL	33146
AQJXDDRT0BSKS	33147
AQK62GWEBGXZ7	33148
AQKCLW71I4CNX	33149
AQKPY165JYIXA	33150
AQKT708R3PVG8	33151
AQL0167RXSM6F	33152
AQL5R2M88MXNQ	33153
AQL79RXJEB0IF	33154
AQLAL2BJGQS1L	33155
AQLT4OVRU4DYV	33156
AQM0K7MBBT4AY	33157
AQMGC6GHX4ALA	33158
AQMIL54YPQ41S	33159
AQMLA4ZO16VKR	33160
AQMLGUHB5YE74	33161
AQMRWYZL3J73D	33162
AQMVK5DYI85TL	33163
AQMXL8MX6L4YK	33164
AQN28EU8SQH1Y	33165
AQN81XOARAN3I	33166
AQNBSZSWMV291	33167
AQNSQW4495SG0	33168
AQNZ2KY3XFMUV	33169
AQNZHHAGZ8VBO	33170
AQO0UJGJ7ZXIQ	33171
AQOAPQFMEH22Q	33172
AQOCJ3DCJVFDQ	33173
AQOCPM7OBRF0	33174
AQOCREVQWMV2T	33175
AQOSBXQ72X4SL	33176
AQOT2YFXT7DFQ	33177
AQOTHAIA97ZL3	33178
AQOVCKBMUBVS5	33179
AQOXBSNL9K4AV	33180
AQOZ43W801PPL	33181
AQPBGKCUAJN8	33182
AQPDRA94WJQKW	33183
AQPH7UFOWXFW	33184
AQPK710VA2WGU	33185
AQPRXPT3E6WDR	33186
AQPTS8F7TS7L4	33187
AQQ0U6ZMYQLNL	33188
AQQ3TKI795P5J	33189
AQQ9L6HH31XYG	33190
AQQE5QWFIU82O	33191
AQQETA8O619O	33192
AQQSDRMRLU0QO	33193
AQQUDJC24OTPX	33194
AQQWMOFESYDV3	33195
AQQXHXOMWR8BV	33196
AQR0TLQ2L0Z7K	33197
AQR4HPVSOPS08	33198
AQREGOA044IWN	33199
AQRI0VMHCBZ8Z	33200
AQRLJ54OO4T9T	33201
AQRN1P8RVZQ9V	33202
AQRN2I355LZ3F	33203
AQRRKV6S936V3	33204
AQRS8F5RDH9W4	33205
AQS5RSKAYG874	33206
AQS63BRZVS2AU	33207
AQSFPKQ55VGF8	33208
AQSHAYMU48L7C	33209
AQSRGXTSUPEJT	33210
AQSRXSHKMHRM	33211
AQSYBOFIJ6UCJ	33212
AQT3R6MNBJWPL	33213
AQT8GDY684LRM	33214
AQTB8LGXOUJ32	33215
AQTD6HHJ4Q132	33216
AQTREEANSNEEH	33217
AQTY9J6OD5Y1N	33218
AQU2VEYOCH9YL	33219
AQU8LF60DDJPE	33220
AQUIHBVY9Z608	33221
AQUNOQN431WO	33222
AQUNT007S7VK0	33223
AQUO8QXEQMWP4	33224
AQV26WXMHGVRB	33225
AQV59XNWUKW4D	33226
AQVCY6RTCRVKC	33227
AQVII2DQC1QQC	33228
AQVJU8G2NZBQW	33229
AQVR39SGI6F6S	33230
AQW4FM4E8VJ6J	33231
AQWDOOXD1DXXH	33232
AQWGI7J2PKMCD	33233
AQWGYGS606LSI	33234
AQWMKQGCA4TJP	33235
AQWSPFJS2ENQK	33236
AQX0WSIXFEJ15	33237
AQX8T9SFFK43U	33238
AQXABLUPKYLQX	33239
AQXRS6FAPCK8S	33240
AQY2Q5E6KB4WP	33241
AQY5XBYSENNZQ	33242
AQY6JKMMKFK3	33243
AQY971MQ8S0TT	33244
AQYA4WVR3IWBL	33245
AQYF1YEO0PVVX	33246
AQYIA6NNRKPQ2	33247
AQYKKXV75JE8U	33248
AQYM6MATKABE6	33249
AQYPB0D6ED5Z1	33250
AQYPI74P7P25I	33251
AQYPMVQKPSMK2	33252
AQYTV71YAAN4T	33253
AQYYUN3T7B0WM	33254
AQZ4PHIEEV5N5	33255
AQZ64R6S3R1VF	33256
AQZ7HAGKP59CV	33257
AQZF0DFQFXTJG	33258
AQZIF3KZDK3LG	33259
AQZISX8624PQA	33260
AQZSWZTO2368E	33261
AQZYFIBDD1WCQ	33262
AR01EILXDSNBV	33263
AR0BH3H9ZWUCW	33264
AR0ESWSTCJNMK	33265
AR0QOXIQ7ZOKY	33266
AR0TID0Y19R2X	33267
AR12RPE5OFFIE	33268
AR1CEBSYJS2Q0	33269
AR1HHA1ZU3SWU	33270
AR1SOMCHF26GI	33271
AR1T35E1Z5H46	33272
AR20VNEVHS7X7	33273
AR23BT2FF7UFB	33274
AR29QK6HPFYZ4	33275
AR2ETQ67PPXXR	33276
AR2IKIJRHKB3G	33277
AR2TYS8H0RKTG	33278
AR2WRROF6SOQV	33279
AR2YG7VMC6T1P	33280
AR2YVDI1CN1ZG	33281
AR30VXDOEHQ6X	33282
AR31E16VYHFOW	33283
AR34I6R36F6PW	33284
AR368X4H63U23	33285
AR3CP6IUKNG04	33286
AR3ELKW3QEOQ5	33287
AR3EVUQF0AC7R	33288
AR3HNMTI2TV87	33289
AR3HOS0J6YAF3	33290
AR3PB5C7WK6Y7	33291
AR3UP8Q9L3K3N	33292
AR3V0USNG5FO	33293
AR3V1RS75UVRW	33294
AR3ZUQ0MSFNQA	33295
AR48K9X5YVVPW	33296
AR4NURQ42A0Q5	33297
AR4PARM3KOI7K	33298
AR4QQCKGL6HSJ	33299
AR4XHAY5NVIAQ	33300
AR4YX6VCAZNXZ	33301
AR51KQAN746X4	33302
AR52M1AHFHGRY	33303
AR53W0MAEQRJ9	33304
AR5EOHEB2LU7M	33305
AR5QX0JF5A9X	33306
AR5SS36GC1UEP	33307
AR5TAXR46YB4L	33308
AR5XJEZR0LWWW	33309
AR5ZEXIPWBDM7	33310
AR623SS9A98VZ	33311
AR63VC99XR4LY	33312
AR63VIREUKFJH	33313
AR64GMF011CHR	33314
AR6CHWLBG58ZN	33315
AR6MOV9DYXSIW	33316
AR6WT6R3NY8AJ	33317
AR762Z796Z6H1	33318
AR7DDYZNJSSSK	33319
AR7E7GX3HW9WR	33320
AR7ECZHSW2NQM	33321
AR7FJCVZAS1OO	33322
AR7KH0F6JYVLM	33323
AR7NQ4SR4MHAL	33324
AR7UOHIDQCV33	33325
AR7VRHZ2R3THP	33326
AR7X2HBYAKPSG	33327
AR826QIOWX05D	33328
AR8HGOPHOAUA0	33329
AR8IZS34VKIMW	33330
AR8QZLDKSR96D	33331
AR9BLVXG1ZVRA	33332
AR9N3CZ06G99C	33333
AR9ZOUQV552O3	33334
AR9ZVYNATU2W0	33335
ARA58VOPRZ0V6	33336
ARA9W10Q7U1H0	33337
ARAD3WOPAF8I7	33338
ARAEWTLXHZ95J	33339
ARAJ1Z5EAG010	33340
ARAKTT5M3DDYA	33341
ARAPF2I4H19Q3	33342
ARAY6XGPPHY41	33343
ARB298OVNTRGJ	33344
ARB38LK2ZLCI7	33345
ARBBE51C56SK5	33346
ARBDSKOPDHCDA	33347
ARBFDIVJ7DMZW	33348
ARBKYIVNYWK3C	33349
ARBODIKVFU51	33350
ARBPMG6FUURMG	33351
ARCBTAZRBBBE5	33352
ARCCRJCZSGT6B	33353
ARCDJMPNQLJXV	33354
ARCHPORI3QS95	33355
ARCIZ45QALD7B	33356
ARCRRF9N99NKF	33357
ARCTVFQO8OAXD	33358
ARCUQZ8FT9LZE	33359
ARCZFYP008AW	33360
ARD0BL0ACIW49	33361
ARD73GXZI9HDZ	33362
ARD9H4B6BGACX	33363
ARD9X7JD68IS0	33364
ARDB79V42CX6P	33365
ARDC7YVI1M5J3	33366
ARDJ0RD5NYEZ4	33367
ARDJ2NHNAZB20	33368
ARDO7Q29BGCYQ	33369
ARE879SUUYGVP	33370
ARE9V31UFN860	33371
AREGCNOJN41VU	33372
AREUKNK6M6YI0	33373
ARF6X1SXESTSX	33374
ARFAER9DWCUWP	33375
ARFCT0L4FRKV5	33376
ARFI5Y23Z9RSA	33377
ARFRKSZXZF0PS	33378
ARFVAE8LW077T	33379
ARGRSNVUXXMP2	33380
ARGSB0B5IT06O	33381
ARGTEGDDWFEA	33382
ARGTPP1YPRPT3	33383
ARGX3HRY943MH	33384
ARH3HZAWCUWLO	33385
ARHARD5GC9ZU	33386
ARHBKPDOREUTX	33387
ARHD5NGHLPYVW	33388
ARHFIMZV130FX	33389
ARHJIHRRPTFX9	33390
ARHKMQCH6QSHT	33391
ARHN0Z262AGE7	33392
ARHS12O26ZPFN	33393
ARHUPRB7FEGW8	33394
ARHX9OBIMBSZI	33395
ARI0MOJFEH87F	33396
ARIC00M54T1YD	33397
ARIDN94LOCQFD	33398
ARIDPKGQFG1C4	33399
ARIERG7NXHV99	33400
ARIG4XQ91G01I	33401
ARIIZRG2T6O71	33402
ARIO6GBFUBUR7	33403
ARJ12R080PM4S	33404
ARJ3W2S9WDQ7A	33405
ARJ7HJAS8T2W8	33406
ARJBI2V6ET8A4	33407
ARJRX32VA3DPK	33408
ARJZ59H0385HH	33409
ARK58HI8342MJ	33410
ARK5SAGVLW3FY	33411
ARKH4SOOG8C15	33412
ARKLNLD842TE4	33413
ARKLZWDOQIY2Y	33414
ARKU023KCE7W8	33415
ARL0U6365B7OJ	33416
ARL9WLE2T4EO6	33417
ARLIVM1C7EPE6	33418
ARLSBBGCMY2ZL	33419
ARM36NV01XIZM	33420
ARM4DJTKYRUMZ	33421
ARM7C4UCTZQQC	33422
ARMHJL8PJ47E	33423
ARMQ9S0DCF5UP	33424
ARMW4195VIDLC	33425
ARMYCJ2WKBHB6	33426
ARMYV8NWVA3YT	33427
ARMYZUMK3VQM4	33428
ARN1M0FYW1N2N	33429
ARN4VPKC857RU	33430
ARNAXB5V38JXR	33431
ARNPJ2AKJYB33	33432
ARNSIMLKU7PT6	33433
ARO1SVN5BYEOD	33434
ARO2VTSIZS6BT	33435
ARO2YNQ27BPFN	33436
ARO8EUFSG29PK	33437
AROJLZHFD4NV8	33438
AROLVNYA1SQCG	33439
AROMS54MKFCBP	33440
ARONGNCV7AM1Y	33441
ARONI7W0W677H	33442
AROONQJIT81CV	33443
AROOXKHGNOUEJ	33444
AROOYR32BS1VL	33445
AROQOBYRG39VR	33446
AROY8A83R0F8S	33447
ARP8UHKLMHTM4	33448
ARPAG9ISP4XZV	33449
ARPB88E6F2MFR	33450
ARPDVBJWAW9E7	33451
ARPG35UEGUML5	33452
ARPGPYYIXGGM2	33453
ARPVMX2CYKUYO	33454
ARPY7NG9VFHNG	33455
ARQ0JJBPEUSN	33456
ARQ1AIQRTOX91	33457
ARQ1UQLAY5I1E	33458
ARQN58K4TX3NI	33459
ARQPQ8LF5NTEZ	33460
ARQR3GG2YUWO8	33461
ARQZEE0LA1PBB	33462
ARQZQ0TZCYRMH	33463
ARR4IR56SZGFY	33464
ARRGNJ7PI87QF	33465
ARRLZTI736TFT	33466
ARRNOA2H9V4ZZ	33467
ARRS8LCT9Q2SF	33468
ARRVWIOJEJYZE	33469
ARS0OAKTNX4I9	33470
ARS39PBKE0I5	33471
ARSEDHAH2QXYH	33472
ARSEP2BDUUV	33473
ARSKLS4MZLYIW	33474
ARSM6MA22IBYE	33475
ARSSOKY64C7QE	33476
ARSTHBS3VLLXV	33477
ARSTUGDBIDXXO	33478
ARSWDOFU8YKZV	33479
ART0ANWA3X6DV	33480
ART5NS1NC1T07	33481
ART5V5NGOJETW	33482
ART9KARBQWWAJ	33483
ARTDFXKS45H3	33484
ARTFXL2G11X96	33485
ARTH4Q4TDFXOY	33486
ARTI7F3D22858	33487
ARTRFSZQPWY9I	33488
ARTSSZHO3ZYYR	33489
ARU1JHW0663V9	33490
ARU6MP0KURN4E	33491
ARUOQVPBSKNEY	33492
ARUR102NBUZZP	33493
ARURCKZ80BFBE	33494
ARUSLCI2UAPST	33495
ARUXKCCFT2JM1	33496
ARVGKGLACDHQC	33497
ARVL2KZD661RQ	33498
ARVPLL0RWVXCZ	33499
ARVQUOKCMODM3	33500
ARVW5GNMO9QU7	33501
ARVXMOFZ59GVU	33502
ARVYO79FSFSI6	33503
ARW2H30WF0TYE	33504
ARW6M8B4JJ6DJ	33505
ARWGHMIEH0IRP	33506
ARWNF14GMQEON	33507
ARWPNRQD5EO3F	33508
ARWX047BQ3VBI	33509
ARXERFVBRWWPJ	33510
ARXLXD4LGIW19	33511
ARXU3540UBXVV	33512
ARXU3FESTWMJJ	33513
ARXUITW9U0HDS	33514
ARXXBT7KN6BGE	33515
ARYI6QWIZS1YJ	33516
ARYQVTCFFT1JL	33517
ARYTMWHEN8JF3	33518
ARZ6EMQ7DNUTI	33519
ARZ7G00VF5FYJ	33520
ARZGE01P26J8X	33521
ARZGOEEYT67CN	33522
ARZIFG9FDZ2NB	33523
ARZJUEJ3P7NP7	33524
ARZLW6MFV58E9	33525
ARZOBFN1990MU	33526
ARZX4FYUOUIBG	33527
ARZZXX800QK0J	33528
AS035WUAUHUOF	33529
AS0F3YCV5DZEZ	33530
AS0FU8ITAWVBB	33531
AS0JS97T8862A	33532
AS0OKEO7BD1NK	33533
AS0PBGIEVOJDK	33534
AS0RNYRU3YTWW	33535
AS0ZRUY764XTV	33536
AS141ADSV4RQF	33537
AS1B9M2B6R8JT	33538
AS1CZXBBUVEAL	33539
AS1EIJTSIUKCI	33540
AS1FG4AGUE44C	33541
AS1GZQ2D8WN5Q	33542
AS1HODBTW58PF	33543
AS1IQTIZ8EV05	33544
AS1JVQNFKMRSA	33545
AS1M88N4CKRJA	33546
AS1NXAJF2YD2S	33547
AS1WYI4IX1TFD	33548
AS1Z7HAKZ1800	33549
AS1ZZY6ROMEFC	33550
AS22M37U10FI9	33551
AS24MNNIWSD4C	33552
AS27N4PW4DE4	33553
AS28WVBBZ3G99	33554
AS2II0671KT2C	33555
AS2N9MOVBXBY8	33556
AS2TX7V9Q255X	33557
AS2WEUFJ7UM9J	33558
AS2XI2V7CARBV	33559
AS2XMG92KA2B5	33560
AS2YF7K3EVFJM	33561
AS2YLGCQCUSI	33562
AS3FUVL6KROPP	33563
AS3IRZCQEG0L6	33564
AS3KSQSKCH878	33565
AS3R7D2YWXIN5	33566
AS3RK7PHI4HF8	33567
AS442SAG9R7VO	33568
AS44LNKX4YGC9	33569
AS44QEHT3KSPK	33570
AS48Z5UBCIYGG	33571
AS4A8GH1B5QBP	33572
AS4GZO7V5BEGB	33573
AS4PVSQP4I8EM	33574
AS4R2J9Z82S95	33575
AS4R3I9KU5JVH	33576
AS50NLP1YVMNI	33577
AS539JB12EBZR	33578
AS54HNE2COPCF	33579
AS556F9SDK2DQ	33580
AS5U6KJAAGV45	33581
AS5X013QIXBXC	33582
AS60S40DLAS2J	33583
AS628XA4MG5NE	33584
AS65GIIPYY2P3	33585
AS65L3A9I2ES6	33586
AS67DQHLCRD1V	33587
AS68424YO3OL6	33588
AS6ACA9GBIHO5	33589
AS6ICSVRO68GD	33590
AS6NATWXAFOD2	33591
AS6SH2JM2YY3H	33592
AS6XTIX0K73PN	33593
AS7C9JO6BGKBL	33594
AS7J4952JB5XR	33595
AS7KCCCL764O9	33596
AS7M6108JQY56	33597
AS7OCXSIOOEUT	33598
AS7R911I3JM2Z	33599
AS7XIXW18SR79	33600
AS80I4HAUHXY8	33601
AS83YV4WK5KFT	33602
AS84GY79DH554	33603
AS8849FSQZKS6	33604
AS8984CRFM1OS	33605
AS8BUTDLE2BY5	33606
AS8C336DDLSO4	33607
AS8D1GSXY637U	33608
AS8KG129TSOPM	33609
AS8MKW547BJ49	33610
AS8TE1SDZ3ER8	33611
AS935YJ1LIR5K	33612
AS97Z2TIG6DZA	33613
AS9AT91XJZ44B	33614
AS9BUHSQ1NIUJ	33615
AS9DCGW0Z76XM	33616
AS9E7ZQ2HFBZQ	33617
AS9GECYCZEI2Y	33618
AS9JCZ73ILSML	33619
AS9KW7XLSK78P	33620
ASA5RSXOAVT12	33621
ASA9XKH1DJNLS	33622
ASA9ZIFAN7W8A	33623
ASAE723AV7MYO	33624
ASAK9IKETS2UZ	33625
ASAN27WMD1T9D	33626
ASAR241Z77VQ0	33627
ASAUDLHZPWWVS	33628
ASAWQWJ7AF5NF	33629
ASB3I72NYIIFE	33630
ASB4QQBKZD6W2	33631
ASB7THP27C5SN	33632
ASB9VS2B6XWRU	33633
ASBBWLHZ0UO3T	33634
ASBJ67EWEBWTZ	33635
ASBMQ05A96U1E	33636
ASBMXF2P1P8HA	33637
ASBP0Y6V2DL8X	33638
ASC1M0SVQQZUY	33639
ASC7FDK1MTEBI	33640
ASCABGWDZS1FU	33641
ASCBJEPXTOU0V	33642
ASCHINGQ023ZD	33643
ASCOOYZBBCYXY	33644
ASCPMFIG9W82Z	33645
ASCU3MGNCYO6P	33646
ASD7LAINVLNHC	33647
ASD8H5PFILZYY	33648
ASDCZ7NGP2PLN	33649
ASDCZEBRP5P66	33650
ASDEJ8NCJP1IH	33651
ASDYXS80RUUO0	33652
ASE2121ZMQYTD	33653
ASEB4OTLFYK0C	33654
ASEH02I5697XU	33655
ASEO2H2VOSFXR	33656
ASEPY5KHCW33U	33657
ASEV3UG6XKYM4	33658
ASEWIMPZU2UC7	33659
ASEX8LA7AHQ0Z	33660
ASEZTJV89KAYN	33661
ASF0LJ5NP39BM	33662
ASF3J4UYV34KA	33663
ASF9G0D1VCV54	33664
ASFJLD3IM4BWX	33665
ASFNAU0ZZ4OX0	33666
ASFP250F22MDZ	33667
ASFTF6DWZB584	33668
ASFW4ZMNZJKDA	33669
ASFYX83NZ1NCE	33670
ASG42G9QTBUX1	33671
ASG87BTM7WT3D	33672
ASGH3OVRQM1FG	33673
ASGL4FBI6GZW0	33674
ASGRCZLCNBELE	33675
ASGY4504UHOJO	33676
ASH07EY7KRVU0	33677
ASH0DZQQF6AIZ	33678
ASH77U5CR3MC6	33679
ASHEM0FHC76WI	33680
ASHJAZC9OA9NS	33681
ASHNT6AP2H0XB	33682
ASI2ZJPSH1XLT	33683
ASIAAI9X377U0	33684
ASINHDTHIPXT7	33685
ASIO1IJMDGFKU	33686
ASIOEM867DEUY	33687
ASIQE7YQGQ09Q	33688
ASIR5MR8RX5AY	33689
ASIRCYDYZ0D4B	33690
ASIT13CWSOUHS	33691
ASJAKUAH5EQPI	33692
ASJE1XJY3EIN2	33693
ASJEWZFN0S1Q0	33694
ASJJEA0R04II2	33695
ASJLDUTZ61KKS	33696
ASJLXOX1VD4DF	33697
ASJOHXO485WZ4	33698
ASJVS1F3BVRFB	33699
ASJZT7DM51QEM	33700
ASK19CU77ZCK8	33701
ASKNSXNXNJH5P	33702
ASKZO80Z1RKTR	33703
ASL1G8LY53MX9	33704
ASLBS2V7DCGD4	33705
ASLMP1L3JIZ8G	33706
ASLVBU7PPI60E	33707
ASM1IFWPQBJFG	33708
ASM1O7M1NKV8V	33709
ASMF3HV0MVZMH	33710
ASMLRS1KFT2RG	33711
ASMLXFDK29MKF	33712
ASMMILSN6QOYH	33713
ASMR3VEXM6AQ8	33714
ASN8NQKB8PK5O	33715
ASNE3Y2I636J4	33716
ASNGEUJ0LCACM	33717
ASNT2OAEETC0I	33718
ASNUH33NHTQG7	33719
ASNW8MGNC91D2	33720
ASNWJ5XF3ACNX	33721
ASO5UIVULSB3Q	33722
ASO6WWP4GLBBD	33723
ASODGFY0VGAN7	33724
ASOEVM41H1O68	33725
ASOO0Q60D7H85	33726
ASOU1OEHLJVK	33727
ASOVZO8GTQDWZ	33728
ASP02IG9EZ4KJ	33729
ASPC5C2DMGZVP	33730
ASPER0KSPHISK	33731
ASPL0SF3VVEZH	33732
ASPMMRGR467F1	33733
ASPN95ORQQDS0	33734
ASPSTVT1VI6SF	33735
ASPVQC61QD7OY	33736
ASQ2R1K6IMBEE	33737
ASQ5357GTL3PV	33738
ASQICLPAJ7WYG	33739
ASQJPCQRQJ5NA	33740
ASQJWVNWYUX0X	33741
ASQPQ9VP11AKD	33742
ASR00X1SVNJOC	33743
ASR0JFWI71FVR	33744
ASR7145BJLFIW	33745
ASRBMQSUG4Y3C	33746
ASRCQMBSMC3HA	33747
ASRE57ESF54FE	33748
ASREZFXN55U2R	33749
ASRMQKJPGC6W2	33750
ASRSJMRKEWWVF	33751
ASRT7YS0RH5SD	33752
ASS9VJPZDSSGR	33753
ASSF91B5K6PDG	33754
ASSHPKQBFZPB5	33755
ASSVIOFBZZ7T1	33756
ASSWT96453MFN	33757
ASSY47C6YEJ9C	33758
AST7CXBS7A6IR	33759
ASTDOS0YYL3VK	33760
ASTIN9NNUE8SO	33761
ASTJZKN6AFRS	33762
ASTN4Q9E5IX9Y	33763
ASTOSGXLJTFH3	33764
ASTQ7XEW35DHP	33765
ASTUWI3131KFV	33766
ASU90XOGDC02M	33767
ASUM2P2P9RWNQ	33768
ASUMOSAG820MR	33769
ASUND4356898C	33770
ASUQ3WORBO3RY	33771
ASUSOATRZ0KFO	33772
ASUTIQEEUFS7C	33773
ASV3E7AZB0UOA	33774
ASVGNA8RH604Z	33775
ASVHMX26PO9WU	33776
ASVPO5I9DB8L1	33777
ASW22V6LI995Z	33778
ASW66VC3E3GQ5	33779
ASWHAWQ4Q1NF7	33780
ASWO4NAPLXMTN	33781
ASWQ1KJQFJYWX	33782
ASXMN0SDIQCS0	33783
ASXNG5IBH34LW	33784
ASY2FU5IWLKJ7	33785
ASY4YLO36SK7E	33786
ASYJKDQYOG2MM	33787
ASYLDN5FM0A01	33788
ASYVSKZROYOR7	33789
ASYWEZ4UKLB8H	33790
ASZETQG9D00O6	33791
ASZFC2LHW4WGF	33792
ASZQKWKKXS0TF	33793
ASZZAC3KYSIYK	33794
AT0CT66DAFIVU	33795
AT0GS20KPA42Y	33796
AT0O3TN2GYZT5	33797
AT0OQ39WOL4VX	33798
AT0S4J6J4DVEG	33799
AT13W249LT9BJ	33800
AT1400V2512QA	33801
AT19ORYN4YNDM	33802
AT1AHK8YNGRIM	33803
AT1F01Y56NN93	33804
AT1RF4WNPGGLC	33805
AT1RSWO5IDFQ7	33806
AT1T9DMR7V5W6	33807
AT1VILJACXZIT	33808
AT27PB24FEQN9	33809
AT28RL25Q2OLK	33810
AT2B09GXMASIF	33811
AT2CQSD2BHB3N	33812
AT2EBT8Q92OBE	33813
AT2M67P5I23VI	33814
AT2M9VOOSH1ZA	33815
AT2NLOCO3X3E9	33816
AT2PZ2MBON14J	33817
AT2Q06W05OBO1	33818
AT2WE6F1UIFA0	33819
AT32XM87VL3RG	33820
AT36KXFP41HBF	33821
AT3M3LQ3J2Z1X	33822
AT3NASB6L474B	33823
AT3NL2L8N5GD4	33824
AT3P5KJQPK8H3	33825
AT3P5M14UHVCX	33826
AT3T1WEB89OIL	33827
AT3TTS2XITSI6	33828
AT49A45FKN1VW	33829
AT4AHH6JLVNMT	33830
AT4IIFA4ITFPX	33831
AT4N9JCD1FXWO	33832
AT4RTSHZQ7EMH	33833
AT50NEEGABM1G	33834
AT53ZTTO707MB	33835
AT56YYLDRK8CM	33836
AT5DKIRB4TWBS	33837
AT5EAX9ALWLIA	33838
AT5F1MKA8C2IZ	33839
AT5M6BMGRD963	33840
AT5RP434NV8OG	33841
AT5T6RQYXBA3V	33842
AT5U1IG7Y2QG3	33843
AT615GK1M0SDU	33844
AT615IBPMX502	33845
AT6CZDCP4TRGA	33846
AT6LQZB8OV528	33847
AT6TP2T9JI0I8	33848
AT6XD41ZFEZ7L	33849
AT6XXLXTA2VEQ	33850
AT765ZH0OCYKF	33851
AT78K1ZMHDJPB	33852
AT7F3O6UCVGRD	33853
AT7HXU4JSL2CR	33854
AT7J336XNF31P	33855
AT7NUMBGTCEXT	33856
AT7T425LWT51N	33857
AT7UTIPV0XTDK	33858
AT8JRJINCZTH2	33859
AT8TS7XTO8TIE	33860
AT8Z5X5QNIQRS	33861
AT9254GWBBOTC	33862
AT94BH5KB83AS	33863
AT991J3Y07HNA	33864
AT9BXQGG1TUVY	33865
AT9F7QISFJSWF	33866
AT9HOYKIXY4FC	33867
AT9KOFEAC2SNR	33868
AT9LC9H9XNT9P	33869
AT9Z4FWR847HL	33870
ATA2PL4178LBP	33871
ATA4PLROMQSAU	33872
ATAAOA0PWHBG8	33873
ATAHMAAKW5ZQA	33874
ATAIWJS7UAV4R	33875
ATALHQI1PU05Q	33876
ATAS1JU2SXBL4	33877
ATAWUDNEDD40U	33878
ATB2WYPHMUQSR	33879
ATBBDV1HJIGPV	33880
ATBIBRHG3MNXC	33881
ATBNLV0HF9JKV	33882
ATBRH3U3KP55S	33883
ATBS2J36OGYSU	33884
ATBZ3LWDMKL7E	33885
ATCL00P7C2KUG	33886
ATD02TDCN0Q2W	33887
ATD1E02QQXH7O	33888
ATDC2FAS4WJDS	33889
ATDCXJZ1IG9W5	33890
ATDE9JYCPI0L1	33891
ATDL0WGO90USP	33892
ATDS5KHETV0FU	33893
ATDU3E6MELIMF	33894
ATDWDJYJZ9QYX	33895
ATE4XAEZYSYFZ	33896
ATE513DV5CQBG	33897
ATEEL40SX1MO9	33898
ATEF6RSP52QWO	33899
ATES0D9IP62I2	33900
ATESDW9FQYN0Q	33901
ATF28M4C5EVFF	33902
ATFBVUXDIRXT6	33903
ATFGV6REZKO16	33904
ATFRPCDW83HU	33905
ATFRSYAODM3SK	33906
ATFT1IHZECTPC	33907
ATG04YB7C9WM7	33908
ATG0QL3DXMIR0	33909
ATG8QMJVASCKD	33910
ATGJW3UYLGZ3	33911
ATGKUIWOY6M5X	33912
ATGLHCY1BZ0TO	33913
ATGUD6BO44IM0	33914
ATGW9GXKQ39I4	33915
ATGWK37YSPK7U	33916
ATH01A5ZBZJUR	33917
ATH29E344DQUV	33918
ATHLLRRGYOIUZ	33919
ATHOO19XMBCHV	33920
ATHW9G4DRO1O9	33921
ATI049RQP3XUU	33922
ATI74A67JQLA3	33923
ATI80DG9LL30X	33924
ATI81CDK0974W	33925
ATIESTXNUFNSW	33926
ATIPPIIBMRNFL	33927
ATIRRBN3K5WOH	33928
ATIZ1TQJR6NHK	33929
ATIZODZJRGW7K	33930
ATJ22NADXNLD9	33931
ATJE929ETFFNH	33932
ATJHDN4ZORWAJ	33933
ATJJCEF1OCID3	33934
ATJN91PH28F6T	33935
ATJOVP7P6JRPU	33936
ATJQOAUHB5XB8	33937
ATK0I1GVC0XCU	33938
ATK0TPOYO0OHF	33939
ATK1NZQLFNF5I	33940
ATK7JSHTMG52C	33941
ATKJPY7D69X5A	33942
ATKVHZUVRMIUR	33943
ATL255FB2LXUL	33944
ATL93WTPGGMA1	33945
ATLA5CJH0ZZHP	33946
ATLCEY1YIP1DG	33947
ATLCPJ405WHNJ	33948
ATLPLIQL1FTNM	33949
ATLSR3QVN9URK	33950
ATLUT3BNIKGHJ	33951
ATLW0HCU3IJY4	33952
ATLW56HSGAPKD	33953
ATLW8RJ526V4A	33954
ATLZNVLYKP9AZ	33955
ATM9RQI7FHTGI	33956
ATMIJZHRA7W5Y	33957
ATMQ311QH86HN	33958
ATMQEI1LKR6VB	33959
ATMQFK1UA9QX0	33960
ATMR2RU7TU69L	33961
ATMTEG31O6555	33962
ATN13F4QCHTUA	33963
ATN4J5VS8Q0YM	33964
ATN5QUGOZLOU9	33965
ATNANP0RJKG4J	33966
ATNGLJ4QR2PJG	33967
ATNOI7E8GTIVE	33968
ATNQUBJ8BKC4V	33969
ATNTV0VDOXY0N	33970
ATNZ6ZION5HI1	33971
ATOCL9DM169J	33972
ATOEH2CFGED1T	33973
ATOGPZKOA5QKQ	33974
ATOH0MRUPBBY	33975
ATOKT8QYK967L	33976
ATOLDQVZGMTLP	33977
ATON695LNTUMK	33978
ATORJ0JZC0NH8	33979
ATORMIX4CL0DM	33980
ATOSV5RJMN5E2	33981
ATOU63RU2ZZ2Y	33982
ATP1LO1DC695M	33983
ATP6JFUZH1LKT	33984
ATPCNB0VHIKK8	33985
ATPCW83WC8PUL	33986
ATPESMRWJ8SUN	33987
ATPKR8MJ155MK	33988
ATPMB9O1N9JYM	33989
ATPOUM9DEKYAF	33990
ATPP3IWN4S9PW	33991
ATPSTRBB0NGFQ	33992
ATQ0GLFRWK3ZU	33993
ATQB96WKW8HVA	33994
ATQHMHD2XVDDD	33995
ATQQG4M9DKZJ9	33996
ATQZC8WJIANVT	33997
ATR6SJF99UPJ	33998
ATR7WIWBITHAK	33999
ATRAO9MNR8PV9	34000
ATRJJF8S4ECUK	34001
ATRQ1UU96C5G4	34002
ATS2WT3X6N35G	34003
ATS4VZ2LSZHYF	34004
ATSA396EACLAX	34005
ATSR2L4FZVO8Z	34006
ATT93G6F0VI0B	34007
ATTEO0EK4YK0D	34008
ATTIYU03VOHX4	34009
ATTJ64S55G4AU	34010
ATTK7J5JWVDYD	34011
ATTSDRJY4HBJW	34012
ATTVNK47YZG89	34013
ATU4C4CU7XF5O	34014
ATU4OPZP3ET3U	34015
ATU87UIMQIT3B	34016
ATULAV9BDRXV0	34017
ATUOOTJEGR3KI	34018
ATUPSQY6YRFEJ	34019
ATV1LFQC5J4YU	34020
ATV1LVNEECNA3	34021
ATV2WCRVLSXMA	34022
ATV7EQ6RYGUBC	34023
ATVBKK7Z1HV7C	34024
ATVJGIZULVMJ2	34025
ATVQTZBOBQ5XC	34026
ATW0HY3OQ10LW	34027
ATW6K3CCIORLU	34028
ATWD9RW36KB2O	34029
ATWO5DIP5Z9YE	34030
ATWTPHRRPCGHO	34031
ATWYIYO50CO27	34032
ATX9L4M3WRODK	34033
ATXBK7J60WPRY	34034
ATXCUM4YZSGTG	34035
ATXP5JK13VY2E	34036
ATXRV6Z3N08ZX	34037
ATXS5PY1QV2UO	34038
ATXWVGLKWDPX4	34039
ATY36VMJGSFU3	34040
ATYCD1CKB62QM	34041
ATYD8RNGEKM1T	34042
ATYFNXDV0WFAL	34043
ATYJNDL28SV97	34044
ATYUQROTHLNYV	34045
ATYXS8ALE985J	34046
ATYZOXQTYA66T	34047
ATZ4J6SWWC3IB	34048
ATZ6H2FS4IKQ2	34049
ATZ6UE4KWTYS6	34050
ATZAJP5S0RX7S	34051
ATZB7WTCH7QO5	34052
ATZFZONPLXQJN	34053
ATZJNEXX7LWD3	34054
ATZJY6WA3PPHR	34055
ATZOZEZJ831UB	34056
ATZVSGU1DLK17	34057
ATZWWIKSLFO2M	34058
AU0766JBJDW2V	34059
AU0JB5M1Y0L5Z	34060
AU0O7N1AGKQYE	34061
AU0P7DQWD1SND	34062
AU0VQG8D07R9L	34063
AU0YLRAW9M2SM	34064
AU0ZJQWZFKHF4	34065
AU10X3TYC8BUR	34066
AU11R9QF65EH3	34067
AU129PNIELJ6I	34068
AU18BIBNCO8CE	34069
AU1QBIBK0RJ0W	34070
AU1QZ1GAGLX3G	34071
AU1SITY44MXY5	34072
AU1SKSAF00JJH	34073
AU21AJ9Z5RDMY	34074
AU2F2ZWRBTLK4	34075
AU2M4Y3ZG4FKR	34076
AU2O9AZJNO5DC	34077
AU2OO4YKNMUS7	34078
AU2QC1ERMDL7Q	34079
AU2U02IOC2H6T	34080
AU2U3S3JIBYLJ	34081
AU32IYWGVAF4I	34082
AU37OYO5V3F1H	34083
AU3G9JWLC7ZXX	34084
AU3GYRAKBUAEU	34085
AU3L7YGYNHTWV	34086
AU3MVNMVFSIM	34087
AU3NDT5ZKTCH4	34088
AU3QYOOVUMDMH	34089
AU40L6IBJ4OAJ	34090
AU41O9760ON0I	34091
AU461JQN7IJ4C	34092
AU4FDNOG9AJT7	34093
AU511Q770HHXE	34094
AU51MCINVNN3T	34095
AU53E4UYDQ9U6	34096
AU54DPBMOXM6R	34097
AU559TZNAIHNQ	34098
AU585JF7MC03L	34099
AU5I2K87L974	34100
AU5I9DBETWBQ1	34101
AU5LG2YXRNWZQ	34102
AU5N9FMEGH35X	34103
AU5UH7AVFNLI9	34104
AU60ZKH09QEH	34105
AU65IV4FOAJW3	34106
AU6934UFLOBMV	34107
AU6997RDG2KL0	34108
AU6AYKG5PLCTC	34109
AU6D75TMB3OEX	34110
AU6EXXX5HA29T	34111
AU6K8EFPFGMXW	34112
AU6KEMPG5GN3K	34113
AU6TCHVL1X821	34114
AU6X9OWZ184O5	34115
AU77F5PI2NQJ2	34116
AU783QDK08G5V	34117
AU7CJA88RXAZE	34118
AU7GTAMEHZUAY	34119
AU7ML6WB551XC	34120
AU7O296O6PXZM	34121
AU7WAUXOXW7F1	34122
AU7Y889P1SKE5	34123
AU800F1G89E2K	34124
AU83W6YMKFCL3	34125
AU86UCLA61QH7	34126
AU8B3BXZDEGKM	34127
AU8DG45YSTEBZ	34128
AU8ED357LR5GW	34129
AU8OTJTZ33K6K	34130
AU8RNHK60NJ19	34131
AU8RSS91CDTEF	34132
AU8T39VW5GVWI	34133
AU8YK8VG08XI3	34134
AU92N9FCBQR31	34135
AU93FPD5INYL9	34136
AU995ERH7J4YO	34137
AU9AARLLO13PT	34138
AU9AQ9EJSFMTI	34139
AU9G03JVEXTNQ	34140
AU9VY4PZULVOT	34141
AU9YKH8MZNZH	34142
AUA1JILG16YCX	34143
AUA30LC6IN3HZ	34144
AUA86WETAKBL4	34145
AUAA8ILTO97CN	34146
AUAKRH8QRTEKD	34147
AUAX1QWUCYKSX	34148
AUB50GBI9T37Z	34149
AUB7W10GTWXF2	34150
AUBD0BNX6AX9G	34151
AUBF2GKPJNLHV	34152
AUBFKYXOWA6A0	34153
AUBKGR9NIN337	34154
AUBKXJYRKGOF4	34155
AUBMLDQXJB1HR	34156
AUBVMQ21XHV52	34157
AUBZL78F98TRN	34158
AUC065IU5CEY6	34159
AUC158ERSH1Q7	34160
AUC2FXXU32BOK	34161
AUC48R285RH62	34162
AUC59UZ8IQA9L	34163
AUCDTYHPR7FB7	34164
AUCE6JGJQ6QZC	34165
AUCGD1G9DL8GD	34166
AUCISQA1YXX86	34167
AUCN264SOMLEF	34168
AUCTXRG1WYQBI	34169
AUD70I5FCV5CS	34170
AUDIDU7BMH82A	34171
AUDNXYZ2CBU7Y	34172
AUDPYLVUXW943	34173
AUDU5MIR5FS8P	34174
AUE1COKQHSPC8	34175
AUE1YLH1GT266	34176
AUE2DX1GGJ4WY	34177
AUE80O1XOEVAB	34178
AUEK6KM2T5XZ5	34179
AUEPJ58FBBDFT	34180
AUEREPNQS09H	34181
AUEW0SKOB1XYF	34182
AUEZ029EW5BF5	34183
AUF0CMG4DL5EC	34184
AUFHY3TZNAW8U	34185
AUFI212X7KIUK	34186
AUFI2Q02XO6US	34187
AUFL3TQDVJQ3C	34188
AUFO7UESIQXTI	34189
AUFOP4W1IRLRJ	34190
AUFPO7PEGCPKQ	34191
AUFQAW09QHC23	34192
AUFV9A5N83JS9	34193
AUFWHGO8HV8ZH	34194
AUFYDORY3DVSJ	34195
AUG1UQHLEKSL2	34196
AUG724WCK0RYU	34197
AUGCJMU1YCELI	34198
AUGJJNPCLH5FH	34199
AUGJLM8KCXLAE	34200
AUGUC25FTVIJI	34201
AUGXK02BJ3GP9	34202
AUGZDPBYQPVJ0	34203
AUH0TJLUUEN8Z	34204
AUH0ZOW0SW9S7	34205
AUH9COLTLOKXQ	34206
AUHFEZ49VF4W7	34207
AUHINL8RYCFLP	34208
AUHM8KSULZI5T	34209
AUHT4M1W3G7PJ	34210
AUHZLHUVCRN00	34211
AUHZLUPPALMBM	34212
AUICI5P9MNKOQ	34213
AUISG9VPOKYXT	34214
AUIT1RMMZF5KI	34215
AUIVXYS8E4DEX	34216
AUIWRTSO4YX5K	34217
AUJ6WHQCGUVX0	34218
AUJCOSEKB2YOM	34219
AUJDS9U61KSEA	34220
AUJLGGBF3X8XR	34221
AUJQ6525X8LXN	34222
AUJUIM3PTPDAZ	34223
AUJY4UK1CZ7WA	34224
AUK120S1J4EKP	34225
AUKE0EEUPFKI8	34226
AUKJU7UDWIJF8	34227
AUKKMF3AJEJ6Y	34228
AUKLG0VO65SGV	34229
AUKQYNHAWG6MS	34230
AUKV2BJ6ARSA5	34231
AUKWRALDLPDVC	34232
AUKZP25K3OBL0	34233
AULDDD3V01ZOQ	34234
AULJQ9KUBBM3U	34235
AULWU095UTZHR	34236
AUMEK63WTU7O	34237
AUMNMMQCB1JF7	34238
AUMOQIF5J16KM	34239
AUMQP2NY2ICFS	34240
AUMUYS2F2EXA5	34241
AUMV2WOOIOML7	34242
AUMVH73FBH9S0	34243
AUN0LOO1RVEDF	34244
AUN2DY29ZRAUQ	34245
AUN2MS8IJTPBD	34246
AUN9J59Y8AD8W	34247
AUNK5NDAK38A4	34248
AUNKMRGUKHTW5	34249
AUNPU2QTNG98B	34250
AUNT7MF46UAM1	34251
AUNVXXGR9KKNE	34252
AUNYY4LCT97PR	34253
AUO6LM2FGB9CY	34254
AUO6OHC2P1UZM	34255
AUOHVC1B4X4DX	34256
AUOL8284BYMV7	34257
AUP0YSR8IRJYB	34258
AUPBJPS08HJBJ	34259
AUPGEVBC9RV12	34260
AUPPK8SP7ZA8Q	34261
AUPWBLZD35YE3	34262
AUQ1BKMI0WJ20	34263
AUQJ46S4B4OBA	34264
AUQOUKXY6L6Z7	34265
AUQZ1MN1KE45Z	34266
AUR1ZHQMPFMU1	34267
AURJZBFPLB0HM	34268
AURN50U6AAJJK	34269
AURPR9F29QBWW	34270
AURUS738DTTC7	34271
AURUUZA1RSXQ0	34272
AURWQH1ZTB2TC	34273
AURX9DYVWT9MS	34274
AUS6D7VHAKM1W	34275
AUSCAKNSPC8A9	34276
AUSDVHFAOW4MG	34277
AUSF0G9KS5EHS	34278
AUSROBWTBQ2FX	34279
AUSTAY2HCUZNZ	34280
AUSTDHPEPH5J4	34281
AUSZNRZ3DVX1Q	34282
AUTDX2YRMV60T	34283
AUTFCFTEDKK3K	34284
AUTIMKQ13KOFI	34285
AUTT87XWQIWSU	34286
AUTYJFA9DNR81	34287
AUUAD8KF89A0Q	34288
AUUEH6QRQHB6X	34289
AUUPXBGMLM3CX	34290
AUUQKZZ4TMWIK	34291
AUUUWS9MPKVM5	34292
AUUXB6R5N1NQ6	34293
AUV3OR951650C	34294
AUV9DKTUCVG58	34295
AUVBC51DCQWWA	34296
AUVGDGBD1GU1Q	34297
AUVLOB9U5QVJ4	34298
AUVN70664K5BL	34299
AUVR1472OJWWU	34300
AUVVU9DRPVZRX	34301
AUW7BQWNO0DL	34302
AUWEVS6HSG33H	34303
AUWIINZEACHQS	34304
AUWK8OQKT4GK	34305
AUWRF830PO35J	34306
AUX7UHYY6GF3S	34307
AUX8EUBNTHIIU	34308
AUX9KZUUB3YCE	34309
AUXH8J6130G62	34310
AUXN66NCOESX7	34311
AUXPXRCANQ8PL	34312
AUXQRRH0M3M91	34313
AUXS2L5NKATX6	34314
AUXV2K52O40H	34315
AUXV39UTD2WU7	34316
AUXZJQG5QZH0Y	34317
AUY50HS0PWHHA	34318
AUY525S8M0ZUW	34319
AUY78836BUQIU	34320
AUYAZMEO659OX	34321
AUYBG2N40YVGO	34322
AUYH8BPC52YLG	34323
AUYOTCQAVGDMF	34324
AUYPI3OTR02CS	34325
AUYQ90CYERUOY	34326
AUYXJWCKECAQ9	34327
AUZ1QG3ZJ8400	34328
AUZCV6GYQDGPO	34329
AUZED6KGJ3XTR	34330
AUZINV544Y1ZC	34331
AUZNV3S5B70DY	34332
AV00IT44B7GID	34333
AV08LTTW92927	34334
AV0B6NGGOAISO	34335
AV0BQJ80TM1R1	34336
AV0GG27WO69ZD	34337
AV0LB83EE35PX	34338
AV0O02WN90JEC	34339
AV0WGLF2ZHMMF	34340
AV0XEFO129IRR	34341
AV10H5K6VPQIJ	34342
AV15W3FPLQPN0	34343
AV18D884MX3P	34344
AV19TW4B7S0S7	34345
AV1AHQ5V2W6YM	34346
AV1HQFKCC9LSY	34347
AV1KOP8BCYZUJ	34348
AV1RIDJ6C9SZ2	34349
AV1T1H3H8HMUU	34350
AV1TEXQON2GQF	34351
AV1X8SCXBT703	34352
AV1YMWVIEXHDM	34353
AV27UEB5HRSD5	34354
AV2C17YDAMJ0S	34355
AV2FJV0OF509U	34356
AV2HGQEUO17OO	34357
AV2JONP5LRMYZ	34358
AV2NGZQK05F7P	34359
AV2TPFNYSVXUG	34360
AV30WICKHGXI6	34361
AV33DFE9W38AN	34362
AV34KNYW82YSS	34363
AV38H3CEWWTZQ	34364
AV3AUFSA1DXVZ	34365
AV3D30T9KOCJM	34366
AV3D4JE2TIIVY	34367
AV3E6XNTB4RV5	34368
AV3IA5YTT4ME2	34369
AV3IMWWHB78UX	34370
AV3OFYPY5K1VI	34371
AV3OU52ZWJ97	34372
AV3VDEOYVG2WF	34373
AV3XTMK5I2AWI	34374
AV4FQORGTRWDL	34375
AV4KT27MI5ST4	34376
AV4MHDLWY734A	34377
AV4OIRMTG6QXC	34378
AV4U1DYVVLJKG	34379
AV4ZHYSC0T6PO	34380
AV51EZRMJFAB6	34381
AV54XFZHFHN2L	34382
AV55668AXJRJX	34383
AV5D5VH7001VH	34384
AV5FJKDE2F3H5	34385
AV5MNRG8KMDP9	34386
AV5QX9OWIRHT2	34387
AV5RP5UDF1SSC	34388
AV5XY8C5Q83IH	34389
AV5YX76EIQOOF	34390
AV5ZPG04DP1XH	34391
AV64O7H0UQKE0	34392
AV65F7S8098N1	34393
AV69EPZ1KUCWY	34394
AV6A5Y2VRPETD	34395
AV72RRMEAH36X	34396
AV7EP8CL2BI5C	34397
AV7HTYJL20C8Q	34398
AV7MJ783CUGLN	34399
AV86S2LHZJS5Q	34400
AV8B4HRYP54J1	34401
AV8EAFN6WWB52	34402
AV8H6I1QIV9RK	34403
AV8MBNXP2V6V	34404
AV8MDYLHHTUOY	34405
AV8QCPGZW0SDQ	34406
AV8WH6FX8K995	34407
AV8Y6HRKXCKN8	34408
AV95E4AXU7SCI	34409
AV95TNOSKP29A	34410
AV97FVTK1KFXI	34411
AV9ABODU1BPYH	34412
AV9ATPIMFY4M	34413
AV9PIER7NE448	34414
AV9X2G1LNN8W1	34415
AVA23FS2PP338	34416
AVA6QCJDSFZ8O	34417
AVA8D6WIO0NPW	34418
AVAE27ETW1YHW	34419
AVAGD0CXYAV0Y	34420
AVAGTXGW8X312	34421
AVAGXD4BYRIJZ	34422
AVAIP3PQ2YTS1	34423
AVARWEZIW2IXB	34424
AVAS52PG2M5K9	34425
AVATU7ARK1NC1	34426
AVAWTZFIB7DEZ	34427
AVB81VQTASDQ4	34428
AVBCWKOMKONN0	34429
AVBJ5TGRE0WAV	34430
AVCA4Z9OEHDP1	34431
AVCGHLRR4C0C2	34432
AVCGQ222QFJI2	34433
AVD99GL115BHJ	34434
AVDI7DP32J3KP	34435
AVDNOEDHL63YK	34436
AVDQZPEXCB8X2	34437
AVE93C3GPMTN2	34438
AVEPTW3DIAUQ8	34439
AVEPUOAI4HW37	34440
AVEQ2EA8JENE6	34441
AVF06892OWGJU	34442
AVF0CPJR7PWAT	34443
AVFCRZZC7R82L	34444
AVFJ327UXPXLF	34445
AVFNR0RCQB8Y9	34446
AVG7CAF2AW9S6	34447
AVG7YPA2EUPY2	34448
AVGHP6NQ8EANS	34449
AVGLMOHE4TYS1	34450
AVGONRBSO0VRM	34451
AVGU1C2MZQADS	34452
AVGU5BWSFJ65L	34453
AVH099EZ7DMHH	34454
AVH8D08P1RPGU	34455
AVHH39ZW0EKJ4	34456
AVHHLJZICAMEF	34457
AVHN134ADVP4R	34458
AVHU1UAYEB80F	34459
AVHU8HZU9OI71	34460
AVHXB809P8PSX	34461
AVHY7Q07Q0UB2	34462
AVI2LTS4MWPQL	34463
AVI3JOEHPJY04	34464
AVIHJM0ILWBQ7	34465
AVIJXIB8GHZIT	34466
AVIZ5R9ZHLUP9	34467
AVJ4E23UQZ6RR	34468
AVJ585OVRTZ4O	34469
AVJ6U3NBSGU3N	34470
AVJ7MYQZJGN4X	34471
AVJA5OCF4PNN2	34472
AVJBF3NSQCQLS	34473
AVJJ2D4G5I0Z4	34474
AVJJ9Y6PQWJQZ	34475
AVJOWLYFJVDBN	34476
AVJPXV4H7YLXW	34477
AVK6CF8V8I4CO	34478
AVKS5W5QFOSJO	34479
AVKV8RO3PTDCM	34480
AVLE3C7EUYBCN	34481
AVLG9QDD58RYB	34482
AVLO4RZF928LR	34483
AVLWQ2JE5XFOP	34484
AVM4A2ILUNH8Q	34485
AVM6OR01CPJNQ	34486
AVMLPNCA9W4HQ	34487
AVMRMJN6C1FK4	34488
AVMWRV5O1MTOA	34489
AVMY1S6S28TUF	34490
AVMYHVAS49TQ	34491
AVMZZSZJXQ2EB	34492
AVN4VRHONN7Y1	34493
AVNB4100W4995	34494
AVNCE9VM9ZI3Z	34495
AVNG1KH7YDC4K	34496
AVNJQY22L103F	34497
AVNLGJJY99U0G	34498
AVOKN4NDZCN78	34499
AVOLG6APGYRYV	34500
AVOOU49YPVHGN	34501
AVOR1FSMYTG3W	34502
AVP1NL6GYMVR	34503
AVP35XX51HWBX	34504
AVPG8GLTOVNHV	34505
AVPIZKM3L3G74	34506
AVPNQUVZWMDSX	34507
AVPSJC4OH6XDD	34508
AVPU87K2UQLS5	34509
AVPW0KYKIEFQD	34510
AVQ7NRYR2IHJI	34511
AVQD4A1I2EXZX	34512
AVQH34WIQ70XO	34513
AVQHIPCI7SSIC	34514
AVQKJ69BE9C54	34515
AVQMYGWT8QOAE	34516
AVQSNZN24D6JW	34517
AVQVE0X17CAE0	34518
AVQX6E6ONA6RQ	34519
AVR7IAWO7Z0VQ	34520
AVRFK0I9WDS2P	34521
AVRFSJSYXOTEH	34522
AVRIMW5EZUQ66	34523
AVRIZT7GGUJ8N	34524
AVRJFVHJA9U30	34525
AVRNCTSPQ3IJ8	34526
AVRO6F8998R4C	34527
AVRRGF1HPF1LH	34528
AVS1RVKRCH5TH	34529
AVSE4RHU1F6BJ	34530
AVSK0YGP9WVLH	34531
AVSP54N00P5AR	34532
AVSPKR9T95HJ5	34533
AVSPUWJS1Q13E	34534
AVSQ0D9545XYN	34535
AVSSR0LXFZ9CK	34536
AVSUCGE3NQHCB	34537
AVSX68Q3TM88E	34538
AVSZC898MVD5C	34539
AVT43UQGLVJK6	34540
AVT6LT2BYB4A7	34541
AVT8JP7YAPNN1	34542
AVTV4VHK1PUGQ	34543
AVTW1PU45XOZB	34544
AVTY5M74VA1BJ	34545
AVULSKEQLQ3YQ	34546
AVUOSNTRBY6ZT	34547
AVUTUCHVIGVOZ	34548
AVUX4QGXZIBR7	34549
AVV7UXTHR0NWS	34550
AVVK3WYO1TRZO	34551
AVVQXY9DWOKOM	34552
AVVU9SB5FX7AY	34553
AVVV0NS7JN5WW	34554
AVW0C21S4OG50	34555
AVW3IT0BK3YDO	34556
AVW4G5JLD7HLV	34557
AVW6X9BJID6WW	34558
AVW7XTDSCFPY2	34559
AVWDTG3A5EGOU	34560
AVWEUMCQL7GFG	34561
AVWHYPZJNDWFI	34562
AVWLXJVO3RODO	34563
AVWP12RTCYDJL	34564
AVWWFK3FZDEL2	34565
AVWXBS0R97MC7	34566
AVX30YHHRC3UC	34567
AVX4YT7UJLSOT	34568
AVX9Z96Q17OCQ	34569
AVXC6UHG42PPW	34570
AVXDQC64FNDKM	34571
AVXEORTO113VS	34572
AVXGN90BU95P8	34573
AVXISF8BN066X	34574
AVXKXL0GFQHSL	34575
AVXMY4QEV9QU0	34576
AVXU7O2FFIIND	34577
AVY5UKXPYFKGT	34578
AVYUAKZ5PEHR3	34579
AVYVPMAO26YDV	34580
AVYWMMJNQZCSB	34581
AVZ04HLTV9F1T	34582
AVZ3QDAB0KKWF	34583
AVZEY71RU2JDA	34584
AVZIXMDWNFA9O	34585
AVZZO87SE4XZE	34586
AW0AXDH8OBVNR	34587
AW0KYIXI41VS8	34588
AW0Q1OYE8GS35	34589
AW0XXJ4LYMA6E	34590
AW0YP5MXPHCK7	34591
AW11VAZLOSZFY	34592
AW12F6FJ99WCV	34593
AW14ACPL7LRF6	34594
AW1ABA09JOZ6Y	34595
AW1DJYJPIEVCZ	34596
AW1HF594RBA4U	34597
AW1ICU4WQ9I3G	34598
AW1NFQSNHRRK1	34599
AW1TBPACRXWU6	34600
AW1VA3H8A5N12	34601
AW20PVZIK60M1	34602
AW2BB1G8I8G0Y	34603
AW2ILBZ81VZSI	34604
AW2NFHGN1ZVDN	34605
AW2T158Q9I263	34606
AW3DDIO04KM01	34607
AW3F5T3AOP1XX	34608
AW3MU046EUZ6R	34609
AW3OEIJXZL0MN	34610
AW3T1QT4V4J9P	34611
AW3TVOYF4UE0T	34612
AW48T1K514M9E	34613
AW4QUEGJ2BA4C	34614
AW4UMAYI7VQSU	34615
AW50KMJX365IJ	34616
AW574B27I5UU7	34617
AW5JDGG3KOV51	34618
AW5JSQCHC2ZJO	34619
AW5M6MS126BTN	34620
AW5PUMROKC1DG	34621
AW5TTEOG83544	34622
AW614Y3J0TOLC	34623
AW67LNUIYQ79Y	34624
AW6846E28M78H	34625
AW68KVDV7BBRS	34626
AW6A4PPENVZY3	34627
AW6DNXRYHN5H3	34628
AW6GLJDFKPIJR	34629
AW6H515AJ2TEN	34630
AW6J9IILGOZY3	34631
AW6P5TYJN9LKU	34632
AW6VPEIFMZK0Y	34633
AW6VT915O1K49	34634
AW6WBGU4QJP3U	34635
AW75FHK9ATGLH	34636
AW7BCGE37EWKE	34637
AW7BIYHXUIZ62	34638
AW7G9QITAR47U	34639
AW7P8LW7FH9BB	34640
AW7UYPS2W8MS7	34641
AW7ZVDEX8TPVH	34642
AW802ECRRLOSK	34643
AW8601MWSVY3C	34644
AW8GHBPUXFJ4H	34645
AW8HF9Y73EAIW	34646
AW8HMJITQB76P	34647
AW8UBYMNJ894V	34648
AW8XJBX0EISDD	34649
AW93QPLG23B98	34650
AW9FDMLGS5P32	34651
AW9G8C6AP23FK	34652
AW9JQJ5Y0UCJS	34653
AW9N2RAHNLY5B	34654
AW9NDH4LPF9L	34655
AW9QIJ3QDCOUP	34656
AW9QYVK0NRAJ9	34657
AW9T338K72QHE	34658
AW9TDU7JWYSMI	34659
AWA2RVL5L4TLL	34660
AWA3GCQ2UB7M0	34661
AWA6BBJ4K8PI9	34662
AWAHTNWQ7FKZ5	34663
AWAIA97GGGESP	34664
AWAMQ0TW2OG1L	34665
AWAXS66YMHMNW	34666
AWB31HQGKV9J2	34667
AWB339UZR7YD2	34668
AWB494DNMDVTE	34669
AWBC7Y1RPOVX4	34670
AWBCLW305NT6J	34671
AWBGHDHH7E51F	34672
AWBHFGKLK3E1F	34673
AWBO9D2CCBUR9	34674
AWBSCFHOKBTVY	34675
AWBUC1YSROPOC	34676
AWBVVQUOK3TK2	34677
AWBWZRPU1NPBB	34678
AWBXMKDCH1LNT	34679
AWBYMFXQX73IM	34680
AWBZIK5JYWB5J	34681
AWC8CTW8N2XVE	34682
AWCBGJ66ZCHND	34683
AWCG0Y74T4NS7	34684
AWCWQ5N8EB1XW	34685
AWCYNI105F9G8	34686
AWCZVKJNHV37S	34687
AWDA5KS43MKEQ	34688
AWDPJW19H1QYJ	34689
AWENBJNDNU71N	34690
AWEOAL4GLI498	34691
AWEOOH8YK3JAQ	34692
AWEW1UIFWOSYE	34693
AWF67J2QQ9AOA	34694
AWF94ETFKIFR9	34695
AWFC5E2LPKKMB	34696
AWFGKB5SCJAO2	34697
AWFJKC1DTB3WR	34698
AWFMOD10LQUBT	34699
AWFOD16HL8883	34700
AWFPJTI44P677	34701
AWFTDAS87VKTW	34702
AWG3DNZI3ZJYZ	34703
AWG3H90WVZ0Z1	34704
AWGGSMYD279AM	34705
AWGHO4LB6ETDA	34706
AWGQZ4IBLJ97C	34707
AWH24H9H4V7BL	34708
AWH2AY17ZU7W2	34709
AWHBEQC13XRUD	34710
AWHGAWCVMHQHZ	34711
AWHL379EE14K7	34712
AWHMMS0MCMRFC	34713
AWHV7O2GVH0U9	34714
AWHWW462V93QW	34715
AWHXIIPP33H13	34716
AWHZ4K1IXPFRZ	34717
AWHZOUIQ0VO7M	34718
AWI2GARFQP7TW	34719
AWI4MYGBOV4KX	34720
AWIOLCF6GX1TR	34721
AWIQ8EU2E1EE8	34722
AWIUJCO05PNXJ	34723
AWJCL1N4MW3G0	34724
AWJI3VB3H2AJI	34725
AWJKA56BTXIK7	34726
AWJLQZ4UP2TNL	34727
AWJT6U7ZQD5LP	34728
AWJWCKB92RJX2	34729
AWJYLXA2NUNZI	34730
AWK6QDG3E77EJ	34731
AWK8V68F6NH9K	34732
AWKF8G9RNSEWY	34733
AWKFKIFQM1U19	34734
AWKLGXEE0POO1	34735
AWL8LDQUACI9W	34736
AWLG0KN7482R0	34737
AWLHLE87VEXP4	34738
AWLL1416VIHZ8	34739
AWLL3L9CP6NE0	34740
AWLVH8MNVBSM5	34741
AWMAC9E66XTSQ	34742
AWMZ112WTZD5T	34743
AWN0T684UHJ3P	34744
AWNFTUVMSL134	34745
AWNHG5MHSSGIP	34746
AWNI6NDRT84TI	34747
AWNQ2Y9BYC13H	34748
AWNTE2RCJPOBZ	34749
AWNWB3CYDT89W	34750
AWNWOMUT9HS2D	34751
AWO0Q404FVX04	34752
AWO3G948DAE15	34753
AWO54LJAZ6B2M	34754
AWOE9CPI2XNDU	34755
AWOILR0MELWAO	34756
AWOPN31VEMJU7	34757
AWORBANF743O5	34758
AWPDSSP1G1X6	34759
AWPEAYZSLXKPM	34760
AWPG81NWGM6GA	34761
AWPN47SSWK1JV	34762
AWPODHOB4GFWL	34763
AWPOH1RINGD5W	34764
AWQ8YJV8NTTK2	34765
AWQFJR7F94MJ0	34766
AWQJ2PTB65XQR	34767
AWQXSMDRQU8LZ	34768
AWR06NPPKRB77	34769
AWR28VICKG7DF	34770
AWR3IXQ6M1F8T	34771
AWR7O77J9JVNP	34772
AWRAIBN8BQR06	34773
AWREQNCCKDENC	34774
AWREVG4Z5OR03	34775
AWRGRDMOWCYJX	34776
AWRLFHC5IGYJJ	34777
AWRM5VM0DSPKW	34778
AWRR7ZTXPMXR6	34779
AWRSP7CXI7ER2	34780
AWRX15Z0PDWGL	34781
AWS8C1U29GBJD	34782
AWSDND52SGA7G	34783
AWSK1ZAEU1KFL	34784
AWSKIISTQ6VCK	34785
AWSN9X1IFSRUV	34786
AWSPSTPSVR80C	34787
AWST3V24TTID0	34788
AWSTQ0RMVNH0R	34789
AWT1H6EFMM7UM	34790
AWT603CR6Q6U7	34791
AWTOK5EK2M1BF	34792
AWTTTQBBDQE41	34793
AWTU2TIWF9ONP	34794
AWU526GBZ64MH	34795
AWU9A36OQQXVQ	34796
AWUB913XIPMZD	34797
AWUBTQZOBGFKK	34798
AWUJF7KQNIBVA	34799
AWUM8CWDH7PWK	34800
AWUVVGLP8KWWM	34801
AWV36QAQ6U7QM	34802
AWV4HC77P6EOK	34803
AWV514ZBBB2FX	34804
AWVBZUFM6E7DW	34805
AWVHWD26RWFOX	34806
AWVJV5BUSL3YP	34807
AWVKSUZAT31HA	34808
AWVM89RAF20VH	34809
AWVNOYJ7HDZ22	34810
AWWBWAEQ8UUO0	34811
AWWXG1AHVW98O	34812
AWX1ZTPU0I54O	34813
AWX2TJ079KM9G	34814
AWX6A2UKWOHV9	34815
AWX8TIXJV5T2G	34816
AWXAS19GCQ3P5	34817
AWXBLUAC5ZXNA	34818
AWXFYN9WGGOQ	34819
AWXU6RFOMKGU7	34820
AWY3YXE713GDK	34821
AWY4LMNAC9DWZ	34822
AWY8V1JQK391H	34823
AWYB5F2CAMUFJ	34824
AWYE428W5MRQN	34825
AWYE6QTHPR2KQ	34826
AWYEV9W4G5FFC	34827
AWYHGUT8OXKUJ	34828
AWYOWZKRBKQHQ	34829
AWYV4XYP15KH1	34830
AWYWQ4L947UJE	34831
AWYYGRQS3CG84	34832
AWZR0O65DL2Q	34833
AWZRKXAIO6CBZ	34834
AWZRL41HL8N8D	34835
AWZRMOR66QKKH	34836
AWZXLSPCI5BDT	34837
AX04P5D9TWBFY	34838
AX04XW364YJ2K	34839
AX063FQ69ZIW	34840
AX09DDQQED4Z0	34841
AX0LBOG3SJMOX	34842
AX114X74XNNDG	34843
AX11HHHLTMGFW	34844
AX16VFAOFDEOG	34845
AX1AGVZ28ZZMY	34846
AX1DVIKI8PWU0	34847
AX1E45U0U6UXI	34848
AX1J89V6856ZV	34849
AX1VKWDB6PE6I	34850
AX1XAET3GDV0P	34851
AX2A1UBFH6E2H	34852
AX2CCCBZEH378	34853
AX2F0FMPAADL5	34854
AX2K8HBKUL2HU	34855
AX2L85JR70SYP	34856
AX329NHW6B7BA	34857
AX37H3W6C110	34858
AX3E6577EMASF	34859
AX3GAFXC7QACY	34860
AX3J67X6SGKF	34861
AX43K31P2UOUK	34862
AX45D9GTE41D9	34863
AX46ACLSXL0RF	34864
AX483DP66N6KM	34865
AX49XZL4LAN6R	34866
AX4EJPMBBNP90	34867
AX4HMRF2GF02D	34868
AX4HTBCIEHGSD	34869
AX4M9N9PLBW49	34870
AX4OUOYP645H8	34871
AX4TRH783NGGW	34872
AX4XS9WQTOWKO	34873
AX4XVT6XCGQ8F	34874
AX4ZXH3K5TGX7	34875
AX5RB743OGTVH	34876
AX5V9LUGGS080	34877
AX5VA6RUPKP80	34878
AX5WIM00C7TGY	34879
AX62D1GJD79UE	34880
AX65HP000C9UR	34881
AX6CRRFTE9V10	34882
AX6EDFRUIIB26	34883
AX6EO76QVTFM5	34884
AX6HEMF2S7DOU	34885
AX6J3KHRXN6W9	34886
AX6T391EYYQ2	34887
AX7317G153T8W	34888
AX7346P5MUWHZ	34889
AX75U9UMJFA0U	34890
AX7ZRMR202FH6	34891
AX81FCT89MCNQ	34892
AX8ATTTB67KFM	34893
AX8CYV7R9VYPL	34894
AX8DCDZDVOKYD	34895
AX8DJMZEWU0IY	34896
AX8G6JT14IZR7	34897
AX8XUOOI6BUBW	34898
AX8YCDGOZWJOH	34899
AX93E7CR8BUH7	34900
AX9DR7PFXJLOB	34901
AX9OEE3GYHW45	34902
AX9ZS2EJKEQPZ	34903
AXA36CHT0IAH3	34904
AXABIGVQGI3MA	34905
AXAJC30RPXMFZ	34906
AXAJXJZUL2J5P	34907
AXARTAQU05PFL	34908
AXASWKJHB3TYO	34909
AXATG4DH6HA1D	34910
AXAYQHOXQ6I99	34911
AXBC2ALH0RK1Y	34912
AXBE2Q99UDTKD	34913
AXBFFL63BG8J3	34914
AXBFIVH9OAPHA	34915
AXBNEFRD90GLM	34916
AXBU3NMO9XVPT	34917
AXBZZJ2GUT10L	34918
AXC1YFMK87E0U	34919
AXC9YKFG53914	34920
AXCDFIUMA2NW3	34921
AXCNT34OVJBTH	34922
AXCPRSFDX0NL4	34923
AXD0F0H80ZKHD	34924
AXD3DATQ52HEY	34925
AXD5NODMSL173	34926
AXDGS05S4Z7RO	34927
AXDSBC80YX2X4	34928
AXDU2EFM6986I	34929
AXEC0L5OSM81	34930
AXECJD2LEXNVC	34931
AXEEXH3GRPR6T	34932
AXEH1HWRE6LEK	34933
AXF9KFRTEDZI9	34934
AXFFO9R2H8P6P	34935
AXFINZCCNA8NV	34936
AXFN082ROJ4B1	34937
AXFSJQBI1FLZW	34938
AXFT2T9EI9V6X	34939
AXFUKXCB610E9	34940
AXFV6JPE69Y7P	34941
AXFW3ZG57A4U0	34942
AXG7MY5P7X96I	34943
AXG8FE7KLKBMQ	34944
AXG9N4QFS4QYP	34945
AXGAMKR1BEJYO	34946
AXGCLQFS11CYS	34947
AXGD4SJ67GHQF	34948
AXGII28GL3HI8	34949
AXGLG3A3HPSZC	34950
AXGLG4S8HIN1E	34951
AXGMAHZ1E5UKS	34952
AXGOCL9HX1G7	34953
AXGP44KM5GK1O	34954
AXGRRHMUPVMV5	34955
AXGUJ3TJ97H19	34956
AXHAM65ROARJ7	34957
AXHH17ARJW35O	34958
AXHNMR9VRX2AU	34959
AXHQ4Z5X0BVT6	34960
AXI19OQI3BSF4	34961
AXIA25VSSQHPJ	34962
AXIB6WRXH2CM	34963
AXICA2CWCGM5	34964
AXIFQZPUZTCCS	34965
AXIIG2W0PKN8P	34966
AXIVN4AGK8TU	34967
AXIZZYMXA91XZ	34968
AXJ6TIEBQ3ZVO	34969
AXJ9V25Q88GAA	34970
AXJBZ2K6YRHA8	34971
AXJMCFA52PY0I	34972
AXJR689369JRX	34973
AXJVMK30T598F	34974
AXJWP32O6WRJN	34975
AXJYL607ABWIB	34976
AXK1CJOQH0XDQ	34977
AXK3KYH8NQ9G2	34978
AXK6ZJM59DANL	34979
AXKFUIAFNPIEM	34980
AXKNMOECIV3ZA	34981
AXKPX53TLWTZP	34982
AXKQI9SUBLPV7	34983
AXKT39QI66CY7	34984
AXKZF9MGPZDMO	34985
AXL19E5XC14QJ	34986
AXLBCY3VXEDFH	34987
AXLBFKHUSL0A1	34988
AXLF5GBHPWYK4	34989
AXLQGVJ881R82	34990
AXLUWBRC00XDP	34991
AXLXZ7ZGT9Z24	34992
AXMICLYSCEIQU	34993
AXMPNTJU89DYS	34994
AXMUOOXAAJRQ5	34995
AXMYLVN7N3YL1	34996
AXN6TDRCLHKVV	34997
AXN7IOZVTQKQE	34998
AXN8S57ZVVB4T	34999
AXNAAGURX3F0I	35000
AXNDQMUQEK9YO	35001
AXNJBRTEQ5UT4	35002
AXNJFYJRDK7CJ	35003
AXNMAV6G7YEG6	35004
AXNMG7I8WAROU	35005
AXNOW20FQKHVW	35006
AXNR3EEOV4BI7	35007
AXNRHIA0UO5J9	35008
AXNRNDGRMU84I	35009
AXNSG4A5QNZID	35010
AXNU4PQ3K9UQ1	35011
AXO4PQU0XG3TG	35012
AXO8VNL184L34	35013
AXOVSFGEEO9V4	35014
AXOYB56LR5PWQ	35015
AXP4KX0XTNW4	35016
AXP4RCBYQW4BG	35017
AXP5G1HGGQCHO	35018
AXPFSDEPPUCUJ	35019
AXPGANDGE5K8D	35020
AXPO46JYKP8NQ	35021
AXQ0OUKMBNBGO	35022
AXQ3ELDI9FHUD	35023
AXQB2PS5FA07J	35024
AXQH3OSRZZO67	35025
AXQJG7M1ARMKR	35026
AXQLDXIF1N3EK	35027
AXQM3OJA0BRMS	35028
AXQQIWE8TI2TU	35029
AXQS6HC52CFL2	35030
AXQTX5SVHULRR	35031
AXR0EAWG5620D	35032
AXR140PXPJHNS	35033
AXREA3DKGXDVQ	35034
AXRF44Z67PVKK	35035
AXRSF86B4Z4EQ	35036
AXRWDLO7IKCF6	35037
AXSA8A06M0PR0	35038
AXSO2C06D5D6K	35039
AXSPIIJA556QW	35040
AXTASOOQTT0SN	35041
AXTMH4A88JT8Y	35042
AXTPEAZD6CN0M	35043
AXTQLUNM7EJFD	35044
AXTQP2IK9E994	35045
AXTYB6TWNVYJ5	35046
AXU5M1IKME4M0	35047
AXU9B0SPQYLWU	35048
AXUBNCCWL9VWW	35049
AXUJ24P2VDIN8	35050
AXUJFOFQZNTN	35051
AXUM7P0TGMPL9	35052
AXUSHTWTH68PN	35053
AXUUGL4WNWG2Q	35054
AXUXEEQH0NPYX	35055
AXVFPMHQHQMHY	35056
AXVKMYWNIHK7W	35057
AXVO95SQPR4D6	35058
AXVQOM7JX0MB5	35059
AXVUVFIGFTTIB	35060
AXVXU2KS6Y17C	35061
AXW4UX1ONDZ6Q	35062
AXW4W552RQH1D	35063
AXW5NZW1YG56P	35064
AXWHQ06HOVUY7	35065
AXWI0P2EGDEQT	35066
AXWIEBLPWT45R	35067
AXWIQYK0XXBOL	35068
AXWMY0QD08H6F	35069
AXWRBKN7F5OFR	35070
AXX5P368QUYC3	35071
AXX734O7CD442	35072
AXXD3X8S4QY1N	35073
AXXE9AK449XDQ	35074
AXXIBHQCNPO40	35075
AXXNZT61J4W4V	35076
AXXR3PZI04H8E	35077
AXY0QVRTNJ5I8	35078
AXY528VLHPMX8	35079
AXY7YBFGP928G	35080
AXYJ9QJYS3S78	35081
AXYMULFBHVZY7	35082
AXYNWRILD45P5	35083
AXYTXY63P1KM7	35084
AXYUV7EFQYKVN	35085
AXYWJUU9EPQND	35086
AXZ88MB4F4T0C	35087
AXZCBMVYU7EAO	35088
AXZJOB3Y9T17T	35089
AXZK2GRIQ4XL	35090
AXZLOIXKLMT3Q	35091
AXZN0XX067TQ0	35092
AY039JD9177ET	35093
AY07XXBXN9BW0	35094
AY0AKZSSVJAP0	35095
AY0EQOAO9TQDP	35096
AY0MK0PQ7OFBL	35097
AY0VQ3LTN4IUV	35098
AY12DBB0U420B	35099
AY1A1AM91PZ9T	35100
AY1AA4SW331B6	35101
AY1EF0GOH80EK	35102
AY1GRWN6VSJ0W	35103
AY1KVGV12I1VS	35104
AY1NUCXXJ5WD5	35105
AY24GV1AN53XN	35106
AY29ONZSV4TKL	35107
AY2L4L527PGX3	35108
AY2MBJ5FRSZAN	35109
AY2P7R6TDGM6K	35110
AY2RRT8235Y19	35111
AY2WY7735H3RE	35112
AY33GWBPT48ZC	35113
AY399UXRQXLQ5	35114
AY39G7X29E3K	35115
AY3D7DG5L5WCK	35116
AY3H4XCS77I6Q	35117
AY3KIW9D2XNFX	35118
AY3U3V1PSV1NB	35119
AY3XPKRAMKKY7	35120
AY417SGF5G5QZ	35121
AY41JC7MWFY1R	35122
AY46DEOJJYFTW	35123
AY49JOXTLDOG2	35124
AY4C4B0VOFHT	35125
AY4LWMYO8D9P2	35126
AY4P31KE6X0SP	35127
AY4RKND47OQHJ	35128
AY4TFEZKP2FLW	35129
AY4WE4ONB6HPR	35130
AY4WEWB69G9Z7	35131
AY4WUKWM7KNJW	35132
AY51GC3RU08PG	35133
AY54JZKN0KA53	35134
AY5V4RH490758	35135
AY62TN9VGKI2Z	35136
AY65U671BMFRX	35137
AY687CJMS8J6G	35138
AY68U1SJ0UB8B	35139
AY6A8KPYCE6B0	35140
AY6COHC6J1TCS	35141
AY6H2ROP3QHDO	35142
AY6O8E09ASKX1	35143
AY6SZEGCP1T0I	35144
AY6VA1SM227JF	35145
AY7YF6TQFLJPX	35146
AY8199DVWLVSH	35147
AY83TLA9HHCQZ	35148
AY88IK8JUONFE	35149
AY8E0L5C71N7T	35150
AY8FRWUG801AS	35151
AY8FXP5GMHQ80	35152
AY8TQIM9NDLGV	35153
AY8ZNDFP5F3I0	35154
AY92D346R4880	35155
AY96PBZ1GZ6MT	35156
AY98TV3EIJ2F4	35157
AY9QK5HH6AX9I	35158
AY9RLBYZ4VVU6	35159
AY9U10SCGFZ9O	35160
AY9Z10YOMHHX3	35161
AY9ZBOTKBA30N	35162
AYA0S7PQM0DO2	35163
AYA10LM2YQ6F7	35164
AYA14D660Y2VQ	35165
AYA49S2B30AO2	35166
AYA6TZN39L3OY	35167
AYADZ0PT8C9EY	35168
AYAQLSYE7PJD3	35169
AYAZUCSMOISRM	35170
AYB1X6WEZMETM	35171
AYB4ELCS5AM8P	35172
AYBAJIB8BRTQJ	35173
AYBESUR7FVD97	35174
AYBFN3G879JSV	35175
AYBJS10LP5OPK	35176
AYBMYP8RSQA8M	35177
AYBPI42XDKXPQ	35178
AYBTBYG5QJJAG	35179
AYBTMAFGISW9W	35180
AYBYYDVV5ABJE	35181
AYC8RZVJF6ZW2	35182
AYCGKF6PEH7WL	35183
AYCIUT2ZUL8TZ	35184
AYCQ4QSQNCLLV	35185
AYCQ6QPK8ADET	35186
AYD8Z01GWE15B	35187
AYD9Y0PYYUIKM	35188
AYDD93P7PPTTY	35189
AYDG2XZ5LD37	35190
AYDJ5LYB9CZ1	35191
AYDK2DYETQ712	35192
AYDO8N2JPSZSB	35193
AYDRHEPUJ3QTS	35194
AYDYYHHZY9363	35195
AYE0YCUS3IIW9	35196
AYE67OIXDLQDA	35197
AYED2LWDHX3HG	35198
AYEHBPJWIY477	35199
AYEKNL4HZW710	35200
AYEU2DES2J22M	35201
AYEWDWQNP3YEU	35202
AYF3L5LCWTGEI	35203
AYFBY0KC0O2JN	35204
AYFD1GLOXU9R5	35205
AYFFC1MF0ULIS	35206
AYFG71LU9UQ3X	35207
AYFHMDO2JJR1P	35208
AYFTC2X1OGCSP	35209
AYFV61W62A8N5	35210
AYFVWQMOJDRNF	35211
AYFW47AXYC1C	35212
AYG9SF5DIT87	35213
AYGHEXQE1CS19	35214
AYGOF3N4K3QKQ	35215
AYGPJMJ637NFU	35216
AYGXVP1CIHYKL	35217
AYH0R8NGXC0UJ	35218
AYH1LZ9VT4UHZ	35219
AYH5YJ4FNIBUW	35220
AYHAGYL5QZKOQ	35221
AYHB6EQT4Q32H	35222
AYHBDHK10YJTB	35223
AYHHDGOBNKHDE	35224
AYHW5MK2MQ5D8	35225
AYI0NX6ISIU0S	35226
AYI3EMZAXS6E8	35227
AYI7L2X8UYZ76	35228
AYI7N6OU7GBPS	35229
AYIITF9T52LSM	35230
AYINNKPX9D60N	35231
AYJ1C6EU0OQWB	35232
AYJ4EZTUAVNJ	35233
AYJ4TRHVM9BYL	35234
AYJBQXK46DIFA	35235
AYJEDESPQDFWU	35236
AYJFSNSGL9K0M	35237
AYJGLW0LX4GJ8	35238
AYJQXO2BT2UB7	35239
AYJZLB9AM158V	35240
AYK7MZOWCHIVL	35241
AYK7OPOXN34II	35242
AYK92AVGEVVBP	35243
AYKB4YG24P0H2	35244
AYKG70DVFYST8	35245
AYKKTHW0ZFD7L	35246
AYKXESKVL427A	35247
AYL1UHSGC6YV2	35248
AYL3CH1Y1DOB8	35249
AYL4ZTO7C10T	35250
AYL5M16N0ZB71	35251
AYLCLFPDJV09T	35252
AYLCZ4EEZDMS4	35253
AYLKF48MW205G	35254
AYLP4GB1TA7W2	35255
AYLP5OGJC67M	35256
AYLPAQOHQVIIF	35257
AYLRV4BQ4MI7R	35258
AYLX1QVTQJF6C	35259
AYLZ3T6V5RU44	35260
AYLZWNK8EE3W5	35261
AYM2CPMGC7ZKK	35262
AYM7BGVNJLSVF	35263
AYMBFQ93IWPQY	35264
AYMC5KBWI5WUM	35265
AYMU8V0X3NF0Q	35266
AYMUVS5LHCROZ	35267
AYN1HF8LHP9IF	35268
AYN8O1UL43KYA	35269
AYN9CB5HS1XNJ	35270
AYNPVLHPACU10	35271
AYNRALJ4X1COS	35272
AYNTULRNAIPNY	35273
AYNXL6EFWRTT1	35274
AYO1146CBIV5C	35275
AYOJ3D84Y3L15	35276
AYOLHGWQVHPZ6	35277
AYOLOL81XL4JW	35278
AYOMAHLWRQHUG	35279
AYOMGH9R9K8Y	35280
AYOTEJ617O60K	35281
AYP8XJID06FK7	35282
AYPO4GMT7K67T	35283
AYPSZ2MZZBQS0	35284
AYPY4J78NLOP7	35285
AYQ2I1SIWB37V	35286
AYQ3GBIELDK3J	35287
AYQ5DRFSKV9L	35288
AYQ7ZVVPC8JUI	35289
AYQC073CHG11V	35290
AYQFE33ZE3R31	35291
AYQKYFF75A91E	35292
AYQNWE3AX4H08	35293
AYQROISGXPDNB	35294
AYR1YQOXWQ2Q1	35295
AYR2JYOJ9UKKR	35296
AYR4NSN9LR2ZX	35297
AYRAS2X1L4WNY	35298
AYRKWPOTFYLGO	35299
AYSVUUGOD71WZ	35300
AYSVXDEQPLI0	35301
AYT6Q3EJ2U2D3	35302
AYT79WASBLESB	35303
AYT8S1WLWJB6I	35304
AYTJGEQQDD7TU	35305
AYTKUTAP0VA53	35306
AYTP9YD0XLRV6	35307
AYU137F25RWZY	35308
AYU69G93NIY2R	35309
AYU6BPA30EH5Q	35310
AYUE97COIONZ5	35311
AYUF7YETYOLNX	35312
AYUP3R84JOY7B	35313
AYUW0FNBFKZLT	35314
AYV0BK0VL7IV0	35315
AYV0LJEA30QEO	35316
AYVEJHQ8BW9QH	35317
AYVG1FCPR5H9X	35318
AYVORPHIYSHD3	35319
AYVW3O6W8S5S4	35320
AYVWV3Q3070AY	35321
AYWAFP3C6IOSU	35322
AYWBBFNOSGV2B	35323
AYWHKW71TCVXM	35324
AYWMEM1XA5ISJ	35325
AYWPRH6RXV870	35326
AYWZWXR0M5YWW	35327
AYX3L1MDEDZKP	35328
AYX5D8YZM7LKP	35329
AYX7E1GP854YU	35330
AYXHI79JXF2G6	35331
AYXHWVG3KBP7W	35332
AYXIYKJ9FP7PU	35333
AYXLNH67AKXXG	35334
AYXMS8TTDXST1	35335
AYXRRT8VO54KW	35336
AYXWQLHRUDPVH	35337
AYXYT34DGNT1U	35338
AYY4PYXVRKJ7D	35339
AYYAIPS6M3HB8	35340
AYYGWY8BPL052	35341
AYYH3V2FXN9LF	35342
AYYPWSR3R2MW2	35343
AYYSXV0S287TE	35344
AYZ1N00YXJ0GS	35345
AYZ3UC9KREDAG	35346
AYZ5LYKJG7AFY	35347
AYZDH088ZKYUN	35348
AYZS823GLKP0S	35349
AYZT7VZ9X4EX7	35350
AYZTZOAGQN4X5	35351
AYZWH0EYHFTPG	35352
AZ06K1NN3F09U	35353
AZ0768W3YTQB	35354
AZ09CUQDJ4U3T	35355
AZ0AGTU7J6HG6	35356
AZ0GM85CAZ7F1	35357
AZ0HB5036DK3K	35358
AZ0LG9OP1GAZM	35359
AZ0M975D5Q8RB	35360
AZ0PCEZUTF5QO	35361
AZ0TA88HQ76QK	35362
AZ0X8EXB9MYW8	35363
AZ13VAMUAP2EB	35364
AZ1CE2XUHNGAW	35365
AZ1O9M3N835QB	35366
AZ1P0VITRUJSY	35367
AZ28U2KS511D1	35368
AZ2CALGGXO23H	35369
AZ2F8PWDRJ6YS	35370
AZ2FXSGN98MPA	35371
AZ2KIQ6D47LHZ	35372
AZ2NGUPRSZJL4	35373
AZ2U92JMM7V65	35374
AZ2UNXULGGPCG	35375
AZ2X34OHO1AVD	35376
AZ2YDUFGUP33V	35377
AZ30J7PM1JF2A	35378
AZ3DYV0RXP706	35379
AZ3GQS13GBLYM	35380
AZ3GYWRG9085J	35381
AZ40BVI3QY8GN	35382
AZ4GG2VZ2O41M	35383
AZ4NO17IKHSNC	35384
AZ4Q3VAK6CIJS	35385
AZ4QSU9CAO3KY	35386
AZ4T61QUJHA9E	35387
AZ52OPYQ2M7C0	35388
AZ55Y12OHOYK4	35389
AZ5JD0LW0K4G1	35390
AZ5QRBBY7A0N0	35391
AZ5SH2CB3NSSQ	35392
AZ5WZ0KJKPFLC	35393
AZ5WZHO2LAZ8U	35394
AZ61VB6SPTQWJ	35395
AZ63RPBK0S2FA	35396
AZ644AVF6SZRW	35397
AZ66U4GPZZE9O	35398
AZ68W7LDP75MC	35399
AZ6M5M9JA6S8	35400
AZ6P4QRWC4F7T	35401
AZ6SUJ5T0KBE5	35402
AZ6SZGFPTIT5S	35403
AZ71F750K09FR	35404
AZ72LZM5ENDN1	35405
AZ75KTYJZ6GZT	35406
AZ7ET5YFGNYR0	35407
AZ7HY6MN8XC1R	35408
AZ7NZ0YC9EES4	35409
AZ7RG222N9OEO	35410
AZ7W1QPHJCZGJ	35411
AZ7Y9QA5M54J4	35412
AZ7ZXDRHWKGLI	35413
AZ805DXG2NDVR	35414
AZ81M5ZU2KKI0	35415
AZ8205EZ210QR	35416
AZ825IR22VGF0	35417
AZ863LNS1Q5RV	35418
AZ86QS1ERGSMY	35419
AZ87XGYOUCQF8	35420
AZ8PS6YMWQU01	35421
AZ8QGF3H9J037	35422
AZ9B75YQ1DTCB	35423
AZ9BRW168ULSW	35424
AZ9QAIBGTLTLB	35425
AZ9WQM7SLUX7E	35426
AZAC8O310IK4E	35427
AZACDDP85LQ35	35428
AZACKV6EBGKDK	35429
AZADSC5QQA19M	35430
AZAI53RSRP72S	35431
AZAK6ORS0OD75	35432
AZAVU4V0J8S4V	35433
AZAXQRCU8GLWR	35434
AZBHD7COG09JR	35435
AZBI1B572CS38	35436
AZBUNNJLXENR2	35437
AZC2D47OPF5I2	35438
AZC64XE21NNOB	35439
AZC6CL8I8REFH	35440
AZCE82VP4M19E	35441
AZCIMRROMYL0U	35442
AZCOTN09OQM1A	35443
AZCUHCZNC7IRD	35444
AZD37ZRPRZF69	35445
AZD8UP4IBUW1J	35446
AZDMRIW9CN3V9	35447
AZDN85GTI00EJ	35448
AZDNMAYZCYS0R	35449
AZDPA723I4KXR	35450
AZDTYCIKTWLXO	35451
AZDZSOLG8FGZR	35452
AZE2ZP618W1EP	35453
AZEA79N1LCXP9	35454
AZEK1DA0YA5UQ	35455
AZEYC27CEA8RE	35456
AZEZFZJCTH33I	35457
AZF1S3DQ9R8FX	35458
AZFBRF01JQ19L	35459
AZFIF4UUS7555	35460
AZFODJ6KW6KQH	35461
AZG6CV3B3279V	35462
AZG8TGX5KOMDN	35463
AZG9JYASQH10Z	35464
AZGGG49I1J5E5	35465
AZGH9CYK8BCPL	35466
AZGJAMGUTPGZ6	35467
AZGNDBBU5YEWL	35468
AZGP8OMPBNH2F	35469
AZH11ZL3SBWW5	35470
AZH2UIOKQNTTQ	35471
AZH5BSV3EJSGU	35472
AZH8Y1WXGUVM5	35473
AZHKMGW61PEAQ	35474
AZHME19MYW092	35475
AZHO4T28XJPVI	35476
AZHU8Z35FBBMH	35477
AZI11KBKDTTLG	35478
AZICZ21T0UQT	35479
AZIM9ZTGB8Q12	35480
AZIWN2GW285T7	35481
AZJ1IPWIIHSRT	35482
AZJ63NOPIZHJA	35483
AZJF5T6HWZZFD	35484
AZJFJNUOXLDE9	35485
AZJJX3JB5L490	35486
AZJN0GTY8SK71	35487
AZJOTEG3AZBSX	35488
AZJSS1DPDTZ2P	35489
AZJYKODF3GLQG	35490
AZK0DFU6R7T1M	35491
AZK19YO6PYGUV	35492
AZK1RGHFJU698	35493
AZK7RTMQ4L4T1	35494
AZKIWMH1CKGSQ	35495
AZKKMPOZIRRRF	35496
AZKLSJ0HRK2R6	35497
AZKPBWYY14GK1	35498
AZKRFNQ8EFO4T	35499
AZKYXCKVM5XAV	35500
AZL0X34JPMQNK	35501
AZLHCXE8DY0RB	35502
AZLPVGOUXJ1O4	35503
AZM6HBXX3GYG8	35504
AZMFUCFBOU6NB	35505
AZMHABTPXVLG3	35506
AZMOM619PTO5B	35507
AZMVXJMSXQV8R	35508
AZMXF6VNCFKP6	35509
AZMY6E8B52L2T	35510
AZMZ30BXWX76P	35511
AZNFGW1NAPK6X	35512
AZNKP8CLX6901	35513
AZNMY1GWGS8U0	35514
AZNN8BTNOQ4TV	35515
AZNNHYP9BUVB3	35516
AZNNPE338HEZU	35517
AZNUHQSHZHSUE	35518
AZNZLDAHXQ24	35519
AZO0J4NN51ZTE	35520
AZO1SR0OAXT5L	35521
AZOCADWL9N2H2	35522
AZOE5X3QWB0CH	35523
AZOHA7JD6ONQ7	35524
AZOJUR9BFJ3K5	35525
AZOSIAZRRQLRS	35526
AZP2U25R0TN4E	35527
AZP7YR9OYA5VP	35528
AZPCNMO5UACZI	35529
AZPFBWEZ5JF39	35530
AZPGVKFPKP2RL	35531
AZPHHQHZCL4BT	35532
AZPN9FZ803KQ6	35533
AZPOUCM043IY8	35534
AZPPR900J1TLH	35535
AZPUHOUUYI0A4	35536
AZQB2RNHTOYIQ	35537
AZQD5ZZKWZ0OF	35538
AZQJPF9L8050Q	35539
AZQS65X9Z7V85	35540
AZR4EM1UKMRAM	35541
AZR8ZICKHCLP7	35542
AZRK6H0DHP8T1	35543
AZRM6BT0JN1AP	35544
AZRQRNEB9W01M	35545
AZRQYVOQMEJK1	35546
AZRSFY8ZERRNA	35547
AZS0JKI9EGLTN	35548
AZS6EGF30IMXK	35549
AZS6SE0KV73FW	35550
AZSDBVZ8XE71L	35551
AZSKT8U6Z6RE4	35552
AZSLT1XWZ4ELG	35553
AZSSLUADOKUBU	35554
AZT6LF6SJ1OC7	35555
AZTRAGO7LAJYI	35556
AZTTSNGTE0IH6	35557
AZU1G5A23Y63S	35558
AZU29EZXIFC6N	35559
AZUD9CW7CE929	35560
AZUH5XSJ2NLXR	35561
AZUO7BP7YBPJS	35562
AZUSEJJD4QMKB	35563
AZV1MRZBVSWWF	35564
AZV26LP92E6WU	35565
AZV2U6GU5QA6C	35566
AZV6K0PIL8X0F	35567
AZV9PA8JPVX8Y	35568
AZVF084DOTOKU	35569
AZVIZ5YJJH400	35570
AZVM72V2KSUER	35571
AZVRII1X554TO	35572
AZW10G02DNJI4	35573
AZWAYZ82CKRTV	35574
AZWJVMST93NN0	35575
AZWK20E10ZRW	35576
AZWKW9M9HHVE7	35577
AZWXG6KBXXC2N	35578
AZX52MBY59CL4	35579
AZXGPM8EKSHE9	35580
AZXI8FJ7968LR	35581
AZXJXJ7DSA6VK	35582
AZXLZEOK0D72T	35583
AZXUJ8437QVO1	35584
AZY10LLTJ71NX	35585
AZY2NJC0NH1GV	35586
AZY513DDDRN0Q	35587
AZY7YVOUIBM8Q	35588
AZYD9TCTGRX5H	35589
AZYGEJWZ6IVK9	35590
AZYJE40XW6MFG	35591
AZYJMUE8PNTQV	35592
AZYNAZI5L9S74	35593
AZYP4FQ2L2C4O	35594
AZYVD25M8Y4A2	35595
AZZ3C4IINFHZQ	35596
AZZDLE81QHUHE	35597
AZZXSM5W248P8	35598
