reviewerID	user_id
A012468118FTQAINEI0OQ	1
A0182108CPDLPRCXQUZQ	2
A026961431MGW0616BRS3	3
A034597326Z83X79S50FI	4
A04295422T2ZG087R17FX	5
A060131923OZAPX4NDRM8	6
A068510418E9CCS26O5GP	7
A0815414IQ081GR6BB0I	8
A09027871HUIYHTFHPJX6	9
A09557243VFA5RMUZO6M1	10
A1002UBC6V258U	11
A100BOT6XWHS5P	12
A100L918633LUO	13
A100UD67AHFODS	14
A100UU9WHZIJ45	15
A10170TS3O4C9G	16
A101C99CG8EFUH	17
A101K1Y5BQJBFZ	18
A102BB2V3UFSH2	19
A102D49JO9BOZY	20
A102DV5B0MSC68	21
A102QPG7QM1J40	22
A10332THSGIOC1	23
A103PIRYKWQKR7	24
A1040IWUDHDH68	25
A104EJFDIR2C7R	26
A104QGECCAFCI9	27
A104SG9QZ92UAH	28
A1051DBTLWP5A2	29
A10566TEP2SO6I	30
A105H7LA4UCUKN	31
A105LFG3MT4N23	32
A105ME60VV2K2W	33
A105S56ODHGJEK	34
A106UZ0MA2S2FO	35
A107H3XGCV6Y4Q	36
A1081CI06OVJFP	37
A1085B05L8F56S	38
A108CA8X6ZYE9W	39
A108FVW1AQ73T2	40
A108UJC8MQ0REU	41
A109EBP40CP3O4	42
A109EMOP6GPUKS	43
A10A3X3DM3DSWT	44
A10A4M8O47EWXS	45
A10AKE9TAADHVV	46
A10ASLX7DTTB6Z	47
A10BAU1962PTFU	48
A10BM8CMR5YXQQ	49
A10BSS8EZFU0RZ	50
A10BTP0CXOVTZ	51
A10BVVO52FD692	52
A10C4O0Q0TWXOL	53
A10C5CJK1YKGV0	54
A10CGJVD30HSNB	55
A10CGTF3GZ2V65	56
A10CHQHOWTD3AC	57
A10DB0H2NZF11E	58
A10DB8F2M9TTOJ	59
A10DBNGVY8XMGL	60
A10DIU51EE9WGN	61
A10DT30215CH5Y	62
A10E3F50DIUJEE	63
A10E3V94MQ9IVU	64
A10F0D8JQU9WBB	65
A10F425B01ODK5	66
A10F5HQ60ATTZN	67
A10FQS70BOS08C	68
A10GEMYI2G9WZ	69
A10HKS3LFIO8V4	70
A10I05QBEOVVI9	71
A10I54XL73TRLK	72
A10JJ1J4JXVZJL	73
A10JM0T806MNL0	74
A10JPZAYDGFHEV	75
A10JVP8ROXXQ7B	76
A10K8EEF82OBAM	77
A10KHX41ONY4U1	78
A10KPE9K6AFKL2	79
A10L132FI5QHV6	80
A10L198Q8ZKC0H	81
A10L9NQO44OLOU	82
A10LDZZNWWD2GY	83
A10M3UVU0W6M6C	84
A10M94ASQEBL56	85
A10MG6WLSMALA1	86
A10MZ1W1M8LIBJ	87
A10NIZTEOWKX5N	88
A10NMELR4KX0J6	89
A10O18BTQL8QBE	90
A10OI1L06LJ0KY	91
A10OSI9F8DGUT8	92
A10OVKTHHVPWTS	93
A10P33LX6TP75K	94
A10PEXB6XAQ5XF	95
A10PYVI1B7VMC	96
A10Q8CLJW20DZT	97
A10QB8RAEYKYL0	98
A10QFJFUFGYRF8	99
A10QQ9DRBG32S3	100
A10QTN8ERLQGPH	101
A10R72UOSE0P86	102
A10R8DNMRWJURI	103
A10RE6ZUIB2P1P	104
A10S8C19IP6XTF	105
A10STX704CY2IH	106
A10T8O7OOO14N4	107
A10TB10B5FED71	108
A10TF6TUAV0XZP	109
A10TKOAH9K8594	110
A10TUWIUT599Q4	111
A10UNHH0SIMF7I	112
A10V8OTNN2HDIP	113
A10VVD2S6W6ICO	114
A10WBU7X288RZY	115
A10WEZXZ8CY9OZ	116
A10WGLE9JEK4IW	117
A10WZLE7UNWS9S	118
A10XEZE8282PEO	119
A10XULCDFD8VC7	120
A10Y058K7B96C6	121
A10Y9550W7Z8CG	122
A10YHH9ONC9I5Q	123
A10YNQ7SPY4X63	124
A10YWQ4AAAE29O	125
A10YXCJMSJG3QR	126
A10Z2H34E2KJFE	127
A10Z8FC0SMU5VQ	128
A10Z8SAOS240SF	129
A10ZA4JE3XITIM	130
A10ZBR6O8S8OCY	131
A10ZIO8DJRWTC4	132
A10ZOXRR0QMZ9Z	133
A1103HJQTANPR	134
A1104SH03FMIIW	135
A110M2KRZB0IS3	136
A110OR4F8GNKPO	137
A110ZZ38NK7Q3N	138
A1116JC9NIIGQJ	139
A111EZSVVQ1AL9	140
A111LQTZTF63RL	141
A1127J53ON4RM7	142
A112EC059ZZTJF	143
A112JF58KKB8LP	144
A112XLN4J4TYLR	145
A1138UIXWPX63A	146
A113YFEZBA50IM	147
A114HF7Y63OYRU	148
A114TMHW9GRMPB	149
A115CQQ4JLAVB0	150
A115W6MM9ILLK0	151
A115ZXFLSNN5GG	152
A11635CUI3RRY6	153
A1163KPPHHDAHU	154
A1165NF3MYW18K	155
A116J28MIS03J5	156
A116QZVZDPF8GK	157
A116S2TU5SW5F7	158
A116WCMYV1U2IK	159
A1170CQK2UKXTO	160
A1171OQGFOP4OV	161
A117A9HZC25ARO	162
A117AW6STO9CZN	163
A117PQAH6ZLJ97	164
A1195R7XU4ND81	165
A119KK75AZ1DP6	166
A119MUCX8O92LI	167
A119NOJLISZUGP	168
A11A7KJ96IPL2E	169
A11ABGYL02R8VS	170
A11AW1AVGA058V	171
A11AYYYTBH383R	172
A11B61QBGHLQDN	173
A11B6ZT518VWVR	174
A11BKQZJHP77R8	175
A11C0W652QCEQ4	176
A11DBQ7424WD7W	177
A11DLWWD0138XT	178
A11DNQBIZBH033	179
A11E0OKCD8WF7L	180
A11E2KXN2BLP3D	181
A11ED8O95W2103	182
A11EIDY6DD40CS	183
A11EXFO14WEJM1	184
A11FCMZC184KXZ	185
A11FV5SOPO09DK	186
A11FW5TMTDTQO4	187
A11G2ZH0OXPNKV	188
A11GZYJOWIEXYI	189
A11HJ74GWL8PCS	190
A11HU1AN7E6M0G	191
A11HZR9PO8530U	192
A11I0O5WQXMIMC	193
A11I1I9QLMAM1A	194
A11I5FICGS8032	195
A11IFBSF8AMW9M	196
A11IN1QQR8715F	197
A11IOU2PH93QV2	198
A11JS5RTL6YD76	199
A11JYH0QXNOI	200
A11K2HXZB4Z1VY	201
A11KGAS1DM5GZU	202
A11KMEQ7LROWLP	203
A11L1NK5Y289FM	204
A11L3YX5WIDKJ	205
A11LC938XF35XN	206
A11LJJGMMFQZIQ	207
A11LLM2CFX3VR6	208
A11LLWNATMHTZP	209
A11LNY2OLQSUSV	210
A11MJ0KX52MF98	211
A11MSCZI2WM746	212
A11N1J9MZA0K0K	213
A11N2UZ48TJT48	214
A11N9M2212IPJ	215
A11NTAJDD9CKAD	216
A11NZ7LFFI6K1D	217
A11O1Y3VBLI296	218
A11O7SSDZ5CRTB	219
A11O9OV93AFEHF	220
A11OBEH2ZCVAHX	221
A11OTLEDSW8ZXD	222
A11P1G6492WBRM	223
A11PA1KJ6M0KD	224
A11PBW07NQR2NR	225
A11PUCHQS3MM97	226
A11Q7PYQ87R5Y2	227
A11QD9H9KTEK45	228
A11QM8IY2QS1F5	229
A11QO0CUKNI92Z	230
A11R188DH5XZDI	231
A11RDKHE38YVZV	232
A11SPSEM08VIXX	233
A11SY5P9I5BB7L	234
A11T0V94J1YJTO	235
A11T3YPCC0HRT1	236
A11TL78PNBS336	237
A11TPY4XQKYTZU	238
A11TQZLWHZ5TH3	239
A11UCSJIVIUG3D	240
A11UKK38O196PP	241
A11UMT3MKBSPW2	242
A11UU8JNV05730	243
A11V3GPODBXN7C	244
A11VQ0T0RHR4BC	245
A11VTE7VOP88LD	246
A11W10GPQ92NBF	247
A11WCJN0E6LYW	248
A11WMA3BAH72	249
A11WNE1N8SZDFP	250
A11WYHDB1YEZOX	251
A11X2Q3Z7GLIVJ	252
A11X9HWN09P7MC	253
A11XDMC2X9RO5U	254
A11XGM0YFOV0ZA	255
A11XOIJ7WKSFWV	256
A11Y88M90AQ2ZO	257
A11YC5X2KDI12X	258
A11YNU19L1BMO	259
A11YV8Y3CIA8L7	260
A11YZI4CZOOQWA	261
A11Z2NNMKU2UZV	262
A11Z4U7XWQQVOM	263
A11ZPQWG3GGQ9H	264
A11ZQQZ5XJ3QWH	265
A11ZYHY5Q1CI8Z	266
A1205Z8YPC185N	267
A1207QA5GJXN23	268
A120DADS9WILNI	269
A120DNO5ISINR6	270
A120IAA8ECWG6F	271
A120V3YHA2AX9Q	272
A12134BMYG31A6	273
A1216X3L91LJ4G	274
A121BZ9MYVC6HR	275
A121LLBUHLZ0RD	276
A121LWC0KQAVPE	277
A122I8QFCT9UJA	278
A122UK9IT8QSRE	279
A1235J5HSC60MW	280
A1238QFSVUPQ37	281
A1239Q1FAPXJ92	282
A123CQB2M70MXD	283
A123RHXIWIH4D6	284
A123SDVPVRUUMZ	285
A12455DQBMT7M9	286
A1246UPDRQT4QA	287
A124OY4FLG30V0	288
A124PU4KFZNH4K	289
A124RZ0WETLCBY	290
A124VKWCXT8IO9	291
A124X5W01TZHPD	292
A125OSZZ5L5DYG	293
A125RJV9U0LF5E	294
A126NOCKXALQ1M	295
A126OTEVY1QMGS	296
A126RFSNWYW21B	297
A126ZIW0CAQZRT	298
A1277PHP1P2O4V	299
A1279UERKF6H33	300
A127F7JRHTDM0D	301
A127GZ51PD786F	302
A127IS6D0UJMPI	303
A127LL6NRV0A36	304
A127O6CWXTMSTU	305
A127SGHU8N1LJD	306
A1294HX1Q9ITHL	307
A1295M4XAQMWE	308
A12993071VTG5G	309
A129LQK5KL33SZ	310
A129PHJ3YO5JH7	311
A129PLFBKS3D49	312
A129RD9VDUUD6S	313
A12B076XW30QIE	314
A12B1P9NOL71JO	315
A12B7ZMXFI6IXY	316
A12BPMJAOI9CL1	317
A12BSTT97SJMIS	318
A12C3UTX5JGAMU	319
A12CARO5P9DWCT	320
A12CC0H8AWM9YC	321
A12CGWEDV5M90H	322
A12COGFVG1CX2W	323
A12DKDS7LRQSL	324
A12DO6ZFOVON8G	325
A12DQZKRKTNF5E	326
A12DTQ8CIORMCK	327
A12E0Y0J6584RT	328
A12E3Z0BO8MUS5	329
A12E78L9515IF6	330
A12E8O2LHQ74EO	331
A12EB7IZDG04I0	332
A12EHHZOEG7SLJ	333
A12ENBT314RFXR	334
A12EVK82QUTSA6	335
A12F1134XZ5V1Q	336
A12F1PQRSJBGPV	337
A12FM5EOLFEZYI	338
A12G3MCCXFSA91	339
A12G8WFVFU2RGO	340
A12GIOKE26ZFKJ	341
A12GRZ2C2HZPTH	342
A12H774IJ9EWZI	343
A12H962PICP3I8	344
A12HB5Q1ZI3IXJ	345
A12HE61UWPEV19	346
A12HI3OF0F6GJY	347
A12HI8X1Y0NU6O	348
A12HL32WCSICTU	349
A12HOHAM3COLCS	350
A12HP658Q4FI5D	351
A12HPRL0D37G38	352
A12HV5F53N137I	353
A12I1XTSARFJW2	354
A12IOCD2A7OC7K	355
A12J5O4DG80I56	356
A12J8T3NPAXYPQ	357
A12JARSR16QM21	358
A12JSZZF5BFKX2	359
A12KG1WB97PFC7	360
A12KIKGS7SP811	361
A12KPYPQOJZKX2	362
A12L59NPZYEHCY	363
A12L8MMK7Q9XOQ	364
A12L9KI1FGS0CA	365
A12LX5ESPNYQH1	366
A12M12YZVDL6DG	367
A12M7T80ML4XEV	368
A12MAAMTXFZ9Y5	369
A12MB1S0SS6KE2	370
A12MEC390ZKSW2	371
A12MOE75PT2NE6	372
A12MWL2XMX7SLL	373
A12N345ZBT54K	374
A12N7RHAEWT8RA	375
A12N9I5TB1XYFX	376
A12O5SEIF162P8	377
A12OIOZHEY1YEY	378
A12P2DIQFEDVTM	379
A12P7AHKXHZXCM	380
A12PB4PZMM4IRP	381
A12PFDE3LDXPY2	382
A12PN254PTSGU5	383
A12PP78XFH8LCZ	384
A12PSNCVDQRWR7	385
A12Q1DFSKXYC8A	386
A12Q2GK5VY2TR9	387
A12Q6BF760Z1UJ	388
A12QYV3ARZX9TA	389
A12R3UNL31XXBW	390
A12S09MGPQ7PN3	391
A12SB3ESOTO7Y0	392
A12T3PGUTV6HUZ	393
A12T92R6PLL8V7	394
A12T9RSCWJ891M	395
A12TAHNUST13F7	396
A12TOI9PT9TM1G	397
A12UHWBHKX835Z	398
A12URJ8Z6P9Q8S	399
A12V4TA7TU063A	400
A12VDGJCWHS8I3	401
A12VEL9WMX8CH9	402
A12VH93LVMNQZH	403
A12VNUQ0KYG1XB	404
A12VSF9LX72MBQ	405
A12VUTXAN57SIZ	406
A12W51UPCEWFHH	407
A12WD8M1UUA93G	408
A12X2OQQLIZ2FK	409
A12XKCM5DZ1B7A	410
A12XR5TDI2WIJ5	411
A12XTF9S1X9155	412
A12YM9EH6RW6T6	413
A12YSUHTXNY9D	414
A12Z9UFJPT598D	415
A12ZA2244R5IQV	416
A12ZD63BRIX9AA	417
A12ZEEPGCIK8MB	418
A12ZPX7NST48Q4	419
A12ZSBECOKCABG	420
A12ZSSIXMEKS6Y	421
A12ZUQX01MDM9J	422
A1304CB0GOGNYW	423
A130QDNXIPPBJL	424
A130VKD6760TV5	425
A1313C3DLBAL73	426
A131CHPB837LF2	427
A131IPB482MK2C	428
A131JJUYSKVM4J	429
A131VGR5CR4PB4	430
A13293DOYMPAB5	431
A132ETQPMHQ585	432
A132J6ZMCT1AO6	433
A132RY3ORH0HD2	434
A1336TTPYUZKXU	435
A133JMKGD0K4S	436
A1343E56RWHPSY	437
A134CJ3TBWW3CE	438
A134F9G6MBP6MQ	439
A134WY3FYC5K3E	440
A1354C4W99WQUB	441
A1356MMYO31WB6	442
A1358KI3EGQLR0	443
A135E5TTC2J20C	444
A135I7QUXULDVK	445
A136DW1EJYLDPX	446
A136LRUR0RDH9J	447
A1374RLDD5VINW	448
A1374WD5JUH37P	449
A1378ZJMWCTVT3	450
A137SY2CCOWTP6	451
A137TYEMD68CAQ	452
A137V8GCRFOY74	453
A13827DV04A7MF	454
A1384ZUEOO2HRG	455
A138A1KMMGH9J4	456
A138L5S2OGB697	457
A138O58J5FLEWD	458
A138RT5FDOE9IB	459
A1390CSDOCTG2V	460
A1392SF1RU7XI1	461
A1394H7J0Q8S2L	462
A139EDZNBVH4AX	463
A139KRFZTCSJE6	464
A139MC0M7W2CH	465
A13AEVWGNTJDPG	466
A13AI6YC5O244F	467
A13ALI86MWHTGT	468
A13AMQQERB7V4V	469
A13B33C8YYNK9I	470
A13B7EVEAQW0IP	471
A13BX9O5UDBILC	472
A13C15V8FHS8XB	473
A13CIKH3UXEKTP	474
A13CMGPBBA6RED	475
A13CZE489JKH5	476
A13DB60LCNF7QU	477
A13DJD9VKMK28S	478
A13DS9DA3ASN4N	479
A13DU7Q0O8M0YW	480
A13DUVQQKN36LW	481
A13DWJT2LNSMRP	482
A13DZBDVJIJ4N	483
A13E0UB1PG4FDD	484
A13E849LQCS1BN	485
A13E8LUTO0RD4Q	486
A13EJ3RN64Q6HI	487
A13EWRFXVWLMCH	488
A13EXQK7DVEW3R	489
A13FNVCPZYKIAM	490
A13FPV34VGJCRH	491
A13FUJTHNVLJKC	492
A13G1TKIKHGV3F	493
A13GYW7ACIY06A	494
A13H2ZRENPV9E	495
A13H5US9Z7L9M7	496
A13HF7B3HL7DPG	497
A13HL57DVG5N0I	498
A13HRSMJ5TOWEZ	499
A13IBA8PM2LVB0	500
A13IOZ7HIE7MJ7	501
A13IU5RK8QBBDH	502
A13IYU3X81J084	503
A13J2KEK77BVLH	504
A13J2PGKNMJG1K	505
A13JBDME4SICGV	506
A13JLK9XHEWA7C	507
A13JMDUWUKM6A1	508
A13JTOCFWDCQ1N	509
A13KA0HSAV9RQY	510
A13KN0ST21SJ8J	511
A13KNCFLH0IH2G	512
A13KOB3MV0UKP4	513
A13KW5I9IHQ039	514
A13KY55EVOPUGF	515
A13L503ICIEGOI	516
A13LGJZ6A39BP1	517
A13LHBUYIK9TMC	518
A13LNZ4M8212FP	519
A13M2OZU0IWFY8	520
A13M9XSQ4O6NLY	521
A13MB2B1MS0X94	522
A13MM94OD9HMEO	523
A13MZ8L5DC4JHC	524
A13N9P0VQU812I	525
A13NAYSAU7A8TW	526
A13NJZ1M018A7C	527
A13NSQQSABDB8A	528
A13NXQ9PQ5P1NZ	529
A13O50BP6VUJS7	530
A13O50D40K6XX1	531
A13OBBS94PRVLP	532
A13OCFY8EQ3UPW	533
A13OEWAX9Z4RB2	534
A13OTEJOHZWYB5	535
A13PCCEY84UW1K	536
A13PH4SEO083YQ	537
A13PT03EWR07XM	538
A13Q04FV7XUR1T	539
A13QCAZEFF68FK	540
A13QFODY9LMFDB	541
A13QN3VQEE6B69	542
A13QOK3SKIT9QL	543
A13QQN9O57I2HO	544
A13QYOXK27JB8N	545
A13R550JP3A8BO	546
A13RHEGN5F5RFK	547
A13RKXV6AMZTZO	548
A13RRTU6I8IXSY	549
A13S5N7Z997HSO	550
A13SNBVKQ39KNM	551
A13STKDYQO5DQ8	552
A13T4T3QOSII3I	553
A13TDXG09R3UCU	554
A13TN74Y7TX333	555
A13TQCPGBIZHGQ	556
A13TTBN9N7JAEN	557
A13TUDSG4QK0P0	558
A13TVF86XC4O42	559
A13U56PF19VGSW	560
A13UKKAHGAP8RK	561
A13UZJNCBCQM7S	562
A13VB2S47NBEHY	563
A13VQOHTI1AU8Y	564
A13VUNP9EECQHP	565
A13VV84SULQSUL	566
A13VY3TTFNPM41	567
A13W9RXN8Z6F4J	568
A13WBUX01Q4D35	569
A13WEKTB63G78Y	570
A13WNQJ6YCYPJX	571
A13WQHTOBL6O90	572
A13X4VIMZPP4OP	573
A13X9JRI6Q15F6	574
A13XBAXB99R1TF	575
A13XIY7XJYBEKT	576
A13XRH3TZ9SEQH	577
A13XSS72WHGQUC	578
A13XUPXF7QZ4ZB	579
A13XVZCZID7QKM	580
A13YPJ8Y6XFZR2	581
A13YWTC9CP2V3X	582
A13Z3RD1MKC0HB	583
A13Z96HR8EEF24	584
A13ZDDSCCIOXD4	585
A1402C1PCSSBDU	586
A140ICK18NAAYR	587
A140TGQDREQV7W	588
A140X1CP9DZMWF	589
A140YPD8BC5T98	590
A1410OKZZVPKN2	591
A1411GRA85G8YQ	592
A141834NWN0SKH	593
A141A7NBD1DOCX	594
A141SA7FZ2G9GZ	595
A141SPSRIBDNF3	596
A141W8WHW9AC3H	597
A141WC0TY1PB6L	598
A141X4LAETKE87	599
A1422V7OFLROL	600
A142GO7HKWSON6	601
A142KYXDSI3VGO	602
A142R054O5MI9S	603
A1430IT4XVIZ37	604
A1435P5AMCPB3X	605
A1439QR4C3KJWI	606
A143F8QE8SNCKY	607
A143JZ6G2QG3NW	608
A143S6BSJ3HWU5	609
A1444X9S5NG532	610
A14482T71JR6VU	611
A144U5041CFKQR	612
A144Z43JZFWNM	613
A1452LJGS58DPC	614
A1457MB97F27X6	615
A145GBOUVLGECJ	616
A145IIE66GBQ1T	617
A145K3YUKXRIIM	618
A1461P8KLD6QN4	619
A14638TGYH7GD9	620
A146H4KN4LFR60	621
A146H6A41B26QT	622
A146J614ZNX0BT	623
A146L0JWX6KKYJ	624
A1471IW2S85363	625
A1479H6H2OII5G	626
A147EYWRKJS1FX	627
A147OHIHFNVTCQ	628
A1486KL0IOM7VM	629
A148F4ZOSD82OW	630
A148NQ82DX6WWB	631
A1496PXO8SXE9Z	632
A14982GIO20840	633
A149JRLX4KYPOO	634
A149ULJYQZUF4L	635
A14A08BE9EVH1M	636
A14AJAMALII28Q	637
A14AZWOLGK6MD3	638
A14B4MJ7KZE63B	639
A14B80UD17CI8P	640
A14BTJRH9VNLJJ	641
A14C3MHZWZONT9	642
A14C415WWYCWWH	643
A14C65X2PJPQMT	644
A14CH8L7LPBN8A	645
A14CLDB5P0333F	646
A14CPE16HGLDW2	647
A14CSXNBBT2I63	648
A14CVEI1DOKF7Q	649
A14CW28RNQRITO	650
A14CW5YAG08MO6	651
A14D004DHSPWI1	652
A14D1JQT045G3W	653
A14D6IRQH3XH4B	654
A14DG8LVS2MZ6O	655
A14DGJHYS25XYB	656
A14DLCVBFBK7XV	657
A14DNCG5WHM86Z	658
A14DU1XG5WW3YN	659
A14E03Y8WYFHRA	660
A14E0MJQA1I7VT	661
A14E2LI530QVU0	662
A14E7LZASLSX36	663
A14EAVNK3VNSEC	664
A14EDY7QPUJTRF	665
A14ENWEKTHCBXR	666
A14FPA7BK5NBLA	667
A14FU0ZQLKAKCS	668
A14GN0FD0D0H96	669
A14H0IMLKU6JDI	670
A14H68GI0P8Q8N	671
A14HFTOZGKCFJQ	672
A14HHTHKS8R5YO	673
A14HQZ9UYU2CGB	674
A14I1F2H7NOYDC	675
A14IN1UIXQ6CSU	676
A14ISULXGBR9QR	677
A14J2BYYROC7O9	678
A14JCJGC2QL0MR	679
A14JU74UUGJ8GZ	680
A14KGTLUYL9B07	681
A14KUF0BB1HP2T	682
A14LAON0CPKL2A	683
A14LG64GIVZIGS	684
A14LJ8GPJQNXWU	685
A14LOMLO1ON5QZ	686
A14LQ0GV9JXT6F	687
A14M1HSN0AZGYL	688
A14MBQAKPSIIKJ	689
A14MK93G22G4O	690
A14MSHFCXPARFS	691
A14MYITLIZ25X7	692
A14MZJTZAQS6CV	693
A14N3XLSXIJFSG	694
A14N44I8XV8WS	695
A14N4H7QAAZ6I8	696
A14NAW3I5WL497	697
A14NMJAR560Q33	698
A14NQD4RHMM542	699
A14NYU9YYWBI7J	700
A14OHJ9ZMITW3O	701
A14OQ67LM79KW3	702
A14OVLX8N2ISDC	703
A14P06QU4UXCK8	704
A14PBDGN7SM7NJ	705
A14PEBC049DKXH	706
A14PEOCWVVO7KC	707
A14PQQQV09FDC4	708
A14PZVC6FDG1FL	709
A14QQFIVO73XG9	710
A14QY8K1556BHW	711
A14RRHNJ99EUVO	712
A14RYRR7ETV3UY	713
A14S3YSE9KR9MS	714
A14SC4IB9OGSGX	715
A14SIELSDKS5GR	716
A14SRNQ2JT8WEA	717
A14TD41I1VY0J9	718
A14THIJ52IXZSA	719
A14TLXE8P4B52Q	720
A14TUWXDA5WQ7W	721
A14TYIA6NMXWSI	722
A14UOOROH3XRQ9	723
A14V45OKTF6U6Q	724
A14VE1EM6EIFLS	725
A14VZPINY2ULRS	726
A14W2GKUFFHM9U	727
A14WGMC75IYU3P	728
A14WOXZ6JTGNPC	729
A14WVDQ9TWYB93	730
A14WXDJR40D3ST	731
A14X244VGHWPSX	732
A14X8PU4E3APFE	733
A14Y50K20PE7VA	734
A14YOS5HFEMQZD	735
A14YVGE643TRJK	736
A14YYVYYE34IM1	737
A14Z0MULK9Y2HO	738
A14Z0Q1DU6CBJJ	739
A14Z6D3IRJ23F7	740
A14ZCQ9EUWPCV4	741
A14ZE9EKPPRWYK	742
A1501C38OCSEMA	743
A150IA44RMX1Q8	744
A150JNSC0KXI6R	745
A150V36Q39CNU2	746
A1510WM4V9MICG	747
A1515JDIX7H030	748
A151IA6N46ZMQA	749
A151ICLV6QBB5H	750
A151OW029XD9JU	751
A1522TN5FVJL0Y	752
A1523C6WXEDDNK	753
A152419GA05GXU	754
A152DGEVR7SJS3	755
A152XSHQSE5ZYX	756
A153J5IQGU9IOC	757
A153JKH35P5N2I	758
A153LZZ5P998BC	759
A153RS9Z63XYB7	760
A1547GEN3CH26U	761
A154R0EH8V8J23	762
A1558HTACXWE2Z	763
A155QA39EUWU5W	764
A1562TY6LNVPG6	765
A156P4FPL8OGXB	766
A156PKEO21TGZ9	767
A1574S23MT2UXT	768
A157O8BX9BSC44	769
A157RHZNO2FIJG	770
A157SEYAOCY1JY	771
A157T7L0BY7WFZ	772
A157WPAL6YRZKB	773
A157XIAC7WR9OZ	774
A158VTFPOBZZY	775
A159GMVWDAF5YF	776
A15ADZE1K9839O	777
A15AQXDR7YBT6V	778
A15AX29IXAE4LC	779
A15B8KRI6K9U19	780
A15BK64GYVE22V	781
A15CDA37U3FX2A	782
A15CG58KZ2AVZF	783
A15CL28ALB7MTZ	784
A15CYTGJHY8248	785
A15D2Q2A94JSPT	786
A15D2X8MICR2VQ	787
A15D71305SUX7J	788
A15DLHUPADSHQH	789
A15DT4CFL1L32Z	790
A15E6K4ZILA22P	791
A15EUA6JKON9AI	792
A15FLIW5C7UBRV	793
A15GHUAXG7RZ0B	794
A15GQY500A3K2Z	795
A15GY7YEEQ1OR1	796
A15H8RIZQK5DON	797
A15HDZ5JVWVEVS	798
A15HJ5PQTUPB7Z	799
A15I1HBA7A4AFQ	800
A15J9K7O10A3M6	801
A15JB2HEZ6RKGW	802
A15JH9552LAN2M	803
A15JPYV0L19RF	804
A15JT5AUUI6ZUB	805
A15KFZU794UKXS	806
A15KT63KGIBASK	807
A15KWAS4XOM8FT	808
A15LK8DSFQZZ52	809
A15LL62L6M8Q3C	810
A15LR8EKOXKZMH	811
A15LYCETL15CMV	812
A15M2M2ZMSEYAM	813
A15M4UPF4MQVUE	814
A15N04G5IAFLL7	815
A15N8A446WLYP3	816
A15NB6PGR33G14	817
A15NFAT4JJBOO	818
A15NGL9ZC7BN25	819
A15NHBDYACSMY9	820
A15NPHT6V8PSGG	821
A15NQIJ8G9LZ4W	822
A15NTUPD58Z3SI	823
A15OAS39003U5R	824
A15ONIPEXC9CNS	825
A15ORRVOIDFIZU	826
A15OSNH8A4IDO9	827
A15P6YW0LNA8S7	828
A15PRS2NOQG4ME	829
A15Q9YEG1XPEJN	830
A15QA40B26IVLW	831
A15QOTBXPUE0N4	832
A15R8O74AEX1R5	833
A15RT32HHP7W76	834
A15S4MB2HBCMIP	835
A15SQKU2FU3Q9J	836
A15TKGQZFLX9XG	837
A15TM3K5VLY6FC	838
A15TZFBKVISAAJ	839
A15U64VGUV6RBF	840
A15U8ZDA3K5YAV	841
A15UIL7ETZEAYU	842
A15UZA0J3UY9A	843
A15V0N2BZFMEA8	844
A15V4TJBVYLK94	845
A15VEVA62OIQ6V	846
A15VYUTPS6KSJI	847
A15W73LN4G3FYW	848
A15WVJSZNQURFY	849
A15XLBB8B8TM70	850
A15XZFMT2VL1DB	851
A15Y9Y28DTIC05	852
A15YE6PQZR5D0Y	853
A15YTNAXIJB4IT	854
A15ZYH9WV76JAQ	855
A160G57GQ4WNUX	856
A160P6G5PDK38Z	857
A1614SIY0SEU8U	858
A161551RD9VLFO	859
A1619HRSNWGOO6	860
A161A1G6A65GT3	861
A161CJ5WW8VMP8	862
A161DPOYTSTPAY	863
A161IYUBP78IV5	864
A161ROLACFAEXH	865
A161UJ11HHYTKS	866
A161Y9796PIVJD	867
A162AYPUPD88OS	868
A162T7JWGG5UMB	869
A1632CW2ZVBRFS	870
A1638J3F9Z062I	871
A163GMNQRRSD50	872
A164DHXPNTXF7C	873
A164I5URR7J6Y2	874
A164O47CXA68XZ	875
A1654T4C6HVSPV	876
A165EMA3YTIM6A	877
A165O64GYOAES6	878
A165TJ9IOFDXMB	879
A165UK4J81OR00	880
A1672J4AWS5E6G	881
A167KPMW1NBZJW	882
A167VTVMWP0BW8	883
A167VW6XC1391H	884
A168EGNF9MK2KZ	885
A168HSVFKAT2I7	886
A168J1Y1CWIQSR	887
A168O2YKPE9BE8	888
A168R4FTR2AKG0	889
A1693QRJUO2BMW	890
A16A49TPIHCKFO	891
A16A81C3ELWURB	892
A16ACVYBTVL1K1	893
A16AE1KKX8BUF5	894
A16AICX2GYPZ1H	895
A16ASJBDYR7VFY	896
A16AXQ11SZA8SQ	897
A16B4Y9FEFZHIQ	898
A16BB04DCCVBO9	899
A16BEPHCAVL8H1	900
A16BJ43Z46QS3N	901
A16BYDIT21IYHR	902
A16DBJGRKCHPUI	903
A16DMD58142HZ2	904
A16DTDDCMB4GFW	905
A16E4FSVNFUBPN	906
A16EID3ZQJKW09	907
A16EIVIBBXFAQ0	908
A16EVLMU1EGFTJ	909
A16F7J9G7MLXNX	910
A16G1TD9YXM6ZO	911
A16G91DKUY6Y6R	912
A16GBXDS51J019	913
A16HL3D2VAVZGR	914
A16HQB6GTXWKBD	915
A16HYY05X493A6	916
A16HZ6TIC9VZKC	917
A16ILM5MAO58UJ	918
A16IQIEFLGEQCB	919
A16J0ZE2YY07Q6	920
A16J4MPRK58TC4	921
A16JDZKB9WGYPM	922
A16JWZIQ6JAA6W	923
A16K45X7JARLCP	924
A16K971QABELS7	925
A16KBBXGCY2BE1	926
A16KOGAQ8NXPXZ	927
A16KSJPKS03OQJ	928
A16L9YZS3W4Z5I	929
A16MLSN003I3VR	930
A16MNAUMOFXBBM	931
A16N4QIGE921LK	932
A16N5J1PUKGS8P	933
A16N7NWWPLPJ73	934
A16NUYNDCBKP9M	935
A16O17AI8P459L	936
A16O5TJHFQJA11	937
A16OWJLX1Q3PH	938
A16P6SVABHU8N	939
A16PPE8U5G9IZL	940
A16PUD6V3KAZ0Q	941
A16PVP05Q5Z463	942
A16PZVCYWRED34	943
A16Q1LYIDE2WDZ	944
A16QFQEU4IIRHY	945
A16QODENBJVUI1	946
A16QOTZWUKWRAK	947
A16QQE61W4AEXA	948
A16QWJNSAWFCQ4	949
A16RBPUDCYJZHO	950
A16RFQ983KGU3P	951
A16RG2G0QAXVE5	952
A16RI68PS6T5CA	953
A16RJ70SFXHC0K	954
A16RKBCGFDMI8H	955
A16S04WKNCZHJI	956
A16SB75LK9ODWN	957
A16T49GG5OC8I9	958
A16TNRUMYS4IVH	959
A16TQOFSGLKWF0	960
A16TR8FX46WX13	961
A16TYQNUVUB1F9	962
A16TYZWL5CA8FN	963
A16U0ZUT488BRV	964
A16U60PQP4GDJO	965
A16UK2V1WOW1RK	966
A16UMRK4UTVERP	967
A16UWCLXVG0G7Z	968
A16UYT4DEUXBA5	969
A16V7G3LP1NB1C	970
A16VJB1IRP9FIG	971
A16VKDH5Q1R8WO	972
A16W6SJE8TXL8P	973
A16WHBFVXTALBN	974
A16WZ0YHCR06MC	975
A16XDW27LQW5EI	976
A16Y3UO4ZDFTYI	977
A16YH0N8OTI0Y8	978
A16YU3GRGCD95S	979
A16Z2I635OPUQB	980
A16Z2OECAUX8Z4	981
A16Z8BC0WQB0RD	982
A16ZFIHH9QSC0E	983
A16ZGHS7OVW2ML	984
A16ZNEZKMB6NYB	985
A16ZPLT8MEVRKA	986
A170GOPHLT54P2	987
A170L6TQNFJ0AS	988
A1714DUFICLF6N	989
A171MWA0DTRG0U	990
A172NI0BV1O56W	991
A173U0ME12QKF4	992
A17437N1L775IJ	993
A174AQ2AY4E2RO	994
A174BJIC9OEL9K	995
A174HNP78HTXWK	996
A174KVFS29CS1T	997
A17599GLJX98VP	998
A175TVQLNLP30	999
A175V5Z3EFCZG	1000
A1776UH8PPT6WW	1001
A17771LTRWSKQ5	1002
A177DFPFRS3SQT	1003
A177ETSQLQI4EO	1004
A177JBDKQ87LGM	1005
A177XBNQ3ZPBBI	1006
A177ZEKMW4URLK	1007
A178RZD8XBU145	1008
A1796NTZOCGHQC	1009
A1796ZL3QK1T0N	1010
A17A1KTVI3DG6U	1011
A17A5PQB68ZRG9	1012
A17B2QIN8RVRBJ	1013
A17B6MZSX9YU5N	1014
A17B9QXLPCWX2B	1015
A17BK17Y1RZ4JM	1016
A17BLL3VPB3VLG	1017
A17BT73RVRQYSP	1018
A17C7XZHFOS12W	1019
A17CP110C6E9KF	1020
A17CQQGIN0Z2MU	1021
A17CT2J6KYNBQC	1022
A17D0TIMG87ZNH	1023
A17DCQ7KF712QF	1024
A17DIGD5GGGVS2	1025
A17DIP6XB46Y2F	1026
A17DQ5AM36TWP3	1027
A17DW6SUOC70DJ	1028
A17DXLY8I22KQF	1029
A17E3NBADNTI3X	1030
A17ENFSHA5PSI8	1031
A17FQHN25ETAQH	1032
A17G0JG8F053K1	1033
A17GMEFQ6X5RH2	1034
A17GPKMH59TVTW	1035
A17GTGSS2E5QN0	1036
A17HMM1M7T9PJ1	1037
A17HWVGU41Y6IV	1038
A17INQNCZ1HMHL	1039
A17IV1N1MW8NF0	1040
A17IVVLE1X6JLV	1041
A17J1191W4F8MI	1042
A17J8QVZAM3UBI	1043
A17JNJ5ER8ZUNT	1044
A17K69KCUHQEYO	1045
A17KIHGFF2RJZ	1046
A17KVLZE65YOKQ	1047
A17LDDK445B990	1048
A17LDNW8GIFID1	1049
A17M1HL6U2GS7M	1050
A17MLJOM4OBVB3	1051
A17N9RA7DPVS78	1052
A17NVM7IAPF2NS	1053
A17NX7T7DW6KL2	1054
A17NYIHEEENOME	1055
A17O7NFFPX9GBP	1056
A17O7QGW5WA6ON	1057
A17O9TCLFSOUA4	1058
A17OB8ULOJ5U50	1059
A17OE23IQGH9XU	1060
A17OJRLUE3RYEJ	1061
A17OMSVH3BFNSY	1062
A17OYO2M5TMZF8	1063
A17P5XVPA6A8XF	1064
A17PW45P2ASH4K	1065
A17QFVP6KOVZ6F	1066
A17QT4N3ANAXW	1067
A17QUXW76BSXNJ	1068
A17R26S8COQ8G	1069
A17R3NJ8FG9PMD	1070
A17R6JPGRHX2CE	1071
A17RLXDXVYOSTD	1072
A17ROMTUTETSF0	1073
A17RQU3L1A6LKV	1074
A17S69E1UBCTXT	1075
A17SJW9IHJ2O1X	1076
A17SN5WJ6RRKV1	1077
A17SPLXQZNLUGW	1078
A17SPYGB4LVHEY	1079
A17SZZO9LM3WYC	1080
A17T1ADLB2YWZR	1081
A17TCFMQPZ5C4T	1082
A17TH0YOIOVJ1N	1083
A17TMITCPJET4	1084
A17TNK9SYQXZFN	1085
A17TZOFE4S2IZR	1086
A17U562HOY2OQV	1087
A17UA7DPUQWVBK	1088
A17UEV3W4G7WJL	1089
A17UNMURMLX0ZE	1090
A17UP6AU987YOV	1091
A17UZAAXZ3923D	1092
A17V11W2FL8BDH	1093
A17V2N0N8CXSA9	1094
A17V9XL4CWTQ6G	1095
A17VIBT0O9LTPO	1096
A17VIG8V3RAUCK	1097
A17VQ76LG3FL3V	1098
A17W2SY9GHT83C	1099
A17WDXM81Y5A48	1100
A17XD5HELPCQPW	1101
A17XHMSY833L93	1102
A17XTU7OH5HOA0	1103
A17XZGC1T1Z4Z4	1104
A17Y0BDYD8ZNPK	1105
A17Y38OMGS6KJG	1106
A17Y465UXZOJE3	1107
A17YNZUP33063F	1108
A17ZJI8FGVZE30	1109
A17ZPLHRUPPEG5	1110
A17ZTM5OXAPRH0	1111
A17ZVNA9D9BG69	1112
A181W8GE4TAPVV	1113
A181XY4FUF2B7	1114
A181ZNB42LISRZ	1115
A18259YARGWEZZ	1116
A1826DTT6K67FL	1117
A182MBZN9TDOEK	1118
A18356IB5BHXZ3	1119
A183M0APB0QYD3	1120
A183RT2EJOJT8L	1121
A183VX9JGPARDF	1122
A1845D61SRRLUX	1123
A1845PSXOAPXYS	1124
A184FUWGMCF8UY	1125
A184K5PFSEL337	1126
A1850R3AFS6QGL	1127
A185CY2CVBKRWD	1128
A185GVCGMWD2Y3	1129
A185HK1BL3JI9J	1130
A185O1OKRT4M8	1131
A185QFJRTB5W93	1132
A186697K4XKXQL	1133
A186LOC0NVBF5L	1134
A186LOJDQHNE3Z	1135
A186ME94HE4AHL	1136
A186VDAIOH0CR1	1137
A1870QHI5BX494	1138
A18761YJV6HI3H	1139
A187FKQNMXSS8L	1140
A187JLGNRZCU2J	1141
A1885UAX29RY9E	1142
A188FL1P49QW2S	1143
A188JOXWF4EY1R	1144
A188MJCXB1EZUU	1145
A188MS61AE9ZER	1146
A188NTJ5LV8LA4	1147
A1890F2IBKTR5D	1148
A1893YSU7AX0FE	1149
A189WLP4ITO78O	1150
A18A087Y8AW5UT	1151
A18A3CPTU1UL08	1152
A18AO94P2ZIEF3	1153
A18BEJ7OZ55M73	1154
A18BOXF138XC0G	1155
A18C8P6TY6F3WM	1156
A18CAJ0RSYG8TD	1157
A18CF71GKLDS48	1158
A18CJK921W39E6	1159
A18CLZZTX4XV85	1160
A18CSXL5GHHZ2B	1161
A18CZOIMO2PFVE	1162
A18DDXBH5LLDM1	1163
A18E1DMA5W7DPX	1164
A18EHF0FLYLEY7	1165
A18ENNQHAS79HR	1166
A18EORJUFYO2WE	1167
A18EUQFB1I3CGA	1168
A18FUHNBP90IB4	1169
A18FYJIBSTG9U7	1170
A18GJ9MYYO6GCQ	1171
A18GJRJKK36UBX	1172
A18GODMCTYF8PT	1173
A18GVQXYIUY03C	1174
A18HJS0QLIM4U	1175
A18HXCX01R60ZB	1176
A18HZCWRMROOOO	1177
A18IESULI4N6Z0	1178
A18JF0T0GOCORW	1179
A18K5RTT7D8T1S	1180
A18KRL5UGQ93L8	1181
A18L1CVUIQRE9L	1182
A18LHSXQVNNAEY	1183
A18LURVBV82KW2	1184
A18LZ6VHS4DK69	1185
A18MF67CRQ7LHD	1186
A18MG1GPSEAPE9	1187
A18MHCXDY4YREC	1188
A18MVTKTTE8OS8	1189
A18N98G6ZHS8QA	1190
A18NS2LFYCLOTH	1191
A18NXRMU7KYS1W	1192
A18OBUSMXVE8R0	1193
A18OISXM4QMDZR	1194
A18OTM40AHND1K	1195
A18OUQEK7IZ2F2	1196
A18OYKIVQTGU8E	1197
A18P5BH7G4HRRZ	1198
A18P98QS2M3K6Z	1199
A18PHQM5FOYLUR	1200
A18PMN2VYJ73Z6	1201
A18PTTAJSDCMZI	1202
A18Q24BZK2CB5P	1203
A18Q78Q3MLU4CM	1204
A18QMNPU6WYX06	1205
A18QT7URS4S1NZ	1206
A18QWGY3SYKY8U	1207
A18QX0GG3QNS52	1208
A18R9WW8XB2IJ6	1209
A18RCK7EU24EHI	1210
A18RMGZO7XVL48	1211
A18RO1TUN7N8HG	1212
A18RP7I10CX0NR	1213
A18RR55RLK90PP	1214
A18S2QNFRUHRBV	1215
A18S2VGUH9SCV5	1216
A18SK0IT354975	1217
A18SRJPMEEP2ZU	1218
A18SS7AQRBSU87	1219
A18T5F7LY74UH7	1220
A18TDD8ZFMNG4X	1221
A18TOQ36EFZSQ2	1222
A18TZWC6E47R4P	1223
A18U9BQQQ0U8F5	1224
A18W0VT0DJXZKA	1225
A18W7078NJ56LL	1226
A18WDOD4HM69IR	1227
A18WVXXPZDDG6I	1228
A18X40685QFFT0	1229
A18X704S5M9GYA	1230
A18XCCWGMJ9ZHH	1231
A18XDGB9377Q3T	1232
A18XUZTEVGR0V9	1233
A18XVVKAE0TWPV	1234
A18XW4X8DVMVEH	1235
A18XYVCNR720UC	1236
A18YMFFJW974QS	1237
A18YYHHSD6LZ2K	1238
A18YYIGODXXQNO	1239
A18ZGPFTCHJKSO	1240
A18ZJK24U57V4I	1241
A18ZW6UMAQQE15	1242
A18ZY8P0XYBVB9	1243
A18ZYBZLR66IWK	1244
A18ZYDS2CE4LMC	1245
A1906D24J57XYJ	1246
A1907ZYTTR80FL	1247
A190CKV1Y39FYC	1248
A190EAFTGCQNED	1249
A190HCGBHKXGWN	1250
A190HFGLY5BKSN	1251
A190KFHYIEOZOM	1252
A190UO8WMFU4B5	1253
A1919BYRFSG18U	1254
A191AMOO5QYHPC	1255
A191KCBQAOA98R	1256
A191Q0M6SG37S7	1257
A191RI5TS00M5W	1258
A191SUKZKJP1BL	1259
A19284DX9QYBYI	1260
A192AIUYUWM03C	1261
A192Z1UVDNK88E	1262
A1935HQZ4AHITJ	1263
A193BHQH3D9W09	1264
A193G2YEDPU1L7	1265
A193P14MUSQU19	1266
A194K60CWZ371J	1267
A194P59JUB7TR0	1268
A194UXXKM11698	1269
A1954JA0H5WBJQ	1270
A1954UXJEJLMFH	1271
A195PPXIYVLP99	1272
A196M3TH9D8QFU	1273
A1971XCYFN6R0K	1274
A1976DBWNI0HYU	1275
A19789174MB31F	1276
A197S3BB25FROT	1277
A197TOSXSUFFU7	1278
A1981KGW9BJUA4	1279
A1982FX0XSSBH2	1280
A1987V5OCO6QHS	1281
A198CCH4NNLI2E	1282
A198M311Q3VRYF	1283
A198OABXLHME55	1284
A198VFL553RLO6	1285
A198XSWLQ1TXT0	1286
A199A887QDB43B	1287
A199FRO0YFMGED	1288
A19A7Y40KRE3D8	1289
A19ACPLTM1GFOP	1290
A19AER05KUPWX6	1291
A19AOM1E2OZLEA	1292
A19B5KDA7UV254	1293
A19BHEJX6CI57M	1294
A19BOGDWQPM1R3	1295
A19BSL8DK1YT87	1296
A19CZ0C6CPQKYI	1297
A19CZQGT32IBP7	1298
A19D3ASCN83YKS	1299
A19D3N662QS9WD	1300
A19DC5DBKRZ7JS	1301
A19DGCHDG1812D	1302
A19DKZL5LXNSGI	1303
A19DW3VKM5KKYB	1304
A19E7ZX9RYUI3F	1305
A19E959HQACRZQ	1306
A19F06URLZHZJ9	1307
A19F6XX0KK6XZA	1308
A19FH0XB46522I	1309
A19FPNJLLC8DIZ	1310
A19FRW264WZTGP	1311
A19G3E44NZUDKE	1312
A19GFB6MYAG7PN	1313
A19GH1DCYZ6U2M	1314
A19GHDKYQJ35GB	1315
A19GJX6TTSK0C0	1316
A19GMEHMU9LAJ8	1317
A19GTQ0YMXO8VW	1318
A19H5U3TZRN7U9	1319
A19HDIOM7WGMFB	1320
A19HGTMJKQQH08	1321
A19I5EON4RHOUM	1322
A19I70I7ALH86Q	1323
A19IAW131XR12D	1324
A19IR9JE0IF9T5	1325
A19JDXB5R33C7R	1326
A19JGPUJAX048H	1327
A19JH6VPUN3A4R	1328
A19KI32R5VEESF	1329
A19KN4HDC6HXS7	1330
A19L4DNJ4K9DWR	1331
A19L4XT7T3T0WZ	1332
A19LLI6RU662B8	1333
A19LRFXXP2U6PW	1334
A19M211V9VT5YL	1335
A19MCS4BPEZPT3	1336
A19MM9MW8HPLTH	1337
A19MMJMNCJEBTS	1338
A19MN9PYEPU7SU	1339
A19N7S0BX2PKUA	1340
A19NEKVFY2PX5G	1341
A19NP8YYADOOSF	1342
A19NRLFY57CQNK	1343
A19O1QVH7K39H0	1344
A19OA3WBX5Z2JK	1345
A19OB162NGPFV4	1346
A19OEVCPHT1872	1347
A19OGW5YP7JSSG	1348
A19P2VVUPZSTWL	1349
A19PC9J4MSA7P1	1350
A19PEGVP00VVO	1351
A19PPMZ6D4XQ58	1352
A19PUT038LYFX8	1353
A19PXF7ZL9J1Y	1354
A19PZ5PAAJ95Y1	1355
A19Q37RCCF6DUH	1356
A19Q4XTJXXC2ON	1357
A19QGXZ1YSHML2	1358
A19QPS78GOF43U	1359
A19R21RIP6S2ZV	1360
A19RK3TB9DLM0B	1361
A19S6DR1DPM6CI	1362
A19SPYL37I7TC0	1363
A19SYRKLL6PD4R	1364
A19T0CLF0YYGQJ	1365
A19TKRB4LR9ZX0	1366
A19TWVNQBJBZR2	1367
A19UHXW192RJB1	1368
A19UPLG0FJ8MSP	1369
A19UQ3SWL2G166	1370
A19V2TRL68EOHV	1371
A19V870WELGTVP	1372
A19VQ5NIFBUJSV	1373
A19VXJN27K39QJ	1374
A19VZZ46WFATZK	1375
A19WB4OO3EF0MM	1376
A19WEEGB05YAZ3	1377
A19WQFX3JJJ2UJ	1378
A19X9KEHYK2XXX	1379
A19XM9DIPHOBBL	1380
A19XMHRB3G4DIR	1381
A19XNAQ2TG01QW	1382
A19Y4TXEXGCU5Y	1383
A19Y6YIC61ZR2I	1384
A19YOYY7FLQMA6	1385
A19YYCWTG1HL0L	1386
A19Z4IDNL1MGG4	1387
A19ZCPGGWOV4UQ	1388
A19ZOA39XCILA	1389
A19ZRAIDBMQD7M	1390
A19ZXM03SIBK9T	1391
A1A0L0N6RTZ6Z	1392
A1A0LLIERXS9OQ	1393
A1A0TG62X92HRS	1394
A1A0TOMP0EG1M0	1395
A1A0TOXMLOKBQH	1396
A1A1BM6N28X9J0	1397
A1A1C4S4AFMF2E	1398
A1A1PECN5HUN4O	1399
A1A231UFX2B3XE	1400
A1A2F1ZOWOPNJB	1401
A1A2S6U22NP1FL	1402
A1A2ZJA0FW3GJK	1403
A1A36T60KSXWEW	1404
A1A3FFAHZ1OYLD	1405
A1A3IXH7BJQ91V	1406
A1A3VXAK3HR6U6	1407
A1A46D270HU3EV	1408
A1A46OOBRG3ZHZ	1409
A1A4O0SX4EC3SD	1410
A1A4QTASZGJL3W	1411
A1A5N8PBMK4AYS	1412
A1A5TCGIV52I1E	1413
A1A5ZHL0FXK69O	1414
A1A6CDETM8REKB	1415
A1A6FDVPCF5CB4	1416
A1A6J8T64VPOBT	1417
A1A6LGM4ULJASA	1418
A1A6VXCUVRZWFN	1419
A1A7VIA7BN83OR	1420
A1A7VR4Z4HQHFJ	1421
A1A81QZOKSEY5P	1422
A1A8CBN2HWT4VP	1423
A1A8GVQFTXG70H	1424
A1A8QJ282YIUQ0	1425
A1A8QJP6F6YUU4	1426
A1A8RXQ55UA8XH	1427
A1A8XJQP1YOEYM	1428
A1A95I1JJVT95X	1429
A1A97207LN898C	1430
A1A9DJ61HL7536	1431
A1A9PD00UVHHVI	1432
A1A9Q3CQA5Y28E	1433
A1A9UE11NPRY6M	1434
A1AA62JAHGF2TR	1435
A1AADMGNRRGX4V	1436
A1AAFR3IFDNV7A	1437
A1AAOZPZ727SS7	1438
A1AARMR653JKX	1439
A1AAWWGOC8ZREP	1440
A1AB0P65MSER84	1441
A1AB2VFFY0I3JL	1442
A1ABA883LM763R	1443
A1ABFIAD2MYI8G	1444
A1ABORTGN181GP	1445
A1ABPZEPT0137L	1446
A1ACF7OZ5Z45HX	1447
A1ACK69LPN4BCG	1448
A1ACM1CBGORBN1	1449
A1ACMQXCUDY7V	1450
A1ACN5U9OCUIV2	1451
A1AD6MIH2DPVPE	1452
A1AD9GUL4O81UO	1453
A1ADHT4NOR0R0B	1454
A1AE8V6Y8T4KGL	1455
A1AET8SKZZ057R	1456
A1AF4TSD5TIGBH	1457
A1AF71HM3SORDF	1458
A1AFORE8L2LGGW	1459
A1AG6A3IJMB6RW	1460
A1AGUB4IUV7MFU	1461
A1AHAETTCFARPJ	1462
A1AHHLID42XCXY	1463
A1AHWB6GS4VJWS	1464
A1AI18HNONDXKU	1465
A1AIAF5YFRW776	1466
A1AIHD59JXEEDU	1467
A1AIJFHWAGJKTB	1468
A1AJQIS1AZZUPY	1469
A1AJWJGB89GSIL	1470
A1AK05CHLZX3GF	1471
A1AK8KQE5TF6PL	1472
A1AKJRWMTUIMZE	1473
A1ALOTXWL76OY7	1474
A1AM8XLB1XN3Q6	1475
A1AMJ71JX35W00	1476
A1AMRAAFW8QBYF	1477
A1AMS02KVZ81GK	1478
A1AMUFFCNHCZOK	1479
A1AN2BK5HJELYW	1480
A1AN6YIX1JTVJE	1481
A1ANGZHT7AREKW	1482
A1ANPNXBHL5UPO	1483
A1ANUPOZODV01D	1484
A1AOAKVKD15UVX	1485
A1AOCJOD3LDTSI	1486
A1AOFKL8ZR5NU	1487
A1AOFXXODB3POA	1488
A1AOG5U92RH6GC	1489
A1AOMEDZIDXGTB	1490
A1AOMTP8YKG9OX	1491
A1APDJ4ZJZEX	1492
A1APEAHRM2ZQ31	1493
A1APLFV52RQDPY	1494
A1APO2NQTV9WDE	1495
A1APWHOUZBGMR2	1496
A1AQJ5GKTYMKMV	1497
A1AQJAZJHM2NN7	1498
A1AQQ78YJG625L	1499
A1AQSF3Q1YCMFX	1500
A1AR1WF1CKGA9J	1501
A1AR6ZYFKZXT7U	1502
A1ARF8552EUBMW	1503
A1ARHKGXZ763ZD	1504
A1ARX3DKJ88P9D	1505
A1AS5M4WWAF3F2	1506
A1ASFOZ19DJLGA	1507
A1ASKDF67QK4JY	1508
A1AT8LQXVW1LC0	1509
A1ATKZ120NAGUF	1510
A1ATLJGEASTPRC	1511
A1ATUKUNERVEJ4	1512
A1AU09IM8WDW8B	1513
A1AU95U17ZMP55	1514
A1AULXHHME60H1	1515
A1AV1EJPTMV5KW	1516
A1AV4GH7GBLMFI	1517
A1AW460LGI1QER	1518
A1AWL9JASMG904	1519
A1AXCV2WYDA4PD	1520
A1AXDE60UT3N9L	1521
A1AXRFQRA9WIQ	1522
A1AYOQVJ9O9WCZ	1523
A1AYVGYE7V4T93	1524
A1AYXE8HK80Q5Q	1525
A1AZ1NXGGP6LDX	1526
A1AZMG0QGCB23K	1527
A1AZOG7YMURLD9	1528
A1AZTMJSH0EUHF	1529
A1B0CPU9THBX0L	1530
A1B0EQM8VRH9Z1	1531
A1B0G2YSUE4C3Y	1532
A1B0HUFXK7T99U	1533
A1B0IBG97OITZZ	1534
A1B0N7WV5RR9VS	1535
A1B0R9I86NKVTH	1536
A1B1MJR8GF9ZQF	1537
A1B1NRB23SZLJA	1538
A1B1S4CY2NKHSQ	1539
A1B29BL4GE4U87	1540
A1B2AX9T3Z8NEF	1541
A1B37KSGD8XUJ8	1542
A1B4420QVZ30GW	1543
A1B4I10VWYKSFZ	1544
A1B4SE9VIUUBFP	1545
A1B5OR63LAAIB5	1546
A1B5Z5OG2NPFDT	1547
A1B64BONFHIRYM	1548
A1B6QAAEE9VDIN	1549
A1B70HRRLPF4XE	1550
A1B73WBT0EUCSO	1551
A1B74E1VPK2EPQ	1552
A1B7PI8V2ZF2IW	1553
A1B80MBF94GNBC	1554
A1B9BI25KWRNFC	1555
A1B9O2M05Y1ZPM	1556
A1B9WZP8HDKXI2	1557
A1BA72K4VK1UN1	1558
A1BAH8UZH8LMPF	1559
A1BAJ6JXU8PSZH	1560
A1BBCMQSEJN0PP	1561
A1BBTT62SBJFI	1562
A1BCBWJBXK6QN9	1563
A1BCDC7CT8NZJA	1564
A1BCELALEBRHRN	1565
A1BCHPOLJWYSGR	1566
A1BCK9T5Q2DM87	1567
A1BCL8SR4VYQTA	1568
A1BCQD8OYJ79XX	1569
A1BDMSNJVHCS8W	1570
A1BDRZKDK67OXI	1571
A1BEFUJK894ZVB	1572
A1BF5030JMHQ7F	1573
A1BF5WJOFYNOG4	1574
A1BF6QPBURWX92	1575
A1BFOCVD7DZ7C8	1576
A1BFSF51KDKLP4	1577
A1BGYSEDAQWYSD	1578
A1BH3C371SA5EG	1579
A1BHCRAPM0OI1W	1580
A1BHH0P2VS3256	1581
A1BHJH31QR53SH	1582
A1BHPREC4LUOJR	1583
A1BHSP8TPTH8Y5	1584
A1BI8GD8F06D7B	1585
A1BICZPS3Q5B7U	1586
A1BIS6FID9J16M	1587
A1BJ298NX637AP	1588
A1BJCYTCCC4Y1S	1589
A1BJKOXWYPJEN1	1590
A1BK60GZ4QME6I	1591
A1BKJNAWJT2TG2	1592
A1BL7FZZQCQYV5	1593
A1BL9S7Z3H744A	1594
A1BLA31GH7AB52	1595
A1BLK51R1RHH3M	1596
A1BLKINCK03YL8	1597
A1BLURDX90LWD	1598
A1BLZPZFHF2XAT	1599
A1BM39F157EES1	1600
A1BM8DQ5745A4A	1601
A1BMA0M1V2GKBS	1602
A1BMET3MONQ1WE	1603
A1BMG34CO5CMZ5	1604
A1BMMYH2E35321	1605
A1BMNHQ0T5S8ZS	1606
A1BMXQ0RUGEBE3	1607
A1BNMZF9H3AZCM	1608
A1BNSQ4K7B7OGV	1609
A1BNVYT7FQ6K00	1610
A1BOATOHPT7EG8	1611
A1BOJ3936IE1E0	1612
A1BOJE4E44MYW6	1613
A1BOXCHKZM8KAV	1614
A1BP92HYW0HQST	1615
A1BP93MMPYGNQH	1616
A1BPEOEXWUJ7KM	1617
A1BPEZTXGJNZEP	1618
A1BPGO2NXUA26X	1619
A1BPL1U71YBU1W	1620
A1BPPZINVQ2CE6	1621
A1BPYFQGHDT5N7	1622
A1BQTYVTL2W9RN	1623
A1BQYUZ59QHHJM	1624
A1BR1RYVQZ4JXL	1625
A1BR7B2D7QXL83	1626
A1BRR0JPNW2BOR	1627
A1BRSH22638NPR	1628
A1BSHQ62UXGYM6	1629
A1BSKN1R7N6282	1630
A1BT6TL7UCIC5Y	1631
A1BT9SD02Q6DO7	1632
A1BTG38XSGYLW3	1633
A1BTH03TBAQGN8	1634
A1BTI221EBPDZF	1635
A1BTNPMESS99PL	1636
A1BTS3E7A1T88J	1637
A1BTZR7JPFYP5H	1638
A1BUH3JUQ1MLOO	1639
A1BUVOGGFTGMBN	1640
A1BV0Q19807NU1	1641
A1BVFLQ89LAI0K	1642
A1BVGOY4JCX83R	1643
A1BVX2ZI4XUC53	1644
A1BW6O0ELFW0FN	1645
A1BWFERZE63OOR	1646
A1BX61VKRENX4B	1647
A1BX9CC37SQ7M5	1648
A1BXJESOHCHCGB	1649
A1BXVZSQOJE6UE	1650
A1BY8U0O8QK9G0	1651
A1BYB242INO2TY	1652
A1BYEHRTUTXU2E	1653
A1BYJHK7RB7N7C	1654
A1BYMJ1L55TR74	1655
A1BZ7V2TLPZMIY	1656
A1BZN88T4GSZG0	1657
A1BZSKRXN8K1PB	1658
A1C02Z83O2MJHO	1659
A1C0BOS6H0OKO6	1660
A1C0W201MKSOZY	1661
A1C0YT5HU0OEBF	1662
A1C139F5C7Y38P	1663
A1C157FRUD6JXH	1664
A1C19MMLBEY1DC	1665
A1C1BUGBR3EIT3	1666
A1C1I4TJ2FDICS	1667
A1C1JPO1K2MG36	1668
A1C1NYMABU3WCH	1669
A1C21QBAZ1W4Z2	1670
A1C2LRROJJ6FRC	1671
A1C2XTGPX554F9	1672
A1C3PR9XQ1P68A	1673
A1C3V69D1U45HQ	1674
A1C3WVI1KFXR88	1675
A1C3Y8LKKUBVWY	1676
A1C42DQRQQ0ENF	1677
A1C44B5PH027II	1678
A1C4BRJ3UQYW	1679
A1C4J5MRES1KRK	1680
A1C53OVW4MLJH9	1681
A1C5I81NS5CEVW	1682
A1C5IBGCPFSZY0	1683
A1C5IG1QOOW3GS	1684
A1C5TCCR2IGKBU	1685
A1C61SUAZAOLGO	1686
A1C66LMRGMGV19	1687
A1C6GZKSJHOXZV	1688
A1C6QDXTJ0488E	1689
A1C6V4HXPN6SQ8	1690
A1C760KGFSRI6F	1691
A1C78IVZE1PN04	1692
A1C7DTTCSMHPUQ	1693
A1C7HMHWA0H716	1694
A1C7Y31S5QXNTR	1695
A1C8B6R6FQNGXF	1696
A1C8BEFG26LC3V	1697
A1C8F8ZGRIYD8E	1698
A1C8GULXKPZF8V	1699
A1C8SCIXBVXN57	1700
A1C8TGYSXVH906	1701
A1C92XQQ44LKSR	1702
A1C9HQ28WIKFN0	1703
A1C9RXXYKVZD0Q	1704
A1C9TZQOILOSWV	1705
A1CA0ZZ5XNKTGS	1706
A1CA2O9APTJMLG	1707
A1CA4C0PPTHVWU	1708
A1CAA0683A5MLQ	1709
A1CANGVKCCXCHG	1710
A1CAUEKP2MB4JH	1711
A1CB31P1PU9JV0	1712
A1CB5WCS1KQTOZ	1713
A1CBJDITWZNIMB	1714
A1CBMK1AF6HIC0	1715
A1CBONT4DUD92E	1716
A1CC3G24842BG6	1717
A1CC7AHXUUJJAB	1718
A1CCVVXXVAHCCD	1719
A1CD2GFKM552DU	1720
A1CDKODRU6CHLU	1721
A1CDWWS7NROSD	1722
A1CECSIFKCGMMS	1723
A1CEO7S4330SW2	1724
A1CEP9YICTV9M6	1725
A1CFBI1SXPLCHJ	1726
A1CFHQS6KRXYVD	1727
A1CG21R8A91URQ	1728
A1CG3GV4QASBZL	1729
A1CGW9K6KPWA2T	1730
A1CH474D7YR9EV	1731
A1CHPI95TU3FL6	1732
A1CHSNL63M9AGE	1733
A1CHVE2PUBS7AO	1734
A1CIHLX2MJLS72	1735
A1CIIYWAKLUXOQ	1736
A1CIMOIAZUR7CP	1737
A1CIW2OEVAJRM2	1738
A1CIXUAX7QUCQ5	1739
A1CJ0EYX1SWBJN	1740
A1CJCWROJKLNNW	1741
A1CJESS49I634W	1742
A1CJNB6J9U2K6C	1743
A1CJY7C4CVUG6X	1744
A1CKAJWYF8QU7F	1745
A1CKBCRSJOVHSC	1746
A1CKCGZIHFBUR1	1747
A1CKCIM4AAI2BF	1748
A1CKL54CPH0VB	1749
A1CKPTTZF6NBC8	1750
A1CKQTCEX5LMGD	1751
A1CL00EV5J84XM	1752
A1CL7FREKBWLA3	1753
A1CM9DM8R7ODFX	1754
A1CMD08Z49PGKQ	1755
A1CMSADPDOOQO1	1756
A1CMUB8SH8X3G3	1757
A1CNI382AJ17T5	1758
A1CNV2BQHWAAPM	1759
A1CO44JEZN7Y57	1760
A1CO9BE1EX533H	1761
A1COES4Y36F6YI	1762
A1COG6HZTWUKVV	1763
A1COKCSTZBJJDQ	1764
A1COLY26HLGBPZ	1765
A1COPHQQFXQSNB	1766
A1CPMPD6CACYKZ	1767
A1CPRP3VFJRS1R	1768
A1CPWYYIHDH2JM	1769
A1CQ2IR7P9VV0Q	1770
A1CQ2LJA3XU7UM	1771
A1CQ3A1RMYXBNS	1772
A1CQ8RM067BZ9R	1773
A1CQD4YELHLXBB	1774
A1CQNMWWIA9YMC	1775
A1CQON0P01BITL	1776
A1CQSMS4KPL2R	1777
A1CQZK2IBJ9HQ9	1778
A1CR1U30EENDLI	1779
A1CR5F9SON7A15	1780
A1CRDU3Y94LMWY	1781
A1CRT2UI0YIOQN	1782
A1CS6FGM6TMQ3D	1783
A1CS9QXHP8LJB0	1784
A1CSRR7FCKBL9M	1785
A1CTUJP5YLZXRJ	1786
A1CVOZ5UIXB5W5	1787
A1CW14VRM5U5DK	1788
A1CX6F13YPG15V	1789
A1CXDPY0SLYP5P	1790
A1CXGXJZZ3AXR5	1791
A1CY5WN9WX3X4	1792
A1CYCMPQS8H3ID	1793
A1CYKFUPE5ZGBA	1794
A1CYTBE7LLUQ8F	1795
A1CYTN6IVMDUC1	1796
A1CZ052BOS0DZI	1797
A1CZX3CP8IKQIJ	1798
A1D01MGXB9TTDG	1799
A1D0APMZUU1MYX	1800
A1D0JBY09NI198	1801
A1D0PIT85H5VO9	1802
A1D13ZS1SY6IDA	1803
A1D1IDI5S9TN9D	1804
A1D1M7YZKAHBM5	1805
A1D1SVAWJBVGYP	1806
A1D1TYFB50XPJ2	1807
A1D1UDU16M47LX	1808
A1D2ABQ2X9N5TP	1809
A1D2O8ON075QZ	1810
A1D2Q0ZNMIGKD5	1811
A1D2XJACV6XBUD	1812
A1D41TGKEIZPLQ	1813
A1D4EDOMG7QU3K	1814
A1D4IZD9SJ56Q5	1815
A1D51QC6ZZC265	1816
A1D5XZ5NKK07XE	1817
A1D7CVBB5PG443	1818
A1D7EDVVWBEF2K	1819
A1D7OI0EAHUUCV	1820
A1D7UE3ILUOIK0	1821
A1D7VWS3DWS7X8	1822
A1D8J2W4FKUR90	1823
A1D8KV88A3D7IZ	1824
A1D8S5X2YNCMUQ	1825
A1D9TTIG3I1U0I	1826
A1DA8U3I1KT5H2	1827
A1DALUGDVH1CDE	1828
A1DB4ADHLOARGT	1829
A1DB5QPH7WO488	1830
A1DBCHREMYNOVT	1831
A1DBIXBLOKDDLH	1832
A1DBZTI10NIW3W	1833
A1DCAY310FQ2HC	1834
A1DCRMYWQYQOZN	1835
A1DCXPNO3SKMO7	1836
A1DD680S2WJXNQ	1837
A1DD9MSMEKYOVW	1838
A1DDBPTN551RR	1839
A1DDQ71X3MUE69	1840
A1DE59A1A0802B	1841
A1DEC12DGPO4IA	1842
A1DEIJM0RQ124W	1843
A1DF97REDDN606	1844
A1DFC5PWJECJBX	1845
A1DG75OT3Y49EM	1846
A1DGB6HY5C7LXU	1847
A1DGXVIOATFFT4	1848
A1DH649DCV1G3O	1849
A1DIDB2WOZD1M3	1850
A1DIMIK2OA38W2	1851
A1DJ8CAEMQG3W6	1852
A1DJA1ADDO3L6M	1853
A1DJQZITT2YEH5	1854
A1DKF0NPEP8OCA	1855
A1DKSFS6UUB3WM	1856
A1DM78KNH8K1UN	1857
A1DMGE7V3EG0XE	1858
A1DMHJOSVTMUEU	1859
A1DMXYNFIVPM83	1860
A1DNDQ5JRIJ63R	1861
A1DNJZA1GYO5P8	1862
A1DNWA98IV5PMW	1863
A1DNXL8BIR5R8R	1864
A1DNYGN6CYWJKZ	1865
A1DO09PDMA4LYC	1866
A1DO6DKWF3CMBD	1867
A1DOG75V4DP366	1868
A1DORBRATNEP3Q	1869
A1DP4SLO68X687	1870
A1DP5M6MBBB37W	1871
A1DPHNS3EIXO4N	1872
A1DPI29V1065L9	1873
A1DQLJFW3V7HHD	1874
A1DQQ10I0WFWDV	1875
A1DRERP9IF63WI	1876
A1DRKVXO300RUE	1877
A1DRM3JV6T5O6P	1878
A1DSCPT3MY8NSX	1879
A1DSCRGHIZC3BK	1880
A1DSEEQ3RWMTBM	1881
A1DSNDU1A7CIXG	1882
A1DSRM2P0WGQNS	1883
A1DSU331053G86	1884
A1DTV8HMAZLE69	1885
A1DU9PPNW1DLQU	1886
A1DUTLBEGOL9R3	1887
A1DV02SC2PFU4A	1888
A1DV412OWM9CV3	1889
A1DVPPJFMIVKXZ	1890
A1DW1FK1H3F2TM	1891
A1DWGAROSTYH5M	1892
A1DWSI6C1OWNUD	1893
A1DX9NSQKCTPR3	1894
A1DXCHIJNPSER8	1895
A1DXLFDS7364SM	1896
A1DXM9QPZ55AIZ	1897
A1DXNUG22BGT0I	1898
A1DY0CRKZEY0FB	1899
A1DYFG9VS1RLX8	1900
A1DYNPMN54DP1B	1901
A1DYXA74656UD0	1902
A1DZWRVEPMW1UI	1903
A1E11XUBLN0IBQ	1904
A1E187HKCDSKB0	1905
A1E1G8VAZ77NJL	1906
A1E1LEVQ9VQNK	1907
A1E1MEIH511BGC	1908
A1E1QSSFRLEJQD	1909
A1E21P3ANZH9WT	1910
A1E261P4ZYJUOA	1911
A1E27YJZHWQ6RQ	1912
A1E2A5R2WBOB5N	1913
A1E38ETRELK0OU	1914
A1E3LC7ZBXYHGU	1915
A1E3M1W3J5YEYH	1916
A1E4BX0X9EQASW	1917
A1E4FO21A296FN	1918
A1E4K52QM4RXYP	1919
A1E4VBZ1V6QMZ0	1920
A1E54IUN90VXIE	1921
A1E54M6BQY6SL3	1922
A1E55W6ES0FY17	1923
A1E5IF3D5KGV40	1924
A1E5PDFCSVQTU9	1925
A1E5QNG2JIEM5A	1926
A1E5WXNTI7EO2A	1927
A1E6IYIZ7BN9KC	1928
A1E6ZN8F12WQRY	1929
A1E723A6KDXQJQ	1930
A1E7BYP6JGDUHD	1931
A1E7FCPQ1UCK6M	1932
A1E7QLJVWNFOZY	1933
A1E83436ZG9QK8	1934
A1E8AR0UNOX2TR	1935
A1E8DRGX69RUOV	1936
A1E8XXAKINL0B1	1937
A1E9BYEIRE2ENW	1938
A1E9G5IDXA69I8	1939
A1EA0TV12H0NU0	1940
A1EAXRWC1MTKFA	1941
A1EB1NV3ICBF37	1942
A1EB2NMJZOQ6ZA	1943
A1EB90KNE0J9MJ	1944
A1EBGQURP973TL	1945
A1EBHZY28NME1O	1946
A1EC0N43JWJ7R3	1947
A1ED0QNWZ6XQM6	1948
A1EDJIFWMNCRVE	1949
A1EDJXW39YQV1X	1950
A1EDKUO2I5TCXQ	1951
A1EDMKH36AD2I5	1952
A1EDPGHC9EYBUN	1953
A1EDWIXMTOJ2HF	1954
A1EE6LQS3OPY6R	1955
A1EEU4LS61USRA	1956
A1EF5ODLYYMZIU	1957
A1EFBLQG6XB271	1958
A1EG9VGHIL3P5Q	1959
A1EGBJJAG74MZF	1960
A1EGD8EGNINP52	1961
A1EGNQSE9GBD36	1962
A1EGUADIV84Z6Z	1963
A1EH2S92FHWZRP	1964
A1EIU65V9A0SMO	1965
A1EIYATKQIXUTN	1966
A1EJ79Q0TVR2NJ	1967
A1EJ8GMQGLH8UM	1968
A1EJHKM4OQRQ17	1969
A1EJNLXO29POV5	1970
A1EJPGFTHL5MN3	1971
A1EK1BOFTCS6L5	1972
A1EKGQIVLFF9ZP	1973
A1EKMYQS62GNII	1974
A1EKSETIBS9ETQ	1975
A1EKUXN0797J7R	1976
A1ELBAQLOJ25FC	1977
A1ELL4DJBWSRJE	1978
A1ELQOYRKQTC0N	1979
A1ELYMBBVAR2WN	1980
A1EM8NRIKLJY7V	1981
A1EM9H1FJTEO4E	1982
A1EMB0L0XUCGKA	1983
A1EMDSI9Y3MUQ1	1984
A1EMF4E5BTR266	1985
A1EMN4T3ROJDOO	1986
A1EN1B92PO3IDR	1987
A1EN4XAKX9LK4A	1988
A1EN93VM9A31F0	1989
A1ENPEA9KLM6AJ	1990
A1ENRQF4GLY4O2	1991
A1ENZK86F1VE8P	1992
A1EOIFZ6RF03D0	1993
A1EOL1UNHCQ2OK	1994
A1EOV88A8V0F0M	1995
A1EP25KXN2867V	1996
A1EP3QX5DVC6ID	1997
A1EPJ1WT9GDMLO	1998
A1EPK0LGFR1PCP	1999
A1EPPY869PKTMM	2000
A1EQ1JQQGDXRE0	2001
A1EQ5D5JRSW23K	2002
A1EQ8WXLL9CWEW	2003
A1EQA0TA4VZEZJ	2004
A1EQBHCDKFAU6G	2005
A1EQES77VU49CA	2006
A1EQQIK6QU4JAH	2007
A1ER5AYS3FQ9O3	2008
A1ES2Z4ZX6IWBK	2009
A1ESQJSA7C47RU	2010
A1ESSN3AWYWUTL	2011
A1ESYT9YWIJIVS	2012
A1ETE1XPY48J33	2013
A1ETRKZZ9CYLOT	2014
A1EU73CDBOWSJL	2015
A1EUH0TVJUFSA9	2016
A1EUJS2PJGL6M	2017
A1EUQ0LQ9LJPW3	2018
A1EUT9DYQVQJ48	2019
A1EV78KATHKFAC	2020
A1EVBSFB4UHH2T	2021
A1EVDBCR2BHTTX	2022
A1EVE3K48A2O55	2023
A1EVGGPKMPOXVR	2024
A1EVNVL1JQTKOL	2025
A1EVSU1DMOO6IY	2026
A1EVTUQH33NJDR	2027
A1EVV74UQYVKRY	2028
A1EW8BR0J82V9Q	2029
A1EWDG4CAYKX3M	2030
A1EWFJN5E4DOLR	2031
A1EWN05O1U1NTA	2032
A1EWVCAJQNVC4C	2033
A1EX0YTKH4BEZK	2034
A1EXDO435S1N1E	2035
A1EXGL6L0QQ0M5	2036
A1EXJ925400B63	2037
A1EXQ8X0GS1JA	2038
A1EY0ZGZ2WRORF	2039
A1EYJR8G44K1UT	2040
A1EYOP8HT05KV7	2041
A1EYY3OKLGDK10	2042
A1EZAZVC9Z8FTI	2043
A1EZB4BQ68IJQJ	2044
A1EZK00JFTM76Y	2045
A1EZM2FCOP7P2D	2046
A1EZPO478GVX2V	2047
A1F012AJGE9ATP	2048
A1F0DR3QQ49J4Y	2049
A1F0O32S9QGOQU	2050
A1F0U52C1ZTT8I	2051
A1F1A0QQP2XVH5	2052
A1F1HEIAW7X3H	2053
A1F1NJZT98XGQU	2054
A1F1NZ5X0HF52F	2055
A1F1SITQRQ2W2F	2056
A1F1VHVGBWH7D7	2057
A1F1Y66CV2UMSC	2058
A1F251BGO6LFEL	2059
A1F2GVLU0N972G	2060
A1F35UNKFFHPF4	2061
A1F41JYFBPOVSG	2062
A1F436AZUJH8P5	2063
A1F4D5RVDAWAM2	2064
A1F5588D4SRZ2W	2065
A1F5H0JZUN2E44	2066
A1F5O1USOUOOXI	2067
A1F5OY7EX54U7M	2068
A1F60SH7DRYBFO	2069
A1F613RTICSX28	2070
A1F6EPRVZ7C4Y3	2071
A1F6FX6Z3HVVIU	2072
A1F7AFVBKHSOT8	2073
A1F7D876YNJIB3	2074
A1F7GVFG5NU280	2075
A1F7IP6EJ5DOR1	2076
A1F7PCVNKNA9P0	2077
A1F7SX3GNVBNE3	2078
A1F7YU6O5RU432	2079
A1F86CLPN2CQ8I	2080
A1F8ETVVSE55CR	2081
A1F8FJUJ2TEOJP	2082
A1F9K10Y89QHVC	2083
A1F9RDDS4CH5EJ	2084
A1FA70638OQHS1	2085
A1FAAYZRTV13JB	2086
A1FATTRIXTSTEB	2087
A1FAX2IBWTXW2U	2088
A1FB8H2AN6UAJY	2089
A1FBJ731JV9N41	2090
A1FBYASE1JXULU	2091
A1FBZV1US3G075	2092
A1FCQI065T3HYH	2093
A1FD2AKKVSASAI	2094
A1FD3E1SCFYPT6	2095
A1FDDNZ0OQ53I8	2096
A1FDGTMD25Z2SJ	2097
A1FDMQBEVS5V36	2098
A1FDRF4X6XK7YB	2099
A1FDSZISWIXH1A	2100
A1FDTHCGRZMBA1	2101
A1FDV3WPOHREY9	2102
A1FDVT0DLJWV78	2103
A1FELY9TDK5KDS	2104
A1FENQE2U5HPYT	2105
A1FER4S6HTVILN	2106
A1FEXRXE2HOTSF	2107
A1FG44M5ZBQS96	2108
A1FGE1NI1O0AQ3	2109
A1FGKP58UH6269	2110
A1FGSMR86KFTFG	2111
A1FGYXYUCVM41O	2112
A1FH6M0Y3F6ZNI	2113
A1FHWJ7EFO3E3U	2114
A1FI3FNLU8NES0	2115
A1FII6B4HLS8XR	2116
A1FIK2VMDBUEY8	2117
A1FJ4UDDYALI3R	2118
A1FJ5KR8PK0QF1	2119
A1FJFLAAQD5WH2	2120
A1FJJQ4LNAL5WS	2121
A1FK14ZCV3B1RA	2122
A1FK6IQ111SJDR	2123
A1FKGHZYT64TYG	2124
A1FKQJ72DAP644	2125
A1FKSRD4UEA241	2126
A1FKT49W9YCSTW	2127
A1FLJGKRP4D80Y	2128
A1FLQD414LLIH5	2129
A1FLQM52V9YV94	2130
A1FM4Y73YUV92K	2131
A1FM549IYXH16E	2132
A1FMRC8KE0K8PQ	2133
A1FMU5UG7PKGZ8	2134
A1FMWLZ9YY91XI	2135
A1FN0L4YDJZW6V	2136
A1FN623I5HYBIA	2137
A1FN9LO33IV3F2	2138
A1FNN2QQ13QRUH	2139
A1FNP1K6UHRU45	2140
A1FO0OXD0YRJ1V	2141
A1FO8H332S134J	2142
A1FOL3WNG4G13H	2143
A1FOLORLUKPX49	2144
A1FOTWBNLXV5OO	2145
A1FP2TF9CH5ISH	2146
A1FP4CAJZSIUPM	2147
A1FP6T5XNVHXMG	2148
A1FP9Q8DYZL1IP	2149
A1FPD4BK81JLTV	2150
A1FPHB0Y8EWI36	2151
A1FPVTPIJF9IIQ	2152
A1FPVUL053AKXO	2153
A1FQLTMAP37S4B	2154
A1FQMQ5YZTIEKG	2155
A1FQNNX80WYWKR	2156
A1FQSSLJ72JRBT	2157
A1FR4GFP0PBVGG	2158
A1FRADBDXQPJJC	2159
A1FRAX681R5NUQ	2160
A1FRBG71Y7L7PB	2161
A1FRUIJXY2NMRI	2162
A1FSGLRDASOC50	2163
A1FT0QZX0L3RJD	2164
A1FT3F8GLYQRW4	2165
A1FTFFSMMX7ASL	2166
A1FTZ5LLEX7NCM	2167
A1FU1UY55LM8FA	2168
A1FUBPW8U2RYUY	2169
A1FUC0J2RGHTQ1	2170
A1FUIG2K1XRN05	2171
A1FUQ3GYPC888Y	2172
A1FUV1A30FUYDA	2173
A1FUVGPRO7IPNI	2174
A1FV2AIBKC8U1K	2175
A1FVD7AOS18DW4	2176
A1FVK1OH6YSF4Y	2177
A1FVN9AUS01AWN	2178
A1FVOVLVU7GDV8	2179
A1FVTVVGKBREAJ	2180
A1FVZY822MPIW6	2181
A1FWDOPAG2TUHT	2182
A1FWFCJU2G7TRA	2183
A1FWIKH32ZV4G	2184
A1FWTDVXH82XVR	2185
A1FXY0GUFHEI59	2186
A1FY1Y5MKX4MUC	2187
A1FY4RR0LGCJ0Q	2188
A1FYE5YANN1QPS	2189
A1FYYE9Z89Q82J	2190
A1FZ1D3YI40OF9	2191
A1FZEF8I333XS7	2192
A1FZEY9LFFNRW4	2193
A1FZQKM3GCF0C9	2194
A1G097S3MK0IDS	2195
A1G0KB82S6LL0R	2196
A1G0RMYT6CHP66	2197
A1G0UKMI7QX0YW	2198
A1G0VFQ9198IUF	2199
A1G1CJJ2NA41MJ	2200
A1G24ZYOU6FVST	2201
A1G25E1APK8JS6	2202
A1G2BB1B5YXH8B	2203
A1G2GANGY9WK2B	2204
A1G2HOWDLUKJZA	2205
A1G352LEFAJ07E	2206
A1G358FXO386DE	2207
A1G3DK63ZPHA7O	2208
A1G3F434972YRL	2209
A1G3LQTNG8V4HU	2210
A1G3ZHC1SU2U82	2211
A1G44CSFS5AF6B	2212
A1G481FWGZIBMH	2213
A1G4AM4FKADLMM	2214
A1G4WLQKJW4M2O	2215
A1G5ASRILGGY4I	2216
A1G5D8OI02MLRX	2217
A1G5EWABCESKAK	2218
A1G5IA1XS8H53P	2219
A1G60ANYI0HMEU	2220
A1G69BQLIUMWPN	2221
A1G6MKZORYFPCJ	2222
A1G6PV3DQ3FR67	2223
A1G6W3ZD2Y94DX	2224
A1G6Z363WYCX7V	2225
A1G74Z1XW8A232	2226
A1G76710K1HON	2227
A1G7WQZQKDIQOD	2228
A1G7X7HGD26040	2229
A1G7XE5RZK7OV5	2230
A1G7YOUAMCX10Y	2231
A1G836QEJX40XL	2232
A1G84IQN41L3H	2233
A1G8JKR78WJQ71	2234
A1G8JNHF0ZE4FA	2235
A1G8USRY17IR1X	2236
A1G8Z3K7X2VO2X	2237
A1G9LNY5SFU9TX	2238
A1G9ZSWYWORQYD	2239
A1GA3XYWVS0O1	2240
A1GA7HZGFBDTIU	2241
A1GAEORWPBZ7DG	2242
A1GALZCXD8FHOR	2243
A1GAPPNQ0I5X4Z	2244
A1GARI2JT6EAWA	2245
A1GAVCDCJJ78OX	2246
A1GAYQGLUPVZQS	2247
A1GB1SLZJ3VZDI	2248
A1GB8H2W8WLAFR	2249
A1GBRKCX9ZT7FW	2250
A1GBT4UN2RW7XY	2251
A1GBTGBMAVPT46	2252
A1GCC33SRWJD4S	2253
A1GCCGKRNHEAVO	2254
A1GCFTFXELCHRP	2255
A1GCGLDIX0CPZG	2256
A1GCM2JZ759APF	2257
A1GCMS726FXBKH	2258
A1GCNWD2PA81ED	2259
A1GCOURMTPXKWI	2260
A1GCUKN9RSPBZF	2261
A1GD0AWPQWYHD0	2262
A1GD4TZVOS9W0M	2263
A1GD68OLKXFLZ4	2264
A1GD7SUF2XCYU2	2265
A1GDGULCGAS9SQ	2266
A1GDGX206VQVP4	2267
A1GDIEE6U3EQKW	2268
A1GDPTMBF6VYSC	2269
A1GE065MNI4G1E	2270
A1GEQRHD33A7Q3	2271
A1GF0Q8VRMJDNF	2272
A1GF3E49S1E6EY	2273
A1GFEOPOV6ALCR	2274
A1GFN7SFM023UZ	2275
A1GFNX1IU12ZQI	2276
A1GFP8QNXCD2RO	2277
A1GFTE72I9U0NW	2278
A1GGM0BV9NM95A	2279
A1GGTQYG1LODK0	2280
A1GH30RILCPXF2	2281
A1GHUN5HXMHZ89	2282
A1GHZY5ZMRVN8Q	2283
A1GI434KT0GXSR	2284
A1GI5JYA9S773G	2285
A1GI66TB54L2C3	2286
A1GJ7C1BO1Z7IM	2287
A1GJ7UYEX30TPU	2288
A1GJ8ULVAD17BJ	2289
A1GJC2H1T87KB0	2290
A1GJC409GGHYBF	2291
A1GJHYOS9T56GR	2292
A1GJKM6YGR3FM2	2293
A1GKBW9ZNYTGJN	2294
A1GKRGXQTNMWQG	2295
A1GKSZ8I34QITO	2296
A1GKZX6RMO8QO6	2297
A1GLLM1TCKRW10	2298
A1GLVQ28U51O7R	2299
A1GMBVS39ZUKME	2300
A1GMDHUGSE9KF2	2301
A1GMIHHABWEDPX	2302
A1GMQEXBNL3PVF	2303
A1GN7ZHUL5R03A	2304
A1GN8IPG1L8PXG	2305
A1GNOGYCB2XWO1	2306
A1GNOTZ6CE224N	2307
A1GNUZ0Z0OWXAY	2308
A1GNY1PIM5VWPU	2309
A1GNYV0RA0EQSS	2310
A1GOSLJ2V9KO3L	2311
A1GOUUFE1KUXJG	2312
A1GP0DM1YCDGHX	2313
A1GP268H57L0P4	2314
A1GP7SFKQ719HI	2315
A1GPAVOCS20D44	2316
A1GPGBHBI6T2HJ	2317
A1GPK1HL326TQG	2318
A1GPP1IX6JZCP0	2319
A1GQ1JGK9YM6BU	2320
A1GQ7ZCT41TGE3	2321
A1GQAKL9CGQLP1	2322
A1GQJWDR6EXCC6	2323
A1GQPAM8Y45QN7	2324
A1GQRGB8FGSLIZ	2325
A1GQYPLHQG8P1H	2326
A1GR71DXBNOBUS	2327
A1GR9G76RYNL1K	2328
A1GR9YYOD61KSD	2329
A1GRIE7HZTJDL2	2330
A1GRIPPFYMIF0P	2331
A1GRLIEKL850BR	2332
A1GSHFWF4ZL05I	2333
A1GSKIUZG5PO4O	2334
A1GSSN23YNSNTN	2335
A1GSV1KC08A2AR	2336
A1GTFKOAZT8GQL	2337
A1GTUEJ13CCU39	2338
A1GU49L9W0KB7Z	2339
A1GUB4F7K6C5SQ	2340
A1GUN2J1FDYNF3	2341
A1GUSBMYCFQT0B	2342
A1GUX6R8DV3ZLY	2343
A1GVKTAGT80WRE	2344
A1GVO4VUAH85DW	2345
A1GVPO7N5CNC0I	2346
A1GWDRBUMQOCRK	2347
A1GWGQ6KO00EL6	2348
A1GWIYGQJALD3S	2349
A1GWODAL4G5WEK	2350
A1GWTYVIFT7W3Z	2351
A1GXCTXOZ1LEH4	2352
A1GXIKYLC1ANSL	2353
A1GXJW4152V4LJ	2354
A1GYE4D8QBAFAR	2355
A1GYEGLX3P2Y7P	2356
A1GYRC4WR76H5H	2357
A1GYV9PJ0U8ERX	2358
A1GZ3B0GMFL63O	2359
A1GZLCL4RRHEC1	2360
A1GZSVUXUTGAN	2361
A1H0E1YSE0PSP9	2362
A1H0HI1DFYEUMW	2363
A1H0P7ESJE2109	2364
A1H0W4NSHV07T1	2365
A1H1BPKUMGVIA8	2366
A1H1ER8QYQVSIC	2367
A1H1TLRWG5OB8N	2368
A1H287P2WAHSV0	2369
A1H2BLICVBKVQR	2370
A1H2BU215K551Z	2371
A1H2HMGA4ZYU5X	2372
A1H2J760IOA2HQ	2373
A1H2RZDLB657SG	2374
A1H2S4W92AUAUO	2375
A1H35FN7JD89SQ	2376
A1H3GIGRMYP36O	2377
A1H3RXPWFOUCHS	2378
A1H41IC29WQVA6	2379
A1H46DY9CCWNL5	2380
A1H47I9AHHC9UQ	2381
A1H48O9C28RI2H	2382
A1H4EDSPX1IRUA	2383
A1H4IG6PK1O1MO	2384
A1H4LM8XJL8NF6	2385
A1H4ME81LZ452H	2386
A1H4MLARAHTTRA	2387
A1H4OOUVRTZYNS	2388
A1H4UOLIVTLSGT	2389
A1H573ZKQAX3GL	2390
A1H5XDZZQLFLFT	2391
A1H68PDH2D0AJ6	2392
A1H6AY9HN15483	2393
A1H6BSP99AB6ZH	2394
A1H6C5A0P44Q78	2395
A1H6JP5UC5WVT7	2396
A1H6MJI466CHKL	2397
A1H6ZQ6WAAYCTY	2398
A1H70WK52G194F	2399
A1H88L8X6HM1BQ	2400
A1H8ECV0SLTT9O	2401
A1H8I2PH00UQ2K	2402
A1H8R02GMT1NIC	2403
A1H8T1TYFTJ4SY	2404
A1H8ZWY1JCEV1J	2405
A1H985PC7HY2X5	2406
A1H9GIT8P45720	2407
A1H9UB8RB29KBK	2408
A1H9WSOHXZPM07	2409
A1HA0RHK8EASW	2410
A1HADVV7ZTJARK	2411
A1HADZR2IE2LW2	2412
A1HAG8TEP2KMMC	2413
A1HAZDTXA4NSIJ	2414
A1HB11ORN1GR53	2415
A1HB36KSLN0FSQ	2416
A1HBAW3GWXKKAU	2417
A1HBC0NBQJHT7X	2418
A1HBE8WA6DZWF8	2419
A1HBEU1XIP0M6D	2420
A1HBI9BBQIG1NH	2421
A1HBSHN48V2YEC	2422
A1HC0DV6RF4PJ2	2423
A1HCBSMBCI2Q5G	2424
A1HCCA1A6MUQVE	2425
A1HCY88YURHZVZ	2426
A1HDAP6T69MIRS	2427
A1HDE6VKY9U9A	2428
A1HDLJ15OO4LK	2429
A1HDOWX4PJBFMP	2430
A1HEZUL9PGJYKT	2431
A1HF32F50XANMO	2432
A1HF5NZT4TYAT4	2433
A1HF5RG10CVEHJ	2434
A1HF7HD4IO7ZJI	2435
A1HFG50HXQN9W6	2436
A1HFKUE4IDNZZ6	2437
A1HFT68GJ42LTM	2438
A1HFZR3E7M7AZZ	2439
A1HGWDVO2XQR6H	2440
A1HH10XZJ9O7DJ	2441
A1HH1DPK1ASVDN	2442
A1HH29FVSTXJVA	2443
A1HH3UI5ZFQ1I9	2444
A1HH4USWDO09IP	2445
A1HHCM1P6L3N42	2446
A1HHZ17PGIMHCG	2447
A1HI3NXKETINIT	2448
A1HIBJBVQWHAO8	2449
A1HIDKAM9B1VV	2450
A1HIFXTGJ9WLRQ	2451
A1HJ9P95IRZ32O	2452
A1HJV5IHYTBXEQ	2453
A1HJY9S58DFJ4Z	2454
A1HKBGI59UP6IM	2455
A1HKWPX0S5FSZ0	2456
A1HLB4YYHBKVEE	2457
A1HLF04O0EE8UY	2458
A1HLJJ6MKZLR3Z	2459
A1HLSEQ9SPO3JR	2460
A1HMCR18I2G0N5	2461
A1HMWFKHRQ190J	2462
A1HN8HONUY0ZRF	2463
A1HNZOOOST3HCQ	2464
A1HO0SKOCPX5OE	2465
A1HOLE9R6WPT85	2466
A1HOLJW15Q5S5V	2467
A1HOXKR7OKJ1X1	2468
A1HP4IBOVLPPBX	2469
A1HP8DP7RKUPKA	2470
A1HPGF4D3FG70A	2471
A1HPMT54ZH0CNI	2472
A1HR3YUO2PAA15	2473
A1HR7A3OGPLJZV	2474
A1HRE3Q2CBSX6G	2475
A1HRUE1FIES2X9	2476
A1HS30ES2C3YPM	2477
A1HS93R6D20S73	2478
A1HS9BEXAN1OCN	2479
A1HSAYB9K98OGX	2480
A1HSO4GII3EF70	2481
A1HSYKL5X2L1D5	2482
A1HT32KOXCP9U2	2483
A1HTUXCH7LIRVM	2484
A1HU0Y4JENS74E	2485
A1HU6O32WH7F52	2486
A1HU9EGB5RCINO	2487
A1HVR12V7N8QUG	2488
A1HVRGC4PC700B	2489
A1HW1PFS7F7KQ1	2490
A1HW4O8XGHWSPM	2491
A1HWCUZ0XT6W6H	2492
A1HWU7OWS0EC9R	2493
A1HX0OZQYIL5Z6	2494
A1HX7TOA3H1FC1	2495
A1HXTROSMH9HY8	2496
A1HY5DOJCVB8MG	2497
A1HYARAPF3E1GF	2498
A1HYE498SWBY4Z	2499
A1HYH206E18XVC	2500
A1HYRQZPJ0U6PY	2501
A1HYV4HL28X8GQ	2502
A1HZNGD7NXFOSW	2503
A1HZVR1NO0C9Z8	2504
A1I04FUHARXJWN	2505
A1I04J3LWJ8HOL	2506
A1I07P9VZ8ZVCW	2507
A1I0QBVE4SML6N	2508
A1I0TCJKTY6K1H	2509
A1I12P53XRMJP0	2510
A1I13QR8BZGMFP	2511
A1I21325WNFBBT	2512
A1I2U8NT5J6P1N	2513
A1I32INY6GALI7	2514
A1I3567LFLJS0Z	2515
A1I37GGK0QS168	2516
A1I3MX738N3H9M	2517
A1I3SGC074Z519	2518
A1I3SPGTEDK430	2519
A1I3V27PM18LJF	2520
A1I3VMWW6BGNWL	2521
A1I3XTE6TO8E23	2522
A1I46FIJNYR6H2	2523
A1I477ADGMLVJM	2524
A1I4YAA9N1VVU7	2525
A1I5EX4LYUYJRH	2526
A1I5JB80670KFG	2527
A1I5O6LSW96XTB	2528
A1I5OJHMA8KLVQ	2529
A1I7501OH9A2J	2530
A1I7EA45MOXVO2	2531
A1I7QGUDP043DG	2532
A1I7WLVQJRY8NF	2533
A1I7X9OCFFF5M9	2534
A1I8BJY2M3A4CO	2535
A1I8GFZDIXJNWA	2536
A1I8ON1X0B2N2W	2537
A1I8XTYJHWX6N2	2538
A1I9M7250WA3O9	2539
A1IA0O3OYQO9LV	2540
A1IA3XI3O0N5RA	2541
A1IA4L4456BTLE	2542
A1IA77L9KE5I6X	2543
A1IAEIOZQ2M03F	2544
A1IAIA60GQ9DMT	2545
A1IANEBSMVGHS9	2546
A1IAQIZSXONWVU	2547
A1IAYAFKVYM22P	2548
A1IAZMUYE2ZGKE	2549
A1IBKN1GXYJ3K4	2550
A1IBLDZKONGQ1P	2551
A1IBOECOGTSKJO	2552
A1IC0HZ35M0406	2553
A1IC29FBT3M2GC	2554
A1ICE733PRQHWF	2555
A1ICJWBO0NHK8U	2556
A1ICQY6DT62O9N	2557
A1ICTBVZZ523H0	2558
A1ID0AUZ7IPWFD	2559
A1IDAKX7OM3QIE	2560
A1IDKEABXSZDUB	2561
A1IDKZE0M1TSO0	2562
A1IE19XQXG87J6	2563
A1IE6KFSPI19JK	2564
A1IEAZ67W0ORHI	2565
A1IEUP4GAK09EK	2566
A1IEZTKO42OH31	2567
A1IF3VUAXBTX00	2568
A1IFWHIYP5W9U1	2569
A1IFXXHDNXUVMR	2570
A1IG06T98FQ2IS	2571
A1IG5BTJDSPQH7	2572
A1IGBE82U1KY7V	2573
A1IGNAKWBDAH2X	2574
A1IGVFP8PYGPTO	2575
A1IGYJUYL50VUO	2576
A1IH0SOQAJKLDK	2577
A1IH6BL33256WK	2578
A1IH7IRM7PKHY2	2579
A1IH7O6EL7SNBD	2580
A1IH8KWOB9H0SI	2581
A1IHCKK9Y6OEGT	2582
A1IHGXZW123R3J	2583
A1IHK8GL1ESOND	2584
A1IHKR0CQDUTTQ	2585
A1IHQRQJ2KX4G0	2586
A1IHSZ7UE8KI2	2587
A1II2ZRPKZAQQD	2588
A1II7WIL38CICC	2589
A1IIPTAUYV9P2D	2590
A1IIQO2453V234	2591
A1IIYPO3ECU2H2	2592
A1IJ4Z3204XZ6N	2593
A1IJDG904N2OT6	2594
A1IK5QG9Q5UQB5	2595
A1IK7OV02Z4M1D	2596
A1IK8EIM8E4HX0	2597
A1IKRCT2IYW8RC	2598
A1IKU3OV2ZG87I	2599
A1IL6W1NK05UW9	2600
A1ILAVWMGIZUZX	2601
A1ILBM5X0JB1W4	2602
A1ILBRSCAISJBF	2603
A1ILCBHIN5RBIQ	2604
A1ILMKZKYBNCIC	2605
A1ILO7DWH03JBN	2606
A1ILVN13CZQBKK	2607
A1ILWPH1GHUXE2	2608
A1ILZL49HL0Z7Y	2609
A1IM0QKWXDATVD	2610
A1IME3120GNDZ4	2611
A1IMHJ6C6QZ5QL	2612
A1IMHRCHN7I68H	2613
A1IMICKM2I4C0X	2614
A1IMQMCNJ6HGN4	2615
A1IN9LVY9QL620	2616
A1INB5MQ687DPH	2617
A1INBQLNQNSHTK	2618
A1INVF1ZJGP4FE	2619
A1IO5LT9GDXO8V	2620
A1IO7VHBU2N8LF	2621
A1IO8NAANVCV9	2622
A1IOJ3D38A6VK2	2623
A1IOL5NIOIX0PX	2624
A1IP0AXGD8TRW5	2625
A1IPEWWJ6NRFGY	2626
A1IPYRC4O5ZTRH	2627
A1IQ2BN84E9QA1	2628
A1IQ68HCRAHUJ5	2629
A1IQ85Z5F9JLQS	2630
A1IQUVA6VRKLWC	2631
A1IQUWJ9N6RSU1	2632
A1IR1G77FS3FF8	2633
A1IR8NOC0TBOM2	2634
A1IS0MQZUOVLCA	2635
A1IS7E0UI8L7ZL	2636
A1ISA41C4A03SG	2637
A1ISNFODNKC3EI	2638
A1ISQ3ZM74GMHZ	2639
A1ISYU4IOVPEWG	2640
A1IT4KXVKCGH86	2641
A1ITEN72SMUP73	2642
A1ITPW3I1F436D	2643
A1ITRGMT80D5TK	2644
A1ITU19NRL3FBC	2645
A1ITW7DDVEEC31	2646
A1IU7O0EQGX9IN	2647
A1IU7S4HCK1XK0	2648
A1IUC62RU8FI29	2649
A1IUKNWXIDKSHK	2650
A1IUL785XKEAD	2651
A1IULYKSTVM6YQ	2652
A1IUWVOWJLCJDE	2653
A1IV6C1KWKTLJA	2654
A1IVNI7RMAB3PS	2655
A1IVOX9DLBZFYH	2656
A1IW1JI39JAURD	2657
A1IW84EMD990S4	2658
A1IWAEUWZBKIU5	2659
A1IWKO3MPF2AZH	2660
A1IWRDCOOTPR03	2661
A1IXD10BOGPWO9	2662
A1IXH6DG8ORH0U	2663
A1IXKW5NLZ3B0R	2664
A1IXY9HNGXJHJB	2665
A1IXZY3N3430W9	2666
A1IYRHQ7I7IVWP	2667
A1IZBPA1V7NYXK	2668
A1IZGZFO1W4UX0	2669
A1IZNRSXHO0EX6	2670
A1IZRHRQNF3HSQ	2671
A1IZV4Z7NARUDQ	2672
A1J07GR63HTOC0	2673
A1J0K6WQ664MGR	2674
A1J0LLUIE3AKX0	2675
A1J0WIGM6TNZE	2676
A1J1EMCU26L778	2677
A1J1GB9BFJXIVW	2678
A1J1GBJREDREP	2679
A1J1KO98HQ80YW	2680
A1J1MTCRIMX37I	2681
A1J1NRKY975WOL	2682
A1J1S9E53DNAP6	2683
A1J1ZD5C2PKFPV	2684
A1J24ZO87AUJ3F	2685
A1J26WRSH6Y6AZ	2686
A1J2ADAHIJS3N2	2687
A1J2F47CJVXQ1M	2688
A1J34B2935KBLV	2689
A1J36QBQH1Y46B	2690
A1J39J1P9KD6ZF	2691
A1J3OQ40G22L71	2692
A1J3RM7O4OZ3HL	2693
A1J3T2AHYBSRBI	2694
A1J3V4WMVQPYTJ	2695
A1J496W6UVEYB2	2696
A1J4D61PYYGA3	2697
A1J4VIYHH8YOUM	2698
A1J4XNIHP5X9S2	2699
A1J5FNJLW42BL8	2700
A1J5LBA7N7HJCM	2701
A1J5R351ZA5JZS	2702
A1J5ZC9LFMTN58	2703
A1J6B00Z1D6PS4	2704
A1J6DWEEUC2H1D	2705
A1J6K2JIZR2RPZ	2706
A1J6PR431OQ7TW	2707
A1J6SUXLMJMLLR	2708
A1J6YJ42ZEFYII	2709
A1J6Z9T0L4F4XR	2710
A1J73BV9G5069N	2711
A1J75JJ0Q2OEJN	2712
A1J77ISDKOQHFC	2713
A1J7W8ZADL4X2	2714
A1J7XAI2KC0Z85	2715
A1J81924NJU06G	2716
A1J8DTD2A50A9T	2717
A1J8KMRU2EO4J7	2718
A1J8N705ALHIQM	2719
A1J8US3MRPZ2W2	2720
A1J8V1JO2R4TMQ	2721
A1J8Y90DLZDTB	2722
A1J9660BEZ2G09	2723
A1J9CWIKYY2EXH	2724
A1J9EH7FU0XHSG	2725
A1J9MJUX38QZ76	2726
A1J9Q5LI1CXPOS	2727
A1J9T48L93OAKW	2728
A1JA4MMAT41MN4	2729
A1JA4RHXIGA4MA	2730
A1JA58W1SQEPM3	2731
A1JA7CPGDUO9K9	2732
A1JA8FF3F7M00U	2733
A1JALMV9KG6905	2734
A1JAM10N2I0X4O	2735
A1JAMAEI961S35	2736
A1JB0YM1Z44EAU	2737
A1JBLXFTBU6SZN	2738
A1JBRBQS1TTCL7	2739
A1JC0T28C2PYX4	2740
A1JCMY70BKGELB	2741
A1JD329EJOEY99	2742
A1JD8OINVTICIN	2743
A1JD95L7RISX5D	2744
A1JDHH8JIYCZ50	2745
A1JE0K7HYK4NSC	2746
A1JE7ZFZ71MR13	2747
A1JEA7U282WD4	2748
A1JEAPSES2HNVE	2749
A1JEB27VDLXC9F	2750
A1JEGYUC334DZR	2751
A1JERA6E5NTJQK	2752
A1JEZWLIOEMI7Z	2753
A1JF5OSQSOS9NF	2754
A1JF919PT186ZI	2755
A1JFETASTBHVJB	2756
A1JFJ7ZLG063U	2757
A1JFMME0Z5AJTN	2758
A1JG5WOJ1DBIY2	2759
A1JG6B1QOQ3AH4	2760
A1JG9AXH4GWOOS	2761
A1JGGR7SKU1T8W	2762
A1JH4RE328VB3K	2763
A1JHXOJ6203FDL	2764
A1JI317V2CUPEO	2765
A1JI8J1QQBSAHJ	2766
A1JI9EMSFLBVVV	2767
A1JIA2ZAVSF06K	2768
A1JIENHEUNQ7D5	2769
A1JIQW4DFEO2YT	2770
A1JISH2AQDW1YW	2771
A1JIWI7NCZGY3O	2772
A1JJBI6Q3T9O0Y	2773
A1JJGY80GQ4H6	2774
A1JJYNZEYLS7F5	2775
A1JK1JTP6YKEX0	2776
A1JKCFCVE1ME8V	2777
A1JKOJOCNVKZ63	2778
A1JKOQHFS4HZAN	2779
A1JL3PE3MW9D1U	2780
A1JL7Y2JE331UA	2781
A1JL84URLR9Q3O	2782
A1JL8QKD1S4YP0	2783
A1JLNRJZF6CLHZ	2784
A1JLRLUJ0TYLVT	2785
A1JLVZRPY3RTV4	2786
A1JNAUB8NZ63BW	2787
A1JO8RF19SJIVD	2788
A1JOAJ3OUDM7FM	2789
A1JOANG98KBFKU	2790
A1JOXSPL7Q8F0Y	2791
A1JPHA7OWQLSFZ	2792
A1JPXK38UHUSP7	2793
A1JQJ76F9HPD44	2794
A1JQR8F55MKN23	2795
A1JR0017OUNGC9	2796
A1JS69H3IGXRWU	2797
A1JSVJ9RL16CTU	2798
A1JT0XAW0Z4INX	2799
A1JT7LTN1IYIX1	2800
A1JTFLHCPCH7BO	2801
A1JTG2AJ38OHKO	2802
A1JTTI1KH3DOCY	2803
A1JU5OELW8PPWF	2804
A1JU5XS3F68WV	2805
A1JU8QP4G78DQE	2806
A1JUAHVYRZRQJV	2807
A1JUGOQ4WMS63O	2808
A1JV3E2M4AOOOV	2809
A1JVSCKRRVHCB0	2810
A1JW0E0Q1I5YVG	2811
A1JWA03XL44ZGC	2812
A1JWCNSL6W622O	2813
A1JWJPYSVWV9C1	2814
A1JXE27STRRE0H	2815
A1JXMPW18185MO	2816
A1JXX17HZR7754	2817
A1JYATWK5TZ089	2818
A1JZEPPYFZDRPC	2819
A1JZGRS68RAQ4Y	2820
A1JZH8PYQ0WYT2	2821
A1K0593NELZQ64	2822
A1K07GAFY0WJVR	2823
A1K162T3ZLQM2X	2824
A1K1HXZGLKFCTA	2825
A1K1S7DX40PC8I	2826
A1K1XKNEZK8U82	2827
A1K1YV2K1958SE	2828
A1K1Z8XHZLATOJ	2829
A1K2DEZVIMQWHO	2830
A1K2EM1HZ2IE68	2831
A1K2WB6SWWN78K	2832
A1K31E7YNVQRIT	2833
A1K3916GPHF07V	2834
A1K3BCUBHOCQMB	2835
A1K3CXD5NL9HB4	2836
A1K4ADS4V3A0I0	2837
A1K4B4LPPCUZGR	2838
A1K4RDT9ERE5RW	2839
A1K53QGOP7B8JL	2840
A1K5FOUD9HN2FO	2841
A1K5MWZ0XLBTJZ	2842
A1K5Q5GG44YIMU	2843
A1K5VLKMIUXX6R	2844
A1K5X066QRUQBM	2845
A1K6IDFSP9X8BQ	2846
A1K6X4W9MRDI3L	2847
A1K74OVS2AKH4W	2848
A1K7A38V48VEJV	2849
A1K7GYL8FWRGOG	2850
A1K7KX3ZQW41QA	2851
A1K7QJ1LHAY99B	2852
A1K7R1U4QZS3W2	2853
A1K7RG0AT4I3DN	2854
A1K808H97F3U9D	2855
A1K84GJLQWFIQ7	2856
A1K88BHP4PIDSL	2857
A1K8GROZYEPMQP	2858
A1K8J6UTV9YAW7	2859
A1K8LA8DUV718Q	2860
A1K90D8M82NIEG	2861
A1K9AZ2PA8MEFY	2862
A1K9CNP1ZUFTJZ	2863
A1K9QPW7OHC95L	2864
A1K9W5ONMX4931	2865
A1KAEG9HIGL8BB	2866
A1KAERT0MPBZOO	2867
A1KAK3BT39Q878	2868
A1KAUAZIYQ6FRV	2869
A1KB45WG5F0MAN	2870
A1KB6PCFL2REFT	2871
A1KBD1HD8A5B6U	2872
A1KBDSP2GFATBH	2873
A1KBLY3361QYZZ	2874
A1KBSMM92C8TP0	2875
A1KBZLR15QT6F9	2876
A1KCIJLE7I7KDI	2877
A1KDCEBDE9BF2A	2878
A1KDEZWBT04UFC	2879
A1KDM0N4UCEPHA	2880
A1KDU8GVKJAJV8	2881
A1KDUK7COAZK27	2882
A1KF6JMD1F0X0W	2883
A1KF73Y4KJ34TK	2884
A1KFE8JI949WB	2885
A1KG1CKOTATA8K	2886
A1KG7AMPBE36TD	2887
A1KGV63EWL505T	2888
A1KGWUYXUBEMB2	2889
A1KH6I82HMIF51	2890
A1KHFO37SJWIRR	2891
A1KHK2DZOF99ON	2892
A1KHLGSQO7G7J0	2893
A1KHWRJY1LKKW3	2894
A1KI3173CO6TK2	2895
A1KI5R0BXOYVKA	2896
A1KI7YHQEOS1RB	2897
A1KIVYUEPEZK1F	2898
A1KIXNY7UH81SG	2899
A1KJ0AM0ZPU5CH	2900
A1KJDOL79GJ3JI	2901
A1KJO5VP4K3CHU	2902
A1KKE6VX8VPWZK	2903
A1KKQVGFWYFNX8	2904
A1KKSZCWTDPMGJ	2905
A1KL78CICWTX9T	2906
A1KLPS6P7UR631	2907
A1KM020ZU2RMP7	2908
A1KM3IPZ9H0JKZ	2909
A1KM83BPOVAC4Q	2910
A1KMBEMR3HN887	2911
A1KMF2QPCDHE7	2912
A1KMG1AIUS00DC	2913
A1KN44W6LWBM0X	2914
A1KN864WYP3SP6	2915
A1KNK43A1WIDOG	2916
A1KNM9LA9NKOWR	2917
A1KOBZ4KTHAT5U	2918
A1KOU9EM98MVG9	2919
A1KOYTAAHQP25K	2920
A1KPRMCJQKSK93	2921
A1KPY7SV0XP1PO	2922
A1KQ6Z445AGKQL	2923
A1KQJEEZM3HB5N	2924
A1KQNP8MOJDJKC	2925
A1KR8XPAUAGC3P	2926
A1KRHPVG6LHVV3	2927
A1KRHZIDN2LWPU	2928
A1KRR4CCZ9OV7Y	2929
A1KRVDL5NX0989	2930
A1KRYEH6EDGQ6E	2931
A1KSDP5TP2IGWD	2932
A1KSNK256G46GX	2933
A1KSQ132MMRSJ2	2934
A1KTIP6X9PJMSK	2935
A1KTONH2QMMZ59	2936
A1KTT5A2RK2G9X	2937
A1KTUN83EOUTGU	2938
A1KU2VHK8BECRW	2939
A1KU6QJDC3AF1O	2940
A1KU8DS7KA7OYT	2941
A1KUCK3WYXFFA8	2942
A1KUOIHEOZ7C0C	2943
A1KV3BGO2DKLR6	2944
A1KVDCIGCBNFXC	2945
A1KVXPIUWAAG3K	2946
A1KW9SLW10ZL5F	2947
A1KWNP9T3HH0SF	2948
A1KWPIORLG2QV	2949
A1KXJCXS6HFRQZ	2950
A1KY25HG3D9NWB	2951
A1KY5PTH94QGTR	2952
A1KYIXKE14GNE4	2953
A1KYXIBRJS2JE9	2954
A1KYYBQWW3QEEO	2955
A1KYZYJNNLZ0EN	2956
A1KZ64AH0E819Y	2957
A1KZT2QK7NUFWB	2958
A1L04A6IA877I0	2959
A1L0GXASQG2ZGV	2960
A1L0LQU34075LZ	2961
A1L0QZQY7DWS5	2962
A1L105W147CBUG	2963
A1L15VDRPWAH16	2964
A1L17VS0SCF8I5	2965
A1L1B3AXDFTTQH	2966
A1L2HDNL4XFL4H	2967
A1L2JFLTH89ROQ	2968
A1L2UD4YJIVHKM	2969
A1L30OPYRQTC0V	2970
A1L33YH4CYM1HR	2971
A1L39B3I6KC7M2	2972
A1L3JTU3RZDIED	2973
A1L3QNX7R1RZ3G	2974
A1L3SQDIS2LKP2	2975
A1L43DT6YTY635	2976
A1L4GFXNIMA96D	2977
A1L4LGCTH6YX7E	2978
A1L4Q2R4QW2HKM	2979
A1L4SL4ACEQRGV	2980
A1L5GWCBYX07PT	2981
A1L64QYL2KPIOX	2982
A1L6C3SEXGC8Z7	2983
A1L6N46B0P9MSY	2984
A1L6PD52EJ98IK	2985
A1L6YMKSJZ9UZA	2986
A1L775KXVAPFRC	2987
A1L7OVB1ZCV8P4	2988
A1L7UI7ONG6L5Z	2989
A1L85O96S49ID9	2990
A1L8JW1XWI5JH1	2991
A1L8YTICTVN5	2992
A1L92ACJ2Z9QGX	2993
A1L98DRJRF712C	2994
A1L9E0DHAHL0M0	2995
A1L9O8FL2REQTE	2996
A1LA4K5JF78BER	2997
A1LA7U0YJZLCVU	2998
A1LACH6MLQWZ	2999
A1LAV7SV0BD6DS	3000
A1LAWGDDWF82QC	3001
A1LB4IHDHZM1R8	3002
A1LBEL3NLT7WKZ	3003
A1LBKAHPJ9D9LI	3004
A1LBN7NBE3ONGG	3005
A1LBSP9CGIBC6S	3006
A1LC465NC0ADYG	3007
A1LCN7LLVB47KN	3008
A1LCO3C4LIJANB	3009
A1LCWUC7ZO8VF5	3010
A1LCYMIFXUT1IH	3011
A1LDOXHRQ1RX9E	3012
A1LEXEYZFZ4611	3013
A1LF4B95IG0PEQ	3014
A1LF72WDHE73IY	3015
A1LFGOMRDJ79O3	3016
A1LG1DKUZXGJ6J	3017
A1LG3XJBNCGKL0	3018
A1LGK59VMYKLG3	3019
A1LGK93QRW4RRK	3020
A1LGWOQ7Q4AYQY	3021
A1LH21MBCWVP7L	3022
A1LH3Z9ML5LUCC	3023
A1LHAO75MWDEYO	3024
A1LHAXBM5GBJS2	3025
A1LHCUV1YEFCDV	3026
A1LHKMBNYSZYH	3027
A1LHOKYENR7HP2	3028
A1LHVH56FDDA7Y	3029
A1LIF6X67G12V5	3030
A1LIIUZSNYF56D	3031
A1LIS3V39EB30C	3032
A1LIV3VUYJG926	3033
A1LJ3055SF93YO	3034
A1LJATV4H7XC1B	3035
A1LJKB7GBZEIWR	3036
A1LJPJYF8N9IAB	3037
A1LJUBFU23KMP6	3038
A1LK0CFXB6OE5N	3039
A1LK1AHV82BPM3	3040
A1LK5QH0EYEGM2	3041
A1LK5QJZJ5YYIL	3042
A1LKO7RKX5KT28	3043
A1LLR2EA1X6J6M	3044
A1LM6BUPDBM31S	3045
A1LM8GPERSYQ3E	3046
A1LMRAHIKDDX6K	3047
A1LNKVKV4MODPX	3048
A1LNMRBMELKFVU	3049
A1LNYS2NCFHJW	3050
A1LOAUS8602PKT	3051
A1LOENXGC0WRI2	3052
A1LOKZN3PV0KHW	3053
A1LOOSIXGO9X76	3054
A1LOP5VD102NSG	3055
A1LOW0ABH5WFQ8	3056
A1LP3NYDYTQ81V	3057
A1LP60PU060XFY	3058
A1LPH1S8VRJYTD	3059
A1LPTSTVZJ21PD	3060
A1LPV8DN13DI8K	3061
A1LQ1PZ4NAE00N	3062
A1LQ2N1IBXFV0E	3063
A1LQTUWV0GH4EZ	3064
A1LR19XNABKN4T	3065
A1LR660Z19EW7R	3066
A1LRGXJ3AODW79	3067
A1LRNFUGK6XKGP	3068
A1LRPX4M0TKOVD	3069
A1LS2UXHG1BYRG	3070
A1LS3S19JPYUNZ	3071
A1LS8ZNECM4UBY	3072
A1LSK2N2PS36DL	3073
A1LT3LY3YSZ5DL	3074
A1LTAE57OUG57Q	3075
A1LTDEUQUFK1WC	3076
A1LU118O02OIV	3077
A1LUDU68C3RPJE	3078
A1LUHBB4O3NS88	3079
A1LUK8APLC16WK	3080
A1LUTBKT54VUTJ	3081
A1LV4X35A6G5I6	3082
A1LVB3619SJN3C	3083
A1LVHSS0DV3MQ3	3084
A1LW0G97AIJ0PV	3085
A1LWCA8TXGNUBF	3086
A1LWIO81Z3NLBX	3087
A1LWOA6WIP1CFX	3088
A1LWXN60UXNP3Z	3089
A1LX95ESZ0HDYL	3090
A1LXUUMCF5PI5Q	3091
A1LXVKS73TCBAL	3092
A1LYC5O475BSAI	3093
A1LYD7SM76EHG7	3094
A1LYDMJ55BBQJB	3095
A1LYMYNURB9EWW	3096
A1LYW6506L32P7	3097
A1LYZ75RV0MZZ5	3098
A1LZI9TLEJ3405	3099
A1LZJ45V7NS9PJ	3100
A1M0111KL6641C	3101
A1M088YNBY4U	3102
A1M0AN42AAE901	3103
A1M0JILIURABYY	3104
A1M0LB5KDATEU1	3105
A1M0LDGMSIR3VE	3106
A1M0OSCFOAMAZO	3107
A1M0PE58NRYMSB	3108
A1M1LZ5SX12PVV	3109
A1M1PPWVDVYHCT	3110
A1M1QHVH6CXU4Q	3111
A1M1VHDTN07A1X	3112
A1M1ZZCMOH111Y	3113
A1M23590C0V803	3114
A1M24WF88AAVZ8	3115
A1M2CZP3XOVZO5	3116
A1M2DVHHSO03XB	3117
A1M2QJZ6WCOSN4	3118
A1M2T0J45TTE64	3119
A1M2TYUI7EROE4	3120
A1M3KXZS22KQNG	3121
A1M3KZDGVFCEMK	3122
A1M3OLDW9CBF12	3123
A1M3QIGMA2PCU7	3124
A1M4OV57K2O1ZG	3125
A1M4PI57QOGVUK	3126
A1M4PX936MHSS9	3127
A1M50LAH30B02A	3128
A1M50TCAUWLIBS	3129
A1M545AA87PCD5	3130
A1M5KCVI5RXBSV	3131
A1M5X915E9FYB7	3132
A1M5ZT35YX6TIN	3133
A1M6P39FC6ZJRO	3134
A1M6PODA81D1AX	3135
A1M6YL1SSVVWZY	3136
A1M7GV10LNTMZB	3137
A1M7Y63Y5GYJI1	3138
A1M841R4VB4AVY	3139
A1M85S3L9ROA17	3140
A1M8AYAL3L8ACP	3141
A1M8MS6PGJ2LT	3142
A1M8VUEMELRTNL	3143
A1M92239OM8KPO	3144
A1M9KTZK3J3IFI	3145
A1M9L949MA66I3	3146
A1M9XZQ20QIGO1	3147
A1MA0AXH2GTOIM	3148
A1MAB7VNVO2FJL	3149
A1MAI0TUIM3R2X	3150
A1MAQHECJKA2OV	3151
A1MBFUV5DZNEZQ	3152
A1MC6BFHWY6WC3	3153
A1MCNNG2XV3TYM	3154
A1MCQLJGZ2ODCK	3155
A1MDB3G0YAM18R	3156
A1MDTU0TID4HJ0	3157
A1MF1TP4K44WIF	3158
A1MF49W2L3JYJA	3159
A1MF9R3SNRA4MY	3160
A1MFB775WUS73D	3161
A1MFCU1FTQ6BHV	3162
A1MFIL5GZYN14H	3163
A1MFIVHYJS11WY	3164
A1MFN9PT864H9H	3165
A1MFP7JAMWNNDM	3166
A1MG8VXQJ22RY9	3167
A1MG9763TV1J7K	3168
A1MGBXKRVU3HE3	3169
A1MGBZQIYZXQMZ	3170
A1MHB1HRR6VPEH	3171
A1MHBWFC89MQ5S	3172
A1MHIVRIOX4SIA	3173
A1MHLA5JHGL0L9	3174
A1MHOYUPMHH5TF	3175
A1MI9VOMVYBV1S	3176
A1MIOPOJI98HMF	3177
A1MIP8H7G33SHC	3178
A1MJCGOBHAQQ8M	3179
A1MJFTAZUCGNYU	3180
A1MJZAV7WH0LC7	3181
A1MK0UA8UDSMRW	3182
A1MKLM14TVG4S7	3183
A1MKOLMZV05L74	3184
A1MKS8KSK36VES	3185
A1MLBMJSFK6BIJ	3186
A1MLGFNUTEM589	3187
A1MLRWIA02LNSU	3188
A1MLSMZ10KFFN1	3189
A1MLWBXIANIF15	3190
A1MM2IJ9XDPB9C	3191
A1MMFSW19AM019	3192
A1MN1OQ9ZB58UE	3193
A1MN62WAJ4MKNH	3194
A1MNK3EISWD5TW	3195
A1MO3CYR3NMRLS	3196
A1MOICOJEL4GRW	3197
A1MOJ5E4QX6GM2	3198
A1MONQZSAU9S16	3199
A1MOSPX2WM5PX7	3200
A1MP1O8XIPTBL9	3201
A1MPBX67TPMD0W	3202
A1MPGVUUHJRTBI	3203
A1MPJ2E59OHNHR	3204
A1MPL6I4H3KPC9	3205
A1MPWLA14I9OWW	3206
A1MPZUE3ZMW3QS	3207
A1MQVMRXPUIJ5U	3208
A1MR1V5K9PPMEZ	3209
A1MR1VMK999I6O	3210
A1MRL66BXLXD1A	3211
A1MRLJENDYYXTM	3212
A1MRRMHGV3PN5W	3213
A1MSD53W1UT3QY	3214
A1MSRR75YUDAIK	3215
A1MT1B9G3HLT9J	3216
A1MT1OD9W3E508	3217
A1MTIKIGAJWKL8	3218
A1MU7JIQYMPREH	3219
A1MUTGFKWD74U4	3220
A1MV14CAE4KLYY	3221
A1MV4AYKHR7QRU	3222
A1MV4SG6PN3YIP	3223
A1MV4UAKFMA51Y	3224
A1MVI2NUINF6WE	3225
A1MVTXOZOM5AYE	3226
A1MVXSRVTAL5M6	3227
A1MVYVGYPRLQ7N	3228
A1MWICXGMO62R3	3229
A1MXJVANURX26J	3230
A1MXKFRZKU1WX4	3231
A1MXSYWEMXHD0L	3232
A1MXWMXBNEU908	3233
A1MXXD64DGCJ39	3234
A1MXZSECK7WZV	3235
A1MY1CZM8QHFGJ	3236
A1MYCDVAP9HLV0	3237
A1MYQRCX4M9NHZ	3238
A1MYSISP73W2OZ	3239
A1MYV8W0L2PPO6	3240
A1MZ4DPI8OB9JI	3241
A1MZEMD0EDETS6	3242
A1MZJKF1SD4B21	3243
A1MZJQF71JBY46	3244
A1MZL43JDDYJ7P	3245
A1MZL91Z44RN06	3246
A1MZZ88T6JRXCV	3247
A1MZZ8XIRTXYI3	3248
A1N03V52IRZ5PR	3249
A1N0Y3JDRR9N33	3250
A1N12ZF08D4OYL	3251
A1N149Z6FGBNXG	3252
A1N189GRVUBMD	3253
A1N1BSZO9R9EAE	3254
A1N1KJWXNIKG6K	3255
A1N20IZ0H26K2Q	3256
A1N21UOOSZXJJO	3257
A1N2EMZ9F130A9	3258
A1N2KOKBP38342	3259
A1N2Q04V13T2KR	3260
A1N32OCWEY7Q0B	3261
A1N35HD1AGK38S	3262
A1N39INABPHEJ7	3263
A1N3AQW7H09SGT	3264
A1N3ICO0066BS6	3265
A1N3IV52YXUT8Z	3266
A1N42JRBVANGRB	3267
A1N43O6X1S6ZVX	3268
A1N4PQIC5U7JWT	3269
A1N4VG9NM9BGN7	3270
A1N52BWIBF0XAH	3271
A1N54YHG0KQI91	3272
A1N58SCL54ECBU	3273
A1N5C21KMKLC0P	3274
A1N5RY5DFBHT2Q	3275
A1N5YUTZXJX001	3276
A1N5Z9WQ7G6B45	3277
A1N61N05IPTL35	3278
A1N62LD9GX0K6Y	3279
A1N653H5150N7Q	3280
A1N669ZT400URF	3281
A1N6F8OOX1SAFU	3282
A1N6JUSCBSRSBH	3283
A1N6KCIUOK8ERF	3284
A1N6O662DRMWQ6	3285
A1N6ZRN613GAZC	3286
A1N7958XU3AC8D	3287
A1N7BFJSBP75A8	3288
A1N7HHTP02O4VU	3289
A1N7QRZF6NSOYT	3290
A1N8KC4BF42S35	3291
A1N8SMOY9ZDWX	3292
A1N8V9NMOTWHJM	3293
A1N8W5FURE11WK	3294
A1N9ELULUQTH32	3295
A1N9IQV5QFOEXJ	3296
A1NA1VGV5KF1PQ	3297
A1NA2I8KSZCDUQ	3298
A1NA4V36SJ2SM1	3299
A1NA5HLVEYW8RL	3300
A1NA9N3FUUDYGD	3301
A1NANO9C47E6RH	3302
A1NAQ15MEDYW2K	3303
A1NBB2SHVG78LE	3304
A1NBC9ZL3EQR8B	3305
A1NC9AGZOBI0M1	3306
A1NCEMNVQQOEVZ	3307
A1NCTUB91ULTF7	3308
A1NCVDFNHQGYYR	3309
A1NDBHPZ8BHOU	3310
A1NDMT8OW1ZFOK	3311
A1NEG9DJ7JKV8E	3312
A1NEIH01B5X6QL	3313
A1NEP2IL0D9N66	3314
A1NETB6TDFHOQ3	3315
A1NEXK7O36ZMU8	3316
A1NEXTFG5ETAPG	3317
A1NFEUP4CKS9TQ	3318
A1NGMP9JIK07R	3319
A1NGQ6JIYKTOEC	3320
A1NGW9N2V062OY	3321
A1NH1M2FNSGMOR	3322
A1NHBJ146UYR06	3323
A1NHIMW2RBWX0Q	3324
A1NHVCETD9AHFU	3325
A1NHXEI92FH5DH	3326
A1NI0LPW0Y0Q52	3327
A1NIBIZM8X3U4S	3328
A1NIBPQYW0MIY0	3329
A1NIGUK4M2ST8	3330
A1NIVQOOW99WEL	3331
A1NIX2WA2ZKLV7	3332
A1NK4FRGDOI8M0	3333
A1NK64AXM51NKR	3334
A1NK8XW6RES3O3	3335
A1NK9YVOB13K25	3336
A1NKBIS7Y459NQ	3337
A1NKDHSM1D0O00	3338
A1NKKAB0LSY514	3339
A1NKKF4W2LHF6M	3340
A1NMBV838F0E6S	3341
A1NMLNH40B9XM9	3342
A1NN55NHMC706O	3343
A1NN8Q1DLAYPGH	3344
A1NNZB448WT9OU	3345
A1NO1W2X9DWXB7	3346
A1NO669XXIR8FM	3347
A1NOBRCN20NGD5	3348
A1NOJ97JPE2RX2	3349
A1NOSKQRR035RO	3350
A1NOV41485TE0D	3351
A1NPIIM40HL8GL	3352
A1NQK5MH9GTJ6S	3353
A1NQKWS81ENDTV	3354
A1NQWJJ87OWSB	3355
A1NRAKBX91K3SF	3356
A1NRFBE3YSHKPI	3357
A1NRMTQ5SZPZA	3358
A1NRS2WV9B7177	3359
A1NRZ9LDNICADI	3360
A1NS6O584WD5FJ	3361
A1NSBJCDO3YDP2	3362
A1NSJ705LREMYY	3363
A1NSRBEA58I0FB	3364
A1NSV6PV3VAOT8	3365
A1NTBF49XJFKNJ	3366
A1NTJJASB7MFQ9	3367
A1NTT6VKK5X3C9	3368
A1NU8K0Y5J5V3H	3369
A1NUGB2XQNO2ZF	3370
A1NUVP2V0E7JW8	3371
A1NV70AKIDNIBL	3372
A1NV9Y1GTZF27	3373
A1NVZNIM4F2LIW	3374
A1NW4WH9I2BK7I	3375
A1NW9T7VOB14ED	3376
A1NWLS0MTOSL03	3377
A1NWM3YEL2XT87	3378
A1NWQUWPMC20MC	3379
A1NWQWTLTM8JBR	3380
A1NX6V63RROIYA	3381
A1NXJDCSBY1G0O	3382
A1NXRF3I791HRI	3383
A1NYXNBP05FD8Y	3384
A1NZB3Z9D06DG5	3385
A1NZC2UBXOGNQQ	3386
A1NZD47Y4IFJR5	3387
A1NZGPZO6U6D1T	3388
A1NZJY45PXRSYZ	3389
A1NZSRF8UMWVBV	3390
A1NZWNXZRM4Q79	3391
A1O0KPH1RH04WB	3392
A1O0YVMEFFW6K1	3393
A1O1FFS4I1XEE6	3394
A1O1QQWPQ03TUH	3395
A1O24AL52RTN5M	3396
A1O2QIQK2OR5TC	3397
A1O3JT9YX98IGF	3398
A1O402ZP60PD04	3399
A1O4MCVPJJI9UW	3400
A1O4NVWP0LKHH3	3401
A1O4PA4VDP0YV9	3402
A1O4PG6BCRY294	3403
A1O4WUUBSIBSUQ	3404
A1O51BGGPNMSP4	3405
A1O5TVTKYL466F	3406
A1O62IHK2IF5PC	3407
A1O6C8O4MVJFX4	3408
A1O6L5PA7H4MK6	3409
A1O7327JFMJ7JF	3410
A1O7GEFRFRG4O2	3411
A1O7GS4P9Y12GO	3412
A1O7LBXOKLIYZD	3413
A1O816MS7MOXMR	3414
A1O8BS2HKE5Y0O	3415
A1O8GR3RFO0DH8	3416
A1O8GZF9UYOOZ3	3417
A1O90WPVWSN7C0	3418
A1O93NRCC3FWO3	3419
A1O9BEDVTRI5JI	3420
A1O9CRQQT0L4M3	3421
A1O9F5P3RJB2GS	3422
A1O9MH45QYPSBH	3423
A1O9RJQRQBGZAS	3424
A1O9TQSCKSLG9J	3425
A1OA65HXZIINHR	3426
A1OA8BH7N6PYWV	3427
A1OAAUECLEBUSF	3428
A1OAL7C03F11XX	3429
A1OAQLHCVKKNC5	3430
A1OB8SFJFVWOSE	3431
A1OB9SC77YM28L	3432
A1OBBMIMZ9PD5P	3433
A1OBUW48Y2GNMZ	3434
A1OC3U7Y1AGFXB	3435
A1OC65ZR6VAWC8	3436
A1OCGGYZWY6JSE	3437
A1OD200HS5R7OE	3438
A1ODJ1ZDA8ZI52	3439
A1ODOGXEYECQQ8	3440
A1ODXVQ2EXOJ4V	3441
A1OE0D4YFK8VXR	3442
A1OE2L4S9QNN6X	3443
A1OE9URA2SR2SX	3444
A1OETHEBGDTDQQ	3445
A1OEWDSPX827AC	3446
A1OF44E669W2WR	3447
A1OF8VLGFF2P1W	3448
A1OFJ2C31XXL02	3449
A1OFLADSEPKPWY	3450
A1OG3N2BYWTKR	3451
A1OG3UPNKBGUR6	3452
A1OG5GN58D7TWM	3453
A1OGUSVDTTWLS9	3454
A1OGV5JAQ0JY0J	3455
A1OIB7S2GDX1TR	3456
A1OIH3KWIE35QO	3457
A1OIQJ6NXBE826	3458
A1OIYUWNXTWV5L	3459
A1OJ2JMC9B4HLZ	3460
A1OJAQ7WCDNSOI	3461
A1OJMXCC5Z4ED0	3462
A1OJOINV0UANU	3463
A1OJOKQ8VXWJOH	3464
A1OK6MY2A7X7DV	3465
A1OKBY8D5R4JOS	3466
A1OKNIKI54VQ1K	3467
A1OKSDRSOBXEZE	3468
A1OKVV9AM2WXZI	3469
A1OKWWEZSU5NTM	3470
A1OL5PD9OMZGVQ	3471
A1OL7RJ5YEFYD	3472
A1OLSW8DPUIQSA	3473
A1OLV069VNBMK4	3474
A1OMGQEEHGWBSQ	3475
A1OMH391D5ONR2	3476
A1OMHUU58XHQNG	3477
A1OMXVXXP07F05	3478
A1ON0XJTT1A9D2	3479
A1ON11OQPLCCHD	3480
A1ON2K254UY5QI	3481
A1ONXG5SAL34JT	3482
A1ONZ8JRPLBNUI	3483
A1OO2RFK2QMFVF	3484
A1OODBE47LKHZT	3485
A1OOMSOB6SNMNJ	3486
A1OP4JV3DLZRBZ	3487
A1OPV6BD37T1VL	3488
A1OPZ3BUTEL47R	3489
A1OQDRSKLR16NB	3490
A1OQLL63CMQMO8	3491
A1OQX81M4BVVPT	3492
A1OQYD2Y1F02WU	3493
A1ORCWF7LAPYEP	3494
A1ORGY041O4KB2	3495
A1OROTJOVZQ03C	3496
A1OS4KPCCWY936	3497
A1OS8ICUFW5F9H	3498
A1OSDYXPG4K8RZ	3499
A1OT5EB0PKZVDU	3500
A1OTBUCLTFKLQU	3501
A1OU0IWCVMY16Q	3502
A1OUGHYC0NCU1S	3503
A1OUOGHVZD4P0G	3504
A1OUQCTNVKPVR9	3505
A1OUTFWYO3YOBM	3506
A1OV0M4S68I34Q	3507
A1OVD1R8DE9828	3508
A1OVU674MOHMRF	3509
A1OW5M4JTNG715	3510
A1OW6JXPM6X0F	3511
A1OX8QMNC2Y5Z	3512
A1OX93IPAKL23R	3513
A1OXSBQA7Y0QEG	3514
A1OYEN4YDXH34O	3515
A1OZ18KPLBVVG1	3516
A1OZEX6BNJEDBM	3517
A1OZGV36KIAUEZ	3518
A1OZRZCVFONZ7P	3519
A1OZUHF9IMALJH	3520
A1OZWVXJ2D3N3T	3521
A1P00XS758WUWK	3522
A1P02F6DVINMDQ	3523
A1P07F0FW7U9OO	3524
A1P0JSFW184ZXJ	3525
A1P0JXSAV0NFTW	3526
A1P0QNF2WS4O61	3527
A1P18I7UGL9KNV	3528
A1P1AJJTLZWPMP	3529
A1P1GJE2EB1FQ2	3530
A1P1IEBKXW32RK	3531
A1P26DFVA3K4LF	3532
A1P27BGF8NAI29	3533
A1P2LRONLCFGYF	3534
A1P354IBQL8838	3535
A1P38D02SFEAOL	3536
A1P3N3U0YC39JN	3537
A1P450Z2MCQKCQ	3538
A1P46SD6R15ZV	3539
A1P49TW6DHKUOA	3540
A1P4FW2BHUIYPY	3541
A1P4R66EUH6UYN	3542
A1P4TLHGQ6CKT8	3543
A1P50D2A9KC4WP	3544
A1P5HSD4TZBCC6	3545
A1P5KXK4E68DBI	3546
A1P5PZMQ25UYIE	3547
A1P5VCJVV6JA0Z	3548
A1P5Z2PAVH3681	3549
A1P6C8KO9IU4OI	3550
A1P6ICAKAOCDEY	3551
A1P6QSZJY5OBY7	3552
A1P6TV33R7ZJDU	3553
A1P6WMJ77UMBA7	3554
A1P8B6W81KCMCM	3555
A1P8TYY40A4FE8	3556
A1P8X706LK71KS	3557
A1P8ZVG6MJX9O1	3558
A1P9BVW2JB1OVL	3559
A1P9UHDB7BG01K	3560
A1P9UJ7CTC16KI	3561
A1P9UMP1XSE6MI	3562
A1PA2K3GMGIE5V	3563
A1PA6OHLU6AAMV	3564
A1PAE3S7EL707Q	3565
A1PAGHECG401K1	3566
A1PAQFZ8RHMZ5A	3567
A1PAQPI5NGK7FU	3568
A1PB3IPTS9N98K	3569
A1PBA3FXW7MUN	3570
A1PBC5OFVF72YJ	3571
A1PBJAGILX2ONV	3572
A1PBLFIRAZII1F	3573
A1PBMMMRN2YVM7	3574
A1PBQ5YTD5FJOL	3575
A1PBUM7EOA5Z0B	3576
A1PC3GZWMZB5R0	3577
A1PDFKYQ1U8BEV	3578
A1PDK6P3S9IH7U	3579
A1PDL4Q6X3CVHO	3580
A1PDW55YF1GHTW	3581
A1PE07FDHM05I7	3582
A1PE56RGRY0J10	3583
A1PEKEZTSDJAVH	3584
A1PF10K2L4WP9Z	3585
A1PFHY3V92V	3586
A1PFZOLRQ2A1FQ	3587
A1PG435Y5N274B	3588
A1PG4DK954BR2Q	3589
A1PGOZPGGG47ZQ	3590
A1PGVW444QUMR6	3591
A1PH75710OUMT1	3592
A1PHN5GPKCEVV5	3593
A1PHQLBFDVE1OO	3594
A1PI2MSVWR8LWR	3595
A1PI477JJP2HOK	3596
A1PI8VBCXXSGC7	3597
A1PJ2X006BJZT2	3598
A1PJKGNMUEGEWO	3599
A1PKNR8B017S3V	3600
A1PKRO48Z2QTFV	3601
A1PKW77TT9GK2X	3602
A1PKWDJBMUWNF4	3603
A1PLGH5DGHFVVY	3604
A1PLNHXOBDLMJL	3605
A1PLNQ9TSXFIVP	3606
A1PLZ81RMAR8GW	3607
A1PMCLA7UNNFKJ	3608
A1PMSCELF9PEFK	3609
A1PN0NIH7NLC20	3610
A1PN51CCZOPRIQ	3611
A1PN9KVU0YP6SW	3612
A1PNLJSZ37FAUU	3613
A1PNT1D0OBHLPV	3614
A1PNUPB62N7VQY	3615
A1PO5M2023Q8Y6	3616
A1POD4SH35DZ3X	3617
A1POFVVXUZR3IQ	3618
A1PPDZQXY0ZHAW	3619
A1PPE8RW3VSWMK	3620
A1PPPCF42TMACV	3621
A1PPTGD1PPU1ZC	3622
A1PQ4BQZL9YV1Q	3623
A1PQA3OKSUMEPE	3624
A1PQD4OCY4MKM3	3625
A1PQH2Q3HATCT4	3626
A1PQHPE3S51Z18	3627
A1PQJBRZLS0ZWY	3628
A1PR82Z3YBTSHU	3629
A1PS67NTSNL3OM	3630
A1PS7BFRH2V6PM	3631
A1PSNH3BSAHHWG	3632
A1PSOVIQK992SV	3633
A1PSP216PYV9A	3634
A1PSYKP9BVF2EP	3635
A1PT0VHALURW2P	3636
A1PT973501E345	3637
A1PTBXZG04GT29	3638
A1PTNN4W2PR3E0	3639
A1PTTEYFE49BQM	3640
A1PUGP8IXD1BA9	3641
A1PUJFIE4Y1M7R	3642
A1PUROK62HTBAJ	3643
A1PV7WG9ES31Y7	3644
A1PVN3FJ3WNG1M	3645
A1PVOHZGN3G8VN	3646
A1PVYF10KUDDTG	3647
A1PVYZTM7IL8LV	3648
A1PW4QQ9FWBO4G	3649
A1PWDR0J9Q19KP	3650
A1PWQH1N4ODMSC	3651
A1PX1X3FCQWDL3	3652
A1PX6J5JA6WVZK	3653
A1PX8ANFFA7GM	3654
A1PXQUUH5UN9O6	3655
A1PY3QWKZC8TPH	3656
A1PYI6ST7701G9	3657
A1PYIOKD3FG3G7	3658
A1PYKWCWMN6KHO	3659
A1PYQULLE3GIL0	3660
A1PYR1JK62E9L4	3661
A1PYUPO4L7MA5T	3662
A1PZ0MCL9ZW25Y	3663
A1PZ1TEZYVQNX0	3664
A1PZ8BM9TI76Y9	3665
A1PZ94AOBKDLZU	3666
A1PZAES3HY7Z9I	3667
A1PZENATLHGO3C	3668
A1PZLIK77K4WH3	3669
A1PZO13IAKZRQ5	3670
A1PZW5JKLA85F1	3671
A1Q08H4B9QGT2N	3672
A1Q0PTUZXGF5JL	3673
A1Q1MUK0E5LI1C	3674
A1Q1NIMOITSH12	3675
A1Q1Q9HVCBIO52	3676
A1Q1T811N4IY3Z	3677
A1Q1Z7IR79G52A	3678
A1Q2CBTWZNCCV1	3679
A1Q2KDXNG1YC4R	3680
A1Q33QVK1HAPGI	3681
A1Q3C8EFFVBWU	3682
A1Q3MDPIS017JE	3683
A1Q47BWW4698MP	3684
A1Q48I7K1Y6K5T	3685
A1Q57GEGDR4PYE	3686
A1Q5C7ZMQ6BRRH	3687
A1Q5EF98YAF665	3688
A1Q5GOPLE0XUN2	3689
A1Q5I46ZKWRS3C	3690
A1Q5JHS8RXHNT4	3691
A1Q5M51K0A4UO5	3692
A1Q5W3RQZS06HO	3693
A1Q62S1E5H3Q2A	3694
A1Q63BO0X32H5O	3695
A1Q6BKOJ230RM6	3696
A1Q6MHDUPNV6P7	3697
A1Q6QNF5RWV6WJ	3698
A1Q6RWP789UPUA	3699
A1Q6X7176U80ZW	3700
A1Q71XKTWK6TK7	3701
A1Q775U9S11TUN	3702
A1Q7A78VSQ5GQ4	3703
A1Q813RS7W6FLW	3704
A1Q84IBFXKQEX7	3705
A1Q8KRGN5G048F	3706
A1Q98ZMHZXOYWI	3707
A1Q9BDNMSQCXZH	3708
A1Q9UVHD2PGCVU	3709
A1QACB8S7QQ2B8	3710
A1QAOZV4ZAGDN6	3711
A1QB3XM80QTGHD	3712
A1QB52I0R3GIBZ	3713
A1QBECGZ0M6MX1	3714
A1QBMVACRQSBVV	3715
A1QBOC76MIOJYP	3716
A1QBYKF4JPYZX0	3717
A1QC0YGE9ZLKH4	3718
A1QC8NGYF3CCLD	3719
A1QCJEFA8WVLFX	3720
A1QCKZ5ZC6PA29	3721
A1QCX1GYN86FYX	3722
A1QD1SP8P07GCA	3723
A1QD8W7VUK5HPK	3724
A1QDAL2HEVRARH	3725
A1QDDKC80B0Q68	3726
A1QDVPNND2FGLO	3727
A1QE7X6YVDG35J	3728
A1QEA2KUBH98DS	3729
A1QF02NKAIQQG9	3730
A1QF4GY1H0KCWN	3731
A1QF81TW14N20Z	3732
A1QFCVTQAU7EVP	3733
A1QFEQSHDE1O14	3734
A1QFFRX44YPXX8	3735
A1QFGT1O6SZIHS	3736
A1QFM9CFEUXZK5	3737
A1QFNGQB22HKM3	3738
A1QFYLO99KSTQ9	3739
A1QG13XG3EO2CX	3740
A1QG2BSE6YIKM6	3741
A1QG7KK6BA0P0C	3742
A1QGZN7SRR122S	3743
A1QHAAH3BGL3JE	3744
A1QHBUU7UTE8S4	3745
A1QHDQ7S4BNEE1	3746
A1QHWF511KA356	3747
A1QHZAC4EVI4L1	3748
A1QI5GJWJBN3DK	3749
A1QICG5V75AT0N	3750
A1QIF5JZARLE1H	3751
A1QIFYGJPGARO3	3752
A1QIG4GA2JATX3	3753
A1QIG8RJL0KF1G	3754
A1QIKQIBBIKGLD	3755
A1QIL7847ET6HX	3756
A1QJ1PQB4NVANO	3757
A1QJ8O04T2X0WR	3758
A1QJY0EDUXOHJM	3759
A1QJYOY0BW6Y30	3760
A1QJZTOIQ0EU88	3761
A1QK0XCAPHIW1L	3762
A1QK91G8NM5XI1	3763
A1QL2MCLLMCE0W	3764
A1QL898DOQT0JB	3765
A1QM48IMBTTLE8	3766
A1QMGK7FT9VMCN	3767
A1QMME1ZE54RGT	3768
A1QMN8SJYRREMT	3769
A1QN77ANOOPMMF	3770
A1QNI88IBV1UK9	3771
A1QNK2JYI3XT0K	3772
A1QNY7ZXX1TEEA	3773
A1QNYLBG73QRNF	3774
A1QO3EN7RNJSD5	3775
A1QO3KFVEFYPJG	3776
A1QO88MU0PYJON	3777
A1QOCYXIM4VN5K	3778
A1QOK5WCD3KEDC	3779
A1QOK9LU90ACF7	3780
A1QOR694BY549Q	3781
A1QORE3XSECWAZ	3782
A1QOVHGJITC8J0	3783
A1QP17D4X705C	3784
A1QP3LJUQ4D4B6	3785
A1QP7MFJE8KNNC	3786
A1QPW77DY5D5EP	3787
A1QQ4RO4LTJFXM	3788
A1QQHHK1S9B4KJ	3789
A1QQNURXCNU48E	3790
A1QR76SYGTXJN5	3791
A1QRICS543MVIB	3792
A1QRVOBSWATQ1	3793
A1QS0986XREJNE	3794
A1QS4XGDQ6JVB5	3795
A1QS763CW91E16	3796
A1QT3N5FUQ4I47	3797
A1QT6Z12POI8AP	3798
A1QTHVA826XEOS	3799
A1QTM7NWYL49X8	3800
A1QTRPIZXADXYK	3801
A1QTTHN1C54MB3	3802
A1QTUB8V21CEZ3	3803
A1QU0RNIBI14MK	3804
A1QUHYNCGJ9XVK	3805
A1QUXODJKO3D9V	3806
A1QVYFWC1E48IX	3807
A1QW8LFDMGW4SJ	3808
A1QW9FTCT9HAIP	3809
A1QWKFSERY1MWQ	3810
A1QWMH66PHTJYR	3811
A1QX4FGHSRNC65	3812
A1QXE7OX7MSL2H	3813
A1QXKWNYZZOXF5	3814
A1QYE76M7E4ZK4	3815
A1QYKN80JL0QQZ	3816
A1QYP8SCJUEU2Q	3817
A1QYTCXVMPWA2E	3818
A1QZ0NO7BWYD74	3819
A1R06A22VYAX3U	3820
A1R0798K5DDQZP	3821
A1R0GLUZPX5YHG	3822
A1R0SLJ8S4FRSK	3823
A1R0SWASNAZNWZ	3824
A1R0VNIIDSVB5E	3825
A1R0Z1AWJ7L9GT	3826
A1R10Y7FKVY9DF	3827
A1R13DZ12HGH5V	3828
A1R17YELPTSM5T	3829
A1R1BFJCMWX0Y3	3830
A1R1DW5GGE3B5Q	3831
A1R1YI2ONII5IF	3832
A1R25OC51QOOJ	3833
A1R27Q9GNRUGQQ	3834
A1R2I3HQWR5B93	3835
A1R2JUOGIYH6HO	3836
A1R2KTE4POIOVE	3837
A1R35Z7S4LED6X	3838
A1R377IPZOKLMM	3839
A1R384VME9XX2N	3840
A1R3B9ONNDC6E3	3841
A1R3CO2XPML10H	3842
A1R3TOHA1ZQTV6	3843
A1R3VH6XASRHSC	3844
A1R48YW7BSTEH8	3845
A1R4BL5MYUDNDJ	3846
A1R4KBB1GES46	3847
A1R4Z6ODCJ8100	3848
A1R4ZIH9Q5B1XS	3849
A1R5W5GR2SO7UH	3850
A1R5WEDBIPN4DP	3851
A1R5ZIFHDSU6HQ	3852
A1R674BJHYLRBJ	3853
A1R6DKN9YQ2YU1	3854
A1R6E48W5J42Z	3855
A1R6UHT1UOM03E	3856
A1R72VAN1F9NUF	3857
A1R7A30D9QGTHZ	3858
A1R7ENRV3TEPVE	3859
A1R7HJJH6PPE9N	3860
A1R7KUJHO2EVEC	3861
A1R7V20D7WK406	3862
A1R83P919ML240	3863
A1R85OCIZCMYX1	3864
A1R86YSF7S9DC	3865
A1R8FO2BXRTLA8	3866
A1R8QHWRVAQPQG	3867
A1R8TL0ECQA6VL	3868
A1R8TTMXVXEI6H	3869
A1R8UBL28PLMNF	3870
A1R9AG1AYUO3Y	3871
A1R9EU3H51LOX0	3872
A1R9GPWNCO3T9C	3873
A1RA0GC9JWXOQG	3874
A1RA0W4PVJTAMC	3875
A1RAA3S651V230	3876
A1RADT09G2U8CD	3877
A1RAZZN0WYDV6P	3878
A1RB01XW3Q0RCE	3879
A1RBEJ5UQ1RWAW	3880
A1RBY3APB8KZ9U	3881
A1RC4TUKQWOTCH	3882
A1RC7BN729FM0E	3883
A1RCAMQSNDIB6R	3884
A1RCH61VF8JINO	3885
A1RCPSZ3KBEQN7	3886
A1RD21I3BEHAQU	3887
A1RDHBBZE1NPS3	3888
A1RDIBJ0EPOIXF	3889
A1REILK6IRX5AZ	3890
A1REN9PIXJJZ4E	3891
A1RENGCORXK9HO	3892
A1REPDYD0K7FAP	3893
A1RF9YK4BK5TRH	3894
A1RFEO61AGIRPR	3895
A1RFK5285NFQ76	3896
A1RFMMOXS1YHPQ	3897
A1RFPZPJP1G20R	3898
A1RFYZHZP79VC7	3899
A1RG5HTJIMPKOJ	3900
A1RGHQ7MGULXY6	3901
A1RGJXM0W30LP8	3902
A1RGUUSXEVSLFF	3903
A1RHM0REK6U595	3904
A1RHODW00YXCLG	3905
A1RHP5HOL4COQ4	3906
A1RI676ZCGXUWF	3907
A1RI9J1DGW8L4	3908
A1RIU1AAU4ZPEC	3909
A1RJD7S0WG7C2K	3910
A1RJM9LMUZD1S7	3911
A1RK5GJ4M1OWAF	3912
A1RKCT4H3X3J1W	3913
A1RKFTE7FZZTSO	3914
A1RKL113TS9BGH	3915
A1RKMMZ5G1FYRY	3916
A1RKOZEK86UU36	3917
A1RKY6QL7SFX5K	3918
A1RL8LQCMWU5PE	3919
A1RLGLP70NMFYC	3920
A1RLQXYNCMWRWN	3921
A1RM4XQS6M0TA5	3922
A1RN05IH519MPJ	3923
A1RN8GXRQU2176	3924
A1RNDGTZFERX2G	3925
A1RNI69KCGOOXV	3926
A1RNYEDG22K83	3927
A1RO1DPKXY9LCA	3928
A1ROVVJWH0MYAA	3929
A1RP4KAAIA3PYZ	3930
A1RPA3DYLU7PM0	3931
A1RPBNHDYBX1UB	3932
A1RPGMOWMM7LPR	3933
A1RQ6YNQ0P5NUL	3934
A1RQCHEUH50KQU	3935
A1RQCRGIOVPLW0	3936
A1RQJ4Z4C84VJV	3937
A1RQQ2HWUGEUWA	3938
A1RQQ3PRKJJSCP	3939
A1RR1VASISY18V	3940
A1RR36YKJB917S	3941
A1RR52GVCRO9WT	3942
A1RR8MILLMBI8N	3943
A1RRBX1DFZE0PV	3944
A1RS0N9O7WCWUN	3945
A1RSBAAWNUKWCE	3946
A1RSCKO1JUK0NV	3947
A1RSDG7HL6BFR7	3948
A1RTSVWEXMKAR1	3949
A1RU64L75RFN3B	3950
A1RUBF0FK78E5Y	3951
A1RUCPW7D6HMBO	3952
A1RUEUTBQ6WJ3O	3953
A1RULH2QPYJ2PT	3954
A1RV9K657L0Q3O	3955
A1RVQ7XIYM16NA	3956
A1RVXZ3K4XL2S2	3957
A1RW2VZCF12RQG	3958
A1RW2ZZ1BMGRPA	3959
A1RW8298N7K6JM	3960
A1RWHGTZ886QSB	3961
A1RWKNH4Z3W1ID	3962
A1RWO62HAHD3ZH	3963
A1RWTGBG1S91Z7	3964
A1RWZ7SXKP8VWO	3965
A1RX1GJS7JS2IT	3966
A1RX4017TYIKJK	3967
A1RXASB0XM536I	3968
A1RXPHBHLEABV	3969
A1RXTEZRL16TJO	3970
A1RY0O29LOP1B8	3971
A1RYBFVTO4V6AG	3972
A1RYBN2148BWGQ	3973
A1RYD41USJFVRX	3974
A1RYLIR0OD5JBV	3975
A1RYZY7WC4YQZI	3976
A1RZ3Y7ZT95KW1	3977
A1RZAT5C8OLHD9	3978
A1RZMKEOLP4NRR	3979
A1RZYN16WGADP6	3980
A1S079P70W0LXA	3981
A1S0A9R1UQNYKE	3982
A1S0D8G44QDP15	3983
A1S0MSHV9SDLRQ	3984
A1S0YN4J8R30TN	3985
A1S1BJFTA644TU	3986
A1S1CK3KN3HES7	3987
A1S1IP62GI71D0	3988
A1S1ZTZ12LLXX7	3989
A1S26BEAN6QNFZ	3990
A1S27P7KJO9I96	3991
A1S2IY37JU93XS	3992
A1S3HSN6ULNQI2	3993
A1S3RUN3SAKLES	3994
A1S40UN8O0IU0K	3995
A1S41XL290P4BD	3996
A1S4F3MHP73H87	3997
A1S4FKX2PF7FRO	3998
A1S4KEJG2W8MIW	3999
A1S4QLQBAL8M0G	4000
A1S5251XGPBIVN	4001
A1S52XH2CS4Y26	4002
A1S56AHYF482EU	4003
A1S5K0O8Z8UMIF	4004
A1S60BIH1AVM1A	4005
A1S69FATDV409Z	4006
A1S6ONDYQTBUJP	4007
A1S70O1A0WL6OH	4008
A1S73WZTW3PP8M	4009
A1S78V0MOUYFUA	4010
A1S7BFT0HDF3HA	4011
A1S7DIF9MN6HH5	4012
A1S7FOMAAM2XC7	4013
A1S7HOCDYUWEAD	4014
A1S7IYT37QNQVY	4015
A1S7VTMJCO7RW6	4016
A1S7WPLEM1LGJF	4017
A1S7YQQGJPPFLG	4018
A1S7ZSZREB1OXG	4019
A1S82INWF6JCN4	4020
A1S8CFR76P3GLX	4021
A1S8IWS3DHSCKR	4022
A1S8S97EK3Q09O	4023
A1S92TVT0R8QQ7	4024
A1S9AEH7OEO10H	4025
A1S9EBCWETKTY	4026
A1S9FRMJ61W6RS	4027
A1S9FUIB8R4ZO7	4028
A1S9MR2FGRDHP9	4029
A1S9TVJIMBPB5Q	4030
A1S9V0JZ562LB5	4031
A1SAG75SMVU2TI	4032
A1SAKF1CC6FFNP	4033
A1SB1UXW1KJRWF	4034
A1SB9BNNGKNX2Z	4035
A1SBUM00RCDDF0	4036
A1SC5GK8V38DAS	4037
A1SC7Z2646QCP9	4038
A1SCANWWQTEG9I	4039
A1SCD2NYTIAQTY	4040
A1SD1C8XK3Z3V1	4041
A1SD57TUCH93PB	4042
A1SDF47VS5C6BD	4043
A1SDKZGWE4OKOE	4044
A1SDLYDNLKTOTM	4045
A1SDP0Q5DOJSY1	4046
A1SE6TN4EGB7W6	4047
A1SEAZNKZMSISH	4048
A1SEIERIMU1GGU	4049
A1SEMEZOOLQF7J	4050
A1SF2AKWA6ZNSM	4051
A1SFE45CVI7R1A	4052
A1SFW87FUNFZGB	4053
A1SFZS2ICCJSZ8	4054
A1SG1KQWVT4MBW	4055
A1SGOUOPCEUUFB	4056
A1SGYMJC1ESE27	4057
A1SH2M0LXT323	4058
A1SH2M6JRZH6QW	4059
A1SHME7L3P78X3	4060
A1SI2993YY7C61	4061
A1SI5XRPGE7J5W	4062
A1SIUHS49SAYU	4063
A1SJ330YFPGPRT	4064
A1SJDFUXOCZS2W	4065
A1SJSLSIMHRL2Z	4066
A1SJT73MZLD2PR	4067
A1SJYJFI7KKQZY	4068
A1SKL2S86IA93H	4069
A1SKR81TIADPRS	4070
A1SKRMXP17PRF9	4071
A1SKZYT31006MW	4072
A1SLI3MUE8Y28U	4073
A1SLREBNPUX70H	4074
A1SMLT9GEHX76Z	4075
A1SMU8R3MET82B	4076
A1SN0GF90DLUHI	4077
A1SN8XGT6DW2MO	4078
A1SNAWQ3DYNK5I	4079
A1SNMKC1836UOU	4080
A1SNUCX9Z7WRF3	4081
A1SO8AE23KZ0HZ	4082
A1SOFNKUJT6G9T	4083
A1SOQT41I9FMWM	4084
A1SOW0MVLZK6LF	4085
A1SP366J07MNU	4086
A1SPCP1NLUZMUX	4087
A1SPTB55B1O8BA	4088
A1SPYR77O0W4V5	4089
A1SQ3I38WLH383	4090
A1SQT0QOVM5TUR	4091
A1SR2ZD1JYMJ26	4092
A1SRBUQMITQ7YB	4093
A1SRCJ3IQSRTOH	4094
A1SRDNU3N8OLSX	4095
A1SRHNMY3M2X2Q	4096
A1SSC0O06STX0X	4097
A1SSW51915HOQD	4098
A1ST1337RUR4R4	4099
A1STBZ3KR4KDXG	4100
A1STHIAB9PCBGH	4101
A1STQ12KF7JMJ4	4102
A1SUUQM8F0ZBNU	4103
A1SUV23X3YDGJC	4104
A1SUVINESIDKVR	4105
A1SUZJ1XP2QQXA	4106
A1SVWVGGSOT1P1	4107
A1SW80RQNB3DMK	4108
A1SWCNGOR3GMOQ	4109
A1SWJ9HVVWTPCH	4110
A1SWY7DY3RRC2Q	4111
A1SX2X2RRSX3M4	4112
A1SX3V6QTG5PVJ	4113
A1SXODI4C34W1M	4114
A1SY4X1WWNOBX5	4115
A1SYBE0KBFOYBI	4116
A1SYBZGLBKIEBG	4117
A1SYEY0VXLA17Z	4118
A1SYKS00ZI3Q1C	4119
A1SYLII0808HD6	4120
A1SYVJVT6336W8	4121
A1SZEL6IRE25TK	4122
A1SZP5VJKE1P0A	4123
A1T0CDDZVG53BL	4124
A1T0PWXF7A35SV	4125
A1T0U58SBO8TCH	4126
A1T19DCB7QR2M6	4127
A1T1B4INMP6699	4128
A1T1YSCDW0PD25	4129
A1T2CM7TPQRQQU	4130
A1T2GT0H5N187N	4131
A1T2T3B7W9IDWK	4132
A1T34B9D5YZDQ8	4133
A1T391ALO45YNA	4134
A1T392NVVDXHWD	4135
A1T3A9M7WSR48A	4136
A1T3CA00ZJW81L	4137
A1T3D48MHJ2L9Y	4138
A1T3FAZBD34X3F	4139
A1T3GOAZ1PW9V2	4140
A1T3JNAY1XJGL6	4141
A1T4C041IHH5QN	4142
A1T4W38AC7EZTO	4143
A1T4XL2Z1N19IQ	4144
A1T50474GOXDJJ	4145
A1T50IO1EMVNFH	4146
A1T55YZBFUS8IG	4147
A1T56UCOP8SMN1	4148
A1T5EQVNNTIVA5	4149
A1T5QRX0VIJFZ0	4150
A1T5SE3SMK0M36	4151
A1T5Y1GX0MU86	4152
A1T61QP7QHYBRQ	4153
A1T6497R1EI9A6	4154
A1T64JWXEI4BD6	4155
A1T656A0FAN8F3	4156
A1T6VVQNXKYWU9	4157
A1T7N2MN2Y0ECF	4158
A1T825Y8S5BRQ3	4159
A1T87B21VNGADN	4160
A1T8FE0392B74W	4161
A1T8FRKBQD9RQV	4162
A1T8J9GGK7WCFT	4163
A1T8N18XKDLJO4	4164
A1T909MRTTF9Y	4165
A1T93Y7J0YV742	4166
A1T95D90HAWWHG	4167
A1T9B2IMNF0S3X	4168
A1TA9VB0SA3FEO	4169
A1TAGNV4NJHJXX	4170
A1TB32FYIQ5ARV	4171
A1TB9R7EW6MJR3	4172
A1TBLHXFVWYQ0B	4173
A1TBWRXV7KVHPC	4174
A1TC012E4YJQI2	4175
A1TC3Z9S5LK4C1	4176
A1TCFQP6796ZYB	4177
A1TCGHM9PVW2AZ	4178
A1TCMZLBHXJU4	4179
A1TCXSRHE8IICW	4180
A1TD8P5GZYGHH1	4181
A1TDE1JDJYPRLR	4182
A1TDQE1779XSEO	4183
A1TDYS6Z6N1L9B	4184
A1TEE9HYXCS5IB	4185
A1TEP4OFPKXB2F	4186
A1TETZYOB5O95V	4187
A1TEWETH52JHCY	4188
A1TEXC22XD6J79	4189
A1TEXQDB79ZAX2	4190
A1TF42PA9I1TQN	4191
A1TF567WAB7O2G	4192
A1TF89Q05U28MQ	4193
A1TFCGAYYXEVLA	4194
A1TFIBVEUZ6Z3Z	4195
A1TFJXCVRRTQ8B	4196
A1TFPLA1HZ1U24	4197
A1TG6ZNL8WLFUS	4198
A1TG76TCWUS443	4199
A1TGPDXW2XZZ22	4200
A1TH0SURQMIEH8	4201
A1THNW9Y672UWG	4202
A1THY8LHOAST5O	4203
A1TI39GE1KLXZC	4204
A1TI9R7BAF7XJV	4205
A1TISCAEER9LDV	4206
A1TIV5FVN388Z9	4207
A1TJ312WKOWCHK	4208
A1TJQ5215BB6R8	4209
A1TJYTYOILKAMD	4210
A1TK0U65V5PYE3	4211
A1TKJP15QMQDES	4212
A1TKM36EYEQNSM	4213
A1TL6BYW8C4SVF	4214
A1TLCX2PM0TN8P	4215
A1TLDI6V70MFQT	4216
A1TLG4I54BJL98	4217
A1TLR4ZUJG33Q	4218
A1TMAVN4CEM8U8	4219
A1TMN6UCC0XLZF	4220
A1TMZKEBSSC50N	4221
A1TNIN1HQIW2L6	4222
A1TNZKPRGUMSMI	4223
A1TO6Z9CY9TYK5	4224
A1TOY72HWC2ASA	4225
A1TOZJX8D8SC0C	4226
A1TP3Y50PSWD8Z	4227
A1TPDAUAP03R15	4228
A1TPQREGOG01KI	4229
A1TPTNWN7YPS3G	4230
A1TPW86OHXTXFC	4231
A1TQ5FDVK8740T	4232
A1TQ9N8G7X3BP0	4233
A1TQA6YZYQVJBC	4234
A1TQBAHI3M4ZBQ	4235
A1TQG265HP40LW	4236
A1TQJ1ACOYI9M4	4237
A1TQYWOJMAPCD0	4238
A1TQZ4RSHEKQ45	4239
A1TR1R2QKWRSRA	4240
A1TR6P3CEOS5AO	4241
A1TRA3JJ7LHJE2	4242
A1TRBBXLH7IJBL	4243
A1TRSDHXMLUHRI	4244
A1TS45JWJVOSSW	4245
A1TSI2ZNJDOB41	4246
A1TSMUYO1K4L67	4247
A1TT8XEFEJAD99	4248
A1TUE7NMV5XH3N	4249
A1TUNI5WHM286L	4250
A1TUPM148KWIBM	4251
A1TVKUU4RGLN7	4252
A1TVWVWK3BXBQJ	4253
A1TVXLTHW1GFBO	4254
A1TW2KNUV19MTZ	4255
A1TW7T5OW85UVK	4256
A1TWFBHNVPG99Z	4257
A1TWNRDFBFR7CG	4258
A1TWSLOQJPU9VF	4259
A1TWTL2KY2WUDW	4260
A1TWUKLBAUD5KS	4261
A1TX2N102JG27W	4262
A1TY4TRLA4QK5Y	4263
A1TYHMRHGS5YGX	4264
A1TYJZQGYQTQQ1	4265
A1TYL7W9P69DU5	4266
A1TZ9IP3JN86LV	4267
A1U03GAWNW584L	4268
A1U03HWE42DKYI	4269
A1U09Q4OP6XIK6	4270
A1U0OF3A6LBN2U	4271
A1U1343Q6A44BY	4272
A1U18G9TSCDINJ	4273
A1U18GUY30RD60	4274
A1U1A5E34C1KAF	4275
A1U1ALQQMB6J22	4276
A1U1R8GJW10IXT	4277
A1U26MFJAA1BB5	4278
A1U37MTKV0BPL0	4279
A1U3BFNEYKCQDB	4280
A1U3CNYB7HUM5U	4281
A1U3CORCAMY9I7	4282
A1U3DWKF0K692C	4283
A1U3VD2EB4ND0M	4284
A1U405YFPLFX6K	4285
A1U47NN2TJSUUX	4286
A1U4TYNG52IG29	4287
A1U5GEQ05KW67W	4288
A1U5NG25050XBJ	4289
A1U5TEYSLYNCAQ	4290
A1U63OZD4KH7M9	4291
A1U65GOEEG4L2N	4292
A1U6C4G5YT51E	4293
A1U6JXEUR57P8A	4294
A1U6M8VJHK2ECA	4295
A1U6TFCCMPNL0G	4296
A1U6XPYATU9OPG	4297
A1U7LS93I03MFW	4298
A1U7M885725D9X	4299
A1U7PFNXW4Q1NO	4300
A1U7R3ARZUHQ3C	4301
A1U7T23UT5UMOW	4302
A1U7X676VKNKKG	4303
A1U87I0LK7M2ZU	4304
A1U9EX5JY2P5IH	4305
A1UAS2KQMX2RF3	4306
A1UB84NKI8L3AY	4307
A1UC4V580O626B	4308
A1UCHRXLFQUVYN	4309
A1UCNO5851ZT5L	4310
A1UCPXUBSESD65	4311
A1UDFYYV4PGL2F	4312
A1UEKMBED3LFUT	4313
A1UEQ4RFJBMGYJ	4314
A1UES0MJYHCBDF	4315
A1UF3F3UAAPGQM	4316
A1UFLVSJ3IRETQ	4317
A1UFS102R7NVII	4318
A1UG1AQGYFAV8	4319
A1UGPIBPZGWJKF	4320
A1UGUGQFNLYHCA	4321
A1UGVFJ5XXVZV1	4322
A1UGX53S8ZKSGJ	4323
A1UH051MWYC0E0	4324
A1UHKF1UQ3EGW4	4325
A1UHQJOK47R2XD	4326
A1UHSL8ZBGC170	4327
A1UI5BJ2YTCYR6	4328
A1UIGA67TNCOYA	4329
A1UIKN7YTD4UF3	4330
A1UIMH1A869JUV	4331
A1UINGIK3UG77D	4332
A1UIZVPLOSEG44	4333
A1UJDNLZ3B6FS1	4334
A1UJR02BSHGZ98	4335
A1UJTR4M3RWOK7	4336
A1UKA7HUAQAMY	4337
A1UKX6QG02W1WD	4338
A1UL74OE5A2ZYI	4339
A1UMH8UGEEPTB5	4340
A1UMPRPWUL3MUF	4341
A1UMSB7LAW0RIR	4342
A1UNI64M36ZLFC	4343
A1UNP6CBED8GZF	4344
A1UO6YPBR6WO9T	4345
A1UOBB4DO4WB4S	4346
A1UOTG037037XY	4347
A1UP19XQH91JT0	4348
A1UPB5MJZHVZO1	4349
A1UPHV6VD8CH4T	4350
A1UQ2YP76IWKS1	4351
A1UQ6TU13BPOWG	4352
A1UQ6TV2BL0XCW	4353
A1UQ9JZLKLAO7X	4354
A1UQBFCERIP7VJ	4355
A1UQBMQLN9KIDE	4356
A1UQDB1UNWKDGC	4357
A1UQK2YO0RLGK5	4358
A1UQNPIQ52PYSN	4359
A1UQNX8S78JU0G	4360
A1UQUDT2Q0YENM	4361
A1URB50RBVTY9Z	4362
A1USMKEDV5AO5A	4363
A1USQIVU62MUC0	4364
A1UT1P91KDT4E4	4365
A1UT9GJI871281	4366
A1UTA1RYFEKNVE	4367
A1UTKL1MY28K6Y	4368
A1UUGDURDG6RZM	4369
A1UUI7PFQ5FU4E	4370
A1UUIFYH08G6OI	4371
A1UULJW6V2ERBP	4372
A1UUUEFB2HH5L9	4373
A1UV5NB0DXTSWH	4374
A1UV8DAQ9NZG6N	4375
A1UVK0PP269V8Z	4376
A1UVM7X84UYJUO	4377
A1UW9VL3RKIW6K	4378
A1UWQQX74FFMZB	4379
A1UWYNWVSQHWE5	4380
A1UWZ5VV9D3SG4	4381
A1UXB085UZJHZM	4382
A1UXS2F9VZAJE3	4383
A1UXVUM6G2H7D6	4384
A1UXVWKD32WU7T	4385
A1UXYKT3295IFA	4386
A1UXYUI7WAWAWO	4387
A1UY1YWNUTY4XN	4388
A1UY57XRU0SKZ4	4389
A1UYMXFON06KQ6	4390
A1UYR0VC6TZNMR	4391
A1UZ4KONK58IF1	4392
A1UZIUPHPJ88JQ	4393
A1V0F5WRXINJ75	4394
A1V0GLV2R0YNU7	4395
A1V1BOMTN5CKEP	4396
A1V1J0U6T09U1T	4397
A1V2124MYJPR7Q	4398
A1V23RXLRBR73T	4399
A1V2MTM0L5KUAW	4400
A1V30UQX55ZGF6	4401
A1V3PCKVCJ3TTZ	4402
A1V3XUOMYRW6GT	4403
A1V401AEEMLKVY	4404
A1V42PE0TY0WOD	4405
A1V51M8M216Y69	4406
A1V59DIYP90AOK	4407
A1V5E2LYHO5EO4	4408
A1V5OCU4ZCBX6V	4409
A1V7DIDXP8S1ZX	4410
A1V7UFSX0F1PJY	4411
A1V91WDUQGFX8X	4412
A1V97FRTX1LARJ	4413
A1VA1QF8KZNBLL	4414
A1VA9GZEP7OX8B	4415
A1VABWDOUQLULZ	4416
A1VAG780OFSALX	4417
A1VBD25ZDDVKKR	4418
A1VBDBOCUBID8Q	4419
A1VBDMNT6I8RE5	4420
A1VBHMJRQTJNGB	4421
A1VBHX96TQPUXK	4422
A1VBJGWRYECLBM	4423
A1VBSQJWN6GUML	4424
A1VBV1EJHLE0JJ	4425
A1VBWN7MQNFTRR	4426
A1VC2JTW35ZMFP	4427
A1VC6419THHIET	4428
A1VCBNNGNJ0MEC	4429
A1VCR52LA5CAXK	4430
A1VD0G4CCP5U2D	4431
A1VDBVPPWPVLNI	4432
A1VDKIKK9U4VKT	4433
A1VDYJKT9SYUGX	4434
A1VEBUX357XZMP	4435
A1VEELTKS8NLZB	4436
A1VEHYTMD0PR21	4437
A1VF0102Z9VITO	4438
A1VF04OJWK8N1F	4439
A1VF5HRCDF99CF	4440
A1VF5LN6SHFVFJ	4441
A1VFV044B6WS7Z	4442
A1VGD3Z5JY1YG1	4443
A1VGDYL61GF579	4444
A1VGK3COVO5R0U	4445
A1VGWWV36PBC3W	4446
A1VGXHHR08G044	4447
A1VH028NKF3A8	4448
A1VH40YVFKIHRK	4449
A1VH97B1OGB77X	4450
A1VH9DM5ZYHR4L	4451
A1VHK9A4VLJTHC	4452
A1VHPPBMKS6U1N	4453
A1VHQ3C4TEXB0A	4454
A1VI3H0BSPB36V	4455
A1VIG3C5YGWYAU	4456
A1VIO6LYQO8CZ	4457
A1VIRBUVES2QHH	4458
A1VIU0K7BO7NDJ	4459
A1VJ1I17SJC98V	4460
A1VJPT9JEL3C04	4461
A1VKY374374D9G	4462
A1VKZF1VOEZTCU	4463
A1VLDIHYXRTMAH	4464
A1VLE2SH9J8WYS	4465
A1VLQ56SGOAUUK	4466
A1VLVWTLV3LVHR	4467
A1VLYYD1QODB21	4468
A1VM6CDX02UA3M	4469
A1VMCMYWVQ6YBG	4470
A1VMMMFNAMF87S	4471
A1VMUZP9GG2PHI	4472
A1VNR9R5SJY9L3	4473
A1VNUAODI3DNF7	4474
A1VNZVJXQGKYOZ	4475
A1VO8NC02CAVJE	4476
A1VOCCA9CPGEON	4477
A1VOMYIXKOEWH7	4478
A1VOY5EEQ2AAUQ	4479
A1VP3FA4OWQKWX	4480
A1VP3NQPR7WFN3	4481
A1VPXKC59XKWLA	4482
A1VPZRB49KCQFT	4483
A1VQ6IHDIK1AHD	4484
A1VQCOMUERYLCP	4485
A1VQHK3MVKYCR2	4486
A1VQI32QPYXU6F	4487
A1VQSFKF00KOQ3	4488
A1VR1HIOVQWN09	4489
A1VR9T6YY0KZGG	4490
A1VRGW7FA6F9NJ	4491
A1VRJO8Y73O0P9	4492
A1VROSP8YSWDGE	4493
A1VRVG55O2GO17	4494
A1VRX99JLDPX3M	4495
A1VS6OYELJ5BY7	4496
A1VS6W9XLBBNBR	4497
A1VSD1TTO9LTA6	4498
A1VSPP140RE4NM	4499
A1VT4BAXU8WTRB	4500
A1VTBADV3JS1EC	4501
A1VTCSCH8FFC76	4502
A1VTUS3U85L9VV	4503
A1VUHTQ6GC4LH	4504
A1VURH60ECRKSI	4505
A1VVWB16UJWR1G	4506
A1VW0GB5KXATI0	4507
A1VWIXAE6V6VK8	4508
A1VWK2BNL8I93C	4509
A1VWL7MR12Q6L9	4510
A1VWQBOOGQV11W	4511
A1VWX0NPENPNWR	4512
A1VWYV36WTLQR4	4513
A1VXCK2F3MLSYZ	4514
A1VXIY1511XQK2	4515
A1VXKRSRFGBCJ1	4516
A1VXOAVRGKGEAK	4517
A1VXTY9FZMEBQJ	4518
A1VYFEJM12ZP11	4519
A1VZ3P7V23EUHA	4520
A1VZ54I4SUQEW	4521
A1VZQ58914Q1IJ	4522
A1VZSWEKASZ1LQ	4523
A1W0N80I6RSDQU	4524
A1W0XQLEYWGQC5	4525
A1W10UWIDMUCSY	4526
A1W150GFCFGYIP	4527
A1W19Y4L5YAS86	4528
A1W1BFA2EN27KG	4529
A1W1UGYMPCOR9X	4530
A1W29F7XBGVQA1	4531
A1W2DKEAR4GC7P	4532
A1W2F1WI0QZ4AJ	4533
A1W2FVTA1RBXYX	4534
A1W30QJ01OVUOM	4535
A1W3BJBH2E48IN	4536
A1W3ODBSP5P7FR	4537
A1W3QGIQL9KFJA	4538
A1W415JP5WEAJK	4539
A1W4EIRJI63PQV	4540
A1W4F91DH3XPB2	4541
A1W4G8B9BAWR1O	4542
A1W52TKIOWH9K4	4543
A1W536D0ETL9D1	4544
A1W53FM9DB7JD5	4545
A1W53UA42M6OLX	4546
A1W58O5UVM3Q2T	4547
A1W59X44Y3CZ0R	4548
A1W5VM9ZLDGJ90	4549
A1W5WEQPWSA48Z	4550
A1W64Z6LNW8M3W	4551
A1W66KQQJ3UYX1	4552
A1W6H2ZDXUB1KW	4553
A1W6UX2HQ0IRW1	4554
A1W78VPTNJJOF0	4555
A1W7KTV14KC1YP	4556
A1W7R5ZAGVOSVQ	4557
A1W7TOV3F9AQJS	4558
A1W81MOFWBBXA2	4559
A1W84YXJ54KG02	4560
A1W8I22GCOX63A	4561
A1W8LYFB5NB9N0	4562
A1W8M0I9YBG8D5	4563
A1W8UVWNMQHG0O	4564
A1W99T091KE3O	4565
A1W9DJJ666BCW4	4566
A1W9JOFE6F89FB	4567
A1W9OSF4ZWL94R	4568
A1W9RC64J43WLW	4569
A1W9U13YPP81KA	4570
A1WA9YMKWDQGZZ	4571
A1WAEATUU7F3GP	4572
A1WAOQHH3TH2ZS	4573
A1WASI8NYK0JD8	4574
A1WAV1NWCPNI04	4575
A1WB0WASVC5KKK	4576
A1WB47WJCS3NP4	4577
A1WBE8J82S1JUT	4578
A1WBEIH7Z37LN9	4579
A1WBRW526O9C95	4580
A1WC4DX50XM0CY	4581
A1WCJEZS66D224	4582
A1WD8G6TYUMNJG	4583
A1WDDZTSP0F3KE	4584
A1WDO0595L09CF	4585
A1WE1SSAWN210C	4586
A1WEHJG963TAGN	4587
A1WEN6BFARLYUP	4588
A1WEUTCM4W9F6Q	4589
A1WF4M4SO9OVU1	4590
A1WFQPDZGE20WE	4591
A1WGNNWLKWTJ10	4592
A1WGR2ZO77RZNP	4593
A1WGRWF9TSCJRO	4594
A1WH9Z5S1J1VA4	4595
A1WHS75R55GWQL	4596
A1WHZ9O1SUNZE0	4597
A1WI176M51EBIT	4598
A1WI236ZYBWCI2	4599
A1WIB486Q684IH	4600
A1WIZIN7SANTTH	4601
A1WJV6LHZUMFQN	4602
A1WK64OV93G9TA	4603
A1WKEAS58297E5	4604
A1WKJJR57I17ST	4605
A1WKM5EYZSDBU5	4606
A1WKQ94M45D8MG	4607
A1WLE5121F7M00	4608
A1WLF1D8ZIKT8P	4609
A1WLXPXLKLJH67	4610
A1WM6JPPSVAUIK	4611
A1WM6XOZFJQ3PL	4612
A1WMC37L5Z4E9A	4613
A1WMDGXKYWP0CR	4614
A1WMJ1ED0JDOU1	4615
A1WMKCQESOTQ1P	4616
A1WMLDHLTSLL07	4617
A1WNDI1XMA7NWX	4618
A1WNJOQ3EWYVN4	4619
A1WO5HUX4TN9JQ	4620
A1WOLYSTSPL4FK	4621
A1WOVR9ZEX6X61	4622
A1WOX7A4W048GK	4623
A1WP6GULU1WH8R	4624
A1WP940JZL83T7	4625
A1WP9XISE4N1G2	4626
A1WPO8LZHY3YN2	4627
A1WPOY6VFG0CZX	4628
A1WPTEIDSSVJ6Q	4629
A1WPZA9IIZI8A6	4630
A1WQ34TQB0ASTN	4631
A1WQB8P0PHQ4TJ	4632
A1WQCP6S9VUIWJ	4633
A1WQZ0DF76GZRR	4634
A1WR3SVI3YRADM	4635
A1WRWB77KDMQYT	4636
A1WS73LUNLY5OE	4637
A1WSM2KPKNHC44	4638
A1WSPI9D3OV22M	4639
A1WSQ0QRWQC7VI	4640
A1WSRCFP93O2RP	4641
A1WSU0HEMHXL32	4642
A1WTL2G700DKL6	4643
A1WTQFXIEXAXZ8	4644
A1WU796S3XEPVH	4645
A1WUGR5HJ4D0ZY	4646
A1WUPF0L9YH9JL	4647
A1WUPOLYFH3CJ4	4648
A1WUQF5HWBAQJU	4649
A1WURQVHTRRUP5	4650
A1WV7QZ57F2CSV	4651
A1WVA7V02PQOY6	4652
A1WVO00PIPF8RA	4653
A1WW5MICMSHZLK	4654
A1WWIPMAM34WC1	4655
A1WWRLHN9ZNWVT	4656
A1WXHAPRVVGOLU	4657
A1WXJ1I42UOQ2V	4658
A1WYA1209F7AKV	4659
A1WYPL0OTLHH7Z	4660
A1WYQGCHFLNLJB	4661
A1WZCOAUPQNRWD	4662
A1WZQZ0A3GUGTD	4663
A1WZY9GOEE7IAZ	4664
A1X0025XBB83CN	4665
A1X00VHB4DP2DJ	4666
A1X09KP7JNVG8Q	4667
A1X0A4DC5S8D6X	4668
A1X0JVM9QJAF7I	4669
A1X0MH7LEC5JMV	4670
A1X0N8ICXQ34O8	4671
A1X0PZYBCLV9I7	4672
A1X1241S6QPFJQ	4673
A1X17P2ANHTZH7	4674
A1X1CEGHTHMBL1	4675
A1X1TY8AT7E03H	4676
A1X1YWQTO1OS1X	4677
A1X20H3IDP03YF	4678
A1X2B7H1P11DXH	4679
A1X2BGPSA5UPZ4	4680
A1X2GVJ3D4BVGL	4681
A1X2LENOF84LCQ	4682
A1X2S4223KBHYJ	4683
A1X2YRSD648FM3	4684
A1X33OKIQ29RSN	4685
A1X3ESYZ79H59E	4686
A1X3SAWKYZ9IC1	4687
A1X3WDXUB0C7EI	4688
A1X41Y8YMXBPS8	4689
A1X425K3AYOEEY	4690
A1X47YS1HN0JNG	4691
A1X4GR5ZY1DTB9	4692
A1X4JO8EJ1U5BR	4693
A1X4V5ZE6LZBW0	4694
A1X5G8WTBR82PX	4695
A1X5NQMAMCOIHL	4696
A1X6KM63HI1JOU	4697
A1X6TD4D3D9YUP	4698
A1X7E544IJXXCB	4699
A1X7WENH15ON22	4700
A1X8BQQGCEHQ1V	4701
A1X8GX59ECKTTY	4702
A1X8SEPQJ3NW5Q	4703
A1X92E9FLWRU3H	4704
A1X93ES4DITTWK	4705
A1X968EANPRB4G	4706
A1X9K6YSDKVU0F	4707
A1X9TCCX7YMAZ3	4708
A1X9TO2AXELLKU	4709
A1X9WG5R1DY9L2	4710
A1X9YMZQ2XXDCI	4711
A1XA9DVXLP9HNQ	4712
A1XAI08G1SA66C	4713
A1XAYSI96X8YVH	4714
A1XB244Z0HF6BQ	4715
A1XBA0PXTDMRTI	4716
A1XBMV24O4XUTO	4717
A1XC31MNJFKEO8	4718
A1XCZP5EZXPUEM	4719
A1XDAUHSVADHW5	4720
A1XDBGYGNQTRRH	4721
A1XDDJQPV6EZH2	4722
A1XDGN1PQDF890	4723
A1XDMYX8QOW07N	4724
A1XDP550N8ANQ2	4725
A1XDPR5LU217BJ	4726
A1XDXR47WA14CW	4727
A1XE3S44YJ5NOL	4728
A1XE6JVNZ0LHKN	4729
A1XEJRNQSZPWAI	4730
A1XEZIHQIUAOR1	4731
A1XFBJEVJHPXZS	4732
A1XFI340SHOS5K	4733
A1XFLE37PN20DX	4734
A1XFNGJ2BMGKAZ	4735
A1XFW14PYW3GUC	4736
A1XG5KKHKYFYXK	4737
A1XG5WYLFMRRX1	4738
A1XG8IS1J7M2RQ	4739
A1XHA5OLW9CTFH	4740
A1XHN0YDMZGWQW	4741
A1XIHJ7ARJ4WD2	4742
A1XIKAIZLHRHMT	4743
A1XIXX2QFHVTD3	4744
A1XJ9EVMRATYBN	4745
A1XJGRFS7870WP	4746
A1XJL5W5L6CGPR	4747
A1XJMBSS8W01IW	4748
A1XJOJ9KBKVFR6	4749
A1XJOSJN6FHFO0	4750
A1XJPPTA54KCDT	4751
A1XJW0XA8VDU4	4752
A1XK7D46Q5YPR8	4753
A1XK9D6U04TCR8	4754
A1XKW61XM41OZ1	4755
A1XLUZUATJ8IB4	4756
A1XMD6DGGT9RUJ	4757
A1XMGSA9YTYDKZ	4758
A1XMJXNVT02ISJ	4759
A1XMLELW0AXB4F	4760
A1XMUMUXUOZ7S5	4761
A1XN5YH22XJJAZ	4762
A1XN6PV6GROFWD	4763
A1XNGAZP0EZ4KA	4764
A1XNJ6BQJYWJ4F	4765
A1XNQEQ1ZHN7RL	4766
A1XOUXOCHAGRPE	4767
A1XOVR4ONAUEJ8	4768
A1XP22C1M2V9IL	4769
A1XPCPUD3BME48	4770
A1XPGJABZCUUXZ	4771
A1XPHJR0M2Y5LY	4772
A1XPR3FV3PSFUA	4773
A1XQDBMB7QSOJN	4774
A1XQENKF1Z3HMJ	4775
A1XR0DSBUZP5V3	4776
A1XRKRGYYBI0LU	4777
A1XT4961W3YCBC	4778
A1XT4QBSX26FAO	4779
A1XTN56OQ24Q0B	4780
A1XTV6IZ1W4AF7	4781
A1XTVN0TGNHW92	4782
A1XTZEZCTEADJZ	4783
A1XU4ZI0NUZ68M	4784
A1XUSUK54IFXYL	4785
A1XUXM4OXVYX7E	4786
A1XVF5DU3N05OM	4787
A1XVTQGC0NEX4D	4788
A1XVZHZ8LLIPN	4789
A1XVZNYAGCU33V	4790
A1XWB8ODFNIS61	4791
A1XWINXYD448MK	4792
A1XWUUP84I4D5R	4793
A1XWX7QTBR3UPV	4794
A1XX2MLQ672JXX	4795
A1XX7L7E6F8Q9A	4796
A1XX8FL2JX2S33	4797
A1XXMNLOLKNO0I	4798
A1XY24RHJ0KT5W	4799
A1XY48PNDXOT6Z	4800
A1XYJ3UXLWO082	4801
A1XYPEWBAT454	4802
A1XYWN109T9G26	4803
A1XZ1LQMHG3KAZ	4804
A1XZBI594HFG7Z	4805
A1XZE0HUW9IFW6	4806
A1XZTYPSF9H4I8	4807
A1XZWL22RO8H2E	4808
A1Y09QLADQYQJG	4809
A1Y0G1GW6WJ34Z	4810
A1Y0HV15Q4NMM9	4811
A1Y1IE41K2NDT1	4812
A1Y1PREAQQJFEK	4813
A1Y1R5R1C96Q5M	4814
A1Y1RYDGCDBR0Q	4815
A1Y1UDSR8B837S	4816
A1Y1VKNAJOCD1G	4817
A1Y249MSRVCWWQ	4818
A1Y25D0HYDZE06	4819
A1Y27QNN0P9HJ	4820
A1Y2ES3X1M0Q3T	4821
A1Y2MU208EZ8HS	4822
A1Y2R2TOJJEOE3	4823
A1Y2UNUFHC2K7B	4824
A1Y2UUVRAHSJ05	4825
A1Y32FBX45NCNL	4826
A1Y33245GARKOV	4827
A1Y336YB0O5B2X	4828
A1Y39T2CT36YL0	4829
A1Y3HMDU2DMKGD	4830
A1Y40TFYSTZPUN	4831
A1Y45O5RRPWTEJ	4832
A1Y4LW3U3U73EP	4833
A1Y5096X8DVORS	4834
A1Y56TCZBXPN92	4835
A1Y57JQKN4ICD0	4836
A1Y5ERIKQBEMSP	4837
A1Y5HXWTWU6T2P	4838
A1Y5LXGQORS9PV	4839
A1Y6NRMGPR2TBO	4840
A1Y6T2Y0G307A8	4841
A1Y77JWIKL0VM8	4842
A1Y7GIPHDG81AD	4843
A1Y7M7Q37TSDJJ	4844
A1Y81Q4MB54PFQ	4845
A1Y88SL9QI0TQZ	4846
A1Y8950MYIDY2M	4847
A1Y8JOESGA6C5D	4848
A1Y8U8DVX37PEG	4849
A1Y9GIN3KAO24L	4850
A1Y9IWMS0RJKDU	4851
A1YA4JZUGF8ZVZ	4852
A1YA8QRA0BEN0Q	4853
A1YAGM2QOSAAOT	4854
A1YAHKESH1JVQZ	4855
A1YBK05MJ0EGDV	4856
A1YBZO1W0BW3DI	4857
A1YCBDFBAYBSEZ	4858
A1YCHOANOM8ZPM	4859
A1YCV76MUFESR1	4860
A1YCW150DUX8JP	4861
A1YCW8OIH42SJN	4862
A1YCWZWOXLUAY5	4863
A1YD4HGUYB55FX	4864
A1YDJKYFOT9QG5	4865
A1YDLICMQW2DPT	4866
A1YDNNH84UHU2N	4867
A1YDOQXCKITT1H	4868
A1YE1MVN4NQRIM	4869
A1YE4TXY3NXG7N	4870
A1YE7592AQ7I54	4871
A1YEI5WMECI5TQ	4872
A1YEM3YHJ5RJO0	4873
A1YESY26WF858Y	4874
A1YEVA9TUKZ1YA	4875
A1YF18O5P7J5TN	4876
A1YFQF62L3P5LS	4877
A1YFQU7U7YOYWY	4878
A1YG073T5VRQ2S	4879
A1YG5F7FY1LHEG	4880
A1YG7E4EPW7JT	4881
A1YGD7TLQ4UPQ8	4882
A1YGEBPFDD2QT8	4883
A1YGF9FFKQEB9N	4884
A1YGHFEZIWZHII	4885
A1YGLSK49JI3NC	4886
A1YHCTKR6KOMYH	4887
A1YHJBQPRUWYY6	4888
A1YI0HL3UN6RV2	4889
A1YJMG0QJXZLD4	4890
A1YJZ8IQCIC4JH	4891
A1YK31V8N02IFS	4892
A1YK60U182DCLH	4893
A1YK6B6AK9KLDJ	4894
A1YKP8L17WYMMW	4895
A1YKTSYMBA1NG4	4896
A1YKXVGAIA8952	4897
A1YLEB9Q5JNKXG	4898
A1YLHSCBYXSDG8	4899
A1YLJFWYV3EYF5	4900
A1YLS2QFFBDAG3	4901
A1YLVVA7LDZ05U	4902
A1YLWAJKRHKF2M	4903
A1YMGZDA3WGS6O	4904
A1YN5X8LVEJTO1	4905
A1YNSXMIBMQ7UO	4906
A1YOCT982DFTKQ	4907
A1YOQN53DWPSP8	4908
A1YPA7BY0Q0PYK	4909
A1YPELVB6ZOV8E	4910
A1YPPPXDRR030H	4911
A1YPRXKPAS0OTB	4912
A1YPZKNLPMRBQ	4913
A1YQ43VPX0LKBC	4914
A1YQG9RJN70LK0	4915
A1YQK3Y9JRV7V0	4916
A1YR4WCADNXMG3	4917
A1YRDTW57QV3TI	4918
A1YROPIEOO292C	4919
A1YSH8X4ZR1S09	4920
A1YTDEXE0IV1J2	4921
A1YTIGPH3FBZLS	4922
A1YTPPAOQFM5VZ	4923
A1YTXBT9O246TA	4924
A1YTXJE0ZS0IK7	4925
A1YTZQOF90CZRG	4926
A1YUEGKGOZPCQL	4927
A1YURCSJHDUO5N	4928
A1YUWK0O71JG0W	4929
A1YUYVLAEAQU3E	4930
A1YV3VDDHI4X44	4931
A1YVJENMZL29O7	4932
A1YVO1GWUM1Z6I	4933
A1YW1ORR04DA62	4934
A1YW893B70H8JY	4935
A1YX3462Z32M36	4936
A1YX6S4I5GG5VK	4937
A1YXGUY4T1JV41	4938
A1YXJFUTIJXYS4	4939
A1YXKR8FJDKOQC	4940
A1YXM0VXF9UIC3	4941
A1YXPY7YNL9Q1K	4942
A1YXPZMYHCKIBM	4943
A1YXVLZKRQ3ZJE	4944
A1YXVV3DBA2J3A	4945
A1YYGXVZA97XFO	4946
A1YYI151S7II10	4947
A1YYXM9YCVAIYI	4948
A1YZ7V6PBG7MP0	4949
A1YZVNWTYJJEE7	4950
A1YZWY5SJH43O8	4951
A1Z0LTKUA6F94D	4952
A1Z1B8BQL38ODE	4953
A1Z1CXYSRAD4C	4954
A1Z2796MV8JEXI	4955
A1Z27IP1Y7ADIK	4956
A1Z2XMEI8JWEOS	4957
A1Z2YN4E97J4J9	4958
A1Z311U8M8AMSA	4959
A1Z36V23DXIGE6	4960
A1Z3EJN4WCSAV4	4961
A1Z3F2QEFNMXFM	4962
A1Z3GI55ZZIBHZ	4963
A1Z3QPQQP6EDOH	4964
A1Z3TI62POOP8W	4965
A1Z3XTK9I2PV5	4966
A1Z54EM24Y40LL	4967
A1Z55FISZGOMC7	4968
A1Z5HWFDLYQYE	4969
A1Z5WRHOERLUXJ	4970
A1Z61E3A9USBDC	4971
A1Z64J8ZZ600W2	4972
A1Z6KEI7MHJ2DX	4973
A1Z6L7IS6R7DZH	4974
A1Z7CY580NYNFD	4975
A1Z7QLAF0JAWW6	4976
A1Z7U9K6X3FEOU	4977
A1Z7Y2GMAP9SRY	4978
A1Z8GT3Z1DA61A	4979
A1Z8OFGUAVJAVL	4980
A1Z9CIU8G1SNNU	4981
A1Z9ERBNDW5H89	4982
A1Z9N4UIO9PVOB	4983
A1Z9Y3MXTQVSCV	4984
A1Z9ZZ8F901IJU	4985
A1ZAFZO6DFHGB3	4986
A1ZAIEZHFLI9UN	4987
A1ZAN7KBME97B3	4988
A1ZAZAAANE8BC3	4989
A1ZBEIL78MLR9Z	4990
A1ZBSFLC1KZ9RE	4991
A1ZCE3W3GB3UR4	4992
A1ZCYIK3SLXA	4993
A1ZD9YUKBP4MAA	4994
A1ZDLLDX61GCOT	4995
A1ZDNPML1WPWPE	4996
A1ZDQZQ7YSMT1I	4997
A1ZE56EBLYAKBL	4998
A1ZEB03H86WI3F	4999
A1ZESINPIJT7Z5	5000
A1ZFP3DY9WSUVE	5001
A1ZFPKY25VNRXE	5002
A1ZFUVIC4U6BGI	5003
A1ZG2XNK8RNAQ	5004
A1ZG496JDBZ7CC	5005
A1ZGC6MYXPOZ8W	5006
A1ZGHA3IJV01BK	5007
A1ZGNCN1VRUO1H	5008
A1ZGXZW37JEZWH	5009
A1ZH0ZCRHRTY33	5010
A1ZH5ULI4SBO48	5011
A1ZH822HF9CVV	5012
A1ZI4EVM2SQ118	5013
A1ZI4YAGHTZ698	5014
A1ZICRF3PTIHO6	5015
A1ZIDT0XJA10IR	5016
A1ZILSMQWL01NZ	5017
A1ZIP67FA7RQO5	5018
A1ZIUSU06Q2DDT	5019
A1ZIVNBO2NHOTV	5020
A1ZJ6YBYWLTZ5U	5021
A1ZJCGAYL1MWI7	5022
A1ZJVUQX60WABO	5023
A1ZJWIYP548EEV	5024
A1ZKBPN0VYT0H4	5025
A1ZKHICPYS7W2N	5026
A1ZLD0S18W9OK8	5027
A1ZLH5WVQX6XMS	5028
A1ZLIEMQ643GYM	5029
A1ZM4RXUG1JJVJ	5030
A1ZMQECEKO3I0J	5031
A1ZMZWX9ZDW8FD	5032
A1ZN780LG9Y0K5	5033
A1ZNGFZGG84K50	5034
A1ZNI9P2G82TPN	5035
A1ZNKNL4Z0MINN	5036
A1ZNLACWXJKXRQ	5037
A1ZO50XHPV0QPQ	5038
A1ZO61O7DX79N3	5039
A1ZO9D554VQO9F	5040
A1ZO9OBHLID7KM	5041
A1ZOGXM30B65FU	5042
A1ZPIYFT6VHWIF	5043
A1ZPM4H9F53TSV	5044
A1ZPWQ59Y1SPHQ	5045
A1ZPY91VE3IDN1	5046
A1ZQ3PZTCIO1M8	5047
A1ZQHHYXQBH16L	5048
A1ZQTOILE2R1S6	5049
A1ZQX6UHOEUT2A	5050
A1ZR54GWZM4QYK	5051
A1ZR8AIM298DFT	5052
A1ZRD3WNHP8O3T	5053
A1ZS3DX7IV72WP	5054
A1ZS78VULYT6X9	5055
A1ZSEERM9E52XI	5056
A1ZSJNYKW86Y9C	5057
A1ZSMVTKEFEA8C	5058
A1ZSSHFUSZUC3Y	5059
A1ZSSN5R7HUQH8	5060
A1ZSWCQ0CWF47N	5061
A1ZSXZMXM8W95H	5062
A1ZTE3K3EN4TS3	5063
A1ZTGDHEKNO86M	5064
A1ZTLE0JCBHDTA	5065
A1ZTV1948AEDHQ	5066
A1ZTZLCU222JPC	5067
A1ZU4FG7298VHR	5068
A1ZU55TM45Y2R8	5069
A1ZU5FCUTPNZ1U	5070
A1ZU8UBPYYADVE	5071
A1ZUB5RJCZXX5T	5072
A1ZUDIBS83KQ2P	5073
A1ZUFX1L5NEIMH	5074
A1ZUJFALPJWWMD	5075
A1ZUQG0G6550I3	5076
A1ZUYN5EHSQYD7	5077
A1ZV3RNQH852U2	5078
A1ZVFCPHCWFV71	5079
A1ZVKNP5XI2GJ0	5080
A1ZVMTIRYZQDL4	5081
A1ZVPUDO36TSL2	5082
A1ZW0A0I80JNNM	5083
A1ZW0BHJZ9NQMZ	5084
A1ZWAIL1BGYK6K	5085
A1ZWSK60V0RVZF	5086
A1ZYD755UYD210	5087
A1ZYH2WG49X7M7	5088
A1ZYLWX4XYONKK	5089
A1ZYR489V0JDGM	5090
A1ZYXOUF7OHF9R	5091
A1ZYY139397TYP	5092
A1ZZEEBIQLXM34	5093
A1ZZGBMDL1MSJY	5094
A1ZZR25X0CNOJX	5095
A200A0A9EB4WTH	5096
A200FU07IQGUD9	5097
A200ZKQ6NKZSKE	5098
A2013X1OLSB1O9	5099
A201ATHMUCT3QQ	5100
A201I5AR2S0W3	5101
A201TCY3ULHMV9	5102
A2025FCZVEUP8F	5103
A2026C4TMLHWPC	5104
A202J2B46LZ88S	5105
A202OI1XW93JN9	5106
A202WUJ5CPIJYA	5107
A20361V1Y2GZ5X	5108
A203GFDF90DSWD	5109
A203URI4M42UHH	5110
A203WLJ31GIUTB	5111
A2045ZUB7SC8BV	5112
A204DNKTHMYYCU	5113
A2050YEBF2VUBN	5114
A2058UP7ATXFOF	5115
A2060PAI3AXU7R	5116
A2063RFBMQDV47	5117
A2065HBMYDXJ1S	5118
A2068BC3ZXAVJQ	5119
A2068UB4NW0B0X	5120
A206B0FFAMHV9V	5121
A206EMUS6K97B3	5122
A206FI2P68MPS0	5123
A206IP6EERPIIG	5124
A207WHRO1OFIPD	5125
A2086ZWT3NFBWL	5126
A2088ZAZ8QSSEG	5127
A208CFK9SWS0W6	5128
A208U42GARHSOR	5129
A209G0ZKVI5HTP	5130
A209HTPDQRWMGN	5131
A209THTD7JZV1L	5132
A209V1OUPBH5XP	5133
A20A3WVKARLQR1	5134
A20A523DFHLRBT	5135
A20A5SPHKGBSR0	5136
A20A8QHHIGKHOA	5137
A20B7MOMXTCJM5	5138
A20BKZTTFO1TF7	5139
A20BN1IUSQRL2K	5140
A20CCVJU2RD853	5141
A20COFDD0UXGKR	5142
A20DNGGAHQMSWI	5143
A20DSZEU6Z1X7I	5144
A20DZX38KRBIT8	5145
A20E5KYAOTET1Z	5146
A20E9CQS2ZZZUA	5147
A20ESD3SE5HLVC	5148
A20FDTEPGTSNP1	5149
A20FJ54Z8ROUH4	5150
A20G3FM6LLSNV8	5151
A20G3L3L8EKCFB	5152
A20GBVCS8IW72S	5153
A20GM2FEAPGGJ8	5154
A20GQ7ARAY7QQ8	5155
A20H1A2Q7LO87Z	5156
A20H5TKRNR3BUP	5157
A20HCRRSHY78T0	5158
A20HJLWF5BC6OY	5159
A20I1DWQHXS0NX	5160
A20I336QR4ZVFM	5161
A20IUKANSDXBOT	5162
A20J0NBT6FWXXM	5163
A20JN99GNYII7Q	5164
A20K2DD77JH8EE	5165
A20K7U0CEP800W	5166
A20KD887R616DJ	5167
A20KJBD95A0C9E	5168
A20L2QLC7JLXSA	5169
A20L63B48RPSOH	5170
A20LB7R40X62FA	5171
A20LEDXS9V2J7L	5172
A20LLZYI4IHP58	5173
A20LQ10S2BXFB7	5174
A20LS0RITRHTAN	5175
A20M5ZK75EE4D9	5176
A20M8PEAR0FOOX	5177
A20M9XKQNEB1PE	5178
A20MA2M9PLAHRG	5179
A20MEQGP5HGMX5	5180
A20MJJT0OO3U3I	5181
A20MX1ZQT3U8S0	5182
A20MX3VMBMMQJP	5183
A20N0AJVM76RVK	5184
A20N3P9CV5DIVS	5185
A20N9RBXNIPZ4I	5186
A20NAN7TTY8YKP	5187
A20NJDGEHKUTS1	5188
A20NYN4XEFPIBP	5189
A20O5DSIY2DY09	5190
A20OMTMVDCW5RP	5191
A20ONVD4O8J3BE	5192
A20OVR8WPE3DMU	5193
A20OVXUZTKR6R4	5194
A20OXF5QBZMKIB	5195
A20OYQUBZ6E552	5196
A20PEGFP2NVI47	5197
A20PQHPJWGX911	5198
A20PYZ43JTV8NQ	5199
A20Q8XO0Q85S3B	5200
A20QUAPH1I8ERK	5201
A20QZFV67CIR1V	5202
A20R1VFD96FHR4	5203
A20R9Y9MXK5KEA	5204
A20RA4K6IOYOGC	5205
A20RGDA4WCJGN2	5206
A20SBZN7R9YR25	5207
A20U47H85DG4YU	5208
A20U9P9ED8EP99	5209
A20V4ULBZX8BP6	5210
A20V63L3YDQQ5J	5211
A20VJT1JJMCZZS	5212
A20VXT9M05PJ5Z	5213
A20VXYT5DL0ZC6	5214
A20W1LPJKX50SJ	5215
A20WJ50W02MXA	5216
A20WLZXTRI3EZ4	5217
A20WT96SZIJAV9	5218
A20XATI73LPAS1	5219
A20XCXWB5J9EJA	5220
A20XGN79DR0CRK	5221
A20XM6F911RIDE	5222
A20XOKI1KEUFXO	5223
A20YF75XYVEMBG	5224
A20Z9JJEC628IX	5225
A20ZLDHGXMVT8H	5226
A20ZNRP97VQQH6	5227
A2100AFOHHDWW6	5228
A210XWFTYBBXZJ	5229
A2114M46F4MO2W	5230
A2115537FMBNE5	5231
A2115TU6Z791SN	5232
A212GKSPLNLY02	5233
A212JLXYATFWKO	5234
A212RJYC7LTYC8	5235
A212UKX4UFSRLK	5236
A2135OAFYAZURX	5237
A213EJHBYE127F	5238
A213POYMNUCVC6	5239
A213TWH6990KZD	5240
A214DWZLDHAETM	5241
A214POB2583GYP	5242
A214SX5SGNCF6Z	5243
A215WH6RUDUCMP	5244
A2161FSD1VAOYG	5245
A2161K33Q5DZ3D	5246
A2168H419FO6KC	5247
A216SKRFFQU4ZM	5248
A216T6LG9IKBDA	5249
A216TTDHBM6PAM	5250
A2172P7UERAOQU	5251
A217J4MVG0OQ3Z	5252
A217KTYCI8H64K	5253
A217YHZB58ODHU	5254
A2180KNO4P9685	5255
A218NB41IQE8B4	5256
A218YZQCYF04RH	5257
A21911QJJHVGD2	5258
A219A3N8P79BIZ	5259
A21ACKP1NWDCDJ	5260
A21AN4JGYRM3Z4	5261
A21AO8OD439XA8	5262
A21AT5SEXJWD1C	5263
A21AUG6HD6WMU7	5264
A21AURKKVWU5N1	5265
A21B9NT9NQTR2A	5266
A21BT40VZCCYT4	5267
A21BVL7PKG9BX8	5268
A21C1AVOJVL2RM	5269
A21C28T8Q8H6MJ	5270
A21C576486CJDS	5271
A21C7E2I0UJTXH	5272
A21CAAE8X3KOVD	5273
A21CFA4TPG7E5V	5274
A21CNOUX9EDWFW	5275
A21CRZ109CBB9Q	5276
A21D98LT0BJPSN	5277
A21DE4YNQQ4IZ2	5278
A21DN36JGZBJX	5279
A21DWPDSCN1TFK	5280
A21EBS5LJ9F0Q1	5281
A21ECZRQ5YILGI	5282
A21EL1W06C0TEF	5283
A21ERMZF2UDCEU	5284
A21F2U5SP9FJC7	5285
A21FDAQPYSDQ2A	5286
A21FWV7IMMPSXP	5287
A21FZW91CX12TA	5288
A21GEQROTZD533	5289
A21GIZI4RIBH0R	5290
A21GTH20R33D6B	5291
A21H1SDMZOMKEY	5292
A21H49FDNN3L59	5293
A21I4MRM4H6FS6	5294
A21I7SXPCV2AGR	5295
A21ILC74IUXA8Y	5296
A21ILD991UM01T	5297
A21INZRYSJHG99	5298
A21IW7H0MWTID8	5299
A21J42MKIZWG65	5300
A21J6LEA81KLIR	5301
A21JBH914SZYPY	5302
A21JIKV2RU57I7	5303
A21JWM5FNK4NA8	5304
A21JX86YJQL7OE	5305
A21K6B2YER6PBT	5306
A21KFA4W0Z25YK	5307
A21KH420DK0ICA	5308
A21KR7F6F307TJ	5309
A21KWIQBERS54M	5310
A21LOJTNDSA6S2	5311
A21LQBK94KH4EE	5312
A21M2FMZVA3ZT7	5313
A21M92UNHC63XT	5314
A21N9SMUXRWEQT	5315
A21NPYDOH03LLW	5316
A21O3I49JV44S6	5317
A21ODV5X5VJVKF	5318
A21OUZBS4S164B	5319
A21P2TV5Y8G6V	5320
A21P2TXB19CFRT	5321
A21Q9JVG4SII51	5322
A21QC2AASBR09L	5323
A21QLF43FLA9DE	5324
A21R8JYHVCJOV5	5325
A21RMZ3SPW4LKY	5326
A21RY8JZCGNZDF	5327
A21RYSSHMEIT4K	5328
A21S0K5PU4YO9L	5329
A21S26XYPGXJZX	5330
A21SESEJ8E52B7	5331
A21SKLDXVEJ89E	5332
A21SXKRU1EAXYR	5333
A21TK2FGYM79IF	5334
A21TPLT8TU6BK	5335
A21TQ4970JV0U5	5336
A21TV38981DF2B	5337
A21U2R8YBJA5Y0	5338
A21UBI29XUNAMX	5339
A21UK4C42M4QTT	5340
A21UMLDJC4N1ZX	5341
A21UNM7MAMN0F2	5342
A21UTNTSZ534O0	5343
A21V2K8NPZZQ8R	5344
A21VGNU5959O85	5345
A21VMME3RYDJZ5	5346
A21VQDGHP3T7Y	5347
A21W7ZA2FZKOGP	5348
A21WANBYNYXU0O	5349
A21WKTEFFATEPY	5350
A21WM2LA6O94XD	5351
A21WOB2CIZVMRX	5352
A21XHU9D672WYM	5353
A21XNKZND115LO	5354
A21XQWMYER42U5	5355
A21XRQNQXRF4RN	5356
A21XZ829ISM2H	5357
A21Y32ZUJNAC4N	5358
A21Y57O1N5PF15	5359
A21Y6YB3CILI5O	5360
A21Y7CI1YEVNPH	5361
A21Y84S1QC9719	5362
A21YVG2I30Z8IE	5363
A21YYC2SYN5NDY	5364
A21Z0QRO3MTF8C	5365
A21Z3BDD6W9YTN	5366
A2202HZFMXSX96	5367
A220BV8ZG8845W	5368
A220LDI4DOEDPT	5369
A220ZQQXMK8KKU	5370
A2218FQTW05XME	5371
A221I8ZQK41UDV	5372
A221QUP7LEGAVQ	5373
A2221QUVAM43QX	5374
A22299NLLLHUJ1	5375
A22321WGRP47QU	5376
A223HV3XWU8VGJ	5377
A223KGGML80NB4	5378
A223R888QONFAO	5379
A223VJGS07DVBJ	5380
A223YJAPUTZPX3	5381
A224BKBLXVA859	5382
A224I5WR8UQDDC	5383
A224KM22RQ5CD4	5384
A224NBGT01D660	5385
A2252WG7M6J74E	5386
A225BO73H6LS8F	5387
A225INPIZWC0NR	5388
A225KMM5V30X6Y	5389
A225L8NTXN221E	5390
A225M3GAYN01IG	5391
A225NJHTDAKEGZ	5392
A225UWT247BBBH	5393
A225ZDSWC58190	5394
A226GFM0Q9L37H	5395
A226IWT7KTK74J	5396
A226VGZWOEBPGL	5397
A226VHYFG6N5OE	5398
A2277PDVAYANYO	5399
A227CGLBVAEMWB	5400
A227IZ65N4H0Q1	5401
A227NGH2SGW3MI	5402
A227V4CHFJ29OE	5403
A227Y867EMT3C4	5404
A2284MUOR64G2F	5405
A228D80VQ4EKMJ	5406
A228DE2BF8JSC5	5407
A228IOQHTOY0Q1	5408
A228MG8LC5AAS8	5409
A2291LBNORVPZ5	5410
A22929XDBMKPE9	5411
A229HWN7ZXG2WH	5412
A229ID720M6Y7A	5413
A229RUCRM45TP2	5414
A22B13EJTZKCTM	5415
A22B2YSE6YVBD1	5416
A22B8HUQQYPB1I	5417
A22BAUES1TIZS6	5418
A22BB0PM3MX2DG	5419
A22BBOGE6N6R6E	5420
A22BY6LSKXFZ8J	5421
A22CW0ZHY3NJH8	5422
A22D8MB15BWLYF	5423
A22DRQMROONYOK	5424
A22DX54E4OT2QW	5425
A22DZVU5NZ46NZ	5426
A22E5SK61NWJWU	5427
A22EF57YT9JGDB	5428
A22EGNCQQJAIGV	5429
A22EH5K9O1GLY8	5430
A22F0Q4L6KZ183	5431
A22F382BR5KOZ7	5432
A22F5WHC4H0Y1Q	5433
A22F6WEVKDYJ0O	5434
A22FF2UDE62RW2	5435
A22FVY0FZJ7Q8C	5436
A22FW6KBK0SMKD	5437
A22GN1A0DVRPXI	5438
A22GT1ZWSEOE1H	5439
A22I55P15NSAOX	5440
A22IDP8YERZ79X	5441
A22IJPORBY5PM9	5442
A22IOW4U7ER2TR	5443
A22IWJPU0BK1MC	5444
A22J4KV8B8M1JU	5445
A22JW3R3VCQC6A	5446
A22K36X80X815R	5447
A22KF5KPBPD872	5448
A22KGO6Q2YWS0C	5449
A22KGZSGDBTSSX	5450
A22KIJ40QRB7QJ	5451
A22KQNT08T1SLB	5452
A22KRLNQE081Y6	5453
A22L3KWX6E35HZ	5454
A22LC9UYQU6DND	5455
A22LU4SUE4NFMX	5456
A22M3E5S78BYRI	5457
A22M5KGZAPZAOU	5458
A22M9ASBDE287J	5459
A22MDUDLE84FNA	5460
A22MOPVDVNS0ZS	5461
A22NJX7NXK8S0I	5462
A22NSIO5HTBYXC	5463
A22OPOM9HSDH0F	5464
A22OTFTYPQ4E2A	5465
A22OVVLMT0025M	5466
A22P728352D2F7	5467
A22P8UJH2Q81KG	5468
A22PKZZK5DSONS	5469
A22PMIUQWH2YPA	5470
A22POOUGMX4QGG	5471
A22PR4T2I9WY41	5472
A22PUBSSNP54L	5473
A22PZYFDKHHP74	5474
A22QATUZUP01TT	5475
A22QCKATL4N6JS	5476
A22RCDT6WF7GBZ	5477
A22RKQ3TCY0YSC	5478
A22RZO9QIJ6ZSR	5479
A22S4C01D1O01K	5480
A22S6IN8PWZXN0	5481
A22S7D0LP8GRDH	5482
A22SBC8VK9QUVE	5483
A22SPN6089TKYW	5484
A22T3PYX7179ZC	5485
A22TC6T30ESW38	5486
A22TEZ9LIV5O43	5487
A22TXP0Y92PMPL	5488
A22UAHPMLIF8Q5	5489
A22V5OS9DCIP75	5490
A22V5YVJH9GPHQ	5491
A22VDTXA9Y9F3J	5492
A22VNXHU6IZ5MT	5493
A22VSFE624KBII	5494
A22VUOH575E014	5495
A22VUOZKAFTVJL	5496
A22WEPD0WR2K0Q	5497
A22WYGNIDFQYII	5498
A22X5YBF3DBQOA	5499
A22X9W0WA6XMBF	5500
A22XGVAAD5WCNS	5501
A22XU4EHOJFU3W	5502
A22XV8578BTB70	5503
A22Y4KL8XXVLC7	5504
A22YBUWSHU3MZR	5505
A22YTQWCR52OIW	5506
A22YUFT9K4SGYD	5507
A22Z2J9XWN64OU	5508
A22Z4PC8DAO9CN	5509
A22Z554ZQ8NFPC	5510
A22ZDOX8AXTE63	5511
A22ZE30JQPMQ5Z	5512
A22ZHO790Y9EO7	5513
A22ZWCPMU5HJTI	5514
A230CAH5O7B9FQ	5515
A230CCU3WPM17S	5516
A230MXOPPE503H	5517
A2313OA7XC7WQG	5518
A231K6XQ2ZJH0B	5519
A231LBC8EGPO5L	5520
A232GERJK2H90U	5521
A232PE4B8ETAJO	5522
A232WTWJ8TYU7V	5523
A2337UBCGNKTZK	5524
A233PJBTEB72BG	5525
A233POKHW514QD	5526
A2340917M1HHZ3	5527
A2341MIGVAIESJ	5528
A234HVRMPCP8II	5529
A234HXDATOAYEY	5530
A234IQCNSW5ZDG	5531
A234QAB7HNXNGC	5532
A234X1MVIMPMMC	5533
A235NA61RC6YC1	5534
A235UCQEERBLPG	5535
A235X9VK8ND08T	5536
A2366DRU6HGLCB	5537
A236A7N781JV39	5538
A237NXKRV2I36X	5539
A2380HQZW3LHP	5540
A2387V1ELGVDKP	5541
A238FTJVZUB880	5542
A238ZSESNZ0OPF	5543
A2396VHYAAC6F2	5544
A23971D63L3JVG	5545
A2399C2KHX9PLD	5546
A239PBBB2650QM	5547
A239YR4IQ0QAFY	5548
A23AKO4BZLZ8DE	5549
A23BAB3A915J9C	5550
A23BDL5BB8QUC7	5551
A23BQZC7G8R336	5552
A23CBQPZFIHK0H	5553
A23CI9EL187TYR	5554
A23CRNDA0HYELT	5555
A23CYKJ5NWAY2S	5556
A23D0Z8LKMWLPW	5557
A23D1RPDZE578C	5558
A23D7ZHD48Q2AD	5559
A23D9U80SOUIVL	5560
A23DFU1X4ENTMT	5561
A23DJGTSDIDMM2	5562
A23E3HKW85RT41	5563
A23E9QQHJLNGUI	5564
A23ECVRD2WKYRP	5565
A23F5V0BB9197Z	5566
A23FDH3I024BRZ	5567
A23FDPA9N8ZZ0J	5568
A23FK4SSURQ025	5569
A23FK7VDY5PCJO	5570
A23FM0S3J3JYAL	5571
A23FS2LM0DRK8X	5572
A23GAWRFT213F5	5573
A23GJAUWMQNFBS	5574
A23GS4UGLQBG2V	5575
A23GX3ZRKNHEES	5576
A23GY2BFXCYHSD	5577
A23H9VPJ777NHN	5578
A23HBM0LW0918A	5579
A23HBTG96J8NBI	5580
A23HGW8U6954DF	5581
A23HWEKQMJ98V4	5582
A23HYJOBCPL6GQ	5583
A23I049ZXOO3D3	5584
A23J1T1KQXCWI5	5585
A23JCH990R4FUI	5586
A23JLZ10442YE2	5587
A23JNBHP9W9NOG	5588
A23K8KKQAIW4VI	5589
A23KACXOE9O9TX	5590
A23KDA686N6T4Y	5591
A23KIL9HJREISC	5592
A23KU7BDXSLTI3	5593
A23KZ0TXHGU110	5594
A23L7R8G04LKRN	5595
A23LI05Y80WR00	5596
A23LI4IGIGNV8H	5597
A23LLZEEJYT63V	5598
A23LPHC3CC3VGP	5599
A23M85K3XXJM3R	5600
A23MG20JMM5ISZ	5601
A23MN2IWVDF8KB	5602
A23MSHHDZCNV52	5603
A23NAOS45G0W7R	5604
A23NHXNTP8YRIF	5605
A23NR1O3MV2NM1	5606
A23NSKTMSPPBTR	5607
A23NZUD7JAZD9L	5608
A23O8PBCATCUCA	5609
A23OE5MABXZNHA	5610
A23OKGKSP56NF3	5611
A23OWJUVNTY077	5612
A23OYFPIL24JZ1	5613
A23P5YQ8YAHF6L	5614
A23PBLHUOR6GNN	5615
A23Q2YI6SK6DW1	5616
A23QIRLKD9KKPT	5617
A23QLA3M2OBZGS	5618
A23QYBKI1630CV	5619
A23R3EOZ837242	5620
A23R7KDNQSCUJ6	5621
A23R7W3O36ZIEF	5622
A23R8RN5RZCWIM	5623
A23RG249U1CILE	5624
A23RQRX7LO7NG8	5625
A23S17QEFHFSRG	5626
A23S1YJKGCQTZ6	5627
A23S4F0RSOTU5N	5628
A23SODE7AVFNQU	5629
A23SQ2OPCV40S7	5630
A23TDL0WBGBMRZ	5631
A23TGI02RB7JC	5632
A23TQ1COUTL5AN	5633
A23TRU3NNTSPB5	5634
A23TSL8Y510LV6	5635
A23TXD0C5CX6IM	5636
A23TXF3IMGJEDB	5637
A23U2RC1J3W42O	5638
A23U3LVRGB72U	5639
A23UF0YQDHL2LG	5640
A23UOQ4W8YMSXM	5641
A23URGQV3AOPOK	5642
A23V3WTYJUJIY8	5643
A23V4X4BMP0ZFC	5644
A23V53LGXKKNZ5	5645
A23VKF4GTLY8U0	5646
A23VP7FUEV3MJ6	5647
A23VP8HFRNMTAV	5648
A23VV595PBXUVA	5649
A23WDAMMLZX6VV	5650
A23WE733QT4WGJ	5651
A23WKN7HJMASPY	5652
A23WPWLYT3P1CZ	5653
A23X105IJ30KBW	5654
A23XVF23C7BHP0	5655
A23XYKJOCHIZ6X	5656
A23XZ7BZEM9O7G	5657
A23Y8K41CDVA7N	5658
A23YNT1NS1V0OJ	5659
A23Z8PIFQ5X1ZO	5660
A2404X4FBJZ80T	5661
A240YCM012LJSO	5662
A24101S87DT4XZ	5663
A2414GMYG82NSD	5664
A241GZ3CN2GMM5	5665
A241LKDNA8SNPP	5666
A241UDYWOGCAGX	5667
A2420FJHY0511B	5668
A2432R18OVHJY2	5669
A2433A2E6JICKI	5670
A243HGRMEUOTK7	5671
A243LSI3VCVMJ	5672
A244CRJ2QSVLZ4	5673
A244KYC2NVG9EP	5674
A244UVEKGHQ3R9	5675
A245M9JU2ZQS9S	5676
A245PA3QEKHZZC	5677
A245YS3WNSO4JJ	5678
A2463FRWDS1SLH	5679
A2466SPW3QPXQX	5680
A2469NV6KYXYXU	5681
A246T571A2YJB9	5682
A246YB9ETBKSRC	5683
A24702LG337JKZ	5684
A24718TMPXS68S	5685
A2474M8ZFQO1JT	5686
A247IKG9MHVIUW	5687
A247VET7CP4K7J	5688
A247WCEX3FXB2X	5689
A247ZZ16U0NONK	5690
A2480I33REUMNH	5691
A248LJAXXKMQCI	5692
A248WQ5M9ZCRLT	5693
A249KJUI0J3KD7	5694
A24AAQLN5EPWEU	5695
A24AB6DJ00YOJ6	5696
A24AVH6Y1P8Y66	5697
A24BEZYS4O5FCK	5698
A24BNWRJFFISU1	5699
A24BRXO3H15ORU	5700
A24BSKCWXC4M6D	5701
A24BZY4WBNCUK4	5702
A24CPA8Y1OW7OB	5703
A24CZKB1775ZXW	5704
A24D0ZPXCHWUQD	5705
A24D3WAE2W0PNG	5706
A24DPNMTDAU1XN	5707
A24DQMFOLSD25I	5708
A24E0HXB7EXRE8	5709
A24E43AQ52W73N	5710
A24E9EHRGDOGV3	5711
A24EM0VCXOD0XH	5712
A24EWW9YP5HN62	5713
A24F1UX8ZT5IXY	5714
A24F385BETBP4N	5715
A24F60FH23CSWL	5716
A24FBXGJLEBN0T	5717
A24FKI8DOGU6ME	5718
A24FP4OU9U5TKW	5719
A24FS1QIVAKYN6	5720
A24FY1EBJ7EWLH	5721
A24G9NCN1AL6YC	5722
A24GDN2QU4M6N0	5723
A24GGAR2UUL06M	5724
A24GLGYAACF71W	5725
A24GMQB0ES1VAI	5726
A24H4E97V644A5	5727
A24H59VYY8C4FK	5728
A24HD3TRDRTNM9	5729
A24HG0FO68TXCY	5730
A24HI9TB12WX3Q	5731
A24I784Z5HY4YP	5732
A24I8Z164A3WUF	5733
A24IHOXMJ0I4NC	5734
A24IIP7GAJJTLQ	5735
A24ILYO1VMCZ4U	5736
A24J4NEAV774U5	5737
A24JE2BKC1P9T6	5738
A24JNWVMYB40HE	5739
A24JS1RSMSVKSG	5740
A24JXEI73MFXLP	5741
A24K0235PBG4LS	5742
A24K0UYV7PKZY7	5743
A24K944J1QVETZ	5744
A24KBIHD8Y345A	5745
A24KCJK5FMAUQD	5746
A24LB5QCJY2F04	5747
A24LFAY8C6YGAV	5748
A24LTAUZQJOSW4	5749
A24LXSG55FFSJK	5750
A24M02Q8LG9DUZ	5751
A24MXGJJD8OSUT	5752
A24N79JNVNFSBV	5753
A24N9SGJN52A81	5754
A24NCF4KFZQHL0	5755
A24NROD8O2SDDM	5756
A24NT6ZIGSJFWG	5757
A24O15MYDNLZBE	5758
A24O1WPDSDQA07	5759
A24O7OJ689YFPJ	5760
A24O98D9BBHPUJ	5761
A24OCVGPYVBHMI	5762
A24PA1A08KVVKP	5763
A24PIR3Q8QGVMB	5764
A24PNVLQKEOZ2N	5765
A24PQ08H130SZC	5766
A24Q6EJWVWNOLP	5767
A24QJT338UJ7PV	5768
A24QP3LZWLC0Q9	5769
A24QWJDOX918PL	5770
A24R2T2F2PQF6R	5771
A24R3MG4NY5CLQ	5772
A24RA6X56T98P7	5773
A24RCBRDXRXR0Y	5774
A24RLADV98RHSM	5775
A24RR8LLPYVVAU	5776
A24S9OK74AFS38	5777
A24SH7KMEQOTPZ	5778
A24SHT6H38SXZG	5779
A24SSUT5CSW8BH	5780
A24T532TFWAGYG	5781
A24TVPGG6JGH4	5782
A24TZ1PYV2JNM0	5783
A24U4HDJ2FPNVI	5784
A24U6WGBZ4P74W	5785
A24UBC5SFSKLSW	5786
A24V0OH916O2TJ	5787
A24V7QBQBJ7U1R	5788
A24V9YEELL0B7V	5789
A24VMMBS7PVK8	5790
A24VUKKAKYAOC0	5791
A24VUWIJCET3VH	5792
A24VVEP0P6ZF5I	5793
A24WBO66B0H9H9	5794
A24WKOS7B5SLVA	5795
A24WPSDKFU01TY	5796
A24WSD48Z3WUZS	5797
A24WY43BJUGKL3	5798
A24XU02OGU0V6F	5799
A24Y31NWP4BPEQ	5800
A24YEME785ZU4B	5801
A24YTF4DFAMFXP	5802
A24Z4Y2KW4QR77	5803
A24ZEH6X4AJNR4	5804
A24ZFY45PF6BGA	5805
A24ZLAOG87HBST	5806
A24ZMNWTW8AQUR	5807
A24ZMUTE4T4N4Y	5808
A2503LT8PZIHAD	5809
A2504Q397ZYXRW	5810
A2507ZYWGMY9BK	5811
A250AXLRBVYKB4	5812
A250WS40XE9BN5	5813
A250XPRB8642Y8	5814
A251J83YR8L5L6	5815
A251KVE2VGXALR	5816
A251N5IFXCSBMF	5817
A251TXXSL4S3GR	5818
A252BDEV5L86TY	5819
A252DMIM13A3K7	5820
A252DUL5CTOCZ7	5821
A252YXZ4AOM15Y	5822
A2531ESJ56UYBL	5823
A2535UAPNUUTAU	5824
A25369P9FFDF46	5825
A253BDUNOU5D8O	5826
A253HHXR1VA39Y	5827
A253TILLU81VZK	5828
A253XRSWVFP8V2	5829
A2543F60AOMT2U	5830
A2546LZHF202T5	5831
A254FM1QY40L1L	5832
A254P0X7IFBHJR	5833
A254XL8YJNCXM4	5834
A25529Q627IKQ3	5835
A255AFGVP61Q8Q	5836
A255CVWCDE1CIY	5837
A255EMQZTRGKAH	5838
A255H8BACCZ6LU	5839
A255VVTV6E1WPI	5840
A255Z3H1AL4VMI	5841
A2561PYW9TTMYD	5842
A256680HMYIAEC	5843
A2569HQNP3JZUZ	5844
A256DB4QZROJ51	5845
A256SIW5MV0DN4	5846
A2577VMCFNW5SS	5847
A257FDIK89QBE9	5848
A257XGMVGITLCT	5849
A2580RNAWZVWBO	5850
A2582KMXLK2P06	5851
A258QXXOWJPD36	5852
A258RAXG68NJVR	5853
A258SWBYR3QWHD	5854
A258YT7EP5TC2S	5855
A259CTLNGMBZQK	5856
A25AK08Y7U11K8	5857
A25AKIPL88W14S	5858
A25BPX9DYA7SAI	5859
A25BZTICOVSHJ0	5860
A25C2M3QF9G7OQ	5861
A25C5MVVCIYT5D	5862
A25CGBLRJB6X0S	5863
A25CZCHLNH3OMO	5864
A25DXDKNYS474Z	5865
A25DYZD765HGGM	5866
A25E20TLQOEC77	5867
A25EHZNTPJ3OA9	5868
A25FUOMDL5OHYD	5869
A25FWP777WLEHO	5870
A25FY0JD54B09P	5871
A25G1RA2EB8AM7	5872
A25G8AIUFSGGDS	5873
A25GGC20VE58NT	5874
A25GKD94SHX82H	5875
A25GMNUF1SDF4A	5876
A25GVCL52LNE05	5877
A25GXPS2BAR2C5	5878
A25HGFZOYB43SS	5879
A25HGUIW0SJIVX	5880
A25HSNH7BP36JZ	5881
A25HYPL2XKQPZB	5882
A25IBZXBHJOBA2	5883
A25IGEU9PP21PW	5884
A25IIZ0GNKWIZO	5885
A25IRWH03ZHRRE	5886
A25ITV6XZWRVRF	5887
A25IU2H4CGQKJQ	5888
A25IX0OOUIT2YW	5889
A25JG8TJVBOKW0	5890
A25JTBCU1ZJLPG	5891
A25JZ0ZAU6JS0A	5892
A25KG3EIBJU46O	5893
A25KGNPKWWYEN5	5894
A25KKXUQQ0OLWB	5895
A25KNXATIIKTWJ	5896
A25KTKPPM7G7BG	5897
A25LRNJ9BGXAK6	5898
A25LSGSKKB5AHJ	5899
A25M58XAPUK9CB	5900
A25MONTTW7IERR	5901
A25MP71898XCR2	5902
A25MX1TQR24URM	5903
A25MXLTFUCN9OU	5904
A25N8UP4PJVQ8Z	5905
A25ND1VXTT9LF	5906
A25NIMVKCYWQZ5	5907
A25NT9MZV9RTR7	5908
A25NULIP3O550P	5909
A25O2ZZDN9UN4P	5910
A25OJH02IZ86EP	5911
A25OL7YSVUS7JE	5912
A25OZ0AQNXTNLQ	5913
A25P6WWHOY5SCP	5914
A25PD4TQLZG2OR	5915
A25PIL7VU8VBSR	5916
A25PZ9TRAAW84F	5917
A25QGC7Q3CAOKV	5918
A25QJBK33C4O0R	5919
A25R354BN6JK0Z	5920
A25REHYRV2IGVM	5921
A25RFEP83YBBPL	5922
A25RMP51FP664I	5923
A25RS3RXJE73FY	5924
A25RTRAPQAJBDJ	5925
A25S56GAA4W78O	5926
A25SM7O3O5HE25	5927
A25SWCAL459SFH	5928
A25TCGBDT0N5AL	5929
A25TDT8EOMCLFO	5930
A25TNBMJ4ZO7RD	5931
A25TT44FXNV0F0	5932
A25TVJ2ONZI2IQ	5933
A25TXSIR8Y3UVP	5934
A25TY7Z8OLY6TM	5935
A25U4ZSWP74LYL	5936
A25UJPZLODUASK	5937
A25UX6U640N2OK	5938
A25UZ5O43P3WFS	5939
A25UZ7MA72SMKM	5940
A25V0PNGIHJKRA	5941
A25VGX32PPETE5	5942
A25VHD2DDHLU9Y	5943
A25VHSAUT1GABE	5944
A25VNU7C7VL0QV	5945
A25VPM2U75NPXS	5946
A25W53ABXGZS8B	5947
A25W83Q8KMAYQR	5948
A25WWUO6K5YUY3	5949
A25X2M9ADD36JI	5950
A25X4F1TS2SW27	5951
A25X61MAEHATP	5952
A25XAPQXT5GE6X	5953
A25XU1RT0DJI3	5954
A25XX0BX2APM8Q	5955
A25Y4AKGA0JVR	5956
A25Y5ZHHTYO9N4	5957
A25Y6TCH95L338	5958
A25ZELE0Z90Y21	5959
A25ZRQBJFOIQNA	5960
A25ZRXZYWLFC4R	5961
A2603EW1PVK36H	5962
A260487GNX1YAU	5963
A2604CB1MDQ7GK	5964
A2605SYZXD6O84	5965
A260IKBHM9RZ3I	5966
A260LBT1DBIERN	5967
A261P36T13YP98	5968
A261PILUKEZY25	5969
A261ZEKT6OATPN	5970
A262582Q70DT9M	5971
A26293B9Q9GXWR	5972
A262QN67Z5YB42	5973
A26313T6GWJ59M	5974
A2634JOO2GPFOR	5975
A263ACJCNTURTL	5976
A263WCKA3IQCGU	5977
A263ZEDYD50VAT	5978
A264ZBFR6DROPL	5979
A265B07HJ93QNN	5980
A265B1IZE5RVG6	5981
A265BJFAETXP41	5982
A265IEMG2K5R4W	5983
A266BFIUYON37V	5984
A266WA41P7G5XE	5985
A267AMGMVXB29U	5986
A267FU71Z01CIH	5987
A267S325EQ7B44	5988
A267TZ9RXEOUFU	5989
A267YDFDZKKQWN	5990
A268WEGB97ZROU	5991
A2691YONPDFHSO	5992
A26992UBM32U26	5993
A269AE97JO65B7	5994
A269T79S8V4OCX	5995
A269WG8C9O2B0C	5996
A26ADZPY2GK9W7	5997
A26AH5O9KJ31XX	5998
A26AYSYQM0TBNI	5999
A26BDXG9KVH7SU	6000
A26BU3ZU0R5IPF	6001
A26BZ815RIPTPI	6002
A26CE7E2OLWCL7	6003
A26CPEEWB2WKRE	6004
A26D6W25M9JGXC	6005
A26DFSJW349WQO	6006
A26DG05WFGH2V0	6007
A26DJU0UGI6B8Q	6008
A26DQMYF5E0GL6	6009
A26EG98934NELJ	6010
A26EI09UFUI4EJ	6011
A26EQ8U96JA92T	6012
A26ER7QE4RC38C	6013
A26F5Q19BI6KEY	6014
A26F6URREE88KN	6015
A26FFJ52629G6P	6016
A26FX2091HJNIE	6017
A26G0N35MVW9RG	6018
A26G7LECAVZLRP	6019
A26GVWSZFO0TPO	6020
A26HBG3RKZVO2P	6021
A26HG4XWBEHV38	6022
A26HR8YJRL1J75	6023
A26HTPPUD3X1ZS	6024
A26I6E533K6XZ8	6025
A26I8RW155YET	6026
A26IAWIOK1ZIII	6027
A26IMDHTZ56QZ3	6028
A26IOBPO3W81TA	6029
A26IPF4JQYN9RQ	6030
A26IRZJV6D220M	6031
A26JGAM6GZMM4V	6032
A26JP40O8JP7ZF	6033
A26K25KKMYY9TG	6034
A26K3YUJWZR6ND	6035
A26K649TRRLTYZ	6036
A26KBM2I0Y6GE5	6037
A26KCPS6JW9EK1	6038
A26KHZE0HTS057	6039
A26KK2N8WJPB48	6040
A26KSU7PQYAEWU	6041
A26KXNN6H1IL0I	6042
A26LCNACWICFCX	6043
A26LD9FQHTM8ZH	6044
A26LFQDSEZXP2T	6045
A26LQSC65AMTGK	6046
A26LX8J2TA8DQ3	6047
A26M36QAEPKP92	6048
A26M856PHHNSGY	6049
A26MSRNB631BEA	6050
A26NJF0BA9DWT9	6051
A26NMTIHEUM65Z	6052
A26NSWOAKB86LM	6053
A26NZY6C0LR2K9	6054
A26OI2JXIVZ5WZ	6055
A26OMR4B9EOQT5	6056
A26OPMU8YTWVOM	6057
A26OPNLJ0JYHPH	6058
A26OTKEK2ZK6P3	6059
A26OYXA4RGI0XH	6060
A26P36TZEES9HD	6061
A26P9PKBLP8QBY	6062
A26PF7UI4JJVLC	6063
A26PU40FO1573W	6064
A26PUE4D9CPFLH	6065
A26Q45BG5BVHIQ	6066
A26QQ7YITP2HQC	6067
A26QX1SAM87SX9	6068
A26QYI7OMGK2MG	6069
A26R1GJD753ID	6070
A26R5B65X7MDLD	6071
A26R7LLAFTPC3U	6072
A26R8BWL2F05HU	6073
A26SO3TOT2TLJE	6074
A26SRIXZMVHKS4	6075
A26U6BNGVNWEZU	6076
A26UDW3CADN9U3	6077
A26UIADA3AI330	6078
A26ULAMFZNKQQZ	6079
A26UMO0AX8FYU3	6080
A26UNIPEVYE9DE	6081
A26USWZFF5V3T6	6082
A26UT4F4J7DELI	6083
A26UZ7UQWAHAVJ	6084
A26V7K8SXXJQRE	6085
A26VIQ1G83IGAR	6086
A26VJE2ZATK6O9	6087
A26VQNC08K933V	6088
A26VXTVKTLH66T	6089
A26WHR1IP0A250	6090
A26WI4JKVC171E	6091
A26X7W5UM5QFT4	6092
A26XDZLCQXK5GJ	6093
A26XIJUJK1KRL0	6094
A26Y0SMLXSNVG7	6095
A26Y7EG7D26O23	6096
A26YLUNHR2RZ6N	6097
A26YPJT1BGZFOK	6098
A2701UXI8QGRHE	6099
A2708RDLWPPDOM	6100
A2709HDVGFH4E4	6101
A270KRIQDGWS6D	6102
A270R1LS9AA048	6103
A27144YLL9MNQS	6104
A272D4VBDBU81W	6105
A272ID8UFOZERC	6106
A272RQUCB7VP9B	6107
A272WUDCEDYJSL	6108
A273191RKIAK8	6109
A273EYHG5TGBMS	6110
A273PTX1KD95FU	6111
A2745XVV6R0SAP	6112
A2754K22J6Q5ET	6113
A27594B94MW2I1	6114
A275K6JD4B0W50	6115
A275L12XC23G9I	6116
A276ADOMNYAHMY	6117
A276JJQTM6UKK4	6118
A276OI0NHBYORX	6119
A276TEX1IGBHZP	6120
A2771ZD14NJVS	6121
A277GP2U2TXH51	6122
A277L1RGZEW7QN	6123
A277SNZ2LS0FLB	6124
A277TO3PKKNYDH	6125
A2781WKVQ2LT45	6126
A278A667ICAYTS	6127
A278LEQK1TEPVB	6128
A278LLN1M4AACP	6129
A278MYWLP18U7T	6130
A2797IUTVZZOVL	6131
A2798JNM3K3U4Q	6132
A279A4Y2N1CQ26	6133
A279BCR06VDFKH	6134
A279FUL12R7MBD	6135
A279MEM3V9RJH1	6136
A279XQT50MB44R	6137
A27ADCSD15F3GL	6138
A27AEZG2GO6OK2	6139
A27AJ2LMMM6NFV	6140
A27ARVJ6VMQ84O	6141
A27AVTUTLNS3I8	6142
A27AX5S9H37BIV	6143
A27B62Y9LP7Q8P	6144
A27BKXQAR305QL	6145
A27BPKU7ZJ3NOO	6146
A27BPT3KS5OV2	6147
A27BRS9UA93O6X	6148
A27BXH6R3ARWXB	6149
A27C84PT7QTJDC	6150
A27CETITYNFD7R	6151
A27D7QGNQNI2EZ	6152
A27DDB01Z03JU5	6153
A27DE92CX538PS	6154
A27DY7WQWLYSEO	6155
A27E5J65EKP1WA	6156
A27ELAI7GNIS37	6157
A27EMTPVMIDZKW	6158
A27EPKAU7527OA	6159
A27EZQ4BGUEZ2E	6160
A27FD1YUH2APZO	6161
A27FGZZD4HYIBR	6162
A27FTLIJ7N8G9V	6163
A27FYNIJC7T58I	6164
A27GF6DTHFBI3Q	6165
A27GITTN6AVW5I	6166
A27H0T39U3FZB5	6167
A27H3QBHFYCNBT	6168
A27H9DOUGY9FOS	6169
A27I8ETYT41602	6170
A27IEA7DADM64W	6171
A27J2Y7F97MNJB	6172
A27JHJ7YWNRCLZ	6173
A27JHN5LZXW6IG	6174
A27JRS8UXRREJW	6175
A27JSZ27B3FORW	6176
A27K2H4S56KDFM	6177
A27K8IKDQOSWWT	6178
A27LCANTGRS9HD	6179
A27LG60DGG4UKG	6180
A27LL0J317MQCZ	6181
A27LVAO4K9VJVM	6182
A27M75LRSJ788H	6183
A27M7N7S5QN74C	6184
A27NLYFT6LHTKC	6185
A27NQO3G12TT81	6186
A27NY17IFFPOCJ	6187
A27OJUSEVEYDKG	6188
A27OOME0MPQX6B	6189
A27OP4R8O8MW8S	6190
A27OTN36EFLBIX	6191
A27OTTW1CSOYWX	6192
A27PDUTY5QPJGU	6193
A27PFOZAKVK484	6194
A27PZIJQLX4W0N	6195
A27Q1X75QCWTID	6196
A27Q395KS99KOB	6197
A27Q4O9SBYGWNK	6198
A27QRM2NZBOWB1	6199
A27R2V3WLS43LP	6200
A27RA84D66WW8A	6201
A27RFQV0G8Z48E	6202
A27S42MP4XMHV5	6203
A27S7HU6EVXA37	6204
A27TG3E0Z6G7YK	6205
A27THSAM78N47Z	6206
A27TT0YIMELWQL	6207
A27U3QTSZ0WC87	6208
A27U4XIIU4D9CM	6209
A27UGQK54EF3MJ	6210
A27ULPK1RGCNU6	6211
A27UTP8HERIGPQ	6212
A27V6NFIQ8XFBW	6213
A27VARPUWXF4Q9	6214
A27VLEC7KLWZN4	6215
A27W10NHSXI625	6216
A27W2GQI41K0W	6217
A27WJHRJLY2EJE	6218
A27WQ9FF19CVX0	6219
A27WWKWC9AIIHK	6220
A27X7XXOKMK879	6221
A27XBASSM1KTX9	6222
A27Y7L04E3WWZS	6223
A27Y9T8OAWWXDX	6224
A27YBNFNLDCQCI	6225
A27YFWQ9I63IS4	6226
A27YHTJAGR2ZKV	6227
A27YS469HC6N1F	6228
A27ZFNMC15SHJD	6229
A27ZN3BUDWKXE2	6230
A280AC7CSWKKV0	6231
A281NPSIMI1C2R	6232
A281YNUJLGXDXO	6233
A282JB27HOI0M1	6234
A282QA7ILWWQZ6	6235
A282VWPYSLKUZK	6236
A2830ZMDXMQB3Q	6237
A2843M2KUXFECX	6238
A284DAR3IJ1Z5W	6239
A284GFG9CIUW1P	6240
A284NVDK828TFT	6241
A284OQ0RRWIICE	6242
A284P8XSG9HREA	6243
A284QCDBUB3YLL	6244
A2853X9G0LAPX	6245
A285M43BCJAHGU	6246
A285ZY7AI6VHO7	6247
A2861ZOB823G3B	6248
A2868V503LH1NV	6249
A286DQ4WH9EKEL	6250
A286RTX7LFZSJQ	6251
A287547UH1VBJ7	6252
A2877636PYV2A3	6253
A2877AOHJFZI0E	6254
A287EKRXTMDZEU	6255
A287L7BQKBNVAZ	6256
A288HNYX6DTTQ8	6257
A288KXQXYEX4UU	6258
A288OIPO7ZECYI	6259
A288PBSTFAXIF	6260
A28973L3OU3OVV	6261
A289JMKLF9CYZ3	6262
A289TP9PLLQVLQ	6263
A28ADY27SLNNLS	6264
A28AF7UZDKK0M	6265
A28AQ50XHSRTEB	6266
A28BBETPJNOYSO	6267
A28BEPJK2SB6KY	6268
A28BUET3I8UH96	6269
A28BV2W5BO5KFU	6270
A28CTIYB40FP98	6271
A28D1WO95WZVLB	6272
A28DL4WF7ZENS7	6273
A28DMVM1R0A3LM	6274
A28DOE3XFXU3E	6275
A28E692X2JEEDZ	6276
A28EMTHVF120XV	6277
A28EPFLFDW05C0	6278
A28EW6STTK2Z1W	6279
A28EX0M22Y4KS4	6280
A28F44PXLZF0ZH	6281
A28FI13P31IFCI	6282
A28FJ93TJSSQS4	6283
A28FT3QZMU0A86	6284
A28G3C33E5GW3P	6285
A28GN62IWG0FZM	6286
A28GRPFR7OX8IK	6287
A28GUBWX9630QJ	6288
A28HE4C4MTNO9B	6289
A28HLDPRA1VFB3	6290
A28HLT7DDJONQG	6291
A28HUBMSCXVQW0	6292
A28I0RN9HNSS81	6293
A28I2EG3G1VAGC	6294
A28IGCCX0DKFHL	6295
A28IIVKXOE1ATF	6296
A28J1DBFMPGGT5	6297
A28J8ZFUBAC40Q	6298
A28JJJXBUQC5NA	6299
A28JP9DX106FQD	6300
A28JZ1ZMM80FXP	6301
A28K9EVXQEJN9Y	6302
A28KL4VGU24MWS	6303
A28KM2RVG7621A	6304
A28KT6T536SMJF	6305
A28L316Y8Y4636	6306
A28LSTHN74JGLN	6307
A28MHD2DDY6DXB	6308
A28MIGUM4B08YV	6309
A28MM46KI4EQB2	6310
A28NDLX9WB7H3O	6311
A28NF8MCCUMP2U	6312
A28NMZ7RDWH53M	6313
A28NWYDLASW6OK	6314
A28O12821HMYP8	6315
A28OAVP2KLZRV1	6316
A28OB1QLXN5BM6	6317
A28OCMEE1UM5S2	6318
A28PGNH7JZXGNG	6319
A28PHO540GK9US	6320
A28PM3F6B5X3UJ	6321
A28POO5PE9VLBB	6322
A28PPDRER2THTL	6323
A28Q2ZUQCPMZRJ	6324
A28QIHJSEMGKRR	6325
A28QKOPBDPSHE5	6326
A28RB1QYL4BR7Q	6327
A28RN107ANO20T	6328
A28RO2TPZOKGCP	6329
A28RPKXOVO41AW	6330
A28RSMADFCBJDT	6331
A28RTSJ7FKD99W	6332
A28RUL25UBIC8Y	6333
A28S1ZQLK7CP89	6334
A28S3Y2UYTP4XK	6335
A28S4MC198E19Z	6336
A28SATZVKG0JOA	6337
A28SBPF6KFZ7VL	6338
A28SC8MAC3HCK3	6339
A28SD44P0WAP25	6340
A28SGSRAU64NDM	6341
A28SHCZHTJTF3J	6342
A28SSGM360CRIE	6343
A28SWNW944XG4U	6344
A28T03F7LNXYAI	6345
A28T3R3XHF6268	6346
A28TX4Z1ZMU2BO	6347
A28U98FGKQXAFU	6348
A28UB9X8AC6613	6349
A28UBI340176A2	6350
A28UK6YNF5GRET	6351
A28UMA3GW9L124	6352
A28UOU1SN1UNJG	6353
A28WC8X3EHK355	6354
A28WQBBSTXC0VH	6355
A28WUG91KUSML5	6356
A28WXDXJA1P0MC	6357
A28WYYIWBDVB9A	6358
A28X0LT2100RL1	6359
A28XKGHLARSPQQ	6360
A28XOR1Q50FD7J	6361
A28YK7B27X3N0N	6362
A28YTJGIZY277M	6363
A28Z16OAWF35MT	6364
A28ZIAVTXMLZPW	6365
A28ZJHH3V1J6NG	6366
A28ZX19G8BIXBP	6367
A28ZZD7G86L1YF	6368
A2900PFIZYAJ0H	6369
A290HS21N1VHQW	6370
A290LMHV0644I4	6371
A290XSLNCZ8EI6	6372
A2918XN28TIP7I	6373
A291EUMCNLLOKI	6374
A291JG35MX055Q	6375
A291S4UBWK797N	6376
A291SUNXAOKE3V	6377
A291TWTMCIGPEA	6378
A291U9KHBA2MFZ	6379
A292E6Q4QOZH8Z	6380
A292FHOCHDIYB6	6381
A292H88X2TX65C	6382
A292NDEAXUNW62	6383
A292TRC6DX2GKK	6384
A292V24Y5TJIIC	6385
A292W1LK5EZJSY	6386
A2930D229PEUUN	6387
A2939JTF0LURQ6	6388
A293HA28PN3VO4	6389
A293IMHZC86C1U	6390
A293ZA4BJX1QBB	6391
A293ZJB84QTSAC	6392
A29409ZLFH0EJB	6393
A2942CY3T6EWXU	6394
A2945GC97CSCM8	6395
A2948QYIGON9UB	6396
A294BMWLWEKF8C	6397
A29534U2P9CLNR	6398
A295VPW9H9BB8X	6399
A296PCGG1JHD7X	6400
A2972GZNHEHUBB	6401
A29736SKZFX9Z7	6402
A2974R9BTPZPOJ	6403
A2978O7QXQOJ50	6404
A297B7K0C3F5XB	6405
A297R44X7WEQ8T	6406
A298CARSW68Q3U	6407
A298W4O7ML3CBA	6408
A298X3YMX4P5X9	6409
A298Z9JWV4OPI6	6410
A2999BR1K8MKCP	6411
A299IGRBXYEH68	6412
A299S5HUIWSL8F	6413
A29A8Q5EWPXBN6	6414
A29ALH6OZVKWKC	6415
A29AW7MSU7I8K	6416
A29B414JQI6SUY	6417
A29BA6LLBLJILF	6418
A29BPMJI0ZYH4H	6419
A29C0Z6BY8HB9H	6420
A29C5Z6KFJBX6K	6421
A29CEI6U2BLLCK	6422
A29CH9L427JM78	6423
A29CK3R8EIDEJG	6424
A29D0Z2CKYKJ87	6425
A29D89FNZ8ZSKB	6426
A29DSOBFG7A68F	6427
A29E053J2UCTA1	6428
A29E0Q47E8CPPO	6429
A29EDEINZSF14S	6430
A29EH6BSJCPW4Q	6431
A29FLWXXYV07AF	6432
A29FO5HWPH9PKX	6433
A29FYLSIHBMFCR	6434
A29FYU0NWVEMMQ	6435
A29G82TTPNID0T	6436
A29GC482UVK668	6437
A29HCH8AZRNH90	6438
A29I99MSGLG6BW	6439
A29IDCKC1S10KI	6440
A29IOTV68ZVRP7	6441
A29IYRHQRILTSW	6442
A29J1L8UCIQD9M	6443
A29JEJF5LJXLIH	6444
A29JUMRL1US6YP	6445
A29JZ68RPB0GI5	6446
A29K3TM1IITD39	6447
A29K5H0X7BL75A	6448
A29KE3KG2AZ1JZ	6449
A29KEMZEV5BL2S	6450
A29KU2I45ZID2O	6451
A29KZW1RFZVRMY	6452
A29L2RN5D8C0HM	6453
A29L4QWSIXKRE3	6454
A29LSH4E0H6AU3	6455
A29M09QBG9TZLP	6456
A29M1SVJFU5FIO	6457
A29M36OVC536A5	6458
A29M7R0RV3JR5A	6459
A29MJ509ZST8JV	6460
A29MJFFR9V9CUF	6461
A29N4YEPSYI35I	6462
A29N66WIWNN8JK	6463
A29O2EJKP8O5VE	6464
A29OEPP0N74F2N	6465
A29OKO25ND09WW	6466
A29OLGDCW8SCMG	6467
A29P0RHB3K4K9T	6468
A29P45SL7F9MN9	6469
A29PBACL3LZEF	6470
A29PID3J2CRSWL	6471
A29PRP6GDC9GL9	6472
A29QEGO343T8WK	6473
A29QQYME0TSU1S	6474
A29QRHQN6WBBNV	6475
A29R1LQY9XBO4K	6476
A29R7P16DK2IML	6477
A29RAOOQ1C85FG	6478
A29RHXL9SG6Y6Y	6479
A29RKUHDKO64U9	6480
A29S81ESUZDA5K	6481
A29S8LWU0CI4S3	6482
A29SP8OK9VR03J	6483
A29SPLUA24ZONQ	6484
A29SZ6ZTP4MH9H	6485
A29SZIAJ9NLD86	6486
A29T77UEKH8O9L	6487
A29TDHNT47LR05	6488
A29TIA5LX5QTRN	6489
A29TJQTVHMSE11	6490
A29U3AWYCDMCE5	6491
A29U4102KKI5U9	6492
A29UL344YJOKAY	6493
A29UNXK7F3S93L	6494
A29UPNOI1ZFG08	6495
A29V62XBC6CR75	6496
A29VG90T649CSU	6497
A29VRZ6F7Z03XA	6498
A29VVGSKKN8QEN	6499
A29VZ6937SCRX6	6500
A29W7YUDVYWO5C	6501
A29W85T2Q6AYCP	6502
A29W9NK3CYDH0K	6503
A29WDL4YE2DKGY	6504
A29X08DG25ON03	6505
A29X5S2VA01LJH	6506
A29XAP7W7YG0ZA	6507
A29XK5H3AA5S01	6508
A29XMCU3LHV9NB	6509
A29XWDJKTCE5L0	6510
A29YBX1T32019F	6511
A29YKXBDYVR601	6512
A29YLNK3SLF0LA	6513
A29Z359C0UM3PG	6514
A29ZD49H8W4HO7	6515
A29ZQX7ACC9ZV3	6516
A29ZTEO6EKSRDV	6517
A2A07Z5PLR6AB9	6518
A2A08GFVHJJ47L	6519
A2A0J6GPKNKXTU	6520
A2A0Z3DDCFPOAI	6521
A2A1XYSB692L6J	6522
A2A1ZQMSPAX5B7	6523
A2A2EOMCJP6TDQ	6524
A2A2JYDOR6GJ3E	6525
A2A2T00MY7AE3W	6526
A2A33KJUP7T2FK	6527
A2A3BV8DGUI6I	6528
A2A3CI3XZHETIY	6529
A2A3HSIX1PDOM2	6530
A2A3LWRNV07HFD	6531
A2A3NE7PFY0LCA	6532
A2A3NZPXIMD620	6533
A2A3VWKC6XJFYX	6534
A2A46M3NCK8MF6	6535
A2A49TMVML5MEY	6536
A2A4AK0PW1CS1O	6537
A2A4HGFGKO6BKP	6538
A2A4M3EDEUKG3L	6539
A2A4MJ42PDJEH3	6540
A2A4UCA9GSUXB	6541
A2A4X545ERLS7H	6542
A2A56MRVND9JVW	6543
A2A57RXJ3MMT9J	6544
A2A5IS27B68PTN	6545
A2A64AF1GG1BGK	6546
A2A6LD2PPV4YIR	6547
A2A6XU2EWW9VST	6548
A2A85E898HCMPE	6549
A2A85Q3LH9QVBJ	6550
A2A96H9YA1LG7G	6551
A2A977OMDL4QF2	6552
A2A9MFKNTO4LNO	6553
A2A9NARKEB8IHB	6554
A2A9ZDQOOA3ORO	6555
A2AA5T39QIK2K1	6556
A2AAAA2TR66I85	6557
A2ABD98ZH6F230	6558
A2ABFXJB7DKIBQ	6559
A2ABO7X2PO2EG3	6560
A2AC6GQ24S45GA	6561
A2ACBKGKN0M09R	6562
A2ACUSH4GCVIQM	6563
A2ACWWBA3EW4XM	6564
A2ADF3PBL46KW3	6565
A2ADYE01WEJ1V	6566
A2AEFJLAIDWRIR	6567
A2AEIU52UGLHMK	6568
A2AF0NOCM71J0B	6569
A2AFDQ9L65NIMN	6570
A2AFRV0A0B48VP	6571
A2AFSJMXVDKBFM	6572
A2AGBL998D0FYY	6573
A2AGGGYR7EOM8U	6574
A2AGQEL3O3S9H6	6575
A2AGSKU2MQMSFJ	6576
A2AGV48JXR7MSN	6577
A2AGWZTH5QG2KI	6578
A2AHGR1EMFXB1E	6579
A2AHQPAL712IJ4	6580
A2AHWMNMMESK2K	6581
A2AI4AMCPIQHA3	6582
A2AI4GD1U83F6X	6583
A2AIB02RIVPPKU	6584
A2AIDHD1M9L1W2	6585
A2AIF4XUVH7CRK	6586
A2AIJJK80NTH0O	6587
A2AJ85T9EYTMUO	6588
A2AJBEZ7VGCZEV	6589
A2AJZ1F8RPCDO7	6590
A2AK9FK1B642LW	6591
A2AKKT2UAFBK2K	6592
A2AKQ4GV4O4WAX	6593
A2AKWXPMGQ8WFR	6594
A2AKX6B6Y49I0B	6595
A2ALMW6CSEEFBE	6596
A2ALUKTMWLGT3G	6597
A2AM5HNN5MGZNN	6598
A2AMDK91VK2OWU	6599
A2AMDQQMVSVORQ	6600
A2AMRY5HTD7YZE	6601
A2AMSTTZ4OCKCT	6602
A2AN2WPHVJRX0J	6603
A2AN61PRQKMPXR	6604
A2ANTZGPEINGVY	6605
A2AOFLO4UZX04	6606
A2AOSSMSAI4AEY	6607
A2AOW20EGSCAY2	6608
A2AOWA38TS1ITP	6609
A2AOZQ3WTNVVOK	6610
A2AP3QDAN4W0XK	6611
A2APLHETAO56C	6612
A2AQRAM6HIPUX1	6613
A2AQSQOWVWD0KR	6614
A2AR2ZJ1QHHK01	6615
A2AR6QSP1ZRVHK	6616
A2ARDANFR4R44T	6617
A2ARR5VDQE9I4W	6618
A2ARSSXTLX28WQ	6619
A2ARYU8MJASROQ	6620
A2AS1OV35T7DQC	6621
A2ASFA6TVKQVGZ	6622
A2ASILBWROIFH	6623
A2ASMPDV3AH0QT	6624
A2ASS98NVQO7I	6625
A2ASTZQKKHFFB2	6626
A2ASW9U4YQ0H22	6627
A2AT2UND85PMY	6628
A2AU9BQ0MOL487	6629
A2AUFQUXFTZXT5	6630
A2AUXC3HGZIJ9J	6631
A2AV37AKRQZSYY	6632
A2AV9JT8NQLNV5	6633
A2AVCAFWWBGEI3	6634
A2AVEYPZMFPBK3	6635
A2AVFX1X3IT9V	6636
A2AVLEBRUXOFCO	6637
A2AVTJPQVX4OWG	6638
A2AVYK5WFCEPTK	6639
A2AVYSXICESSTK	6640
A2AW1MCUVXCZV5	6641
A2AWAXPNKJT5TE	6642
A2AWKAAR4EMVXP	6643
A2AWNEMZO6BZX7	6644
A2AWPKH54E0D94	6645
A2AWVROFGSZU4E	6646
A2AWXU5ABGLSTK	6647
A2AX8V5PKMODK5	6648
A2AXH4EFH2UBJJ	6649
A2AXN1I18XIP72	6650
A2AXW6H16GXP56	6651
A2AXYKVGB7ML9Q	6652
A2AY83K9N60V38	6653
A2AYDT1O1K8MG2	6654
A2AYJJAFNSGSU1	6655
A2AYQ7U188FCFF	6656
A2AYYKD4OODSLY	6657
A2AZELJBSS5DV3	6658
A2AZFUL3DYEYIO	6659
A2AZIQJGBLU7WN	6660
A2AZKIANQ7RXBO	6661
A2AZS45NWB45A6	6662
A2AZU6EBG7QPTB	6663
A2B0KZ54I63XNX	6664
A2B0LPWOJ4HV25	6665
A2B0NL6SLV1UFN	6666
A2B0VG9ZIQ4C0H	6667
A2B10IQ1Z518GW	6668
A2B11RRHFVN9TC	6669
A2B1OBKIEJRWFO	6670
A2B1OG9FQ9R3XS	6671
A2B1POXYT7HZS0	6672
A2B2OT465SEI15	6673
A2B31FIZTUKQCV	6674
A2B31JDSVV476K	6675
A2B3A8NQIHITO8	6676
A2B3EH3WIITKA1	6677
A2B3GYUQEAI8XK	6678
A2B3QTNPR6EFDO	6679
A2B44JHPZ1U92G	6680
A2B47LOX30XJ0G	6681
A2B4B2ROEVK6BK	6682
A2B4KQ2XMTOT6V	6683
A2B4PPS66RJHO	6684
A2B54P9ZDYH167	6685
A2B58V0509LOEI	6686
A2B5OYMP6N77NI	6687
A2B5PJ5A5UHG4F	6688
A2B60YYM22WPR5	6689
A2B6F6BLYXJ1VR	6690
A2B6ZD5AYVIF5U	6691
A2B71XWRRFJF7U	6692
A2B77CEDF7E97Z	6693
A2B7BB0AOM4QU0	6694
A2B7BUH8834Y6M	6695
A2B7FKCJMMHRN5	6696
A2B7O0F7YVUM38	6697
A2B7T28EARM3KA	6698
A2B8GXSCB1R05T	6699
A2B8I3AUV30UVX	6700
A2B8J3KU0SWPH	6701
A2B8O4VOUC1Y5B	6702
A2B8V5HGXLYIDV	6703
A2B96PIQD7OV0B	6704
A2B9B5F9FQ4JJ8	6705
A2B9DANVPB6JEY	6706
A2B9DDUPR9OZNP	6707
A2B9G424FZOR6A	6708
A2B9HOG5EZJ8PE	6709
A2B9L1QW7U40HP	6710
A2B9VGTPZLMUU0	6711
A2BAAKZHSUGCDP	6712
A2BAONFS3IL4PV	6713
A2BAT0VUGGPP3S	6714
A2BAUWMXPDZDX0	6715
A2BB4DGBRVGKWW	6716
A2BBGBE6O7A5GD	6717
A2BBWCJIWCXRHA	6718
A2BBZGVLEGIAVN	6719
A2BCDZO1XQLDH	6720
A2BCHYS6WXWR51	6721
A2BCRGXX12Z9MF	6722
A2BD4PA680QAY1	6723
A2BDIUCZ8A2M7H	6724
A2BDRGW9JGPAIO	6725
A2BDYZ9TWYF0R4	6726
A2BEJ4EZGGI2Y4	6727
A2BEX53LODVZZB	6728
A2BF1GX8G0VD07	6729
A2BF1ZPZKVN2ZN	6730
A2BFEMPHZAZE80	6731
A2BFIYZYNK54QX	6732
A2BFXDXGTIXQG3	6733
A2BG26XI1T4CQ2	6734
A2BG5VTDY9TTRK	6735
A2BGDV09HCHX8E	6736
A2BGHLCOTTB54U	6737
A2BGMFYO7Q7SZ7	6738
A2BGZCNY34OGYT	6739
A2BGZHGYJTMC3A	6740
A2BH6HF3QVOUY9	6741
A2BHA4ZVERPWWW	6742
A2BHG7781B6FUB	6743
A2BICL1L5GB4PD	6744
A2BIMFRYLC506B	6745
A2BJ9I0BQ1LH5S	6746
A2BJTZ5JZHAJ9B	6747
A2BJVSHXM137RM	6748
A2BJY1C4DKAXMI	6749
A2BKEPCQ2KX8PH	6750
A2BKJFQ3W2IWFO	6751
A2BL22NZRQOPMP	6752
A2BL2GP44159DK	6753
A2BLFCOPSMBOZ9	6754
A2BLLDESEFG1OD	6755
A2BMZRO0H7TFCS	6756
A2BN1I0RX8WNU8	6757
A2BN4JK4S2BQNY	6758
A2BN9DIBP9A0XG	6759
A2BNNXOK7RYCGM	6760
A2BOOGBAR3XJUP	6761
A2BP3I62PRSIEL	6762
A2BP5I54SKONFF	6763
A2BPB05QNCE00B	6764
A2BPKD195JZ504	6765
A2BPS64EXCJDKP	6766
A2BPW4E23DNLZ6	6767
A2BQ60C7U39UDG	6768
A2BQCOM1J4X24B	6769
A2BQLLMPGCWV7K	6770
A2BQUCPXMO02G2	6771
A2BQWD54CXBX6R	6772
A2BR12BYIGV1ER	6773
A2BR28BAGXUQHD	6774
A2BRAVOAYRHDVR	6775
A2BRB5U3TIZS1G	6776
A2BRBVR1HYUXDH	6777
A2BSA3NCW7E7GK	6778
A2BSAB56O2Z9L4	6779
A2BSB3STRK5PNX	6780
A2BSNLO66XIIBF	6781
A2BSQJRMCCUS7G	6782
A2BSWJ112Y5HVZ	6783
A2BT10XEGEB7UH	6784
A2BT3PYPARCG8V	6785
A2BTBMF8LWFYFZ	6786
A2BTLIPB1SRMCY	6787
A2BUPFYUOFL8WH	6788
A2BUY4CNII4YVY	6789
A2BV2UQHZBMKRS	6790
A2BVLSQDYFTTQ0	6791
A2BVNVJOFXGZUB	6792
A2BVWV5NFTBOJE	6793
A2BW1M87B5WX6X	6794
A2BWA85KJPOY31	6795
A2BWAVIMVRO4Q8	6796
A2BWLV1M3G8W27	6797
A2BWSPQ0SE41KF	6798
A2BX9V59XFXHI8	6799
A2BXMHV2B0QRCM	6800
A2BXV49EIES2TB	6801
A2BXX1C7O8ZBRM	6802
A2BY0R17DVAR62	6803
A2BYQ0X9A9JC9P	6804
A2BYTAC87S23BA	6805
A2BYV7S1QP2YIG	6806
A2BZ16RKE13PKV	6807
A2BZ3H2CI1R6WQ	6808
A2BZF74G42WOHK	6809
A2BZRR3JDVCG86	6810
A2C05OHYJERICI	6811
A2C0BF9XTMF2K3	6812
A2C0FJVUA7CAET	6813
A2C0YDIRC0L62C	6814
A2C0ZXU0H53OAL	6815
A2C1C4QDJV1O6E	6816
A2C1R5BBL1WXTB	6817
A2C1Y5F8DE9H6P	6818
A2C23YX3D9G68C	6819
A2C264HY1HHZVX	6820
A2C27IQUH9N1Z	6821
A2C2GYX772W0NW	6822
A2C2HF8X36M82S	6823
A2C2Q36CSPIRZI	6824
A2C2XJ79NYA62X	6825
A2C30D95E8YV2Y	6826
A2C3FGBHJQGMN0	6827
A2C3IVTACQ0UOU	6828
A2C46HQIZLYJUC	6829
A2C4LJLTO6F52L	6830
A2C4OHEOXOZJEN	6831
A2C5968KLEBCJ2	6832
A2C5DG8IBPZLYF	6833
A2C5LA07JCDWTN	6834
A2C5V5VRE1FK3W	6835
A2C5VTBNC6I5MY	6836
A2C61HHXVB8B7O	6837
A2C6PJK1LWKEIE	6838
A2C70UNG6G6KVT	6839
A2C758IBCV3X61	6840
A2C7IPDYUVR844	6841
A2C7SRGQ5GM38Q	6842
A2C84SSIK5NBSG	6843
A2C8W85N7RG3LG	6844
A2C8YVK4LO88TO	6845
A2C94BC2A52GZU	6846
A2C972XR5SNC4D	6847
A2C9KAW08BP8Z6	6848
A2C9WJ2Z0CECJV	6849
A2CACYNRZ337HQ	6850
A2CAD327WFGFT8	6851
A2CAVYWTS31VHM	6852
A2CBPT24N2SQDJ	6853
A2CBYJDTC6TT1I	6854
A2CD0HCXGBHL9	6855
A2CDP7ULSHS5G9	6856
A2CDY3039RUN0H	6857
A2CEOFKK3BEKHU	6858
A2CEUUD4H3JV8D	6859
A2CEXM2Z6P5H4R	6860
A2CF66KIQ3RKX3	6861
A2CFBAUQ1S6POD	6862
A2CFK1FGM0O6T8	6863
A2CFL7RQORZ9L5	6864
A2CH6YJOTQR4BM	6865
A2CHFP76RV3C4	6866
A2CI0XQUD9PB7H	6867
A2CI6RB6VYJEN6	6868
A2CIE68V9BA6WP	6869
A2CIIP3HLFC6HM	6870
A2CIIRMK7QK7AD	6871
A2CIQEY05SPHTZ	6872
A2CIROFD0DNPVH	6873
A2CISTX1F3T2L4	6874
A2CJ7T10RH6ZUK	6875
A2CKI7D9CTDZYR	6876
A2CL36ZVWK6IQE	6877
A2CL7ICGA3QSYD	6878
A2CL9VARDYEKD5	6879
A2CLCSPV6U17YB	6880
A2CLCWLN7PZ3U6	6881
A2CLGDCJW4UNAG	6882
A2CLMUEHIAST0B	6883
A2CMETDVOVHXYZ	6884
A2CMETO9TY0M7J	6885
A2CNGARED6OWWU	6886
A2CNVVEIT2VU5X	6887
A2CPY3ZNABD9LM	6888
A2CQ4UVI87F4Y	6889
A2CQPE55ACXIJD	6890
A2CQR624DI9PWE	6891
A2CR0LFF066NMX	6892
A2CRHOO0YX9XFO	6893
A2CRIQOX1SYA3I	6894
A2CROZ6U97FKFH	6895
A2CSC7926IDQOA	6896
A2CSGH74809T4R	6897
A2CSUA388LZ26O	6898
A2CSUBM1565NGH	6899
A2CSYC52PSFUOC	6900
A2CT2SA6KFE8GC	6901
A2CTFCSKQ0Z3WK	6902
A2CUDVHG6K5HML	6903
A2CUP8G1P2H44P	6904
A2CUZHOYJ5CZSQ	6905
A2CV5DM78XPO3K	6906
A2CV9RK6P9IY0	6907
A2CVA0XXKNHCNX	6908
A2CW6HY2ENGG3L	6909
A2CWANTNE71TOS	6910
A2CWC8A4700TPR	6911
A2CWHWWI2A6PE5	6912
A2CXWSO9DA5IBN	6913
A2CYT9U1RJ84KT	6914
A2CYV6VOL9YM0R	6915
A2CYXQOAR1EJRQ	6916
A2CZ1AWGST5V27	6917
A2CZ98V784SRJ0	6918
A2CZDCQEI8Y8VS	6919
A2CZPM110DW516	6920
A2D0082PVFI7DG	6921
A2D03SBN94Q3IJ	6922
A2D0G3K909TSCH	6923
A2D0NPPMCBKFL4	6924
A2D11ZNRSDE5FZ	6925
A2D1W9IY1XILYX	6926
A2D27X5O95JA2H	6927
A2D2AORHOMU0CV	6928
A2D2M1S0D0N9L7	6929
A2D2OMQU3ID0G2	6930
A2D2U0DQTET2OS	6931
A2D2ZSSYK065P8	6932
A2D31YEWK7OI83	6933
A2D3BT3VQLI1DA	6934
A2D3D1X2R8VXBI	6935
A2D3Z8IGW9RJ4K	6936
A2D41AU29LFKTW	6937
A2D42JDM0R0GMA	6938
A2D4312FPKC6HS	6939
A2D47DBT5K6NGH	6940
A2D4FQHV506EPB	6941
A2D4HV3HGEEA74	6942
A2D5HY97B27IZ4	6943
A2D5T9PXG4SQS4	6944
A2D5VNMYVLIVPY	6945
A2D5Z9KLWTDW51	6946
A2D66KSHQQHOSD	6947
A2D680JEPOO0EK	6948
A2D6LG91QQC29B	6949
A2D6LTED2M88C7	6950
A2D71X8Y176DD	6951
A2D7B5I7ZQ51XL	6952
A2D7F8AXQ2RFY0	6953
A2D7QUOA1L57P1	6954
A2D7RDX8FA5IZ5	6955
A2D7SVPANGBBLQ	6956
A2D7X9N3IV3S7B	6957
A2D81IOWXGD3AW	6958
A2D8GA6ACSEQGE	6959
A2D8TFFD96QEAG	6960
A2D8ZZRX45WLSQ	6961
A2D9CA002GPXXV	6962
A2D9JBCYNAL56W	6963
A2DA2NJZ2RIYAB	6964
A2DAA1D2SAS6P8	6965
A2DB6EWOFG6BYX	6966
A2DB720I9XRX7K	6967
A2DBCSLGNFGBE	6968
A2DBXBDD6EL1II	6969
A2DBXBK9YAWWQ6	6970
A2DC92H1JVC8K3	6971
A2DCA216GS0PZ2	6972
A2DCL6G68IOL3B	6973
A2DCMCTT3YV0A3	6974
A2DCRMMUF383EQ	6975
A2DCS39GFBJV24	6976
A2DCURAPP27LI2	6977
A2DD6VID9KAWY2	6978
A2DDJT4QFADL1C	6979
A2DDVD6SPKZOZK	6980
A2DEASVNI2RHUX	6981
A2DEEE0CPZ72XZ	6982
A2DET9JHJLY3RU	6983
A2DETO2H7NE3X4	6984
A2DF8XUGEYIFQ0	6985
A2DF9FLWF98ZKP	6986
A2DFAGA3DYQVVQ	6987
A2DG1NQM08X1EI	6988
A2DG3YVEU37IZ7	6989
A2DG63DN704LOI	6990
A2DG8PH0DXDB3F	6991
A2DGDRVH2I0TP7	6992
A2DH1YCRPAHXJA	6993
A2DHBOLCVKTKNU	6994
A2DHME9DL9JXTK	6995
A2DIBHMU3EV1ZC	6996
A2DICMMGEPLWEL	6997
A2DIEWXFK8W03M	6998
A2DIQBZ1VZCK09	6999
A2DJ9LOXS70R4S	7000
A2DJBNB0VZU3X3	7001
A2DJCNTZUE6MEC	7002
A2DJGRRSZ2QLGB	7003
A2DJPO1US3V6ZN	7004
A2DK5VM0K4B27	7005
A2DKLCI3F1Y8I5	7006
A2DKLJW4YU3T22	7007
A2DKN6KK67HP7P	7008
A2DKT40CKE40WK	7009
A2DKW22GKBUXSQ	7010
A2DL7M3OVJHHMG	7011
A2DLFARWWFAU7E	7012
A2DLRJ354MADF8	7013
A2DLUJYXL9FOE2	7014
A2DMBPEXS1PK3M	7015
A2DMPU8DEEE1BN	7016
A2DMTT8RFDWS3N	7017
A2DMX9ASE4KH40	7018
A2DMY8XHR1Z8Q9	7019
A2DN7A5K8AB945	7020
A2DNMHBMMK54L7	7021
A2DNYSS0OX4BBZ	7022
A2DOEOMNOT4JV7	7023
A2DONKOXI3JU6A	7024
A2DOR1U8TFZ81J	7025
A2DP8H5JF4W4CP	7026
A2DPIF50YL6BXC	7027
A2DPQBZAD05KWD	7028
A2DPYMNI2HCIOI	7029
A2DQ7LI02VJMKG	7030
A2DR0JNTB5UYH	7031
A2DR6AFTT4LZ7S	7032
A2DRO0SFQ5C0UU	7033
A2DRO8LF7EPUIU	7034
A2DS1OMC10NJA9	7035
A2DS8QCXON1Z4K	7036
A2DSG6MYAPEPGY	7037
A2DT5NP2GCKDV9	7038
A2DTCNHJJEVRQS	7039
A2DTL14ZMP26AD	7040
A2DTXQE1G307XN	7041
A2DTZUZK9YRJVK	7042
A2DUOY5JAJHVWD	7043
A2DURJRPTPKUZS	7044
A2DUU04DEXSE8N	7045
A2DVC4J6GBJ487	7046
A2DVO94X7QX3B2	7047
A2DW21GYKLUXNR	7048
A2DWE9KWOBRL6R	7049
A2DWM8KE05HHCE	7050
A2DWU8R8C70LIY	7051
A2DX0UKT7FXCPN	7052
A2DX201E6XRKAE	7053
A2DXC636YA1Q3F	7054
A2DYU822H8N22X	7055
A2DZ1GH0L0M01P	7056
A2DZ4D1XL03Z02	7057
A2DZLSC3UVY6XN	7058
A2DZRFNQLGUM0J	7059
A2E04KOQJAB7EK	7060
A2E0952ETT33TV	7061
A2E0DEG4OU49XD	7062
A2E0JX7VAMU03Q	7063
A2E0LYZCVBJCCJ	7064
A2E0TJ49NACDBA	7065
A2E0WR8HFMHL5D	7066
A2E14F6HR5CYRV	7067
A2E19EK7RLVK59	7068
A2E19FQFPK9VWT	7069
A2E1COKRQ64WHR	7070
A2E1SYVWR817SB	7071
A2E1VSNRR7QJLM	7072
A2E26OVU36VFPE	7073
A2E2PA6UNK1E05	7074
A2E32OTJCDF1IU	7075
A2E3NAL9ECE7VS	7076
A2E3R80XMGGYID	7077
A2E3SLY7H43FON	7078
A2E3XN7ZGK8G6S	7079
A2E4GF1OKXNXP8	7080
A2E4MQDS500RDE	7081
A2E4R7YISIM4QM	7082
A2E52KEGFRHSJ5	7083
A2E5DY72A9R0SQ	7084
A2E5MJH6Q0SR3Z	7085
A2E5YB82QUVP83	7086
A2E5YZURTHJS6M	7087
A2E64CMFIW7SSY	7088
A2E67P9Y9VLR5I	7089
A2E6COT38JYWNH	7090
A2E6HFWZ8ACP12	7091
A2E6QKTD1UK2K7	7092
A2E7CF67MQ982Q	7093
A2E7KEFPOR91SV	7094
A2E7O93NVT1YIJ	7095
A2E7VWNPBCN2LB	7096
A2E829OI2WYQV3	7097
A2E8FKPFV98B8T	7098
A2E9E6PSL4NIGW	7099
A2E9Q3T876TQ6C	7100
A2E9QKADSPHGHV	7101
A2EA3GGW19OUKQ	7102
A2EA49SKDEPPQV	7103
A2EA4XBVXSP98E	7104
A2EAV97W7YGDJ1	7105
A2EB8GCB7WA6MT	7106
A2EBY3L99H90YY	7107
A2EBYDZKTGJU9I	7108
A2EC95P5HY9NKG	7109
A2ECHW2HRN76LP	7110
A2ECM9HLMC242H	7111
A2ECTCPBTOGW4H	7112
A2ECYNLB83Y62O	7113
A2EDCCWQHF62B3	7114
A2EDRI3WWKLJQR	7115
A2EDRIENLRVMRR	7116
A2EDRNKOWF8FQI	7117
A2EDSCVWEMCUG	7118
A2EDTBTWH4SUZ5	7119
A2EDTVVR9IFNLW	7120
A2EDYS9VSSEZV4	7121
A2EEBU39G0I0Q4	7122
A2EEJGX79KTW0N	7123
A2EEZIKZ7SAW5E	7124
A2EF1KIQ7TMPPF	7125
A2EF2QH44OQ2QG	7126
A2EFBTL9OICM1O	7127
A2EFF90FTXKA34	7128
A2EFT1XOPHWJ5V	7129
A2EGCMOTJ6OGAY	7130
A2EGMFOJ97FN8N	7131
A2EH715RJQ7HXG	7132
A2EHQDD4X4SLRJ	7133
A2EI1XM746IDME	7134
A2EINCATIZI0A8	7135
A2EIODKT7EDOC4	7136
A2EIRAA1TZJWNU	7137
A2EIX81C6U8TLF	7138
A2EIZTSNBS63VA	7139
A2EJ6DCT1JKRCY	7140
A2EJ9H2VQPTJ0V	7141
A2EJN2P94YUTXM	7142
A2EJQ9TQ8WBOQQ	7143
A2EK1WCNYMAWO8	7144
A2EKHJ5AW6XKCD	7145
A2EKPIN655LOW8	7146
A2EKQ43XM1BK2Y	7147
A2EL96EUJBCOZO	7148
A2ELTZP501ZTRU	7149
A2EM1S3FFXDSKZ	7150
A2EMFX9CC5GYPJ	7151
A2EMY0T93C0QFA	7152
A2EN0MIKPS4W4U	7153
A2EO36JTKXRCF4	7154
A2EO7K6R85S57B	7155
A2EO9H61HUE8SP	7156
A2EO9QEEX1CKTC	7157
A2EOBMO837CASO	7158
A2EOL3XS72M0FR	7159
A2EPMJMFAZAG6A	7160
A2EPUEVAK2HHVK	7161
A2EQAC7C8VYYW1	7162
A2EQE7LRR2H13I	7163
A2EQEBZ5GJOS8X	7164
A2EQLG2PJNQFAG	7165
A2EQY3V78BQVNX	7166
A2EQZ0IA5BUOKY	7167
A2ER5EXBTGHA43	7168
A2ERD8M5MN0239	7169
A2ERQMCFYJG4RI	7170
A2ES20XHP92LCE	7171
A2ES6ZUEGFUQTU	7172
A2ESBPW0B6OGVD	7173
A2ESPNN31X5YX	7174
A2ESVDP96QR3ZU	7175
A2ETJW1PNAJYR9	7176
A2ETK4U8KGVXTW	7177
A2ETLSB6RTCGHQ	7178
A2ETQTEB6F15RP	7179
A2ETVM09XDOUEA	7180
A2EU7LVM8UIFPJ	7181
A2EU95NHTJSDWR	7182
A2EUFP0JRNT89E	7183
A2EVJUY4G17OST	7184
A2EVP0NCXR6IYS	7185
A2EWQBSQ8UMJ5F	7186
A2EX6ZY8KDI4UC	7187
A2EXJQRLIUU4UJ	7188
A2EXUCAPFRAIUY	7189
A2EY2R6IKTIH0W	7190
A2EYNVFCJ3BB8O	7191
A2EYTOR6PTGHUC	7192
A2EZMDOLTK3KB8	7193
A2F04CXDQV30VR	7194
A2F04VREV7SM7O	7195
A2F0AYUD1X0AMV	7196
A2F0EILUNAVDA2	7197
A2F0R10RU6CMIZ	7198
A2F166X0YFUELP	7199
A2F1ACZTJF30CN	7200
A2F1G2IKVW6610	7201
A2F1P10GGZ7K2T	7202
A2F1V6JKYFP67M	7203
A2F2BAR3H689J	7204
A2F2DG41NB39PX	7205
A2F2FDP0A1A9N5	7206
A2F34C1SP8RN7S	7207
A2F35SS0RKWSO2	7208
A2F370ECRWXCOA	7209
A2F3DK412M9B6G	7210
A2F4A5AN5LQD1	7211
A2F4FJ3BIZ68GJ	7212
A2F4H5QWBBWXCN	7213
A2F4HP0J5VNOYR	7214
A2F4WIWKKC9PR8	7215
A2F5CNN4CWET1Z	7216
A2F5PZ7TJD639P	7217
A2F5Z3O662893V	7218
A2F6DKMQYMI7F7	7219
A2F6FLIVE3649V	7220
A2F6L2R2LE54F4	7221
A2F72U3CO9ARSM	7222
A2F74QFHK9EWPK	7223
A2F7QC6Q9KP5SV	7224
A2F7RHSW5XNO1F	7225
A2F7XU97CYFHDY	7226
A2F89E165FJT4I	7227
A2F8EOU79DK8DG	7228
A2F8UZF0SLUFVZ	7229
A2F9I7CI9GWANO	7230
A2FA4FBRYJ7IQG	7231
A2FA9S7B08A9VY	7232
A2FAFTZS0NWBB3	7233
A2FAZCF26I1EKO	7234
A2FB38T8SWC0P1	7235
A2FBK8C8TQL06F	7236
A2FBRMEGCIM6IS	7237
A2FBWEA9K80ZPA	7238
A2FBZL9ULYGYCS	7239
A2FCAY6W3WH2YW	7240
A2FCYYMJSZ4K7Z	7241
A2FDGCKOWQBSGT	7242
A2FDGX6I1O7HFG	7243
A2FDQYS775ROJR	7244
A2FDV9FTC349OV	7245
A2FEGS2537L31Q	7246
A2FEHW3R2O6AXQ	7247
A2FEJDVMCZ426R	7248
A2FEKBPTVJEIJG	7249
A2FF1R5VPUVTLE	7250
A2FF8W2TQ7320J	7251
A2FFMW5UH8WNL5	7252
A2FFOEFUUQ0NTW	7253
A2FFWYG9YYZFA5	7254
A2FG90RW53W8WS	7255
A2FGFUN488NRFU	7256
A2FGH1QKGHY912	7257
A2FGJRITRBLLL3	7258
A2FGNDZXA6YD4D	7259
A2FGNME176UIN7	7260
A2FH7IXERDU5EN	7261
A2FH90OXX8CYET	7262
A2FHFWPNLB729F	7263
A2FHK9HKRF03HG	7264
A2FI3GF4Z7QNO	7265
A2FI48NT11SEHF	7266
A2FI9CP6R2K9OC	7267
A2FIJBOV5DQH8L	7268
A2FIMNJ9J1WTSR	7269
A2FITEUON78PY7	7270
A2FJ43KTLAKP50	7271
A2FK6QTW5MU07B	7272
A2FKF8WGR2BEDB	7273
A2FLJCJ3SW0TUY	7274
A2FLV22LA3NGEK	7275
A2FM11DVOW8QGF	7276
A2FMY6FBBL3675	7277
A2FN4ABZQRR9GE	7278
A2FNA5903D9E6Y	7279
A2FNCEG93DL608	7280
A2FNELJ90JAHAE	7281
A2FNJ6EZ80H1CQ	7282
A2FNJMDMJIVOUX	7283
A2FNPYE0QBA58Y	7284
A2FNS49A28Z0IS	7285
A2FO1C1P3LNPD9	7286
A2FO23X0ZR0001	7287
A2FO8BWIYZRFUX	7288
A2FO9WI0XD3A2F	7289
A2FOKTH7IZX388	7290
A2FOTZOZIDLL5J	7291
A2FP77TBO4YI8C	7292
A2FP7NVTALD7FT	7293
A2FP7YPQFK3ZBF	7294
A2FPD5HJHBB7S4	7295
A2FPEXSFPA8008	7296
A2FPTAQN4QENZE	7297
A2FQ2G5PZLOWUP	7298
A2FQ46JGM0IOJN	7299
A2FQ9QGCY27UVH	7300
A2FQZKL2KIZACO	7301
A2FR4E9WDXN0FU	7302
A2FRAS05LEI6JJ	7303
A2FRDK1E271UGH	7304
A2FRFAQCWZJT3Q	7305
A2FRG1RW35UFUX	7306
A2FRKEXDXDN1KI	7307
A2FRMLSDL2KGNO	7308
A2FRS81L3GGBDX	7309
A2FS38D943KX12	7310
A2FS3S2U599W6O	7311
A2FSPEEQSF1D3L	7312
A2FSYJ8M3C6APU	7313
A2FTH2PF949A92	7314
A2FTL9UY9DP35N	7315
A2FU5T22SM513U	7316
A2FUNN2NPIZXIA	7317
A2FV16I7232DD7	7318
A2FV4YTA0NLJ8S	7319
A2FVD05Z2FYW1P	7320
A2FWZ58M6IQMD7	7321
A2FXEXVNVY9YL8	7322
A2FXQ0APU9ZLP1	7323
A2FXT6YZ54YMIW	7324
A2FXUGSZEX0KAZ	7325
A2FXWXA7A2PP5J	7326
A2FYG48QLUP7V2	7327
A2FYOI0JA5MP9Z	7328
A2FZQF0MH29VYN	7329
A2FZT0BAJGF823	7330
A2FZUJX9Q9UKX6	7331
A2G00U3NCCUOGL	7332
A2G04D4QZAXL15	7333
A2G0B18CBBV2JQ	7334
A2G0L78E2YSVB4	7335
A2G0LV60V87OL5	7336
A2G0Y6FVP84EX7	7337
A2G162637O8HEJ	7338
A2G16S0JXDJ8DH	7339
A2G23CA3EDG55X	7340
A2G24MR0OJQXVD	7341
A2G2DXPFZKG48W	7342
A2G2UO4BBNISTB	7343
A2G2XJUK5ZIR3H	7344
A2G388HJMYXQ5C	7345
A2G3G2HOOV2VGZ	7346
A2G3V7O4WP5F36	7347
A2G3ZUQ89J1XM5	7348
A2G4LKK57XMBL3	7349
A2G4OJFE2Q4HJO	7350
A2G5BE78O1R92R	7351
A2G5CMALDBMOU0	7352
A2G5NSIBZ4YST5	7353
A2G5QUJC4BAXWN	7354
A2G5R7D5KQPJT3	7355
A2G5SXR8FO17SI	7356
A2G5XI0SC7O6P7	7357
A2G5XS5V02H6ED	7358
A2G6S5XK1MIJ3G	7359
A2G78U5SPSQ3PX	7360
A2G7932FZ1GIXH	7361
A2G7BG9AECUM06	7362
A2G82XZYUY0986	7363
A2G88IFSSK591Y	7364
A2G8CAJFDMVK2D	7365
A2G8CLS6JZ1C27	7366
A2G8T5FL3VI0G6	7367
A2G8TQFLNX5MKQ	7368
A2G9M92C9FBUEP	7369
A2G9P49SWMNJ5V	7370
A2G9S6VVEH7S2Q	7371
A2GA2SO3YK6CXI	7372
A2GAH5LN5U9U50	7373
A2GANR9I6XHTU9	7374
A2GAX9G9ANHFT8	7375
A2GAXCOU9I1XW8	7376
A2GBC356QWBVJ2	7377
A2GBGPECH3LD4U	7378
A2GBOHJD5YHE7N	7379
A2GCAXEAVBW2AG	7380
A2GCDS5DOZSG6Q	7381
A2GCEBDTV8R0M2	7382
A2GCK01TMKA9Y9	7383
A2GCVTKDDOKRRX	7384
A2GCX6TJ7O1ABL	7385
A2GD35ZM1NAR2N	7386
A2GDF6L1UTRJYR	7387
A2GDG5MWHGU72J	7388
A2GDO5SGUX47PX	7389
A2GDX8X591G67N	7390
A2GEBMK4ACIORM	7391
A2GELG3F06GNIQ	7392
A2GELXGZ1AAC3	7393
A2GENS4FL5136G	7394
A2GF3I3279PEXO	7395
A2GF3ULRE98H5R	7396
A2GF7Q2I3K8RIP	7397
A2GFEO9CIUBG14	7398
A2GFN4OUIN5SER	7399
A2GGLF49OBBYW6	7400
A2GH8LYNLQSE3F	7401
A2GHA6ANXOOM3L	7402
A2GHB9ACLHJ1NY	7403
A2GHCO7AQPZFVU	7404
A2GHPDLRMWL96C	7405
A2GHU8I0P3HFRW	7406
A2GI1KLF9P1J1M	7407
A2GI8QZUW2VJ4F	7408
A2GIEWPMJNA3G9	7409
A2GJ1TM55AL3HG	7410
A2GJAQK1JDDC51	7411
A2GK5S3ZF9Y8YO	7412
A2GLJS9AOUONGY	7413
A2GMFLSLYSEG3S	7414
A2GMR0SIVOO8T7	7415
A2GMW5LUCC15SE	7416
A2GMZ9KUOZRGX9	7417
A2GN5GQH0LGWAH	7418
A2GNDRD56HYE40	7419
A2GNEHDD0BK06H	7420
A2GNFCJEJPTFMJ	7421
A2GNQ1052AL5H1	7422
A2GNU6MKR618J2	7423
A2GOAGIQNFTP4A	7424
A2GOHBNQ58WOKC	7425
A2GOS755C86D8H	7426
A2GOYD69SI8HC3	7427
A2GOZQPHJ788UQ	7428
A2GPILDZSIJKYH	7429
A2GPTTAFPZYOT7	7430
A2GQ6ORWXGIGS6	7431
A2GQRM9TKGT8XO	7432
A2GQVYE3YF5YQV	7433
A2GR3VV12UFZXT	7434
A2GR8DKPGFS0FX	7435
A2GRA0623LDJP	7436
A2GRCMFBFM0S6F	7437
A2GRDQJ4Z7053K	7438
A2GROSN4360OER	7439
A2GROXTMULJ5MB	7440
A2GSA41X3BQ90R	7441
A2GSGTBB0LMU0G	7442
A2GSJUETASGMO0	7443
A2GSRL4DE3HHO	7444
A2GSY9DM54Y0HS	7445
A2GSZ4ASQZQDNM	7446
A2GTIFN18TRB3	7447
A2GTX520JQ2QNG	7448
A2GUP9M5FIHJEO	7449
A2GVB4M30H3RJ	7450
A2GVHUV1RJ3XVI	7451
A2GVRAAC4M637X	7452
A2GVV5NXDKRXYC	7453
A2GVVAO242EK1D	7454
A2GWI8ETASAKJS	7455
A2GXAJ4SL31Z1C	7456
A2GXPIVCEW9ENS	7457
A2GY0TMHXYD5LU	7458
A2GY1YX6TQVJ0Q	7459
A2GY5WCU9PKTMI	7460
A2GY6W8UU9WV0T	7461
A2GY8OFEBD9YT9	7462
A2GY99ZJXI7R3F	7463
A2GYEPZKMD3J2Z	7464
A2GYW3KS5L5K7K	7465
A2H02B7LBX46AD	7466
A2H0JUIZ6LSX14	7467
A2H0K6OXP1OY23	7468
A2H0S0JHJ2SRM0	7469
A2H11AT092SHRA	7470
A2H1H86RKV9LAX	7471
A2H1KDH3HEJ671	7472
A2H1L3WQ0RUO4M	7473
A2H1LEEDGEGN5T	7474
A2H1W8V6R9TJ9E	7475
A2H1WRBKOKZKD8	7476
A2H2JL14UZXUPZ	7477
A2H2T7YX7FE04D	7478
A2H2W4UV8OHUDI	7479
A2H31PXLZQ107C	7480
A2H33Z0FRL8DSS	7481
A2H37TB6J5ISAX	7482
A2H3BF3NNQYKC9	7483
A2H3LK5UMF7XS3	7484
A2H3U8C34YT5M5	7485
A2H44WVZS59KKT	7486
A2H49C2JU264UA	7487
A2H4KS3K0ZSF2V	7488
A2H52ZWQ4MVWW3	7489
A2H5IWX8X4QJOT	7490
A2H5ZHSI8WF5GI	7491
A2H667ZUNLNTF1	7492
A2H6HFOZP0CL4F	7493
A2H6KJNUY9XRX4	7494
A2H6KLXQ2J87RR	7495
A2H6M2IH5YN68J	7496
A2H6TAQB5ZOQKJ	7497
A2H6ZW2OOANU1Y	7498
A2H736YKSD7049	7499
A2H74LPCO42BAJ	7500
A2H76V7TTCZ4KV	7501
A2H78GKL4NELOP	7502
A2H7AOXP8KUXQ1	7503
A2H7E7KDI2CU1U	7504
A2H7KI9ERGVCAJ	7505
A2H7OKZV9V9IUD	7506
A2H7OV6LTO2RB	7507
A2H7V2MLZRF72C	7508
A2H7Y21WEYO3JQ	7509
A2H851GWML3MKC	7510
A2H87AB8PYC5KD	7511
A2H8IQ2ZNUSQ71	7512
A2H8L1OTZW8M3C	7513
A2H8LL0PXIL5HR	7514
A2H8YPSZ3RN6BU	7515
A2HAI0921O1EOU	7516
A2HALHQIXTRBIR	7517
A2HB6FR1J7PHT8	7518
A2HB6YOYJPWNAL	7519
A2HB751JJ4TAWO	7520
A2HB8U4A77QPVT	7521
A2HBDWK9TT641C	7522
A2HBRINA3F9YHV	7523
A2HC61TQMVDLSQ	7524
A2HC66VCHG0YRX	7525
A2HC9549CZAKNN	7526
A2HCO3X4M83K6F	7527
A2HCYLUTTWR16R	7528
A2HD9RUV2OQXN1	7529
A2HDQWYQSZQ6GB	7530
A2HDU0SXYMB0S5	7531
A2HDXVFWJ7PRBE	7532
A2HDZ99B6GM80R	7533
A2HELIKP5RV27F	7534
A2HEPDAWXFMXAS	7535
A2HF72GRWTRW35	7536
A2HFA5XA46VRQZ	7537
A2HFI7BA3QNYED	7538
A2HFPVN8JZCG5T	7539
A2HFPZR91PAOH8	7540
A2HFYGE07M3ZJF	7541
A2HGAY2VHF31GE	7542
A2HGLYN2R7TURL	7543
A2HGR9VKTF4P1D	7544
A2HHAV29CZ1OIE	7545
A2HHC8U8ZSBYCQ	7546
A2HHNZCJ4V4T4H	7547
A2HIBW97PNFIRU	7548
A2HID0OOMDK420	7549
A2HIVGG8BW850H	7550
A2HJEB2K311IJB	7551
A2HJRSL23L1096	7552
A2HK61GMV2BK7A	7553
A2HKA3K3HBKZ3M	7554
A2HKB624OOGRPD	7555
A2HKDX5H3EV1W3	7556
A2HKRIDATD79JW	7557
A2HLKY47Z8XBSY	7558
A2HLLS2V3KH6SD	7559
A2HLSO3T9PPEA5	7560
A2HM8BRW0GC1ZV	7561
A2HMB1IEBSGSHJ	7562
A2HMH29VFV0HIR	7563
A2HMWJ202FQVYA	7564
A2HN146UGU9S8N	7565
A2HN943685953U	7566
A2HNL6Q79Q0A3N	7567
A2HNSWGBPZ2E3B	7568
A2HOI4JAQDNPS	7569
A2HOLM5I1ARX9J	7570
A2HOZZ3GN6TE8G	7571
A2HP9A2I1SWZ3Z	7572
A2HP9H1XJJPTWX	7573
A2HPBG4XL0UX0H	7574
A2HPI6WJATPSHP	7575
A2HPNDQ17MPTFW	7576
A2HPQ2H97EKBCH	7577
A2HPTLW9K09WYW	7578
A2HPWNWR8795UE	7579
A2HPYHDPJJYI0L	7580
A2HQWU6HUKIEC7	7581
A2HQYQIFMB16T6	7582
A2HRYSRE2MMTAS	7583
A2HSJZBX61AHIH	7584
A2HSQM5KNHX9XL	7585
A2HT5G3JJ10WM9	7586
A2HT7FF0J2V4PN	7587
A2HT98QB5318JU	7588
A2HTHEM5T76V8L	7589
A2HTWEARB5HE6X	7590
A2HU37D7TNL8IW	7591
A2HUFZSEO86LB	7592
A2HUOPC7F93949	7593
A2HUTSNDG7DI3W	7594
A2HUWDKQJ3NRFL	7595
A2HV049O5J1IKU	7596
A2HV3TCKVDTM0Y	7597
A2HV3WSETM8NNU	7598
A2HV5D31Y2HE3C	7599
A2HVPVHPXCHJRF	7600
A2HVY2VBR5IY6O	7601
A2HW0KYT9ZCDCY	7602
A2HWCCHSW78CH9	7603
A2HWCL2JV6FW0A	7604
A2HWLLUO94JDQU	7605
A2HWUH403JTB4D	7606
A2HWZZM6D6Q4YQ	7607
A2HX6KQCU7SD03	7608
A2HXAF4GIH6S85	7609
A2HXNQB6LBDQ0B	7610
A2HXR6FFINNU7K	7611
A2HYEXSRVJRLC5	7612
A2HZHZMY3SBGLT	7613
A2HZKWV36U9SXM	7614
A2HZLSDP0T0F8S	7615
A2HZTFOV31S9YI	7616
A2HZY9Z69HE94U	7617
A2I0124K2A4YW	7618
A2I02MYK9NI73B	7619
A2I05FGBTCRRB8	7620
A2I06ZOE75TG07	7621
A2I13B2ZOZXAAP	7622
A2I1B7GHNP1JTA	7623
A2I1SOF9R2PJY4	7624
A2I20DHB3TJFC6	7625
A2I21JWEDYT9E1	7626
A2I28ZMSXK9TUC	7627
A2I2QPIUZ9DJC6	7628
A2I357OM996JQX	7629
A2I3AGJG6EX3L1	7630
A2I3TKKHF6INI6	7631
A2I4993A06Y86F	7632
A2I4A4WGWII18Z	7633
A2I4NIDS0FC2MQ	7634
A2I4TQ4D7H3F60	7635
A2I4VL41H4NU86	7636
A2I4Y9YLFM8O1E	7637
A2I52MRNFH8DIY	7638
A2I54FOIT7ORSK	7639
A2I57MSZN024KM	7640
A2I5GATHTKPAR	7641
A2I5M4KTTHKLF4	7642
A2I5NVT7IWQ51Z	7643
A2I5YZBMLU2R7O	7644
A2I6FFCUE6KID9	7645
A2I6MHMAZZDCRX	7646
A2I6O3SYDQO39E	7647
A2I6P2LMFOMR33	7648
A2I7IN70M8EUWT	7649
A2I7UL0A60RPGX	7650
A2I8DPUY5YIPZ9	7651
A2I97RAEB9TTCS	7652
A2I9BX504W8SS6	7653
A2I9N4MATWFCIX	7654
A2I9WSHWUBKGF1	7655
A2IAGYO5XBYI30	7656
A2IAP2C6ROQYSX	7657
A2IB0K2MI6QBT1	7658
A2IB3CUVPRE28M	7659
A2IB3HNNJ6MZA2	7660
A2IBF31N8P9FPJ	7661
A2IBJETX1NA5IC	7662
A2ICAN9TM10LSU	7663
A2ICCKJYD394HT	7664
A2ICCWCOS1ZIQ3	7665
A2ICRQ8FT7IV8U	7666
A2ID5QQ1ZF9R2W	7667
A2ID6FHI6N7EKL	7668
A2IDJJYOH0PMEE	7669
A2IDL9AFN5VN8L	7670
A2IDRAYYZ5GKBZ	7671
A2IDRP8XP6FQ28	7672
A2IDWRDTG8JZ9P	7673
A2IE14RC1RHGV7	7674
A2IE1NJ7HF0IYO	7675
A2IEA81JFUH2V7	7676
A2IEIYWMIGUYEG	7677
A2IELFVXKOB9OT	7678
A2IEM08K7DXY8M	7679
A2IF04QGQ3G9D5	7680
A2IF45Z7HQ1J40	7681
A2IF4PUBKBE63K	7682
A2IFGGXG3YV3Y6	7683
A2IFKH3TJ10387	7684
A2IFKMKKXV8AVU	7685
A2IFOOAY7TJFAV	7686
A2IG3F8V75941P	7687
A2IG80GAYLP6G3	7688
A2IG937LQKWO7C	7689
A2IGDKOGZZTAGI	7690
A2IGNYE8JQ5ZUF	7691
A2IGYL3TTMY78V	7692
A2IGZXPAT1CXNF	7693
A2IHF4LLA9ANV8	7694
A2IHTXMS4Q2U2G	7695
A2IHY39623CN1O	7696
A2II66WGDUGUS0	7697
A2IIFPUDC49ZMV	7698
A2IIOJJ4Z17H6H	7699
A2IIQ47QSYS3J7	7700
A2IJ54FX1L83WK	7701
A2IJNUNPOZ1J7Y	7702
A2IJUA3CQUIQRX	7703
A2IJZWRR8GJ9A	7704
A2IK776FY6MEMG	7705
A2IKBYCID72YER	7706
A2IKCYDHAJR4KL	7707
A2IKMRCJJNXQCR	7708
A2IKMRNKQ12ZPT	7709
A2IKTET602CILX	7710
A2IKUVB2PS4QLT	7711
A2IL6TBD2PFTHM	7712
A2ILEFMS2AIITR	7713
A2ILF5254TTZ98	7714
A2ILX4FPX798K0	7715
A2IM0UAMMPMGZP	7716
A2IMGHMF0LO151	7717
A2IMZNPSJGB2HQ	7718
A2INRER5MU0UGF	7719
A2IO1SSPRYUSX8	7720
A2IOJYY3I0BVHI	7721
A2IOKVLULX5SI0	7722
A2IOQZR1KNFNJK	7723
A2IP5YRO1LVUK8	7724
A2IQ0HGULCB91O	7725
A2IQ7BR0A9GHOZ	7726
A2IQHZ33X0F0K7	7727
A2IS1BEP1RJJQ4	7728
A2IS2CYVKQD3DO	7729
A2ISZBMYV9VD3Z	7730
A2ITXSJ534WJP9	7731
A2ITZLVVMY8Y6J	7732
A2IUAT0NF7OVTC	7733
A2IUCLEL3H440K	7734
A2IUDPUKQMH3JR	7735
A2IUZCVF2UMOUB	7736
A2IVF2MVEVER0I	7737
A2IVF4BCLAVQN2	7738
A2IVT55UTPW383	7739
A2IVZ0IEQ1VADB	7740
A2IWFH4JINUQC3	7741
A2IWHA1XEYSPD6	7742
A2IWJI1FBIYWXP	7743
A2IWZ6Z2IHQW1E	7744
A2IX78SEP2XHA	7745
A2IXAIARL0CDY7	7746
A2IXFHN981GP60	7747
A2IXKRFLNM4LDM	7748
A2IY5YCOLPM233	7749
A2IYL6JNRTBKJ3	7750
A2IYTL3F0W3JI5	7751
A2IYX5W3A1N3VB	7752
A2IYZN1QWVX9I3	7753
A2IZ1K4INA156V	7754
A2IZ3NJI6IGN5I	7755
A2IZA416FFJAIC	7756
A2IZG5QZVKXZXI	7757
A2J0C6R7VT8YYS	7758
A2J0EQ60XEBRWQ	7759
A2J0M05J6JUVJN	7760
A2J16Q3ACJAG1F	7761
A2J1A78SIN2XW8	7762
A2J1NC721YS9UC	7763
A2J1W74A05LG5	7764
A2J23EMHV1BNZE	7765
A2J25U68B9ONZ0	7766
A2J29IVAAQ7E6E	7767
A2J29RFZ2TI0NQ	7768
A2J2BPJML3CVM0	7769
A2J2JNUHJSJXEQ	7770
A2J2SK3BXBVXTE	7771
A2J31ZHJL1MG4X	7772
A2J39GPS8D4YJI	7773
A2J3A66CEMQ0GL	7774
A2J3LXFPE1AKL0	7775
A2J4OYNJPZ0QDO	7776
A2J4XOAI07NP7K	7777
A2J5219QFX1P03	7778
A2J5I8EPWXJEGB	7779
A2J5ZIUR1C1KKE	7780
A2J6LVPWDFMIIZ	7781
A2J6RBS2LN93JX	7782
A2J6UTUIBGFLHG	7783
A2J705EL3BSZ3W	7784
A2J79H80J3SI07	7785
A2J7OGH5GVW76V	7786
A2J7P9HSLKC5Z7	7787
A2J7SCPS0IS8BO	7788
A2J812QEDM03AS	7789
A2J8289OOT5DE4	7790
A2J8DE8R94ZB02	7791
A2J8GJD6CKW9B9	7792
A2J8I1U42G91QE	7793
A2J8P71K1DWF6J	7794
A2J8T58Z4X15IO	7795
A2J8W8QAMT5DXB	7796
A2J98AMZX9Q2JN	7797
A2J98R2PBS9411	7798
A2J9L2AWKTGCQD	7799
A2J9YT56VIMEZN	7800
A2JA8EMRNT3ON	7801
A2JAEZ0FMAMJVW	7802
A2JAPJF9M6N1X4	7803
A2JB3U70NTYSOD	7804
A2JBL3R6JH5WYE	7805
A2JBUYZCQAQF10	7806
A2JBYJ9A92NULK	7807
A2JBZOWHL6V8YK	7808
A2JCGJMT4VI9MA	7809
A2JCKEZPNEV98D	7810
A2JCNVXT7K29JB	7811
A2JDKWNM3CPN12	7812
A2JDVZNTCXKUS2	7813
A2JE071UW97J2A	7814
A2JE8OS1NN9YDB	7815
A2JEGMO91XVWV0	7816
A2JENRIF41QJP3	7817
A2JF25F54Q1W3N	7818
A2JFLFBU0IBS1P	7819
A2JFQW7VM2QNPH	7820
A2JFVOMH2UE6VX	7821
A2JG550V9O0FAA	7822
A2JGTQ5YJQ3KO0	7823
A2JGU0PWRCJY8A	7824
A2JGZ1IBOG6QUB	7825
A2JHOWEW1T7W9U	7826
A2JI3ASA64PRAG	7827
A2JI6CDLFCHXJ1	7828
A2JIFF9XLPCKGX	7829
A2JIMWV9718MY6	7830
A2JJ9U99F9A9WB	7831
A2JJLDFWPW86DY	7832
A2JJLWP0GNGSL9	7833
A2JK8WHJP2DO46	7834
A2JKM8KF3296CW	7835
A2JKN6V7QBZJF0	7836
A2JLCP2OLT5CO2	7837
A2JM7LQURVIGZC	7838
A2JM7SYMJ0FX9D	7839
A2JMBNNZVS17LL	7840
A2JNI9V0X3YHK	7841
A2JNW9NNS7KKVS	7842
A2JOG30L4PEIDY	7843
A2JOK29LM111RI	7844
A2JOO7YH2PFBG6	7845
A2JOTVRQSHC7CH	7846
A2JOZLGXRLVQRQ	7847
A2JP0URFHXP6DO	7848
A2JPAJQOMBKR6J	7849
A2JPB0S3VG1G3G	7850
A2JPE79UVDUFZN	7851
A2JPEYP1OTIQE4	7852
A2JPG17PIHSW4T	7853
A2JQM0W57BI6DY	7854
A2JRI0B5B7IL99	7855
A2JROMDHVIUSKB	7856
A2JRR1O1H60Z2Z	7857
A2JRR70R42FMWB	7858
A2JSLC9F2VWPFZ	7859
A2JSNRJV7DL5JZ	7860
A2JSY3YOGHHIYH	7861
A2JT529S3E1BG2	7862
A2JTAVG4PZTQM7	7863
A2JTU205C92FOS	7864
A2JUEKTHNF7Y7Q	7865
A2JUGX9GZ6CLJG	7866
A2JVBJUU2DL0WA	7867
A2JVD69VU6OGIJ	7868
A2JVH8SM0HB9QX	7869
A2JVIA9P648H6Y	7870
A2JVK2MNYE0KDF	7871
A2JVNE2VXUY32Y	7872
A2JWEQ5UZ0KKQK	7873
A2JWUOKYP41OZQ	7874
A2JXCOUGYS5Y4J	7875
A2JXS222CBMZP0	7876
A2JXWKX9YY4M8F	7877
A2JXXG13DEYGBX	7878
A2JY2IMWTU4FLM	7879
A2JY8B65NCW6EA	7880
A2JYBSC22OH9E0	7881
A2JYBTA1MHR0KA	7882
A2JYD9L1TVN47G	7883
A2JYK58Z8HTLXP	7884
A2JYS972R2446D	7885
A2JZ0NBT9UD3GI	7886
A2JZ2F37ES248T	7887
A2JZ3IPI8N5DF4	7888
A2JZ8T64YZDQSI	7889
A2JZNAFGOTFDWP	7890
A2JZPBQCSRM92G	7891
A2K03ZJDDD6I3S	7892
A2K06IYQUP5XW	7893
A2K0CTIYO0R0H1	7894
A2K0FCG3I0PRPC	7895
A2K0GIS87967BU	7896
A2K0H6HYH8WB5F	7897
A2K0QLST7946WU	7898
A2K14Y5YJWI8Q4	7899
A2K1BWGPFJX9E6	7900
A2K1D18BA18J4Y	7901
A2K1H0ML6NZPB6	7902
A2K22IGDSNM0WY	7903
A2K2424WQE0T1D	7904
A2K2GCBWN3UI93	7905
A2K3C825MH5PDR	7906
A2K3RSOH1HM6H7	7907
A2K4HN6EECBNR3	7908
A2K4WOSH37GSW6	7909
A2K5AJK0ZAWNUE	7910
A2K5RRMPICZ606	7911
A2K5VHI9ORKE2M	7912
A2K5ZAGWF99VBK	7913
A2K65GPI8Q84Y4	7914
A2K65KWP3LUHZ9	7915
A2K6DQCIKEN55	7916
A2K6K2DUN6HIB0	7917
A2K6T14EI8G5SN	7918
A2K6U9YNU0L5IQ	7919
A2K71J7YK6K91A	7920
A2K73S65K8RJS7	7921
A2K75QOCP9ZHSL	7922
A2K7HWVAADQDF9	7923
A2K7PLMI4ZMS1P	7924
A2K7SMSE3MRFW4	7925
A2K7V3G4598QRF	7926
A2K7ZKYVDT9M1X	7927
A2K7ZSSBUHAQ5O	7928
A2K82PERXNOG9O	7929
A2K89R0B20LYHB	7930
A2K8AP8PANEWEY	7931
A2K8PA9SCEEUM7	7932
A2K9VXMD7453LW	7933
A2K9ZY0IDTX5WL	7934
A2KAU75TC6VRUN	7935
A2KB9VJBOMIC4Y	7936
A2KBKHIR26SABS	7937
A2KBX2ZD3IVT7N	7938
A2KC90L0E239TO	7939
A2KCVT2709IED0	7940
A2KCWIHJPMVAZF	7941
A2KD99RSG29MF5	7942
A2KDRA8S043UHP	7943
A2KDVBSUDTG8WQ	7944
A2KE6C09HAW48D	7945
A2KE7YZ2TXS8QB	7946
A2KF0ORV9KHAMK	7947
A2KF5MLHBZ2TJS	7948
A2KFAEOHLMLX0H	7949
A2KFB5N0A3PYVR	7950
A2KFLIG64HBD2Z	7951
A2KFO3WTSDBLEX	7952
A2KFQSHX4KD5EF	7953
A2KFWHHUFVKFXZ	7954
A2KG5YIV44VGYU	7955
A2KG8KBDIQZB2Y	7956
A2KGCAWIUIKVYA	7957
A2KGYJFT0ZPRBB	7958
A2KHG3JOFXQ4CE	7959
A2KHKH01L4YK5K	7960
A2KHUKJQIBZX77	7961
A2KHW7XL6102KW	7962
A2KHXBULHQWB3X	7963
A2KI40WQZXFQSL	7964
A2KI9QFHCMOU69	7965
A2KIA7JQRIDW94	7966
A2KIFQR33XXCWJ	7967
A2KIVODZRTGY4U	7968
A2KJ6RTHZYFW7Q	7969
A2KJOBX7NCW5U0	7970
A2KK0TGWNE5TPY	7971
A2KKSQO44MPRE5	7972
A2KKW6EZ830QCW	7973
A2KLDDOEUOLZHU	7974
A2KLFJ0GHM3NFO	7975
A2KLRV9M5I1AHA	7976
A2KLX3GR6QIDJ4	7977
A2KM10O3F0IHDS	7978
A2KMI8EDYLMTQ	7979
A2KMMT6KLYAFFF	7980
A2KMRC9TS9YGCW	7981
A2KMV056844YV2	7982
A2KMY4RVMJ1EP6	7983
A2KN2DST6E08N1	7984
A2KN6Y7GC7GT1K	7985
A2KN8514W5PRK3	7986
A2KNSDQ9TG818P	7987
A2KNSFX7T24ET7	7988
A2KOCNDW099TDQ	7989
A2KOOQINUMPGDZ	7990
A2KP29WNBNDBYL	7991
A2KP4CWYUTKUFO	7992
A2KPKCPCO9O2HP	7993
A2KQ2JDRVS2I8V	7994
A2KQ6AJCN9W2RW	7995
A2KQT4D0OZR569	7996
A2KRCZTE9NN4HY	7997
A2KRPMQU7P3TX7	7998
A2KS0XOY3WHGL4	7999
A2KS3MVX1PVEHP	8000
A2KT0OI60O3EUL	8001
A2KT9BFTNDXZVT	8002
A2KTE6HEB5QSZW	8003
A2KTL53FJDLELW	8004
A2KUA2400G70J2	8005
A2KUCUF6UEMTK5	8006
A2KUM04O2ZAB6E	8007
A2KV0M6CFP5TMU	8008
A2KV9CT1CGLC1E	8009
A2KVDECWN2M83G	8010
A2KVKBIXBL9802	8011
A2KVO09I5WQ8DK	8012
A2KVUYPLEW4LXT	8013
A2KWC7LB3YMHTF	8014
A2KWE2ZM1EEBGJ	8015
A2KWH72N5HQHTB	8016
A2KWIRXYFC1OQ1	8017
A2KXKW7ZVN29XX	8018
A2KXQ1CIU9B8Z2	8019
A2KXQHVDGURPRY	8020
A2KXYQLE7Y7Q63	8021
A2KY6POA5T8URA	8022
A2KYOY86GODDX	8023
A2KZE2TPQ1QO0S	8024
A2KZUHTU589XVH	8025
A2KZWL4NQ65C7P	8026
A2L03A61EET8KV	8027
A2L052QTBLNJ58	8028
A2L0DIQSHJ1B1J	8029
A2L0GT1DB2RRS4	8030
A2L2LMI4WWYH2S	8031
A2L2RRFO49B95B	8032
A2L33L3AJ5YDOZ	8033
A2L3FM7XDF795G	8034
A2L3IUBO981QOM	8035
A2L3NUK74293KI	8036
A2L4417BBC3UOM	8037
A2L4BBNT6DXHWM	8038
A2L4G3DWHN86N1	8039
A2L4HJZR6NRAC	8040
A2L4ZGN7GZJ95T	8041
A2L52VIJOCD07N	8042
A2L58C3BRDWQMB	8043
A2L5CQCAZD9D86	8044
A2L5OUEFB440L7	8045
A2L60EU34MOYTR	8046
A2L63MQL7HNX3B	8047
A2L68GXVPHY9Q5	8048
A2L69EL1BGUH2P	8049
A2L6BT1PVV9YN0	8050
A2L6G6CCWWP5IV	8051
A2L6GDFGKYC6GP	8052
A2L6LGTCAO02FY	8053
A2L6OUBCQYE8TJ	8054
A2L6QS8SVHT9RG	8055
A2L6X6WO9QNS0Y	8056
A2L78BBV9QW5JU	8057
A2L7PTUF1YIA2S	8058
A2L847N207IETR	8059
A2L8A0RH6FT78T	8060
A2L8MCAGWB84AE	8061
A2L8MOGC5OMRMP	8062
A2L8SJ6642IG7I	8063
A2L8VIXQDZWLZ4	8064
A2L91UT52XIZZL	8065
A2L9TCA2TJHATD	8066
A2LA38L3U0KFNA	8067
A2LAI4HPTRFFEY	8068
A2LAS014NSRW72	8069
A2LB1KXXSLAFE1	8070
A2LB4FLRZG6CUV	8071
A2LB4YHGBWOLSU	8072
A2LBGX3GUS2S1K	8073
A2LBKPJHFWSB	8074
A2LC8TECZ1V3M0	8075
A2LC9OYCRNK2KV	8076
A2LDBACTGO3S66	8077
A2LDHXTBUM9G6N	8078
A2LDQXSFIR8JZB	8079
A2LDVKGU2ND1AO	8080
A2LDXAC9KJHU5F	8081
A2LDZQD9Q7QNER	8082
A2LEJJ1HBH7JKQ	8083
A2LEMTCGEU48KV	8084
A2LENX3JISE7FW	8085
A2LER8S3UAHQDZ	8086
A2LESQ8TJEIR7S	8087
A2LESSJPC1HJDL	8088
A2LEVKA3U6CXX7	8089
A2LEZE5UVHFALD	8090
A2LF16F0KX9L7P	8091
A2LF1PACWJWK8J	8092
A2LF2YP7G9KRPM	8093
A2LFC8U3O86C41	8094
A2LFILFQAOS2DW	8095
A2LFLJG1HPEX3O	8096
A2LGCBD8HB2NRY	8097
A2LH3CBOXMPWJO	8098
A2LHKEWBDDNIRP	8099
A2LHZRF4LL2B5K	8100
A2LI3YC6MDO1CQ	8101
A2LI5MULORZKSX	8102
A2LID6S11FA48Y	8103
A2LIF95N23RT72	8104
A2LIH5ZPOC8JO9	8105
A2LIOYTH2PF9QO	8106
A2LIPLT5LJTN5B	8107
A2LIRXGPJF6XF4	8108
A2LIV11R0Q3DP	8109
A2LIYB1OCNVR48	8110
A2LJ2TGFKWGKWI	8111
A2LJAQ5OCLTU10	8112
A2LJE0N3GQAIAS	8113
A2LJEN8JV907XH	8114
A2LJJLSIT8PWIC	8115
A2LJNRQJGPKTXQ	8116
A2LJVRKP6DYV01	8117
A2LJXRI8XCSXUW	8118
A2LK0EBHY9QR10	8119
A2LK4A3Y7R8PJ5	8120
A2LKE0SEQBP6PD	8121
A2LKFGLGKRUCJ3	8122
A2LKHLBM9N89YE	8123
A2LKJ09LV38FU0	8124
A2LKMJV8T13OXB	8125
A2LLAGJW7PKU9Z	8126
A2LLWR95JTWX4F	8127
A2LMNY8QR1TRTU	8128
A2LMRRVBJA5IX9	8129
A2LMSWLORQEURQ	8130
A2LNK434OR0WL2	8131
A2LNQTJUOT87MQ	8132
A2LNV4MJXGQZTW	8133
A2LO1YE4Q0N4F	8134
A2LO4CE0LUNJJI	8135
A2LOD3K7460UB	8136
A2LOJXM3GUZKSR	8137
A2LOOWTQG5AQAF	8138
A2LOPNDI0SFNJG	8139
A2LP1OFQTK5MY6	8140
A2LPG8I4A2LBVQ	8141
A2LPVE9IH75PQ4	8142
A2LPX6SXQN74Q2	8143
A2LQA7C6T640AY	8144
A2LQGP095AWBKZ	8145
A2LQNY854DQS01	8146
A2LQQRVPNQ0E4Q	8147
A2LQWDVAZ0RUV1	8148
A2LQYSWKDJ99TJ	8149
A2LQZOEL0E72H8	8150
A2LR99VQFO6UNX	8151
A2LRHNBD6D65HZ	8152
A2LROQHDS9VTC6	8153
A2LRYVW7J4VE3P	8154
A2LSCHJ1T1OUSI	8155
A2LSGQ6HMEBG3K	8156
A2LSIC7I3JF4OY	8157
A2LSOEPMGWPAR3	8158
A2LSQ7QI6TC28V	8159
A2LSSZMICF04NI	8160
A2LSW0015EOVQ7	8161
A2LSXLLPQR6ZSN	8162
A2LTE3VNQXGKW0	8163
A2LTTDNALI5484	8164
A2LUG71M1GJRJ7	8165
A2LUMWS26K0WPU	8166
A2LUZ5VU5HDZLN	8167
A2LV6W0025EUEK	8168
A2LVCQH2HWU8FT	8169
A2LW5AL0KQ9P1M	8170
A2LWH9SH6PUPIE	8171
A2LWHAU2QQN3GQ	8172
A2LX285KLNY8M3	8173
A2LXC5ZHHP0WXP	8174
A2LXGRSZF5RJ31	8175
A2LXP91DF4WU0N	8176
A2LYEY1AGH4UEH	8177
A2LYRRWF5UZ2WO	8178
A2LYRZVJCJMQG4	8179
A2LYUF12Z6GEIR	8180
A2LZ2INOJ4QFEY	8181
A2LZCN2AXWOTBM	8182
A2LZKKQ8EP50MK	8183
A2LZMD9YOXCNSP	8184
A2LZMJ2G5XCK52	8185
A2LZQ1DLLNNEI5	8186
A2M06O71QQGODU	8187
A2M0RGVSV6YCMZ	8188
A2M0ZAK33EIEME	8189
A2M10P5VJUG4VD	8190
A2M1863O652DNZ	8191
A2M1Q11OFIFGSQ	8192
A2M1QMMRCPNIII	8193
A2M38VPEJ3VRFQ	8194
A2M3C5YIO7IZ6G	8195
A2M3UCUVBJJ9MW	8196
A2M3ULUW0290V4	8197
A2M443O35XI7EC	8198
A2M44VYQS2JWIP	8199
A2M46TW89BIJBM	8200
A2M4IYLY54E199	8201
A2M4JAYE4B7UQ4	8202
A2M4QLZVCER27A	8203
A2M4RO62XPOR67	8204
A2M4RZQH2UV76C	8205
A2M5422FXB7U0J	8206
A2M55THDWQT1FN	8207
A2M5P4INHXKKQY	8208
A2M5P55UYEDDKF	8209
A2M5UCZZGTTQMQ	8210
A2M64K9DHIC5W6	8211
A2M67BJ0E1QMP9	8212
A2M687HYOW9JFW	8213
A2M6B16568F7KH	8214
A2M6HSTNLNXBIS	8215
A2M6OZ8KDJGIJK	8216
A2M6QCS3UAAGB2	8217
A2M7B5Y5XBXYM1	8218
A2M7SF04WEDW4W	8219
A2M87ULJS7K5TQ	8220
A2M9G0WW3MVB7S	8221
A2M9JE3YW25ZW6	8222
A2M9JEY9DNP5YJ	8223
A2M9ME0N2S3R39	8224
A2M9NE0EX51O7Z	8225
A2M9YFD8N68ISE	8226
A2MA7ZMW1C74A1	8227
A2MAE46YPTJJ0I	8228
A2MAG7BIDRQTF8	8229
A2MAIVG6O3XUV0	8230
A2MALF1MJMUZFC	8231
A2MAR0DKEW12I	8232
A2MBBVZA3GKXJZ	8233
A2MBIXWZURT0S	8234
A2MBLVMVDLHK1L	8235
A2MBR3KL7YQVG1	8236
A2MBZAVYJD5OZ7	8237
A2MC0IMUFSW8RY	8238
A2MCJ3ZRL9C34E	8239
A2MCWU749CPZQ5	8240
A2MCYGJKC4TDFR	8241
A2MDROE92NDPD0	8242
A2ME89MSWVG9NF	8243
A2MF2QVSCUI27G	8244
A2MFQPSQR8UUCC	8245
A2MG95DI29NJTJ	8246
A2MGLSYLCKIV67	8247
A2MHBX3JSYLZ1C	8248
A2MHCX35WWRMOQ	8249
A2MHQMNRR7VB45	8250
A2MHV5LKIW90K3	8251
A2MI1JRFZV5YC9	8252
A2MIGGE926T11B	8253
A2MIGQZHIUO40T	8254
A2MIHMKWI2D00L	8255
A2MIKGR64W1Z15	8256
A2MIY74A2RO97E	8257
A2MJ6X06AA7NXL	8258
A2MJ8OL2FYN7CW	8259
A2MJK3LXJJ9MAQ	8260
A2MJP5Z2U69REM	8261
A2MJSNNOSA0QE5	8262
A2MKKHG525C4OO	8263
A2MKY6T9KE7I54	8264
A2MLA2QEIERMOZ	8265
A2MLPDFJX6H6JW	8266
A2MMDKNIM4ONRT	8267
A2MMG8ERLTSTP8	8268
A2MMYN8VLJ63J0	8269
A2MN6TFGGN9AY1	8270
A2MN9Y4DDTU66P	8271
A2MNA73WT26Q3J	8272
A2MNB77YGJ3CN0	8273
A2MNNS4HEXONIN	8274
A2MO2DSOO8YN75	8275
A2MO7B50WY61H5	8276
A2MO8L4JCFCPSG	8277
A2MOD50IHEDH3G	8278
A2MP44PQHM1OPG	8279
A2MP64BBXR0E63	8280
A2MP66SO2JYGRG	8281
A2MP7JGO747X6E	8282
A2MPGS3ZKMXCWX	8283
A2MPM6M93OXIJT	8284
A2MPXY7EIKPIJN	8285
A2MQC06VCS51SS	8286
A2MQILM9YVE6E0	8287
A2MQKLPVQSW7P1	8288
A2MR4UVIQ6O8SW	8289
A2MR5N0SMJ7M15	8290
A2MRAZ3ALKZK7W	8291
A2MRC4FYUWEXGF	8292
A2MRCS2MO06REK	8293
A2MRH36J6P1IQH	8294
A2MRKOBQH8CS5G	8295
A2MRRVSFSIC9XR	8296
A2MRTFIDEAPZJ1	8297
A2MSBIA18RXYQC	8298
A2MSJ2NV99JXQC	8299
A2MSO4FXVV279K	8300
A2MTK8GLNOPHG5	8301
A2MTL1ZNGH6HDP	8302
A2MTNRYCL8ZQ3J	8303
A2MTRCUDNNKD87	8304
A2MTXS6IQIDIFC	8305
A2MUEGA48LDKDM	8306
A2MUFVNWMVN9C9	8307
A2MUR4PPB1PKV9	8308
A2MUZDMZPJX217	8309
A2MV37P3M0ADAI	8310
A2MVE443ATSJ2H	8311
A2MVG23YRYJCJW	8312
A2MVNAGKBMSG5I	8313
A2MVPY9XVYST9H	8314
A2MW0POEYNW8FZ	8315
A2MW90O3P2GOO5	8316
A2MWCDSD5S8AO7	8317
A2MX85R9XJXO9I	8318
A2MX9AIQC30AIL	8319
A2MXCQXN6SMEDQ	8320
A2MXWBBVA62D9L	8321
A2MY6VH7BTUBA3	8322
A2MY9JR7YXEV5A	8323
A2MY9VXHZYAHUZ	8324
A2MYOS47IQVCMN	8325
A2MYSDNH52TCTI	8326
A2MYVHV5NAT5GC	8327
A2MZKOEVAI2CWE	8328
A2N01S3H0HGM3L	8329
A2N04S1QT087DT	8330
A2N0J7O4PGS711	8331
A2N0LMGNHRWW6T	8332
A2N0TE0ALU14HZ	8333
A2N11BZKTXVG4N	8334
A2N187FKDQDNGH	8335
A2N1TPTH0GNYLI	8336
A2N2BYX2SXO2Z	8337
A2N2NN5R4LRIFO	8338
A2N35R5EB9O9DO	8339
A2N36OJYEVC2M7	8340
A2N3CNZDG8FNCQ	8341
A2N3I63XT8Z584	8342
A2N48XBUS9YDMP	8343
A2N4973VTYMV52	8344
A2N4HN48AQDG6E	8345
A2N4I3Z4GL7DKL	8346
A2N4ITQJG55ERI	8347
A2N4LOM5L2TGHR	8348
A2N5791REVOX5G	8349
A2N5FYSZ8QRMSA	8350
A2N5G1JF94MSXB	8351
A2N5HXG37BJC08	8352
A2N5IOBGR9PP6C	8353
A2N60M7SVP445L	8354
A2N65ZECFDM00Q	8355
A2N6JMWRB1X8WA	8356
A2N715689IJJXZ	8357
A2N7GNAKUTDY55	8358
A2N7KWJOOMJJ31	8359
A2N7UANAFQ9L5C	8360
A2N804Y9HDR2KL	8361
A2N84NOZUE5MGY	8362
A2N8956FWF69SE	8363
A2N8D20LSUU85O	8364
A2N8K1EPJL273U	8365
A2N9PUF7SJLMOO	8366
A2N9W5C4PCNHHM	8367
A2N9ZKPXQGMX37	8368
A2NAPM3R7BGHKG	8369
A2NASW7U6IJFVF	8370
A2NB2E5DXE319Z	8371
A2NBAC66OYDJST	8372
A2NBCCFDISGUQT	8373
A2NBGIORX94UI0	8374
A2NBKS27M3ORAC	8375
A2NBLG314SMFLB	8376
A2NBRQWA4ZR3C0	8377
A2NC23RL8SVGAL	8378
A2NC2WS6CM191R	8379
A2NC5BC77949P4	8380
A2NCPABI8G208V	8381
A2NCRUQTQLCXMS	8382
A2NCRZ7MC2O6EF	8383
A2NCWLAWOVCKF7	8384
A2NDF0VSADXXLT	8385
A2NDF1PEF8ZV3	8386
A2NDG1DVMSSAEW	8387
A2NE43Q65Y4YXS	8388
A2NEPOGUS0GP1Q	8389
A2NF2YYHCE956T	8390
A2NF4VDSPQ1S54	8391
A2NF50AJ330C1Y	8392
A2NFU49HMGF9LM	8393
A2NHERI3W195Y	8394
A2NHL1JPU0AW4U	8395
A2NHTKNU65HKY6	8396
A2NI4SRXQ6BCLK	8397
A2NI91THBOWI20	8398
A2NIRYXQ06M5UE	8399
A2NIWCK07ZHK41	8400
A2NIZL8J3E9NCM	8401
A2NJ7DGM5HGGJ6	8402
A2NJO6YE954DBH	8403
A2NK10AAS7IG0W	8404
A2NK4VKGAFRB5U	8405
A2NK5OYZU1YLDZ	8406
A2NKHNO8VA378W	8407
A2NKNE9SV2KIN2	8408
A2NLEJIM4GMPB4	8409
A2NLGUJBNG8TZQ	8410
A2NLIK2TG4OPFN	8411
A2NLNBN2L95YR2	8412
A2NM06Q2PZP2MC	8413
A2NM53TJPOQC94	8414
A2NM82NKJC43JC	8415
A2NMQWBDWT3SQF	8416
A2NMT0D7RIXI5H	8417
A2NMY860CJK313	8418
A2NN1KIYEM2SKS	8419
A2NN8PP67SRX44	8420
A2NNDT7G86W3JD	8421
A2NNJ6XM5SGXHO	8422
A2NOAAPMIV1TPN	8423
A2NOJVQUPKPTEI	8424
A2NOW4U7W3F7RI	8425
A2NP1VGEJS5IIC	8426
A2NP8RNW9T5BQF	8427
A2NPF1LZ1S57JV	8428
A2NPRTXUAOYSUE	8429
A2NQ50LAQCKXPR	8430
A2NQD0GFQ0DEL8	8431
A2NQKBC54RAZL5	8432
A2NQOGRXNRXY1V	8433
A2NQTFFMREZ90E	8434
A2NRDC4IDTUAK7	8435
A2NRFOEF4EOYEE	8436
A2NRJ2VF144BGH	8437
A2NS3GCHPVYW50	8438
A2NS3IPJV3SRAK	8439
A2NS5QSJQYSY95	8440
A2NS6WB8X0NXTX	8441
A2NSR51DC6L2QO	8442
A2NSRS3UG2KG2H	8443
A2NT1F84CD2T4Y	8444
A2NT1LGR2BYP0I	8445
A2NT4LA7UZW6SC	8446
A2NT5NQ89GSCCS	8447
A2NTIDRF1329W8	8448
A2NTWLPFZ5FSIW	8449
A2NTWX8K7X6XR	8450
A2NU88FUA3RJ3	8451
A2NUBL2UYWPBWR	8452
A2NUC5LXC9QTED	8453
A2NUKBOR03MHXD	8454
A2NUKH3RUC7HY6	8455
A2NURN5ZVWOGBM	8456
A2NUTM1FBPSTOE	8457
A2NV7XGMSK8S0V	8458
A2NVCPRRQ1ZFXU	8459
A2NVHGZJW0Z1CO	8460
A2NVQZ4Y7Y0J1R	8461
A2NVRVKIOO7PVI	8462
A2NW131BJQQ3LS	8463
A2NW1WH02SNCRP	8464
A2NW2IMTWKKSXK	8465
A2NWTFUOU0YYEI	8466
A2NX6MFZP8TM6S	8467
A2NX6PABLIJLP1	8468
A2NXAV1SNXWA9H	8469
A2NXE533TGQXKQ	8470
A2NXK3NTZMGJXX	8471
A2NY1MRHRISURO	8472
A2NYBJ2U0ERU6K	8473
A2NYHXSYSAKGI9	8474
A2NYKJ068XWCJ2	8475
A2NZCXGKPCFZIV	8476
A2NZHKZV1SG78H	8477
A2NZHTSH9EVCNZ	8478
A2NZKGEDBRZVF5	8479
A2NZMBTSY5B0VC	8480
A2NZMGX21X2SI	8481
A2O0LX10GV3GU0	8482
A2O0ZDILYOJP6W	8483
A2O11TM0PSMB26	8484
A2O155EQ1EU9G4	8485
A2O1DE32R62OC6	8486
A2O1L0TM32ZYVC	8487
A2O1SP6ZPJKCAS	8488
A2O21H6UE4WBRL	8489
A2O277IJ67ZGAO	8490
A2O2822VQN2HFG	8491
A2O2C1HMJ75IZT	8492
A2O2NBBLQS154R	8493
A2O2PEZQ5CVVSZ	8494
A2O35ES6WSV2Z2	8495
A2O38JJBMJZ31A	8496
A2O3GLW7K6PW48	8497
A2O3MEY92VRRF2	8498
A2O3YWF1HFURZE	8499
A2O403A5M4VPWF	8500
A2O466Z6PGGVPQ	8501
A2O4POZNUZRZHE	8502
A2O4TDN0650V7X	8503
A2O4XBE824EO1G	8504
A2O4ZBYGBJJL2E	8505
A2O5A0L7NL9J3Q	8506
A2O5IRE90KJQKH	8507
A2O5VQQMU00SEX	8508
A2O6IMAQ8NTT65	8509
A2O6ZU5WO557QM	8510
A2O7CB5D0QVGAB	8511
A2O7MV1SOVJT9X	8512
A2O7Z4RCG4X2M8	8513
A2O82726X5LWYU	8514
A2O84RL023HWLD	8515
A2O8N05HVQBOKU	8516
A2O8UBX7HV5KRW	8517
A2O8XUPMDZQWT5	8518
A2O921Z7ROJNXP	8519
A2O9CRAKMB1R2V	8520
A2O9DG473F3C5	8521
A2O9HU1K7TCF7B	8522
A2O9RYC7K0Z1HG	8523
A2O9UK5B50KKYB	8524
A2OA8RBW8HLRTY	8525
A2OAJTCPJX2WNR	8526
A2OAMSOOOJX8QV	8527
A2OAQHQRJQP6J7	8528
A2OASA5WU0Y7CV	8529
A2OBDNQ5ZYU1L8	8530
A2OBLG7L58E0AF	8531
A2OBMHANVHK0MI	8532
A2OBPO8UTP34BI	8533
A2OBR3GBU3U5VQ	8534
A2OBZD4F8UOIL6	8535
A2OC0RLZF457YY	8536
A2OC3ZBVWF48NK	8537
A2OCAGNUJX1ZCX	8538
A2OCJSOEL6O0VU	8539
A2OD1JLZEBG380	8540
A2OD23539QMZS5	8541
A2ODB7MLZ8PA3Q	8542
A2ODQT7REAFA77	8543
A2ODS8JSTWZ2E3	8544
A2ODUOI6AX8LMF	8545
A2ODX43TDWAC8E	8546
A2OE87CLTA6W7Q	8547
A2OETFZ7IA6XSQ	8548
A2OEXS1J1ZQ1UF	8549
A2OFSHC9LWGOPK	8550
A2OFSZFNHM38IU	8551
A2OFU25GA1W051	8552
A2OFWB1RJ3Q226	8553
A2OG83SEU9HL6D	8554
A2OG8LHMXXE5IE	8555
A2OG9GXCPHFFFH	8556
A2OGGHUOMWHDE1	8557
A2OGS1TI3CCELN	8558
A2OH0OSANHJYCL	8559
A2OHEOE34LLQBO	8560
A2OHPO18F5K0MZ	8561
A2OHQ42JSU8ZAZ	8562
A2OIGPPBTR65MR	8563
A2OIKOCG7KY2FG	8564
A2OIMJEGOCTQ87	8565
A2OJ4U49436JOT	8566
A2OJ9K79PYGIBX	8567
A2OJCTT5WLB2HR	8568
A2OJFKVCHZZQMF	8569
A2OK61KBUCMXR1	8570
A2OK61M04Y9MT4	8571
A2OKFBD3MHNAG0	8572
A2OKG8UA0G4OXS	8573
A2OKNQWLFBOGMM	8574
A2OKRB0N3VGD6H	8575
A2OL2OSMAEQSDP	8576
A2OL3YJ366VJX	8577
A2OL9H2S39LQFO	8578
A2OMI2NAEO1MZI	8579
A2OMQEK9OW2FY6	8580
A2ON6D6P8JM8Z3	8581
A2ONOAJLMSEIQ8	8582
A2ONU5W9MPBOUR	8583
A2ONX15N6TWDR	8584
A2ONZ8TKE26MF2	8585
A2OOLI2WFY4L2	8586
A2OOQHLAIFUXSX	8587
A2OOZZDSOHG4UY	8588
A2OPA38VZ4N7S6	8589
A2OPGWLHO5YIFX	8590
A2OPQHX0YICRFI	8591
A2OPZASJR8YJ9E	8592
A2OQ25LCSPHWJX	8593
A2OQT0OZZW8P0O	8594
A2OR4WQLBEOAD3	8595
A2ORA0JNXF12PN	8596
A2ORB52PJQ1EXF	8597
A2ORM2KZ03O8RM	8598
A2ORXBQIAYYSLD	8599
A2OT5N26HPD2X0	8600
A2OT5UW4ADG05A	8601
A2OTFJUMQF12ZC	8602
A2OTGX253O4J4D	8603
A2OTWCQMOBNUXY	8604
A2OTXT99VQQG3A	8605
A2OTZBECSM02MJ	8606
A2OU6ZZSZ2Q7CU	8607
A2OUN2538DD7S2	8608
A2OV8GFT2H3TEK	8609
A2OV9WUKLZHJEW	8610
A2OVTP7SUGWGVI	8611
A2OW09X5RRMZFJ	8612
A2OW1FKQFPIA5D	8613
A2OW54IN143NN	8614
A2OW5HR1083Q0G	8615
A2OW7IPN31PIEX	8616
A2OWCGSE0CGJGW	8617
A2OWL0NS33ZQST	8618
A2OWRTAQK6500U	8619
A2OXB18PCWKLX1	8620
A2OXPCRDQ92GOX	8621
A2OXQ24IM1BGR4	8622
A2OY49B4TDZMVI	8623
A2OY5YNT2040OT	8624
A2OY6FD3OC5MD1	8625
A2OY6P98P87047	8626
A2OZ65TZ6UEV5J	8627
A2OZ6PW2W5FQTP	8628
A2P06K653ZTGXN	8629
A2P07DRGFFYD2M	8630
A2P08L70P8ET67	8631
A2P170SPCIDFXG	8632
A2P1BTCQLILAG8	8633
A2P1FGRRNBYAYP	8634
A2P2FX0MNRRTJL	8635
A2P2Q34F83EKJ2	8636
A2P2QJXEQU5BIM	8637
A2P2QMTLWLUQUZ	8638
A2P2SNUCWMDTZZ	8639
A2P30F9CLZOOJD	8640
A2P3ASXGIVUNIW	8641
A2P3DONT5F5KNC	8642
A2P4QGWLOX8V8Q	8643
A2P4R74K9Q1E6K	8644
A2P4UE17TMGXA0	8645
A2P4UP5KCZC99B	8646
A2P4UXVHZI5Z7R	8647
A2P53J3PA5TH2O	8648
A2P586GGNSJPOL	8649
A2P5B6U0PUUJ0A	8650
A2P5DPXPFAMTLZ	8651
A2P5KDPZUVYMU2	8652
A2P6274M0G55KS	8653
A2P65SKPDZDEUZ	8654
A2P69SORXU5AZM	8655
A2P6A9FQA6D0SY	8656
A2P6QCZWW3H1X6	8657
A2P739KOM4U5JB	8658
A2P75XMYB7UX7N	8659
A2P79C1VAFNWDN	8660
A2P79GUHFD1FQV	8661
A2P7YSXI060RDO	8662
A2P7ZAAGYILOPS	8663
A2P823DR06AN1K	8664
A2P86DEND7WJG0	8665
A2P8JAGEYL18GF	8666
A2P8YANRF6R0YM	8667
A2P99LRDXBF8NF	8668
A2P9NFV4CIMMJ0	8669
A2PA50CUHL6F09	8670
A2PAA7HMWV76F0	8671
A2PAC9IAV4RLWV	8672
A2PACL8OE1P8TF	8673
A2PACZGDPW8PF8	8674
A2PAFNZ5D4J4WN	8675
A2PARY98RQKJNX	8676
A2PAUHRHG7LN5Q	8677
A2PAVURT4NOHE1	8678
A2PBF1ZWQ9VHOX	8679
A2PBTYKR8TB9R0	8680
A2PC1CU8ZJ31HM	8681
A2PC9ZZIFV31B1	8682
A2PCI9UT0WH4OW	8683
A2PCNWKZHAD1H8	8684
A2PCY5JY6ERF3Z	8685
A2PD27UKAD3Q00	8686
A2PDAKPEZ49HBK	8687
A2PDB6WQ5G1RBJ	8688
A2PDKNX2Z5G3V6	8689
A2PDL6TSVWIKEU	8690
A2PDUF9DZK0XT1	8691
A2PE0QOMZ6IJML	8692
A2PE3XCTPIMRF5	8693
A2PEBXV57S99ZH	8694
A2PECRL4AQWCX	8695
A2PEF2YCO16IFY	8696
A2PEG4VR9FON8R	8697
A2PEIERQZR3COP	8698
A2PF64RBR1G1SZ	8699
A2PFC6J38583M2	8700
A2PFCO5ON4N2UP	8701
A2PFHRW7B5O2K4	8702
A2PFI4YA2DW1RF	8703
A2PFO3JKA40FUC	8704
A2PFQB6Z8TPEFU	8705
A2PFQMXHEU6862	8706
A2PFTERIIMZP18	8707
A2PFUJ2R69R6E9	8708
A2PGCT545LLJ87	8709
A2PGIPHMEK6BUP	8710
A2PGY99KUUQKTS	8711
A2PHMUTKSOFKCF	8712
A2PHXB4LFHO5UZ	8713
A2PIGZCDGM4NJ7	8714
A2PJ7EMU625EBB	8715
A2PJCHN11RNFZN	8716
A2PJFG5U89NJ35	8717
A2PJVPRB88W3M7	8718
A2PJW05IF2IOOF	8719
A2PK3ZZY170699	8720
A2PKJ3VMEK4V9R	8721
A2PL0US7RN67G	8722
A2PL1ODRZ00OIW	8723
A2PL33QF3OAYEC	8724
A2PL4XI7DL4RZH	8725
A2PLTCSP53ED6H	8726
A2PLWER3W9YC4S	8727
A2PM3BVT9TWZM2	8728
A2PM5Z249OVPEN	8729
A2PMR2PIGWKCQ9	8730
A2PN55MTK1BIL5	8731
A2PNBB4GXRG14K	8732
A2PNTEDGMOLMOY	8733
A2PNW6QDW8OPY0	8734
A2PQ780ZQ2OLNS	8735
A2PQ83RVAGIL85	8736
A2PQTHQYGSY4KL	8737
A2PQVAOLN8G2ML	8738
A2PRFCYJQRLTTN	8739
A2PRIS802TKFD1	8740
A2PRSFS5CDSSWG	8741
A2PSKI699CPF1Z	8742
A2PT3V6K3765CW	8743
A2PTAJTGXOAHU4	8744
A2PTDE1UL1CZA0	8745
A2PTJO6PG9ARXT	8746
A2PU5IDX61XJ7A	8747
A2PU94CPVXMHPW	8748
A2PUOY27UBTRY6	8749
A2PV3U2H5V5P95	8750
A2PVA6TM1QLI7T	8751
A2PVCEQ4GAWDJ6	8752
A2PW1MPQDA1I0T	8753
A2PWDBZQPR9JU6	8754
A2PWOJ24VCHO5V	8755
A2PWXE61G4T7YW	8756
A2PX1CDIU81W0T	8757
A2PXDVKKE8TFZV	8758
A2PXVMF9DH8NDZ	8759
A2PYZSW59G602G	8760
A2PZ68PQGHITLG	8761
A2PZ6W3HHMN7X4	8762
A2PZHV8FDYD09G	8763
A2PZJI7YONY2A1	8764
A2PZJUCU65CMBM	8765
A2PZLRQFNVNHAM	8766
A2Q0GD5DW55EOM	8767
A2Q12G0CRKK0KP	8768
A2Q17XGGZFA2W1	8769
A2Q1AYAL7VMZFA	8770
A2Q1EVG1NAQ56O	8771
A2Q1L1DVG9LOOS	8772
A2Q1UGDSP59ZVN	8773
A2Q1WGDKKR1RB0	8774
A2Q1ZVHTZXPJRO	8775
A2Q20VS0ZCXDKE	8776
A2Q2A6JKY95RTP	8777
A2Q2FODWPJVHF9	8778
A2Q2GDB5XDYQV5	8779
A2Q3BW3177V542	8780
A2Q3FX6221K25W	8781
A2Q3L9FI2BZPHQ	8782
A2Q3WSU5PS2MZO	8783
A2Q3WSYBAWRDXR	8784
A2Q41CXSZ9X01O	8785
A2Q4BMLCC0RYKR	8786
A2Q4KY9ERBSPUC	8787
A2Q4T9O821K01	8788
A2Q51J1G7QZCQE	8789
A2Q51LFVE9P8H7	8790
A2Q51NLMN4TRP1	8791
A2Q58DESYENLFQ	8792
A2Q6R39ZU79BN2	8793
A2Q6UWR5PBHTJS	8794
A2Q70QSXBK1KOW	8795
A2Q75EC7500RQZ	8796
A2Q7E20GP1A3AD	8797
A2Q7M6BFUX21L9	8798
A2Q7PV1ZXJMAJ7	8799
A2Q7RON1ATHYIC	8800
A2Q85HNTSM609C	8801
A2Q89ATW86PP8X	8802
A2Q8GFSEUSGJ51	8803
A2Q8KO3BR338Q5	8804
A2Q8ML0AZPURSM	8805
A2Q8NQKS53T29P	8806
A2Q8P1XIH2I0NP	8807
A2Q8Y9D4KOI2HX	8808
A2Q934BD3J7AKE	8809
A2Q9AGDFW9M5QV	8810
A2Q9B9WLL51Z70	8811
A2Q9EK9WKGFGCG	8812
A2Q9KLA3E0RYNI	8813
A2QA6X1TBLVJS8	8814
A2QA9KWBGQCRV1	8815
A2QAJL59XC9EUS	8816
A2QANOGP5LLPBQ	8817
A2QAVJS6KLSNJH	8818
A2QAVUYGRE42IX	8819
A2QBUI6F4Y71XF	8820
A2QCE7L6GRE3MT	8821
A2QCOMI8FDKBN8	8822
A2QCTTDREL66ZR	8823
A2QCYPBXL2C53S	8824
A2QD0FAI41ZOIQ	8825
A2QD4TPD0K4MOI	8826
A2QDFKU0CZ9ZX9	8827
A2QDL2D6H7TDGB	8828
A2QDND8SHL2RNR	8829
A2QDOJFFLFGF18	8830
A2QE3Q28EKDLVU	8831
A2QEKFXK3D2OOL	8832
A2QEPZKATEOCUG	8833
A2QETZZ5EKH5RQ	8834
A2QEUSIYUOY9KB	8835
A2QEZMNWJVYUA6	8836
A2QEZSN0PPOQY1	8837
A2QF82CSU6N7CE	8838
A2QF8425V80NU2	8839
A2QFB3X57RDW3S	8840
A2QFOS6ID72QGX	8841
A2QFPMTHJPYMA5	8842
A2QFTJAT1D5PIL	8843
A2QFVTXMGEZ0KA	8844
A2QG2S19LYJ96	8845
A2QGGV4DGRXAFE	8846
A2QGH0YF3JLRIV	8847
A2QGOE9VHBNPKS	8848
A2QGWQMRN4ZVWE	8849
A2QGWVK6KGVM83	8850
A2QHKCPOL3KNK5	8851
A2QI1GE82K0PMH	8852
A2QI2NTDTMK2FV	8853
A2QIF3E0BW9OZ9	8854
A2QIHZT6DDO191	8855
A2QIL6MHF0S9S5	8856
A2QINZBAADIQ17	8857
A2QIZAPYOZQ0KS	8858
A2QJ3QFXRSW6I9	8859
A2QJUJXRTEVKAA	8860
A2QJXGSET1NF47	8861
A2QKCOX5ACRHC5	8862
A2QKO1VY7B9RLD	8863
A2QKQGCSPCUN8	8864
A2QKXW3LDQ66P5	8865
A2QL3P9YL7T0QC	8866
A2QLI6VT7WHWVG	8867
A2QLRSBGITM8TF	8868
A2QLXHK0MIMWTI	8869
A2QM43G4MNJGTS	8870
A2QMN4QUU2WJY8	8871
A2QN57DVTH7OPK	8872
A2QN89JM2YS782	8873
A2QNCBV0G59RGB	8874
A2QNMGTEFJX7TA	8875
A2QNXW1P4GWB6	8876
A2QOSEZTORIAD3	8877
A2QOUJSVUODD8G	8878
A2QP09O3D0YU4D	8879
A2QP49AWU6EOI	8880
A2QP5REBZWY1HR	8881
A2QPGQBU2CAF2D	8882
A2QPTMUSAMVNCF	8883
A2QPUQP8GG7ZQW	8884
A2QPY7AWL38XY8	8885
A2QQ2GS40R57BU	8886
A2QQLQ4JPPXP6F	8887
A2QQMVZHGS6L0C	8888
A2QRQE0ZFSHTKW	8889
A2QRWMBX64F9GZ	8890
A2QRWTEAR9WBVB	8891
A2QRX9OJKW9TM9	8892
A2QS9ZE3RBPP92	8893
A2QSBOAAGW1I1H	8894
A2QSEW18F5SNMP	8895
A2QSGQAWZ11J2	8896
A2QSLO51UFKCBO	8897
A2QSXSA140R9BA	8898
A2QT151K3BOAFA	8899
A2QT2TH9XJMTIP	8900
A2QU07GKQ32HL9	8901
A2QU74ZZPA27OI	8902
A2QUBJUGBUFA5A	8903
A2QUDBI7R6Z3ED	8904
A2QULJQETCF6RV	8905
A2QV6QJG4WSXOJ	8906
A2QVBSOJZ4RJ8O	8907
A2QVJFVM7SJ2I7	8908
A2QVKWA3MPT4EL	8909
A2QVMS27C293JL	8910
A2QVMTY7Y74AQC	8911
A2QVXWR7AVIC6R	8912
A2QW2WVN1Z4UA	8913
A2QW3U08QCJPE	8914
A2QW6Z62CQL2GS	8915
A2QW7P8MN8AB9	8916
A2QWBMC8JPJ5JZ	8917
A2QWCKAJO73WE6	8918
A2QWE62XXV238J	8919
A2QWHEI914GHRZ	8920
A2QWNA4DGZKMO3	8921
A2QX37Z5AW0501	8922
A2QX49LS3Y3ANI	8923
A2QX7NV9PZEV8T	8924
A2QX8TFZDY42K1	8925
A2QXE09BLOHAWG	8926
A2QXG8LOXOT32O	8927
A2QY081WYVWYF7	8928
A2QY2PG6K8IO6A	8929
A2QYLMSEAWW6XR	8930
A2QYUNCXAYZ76N	8931
A2QZ29J91601XM	8932
A2R0CTC1I8ZKSY	8933
A2R0MYROYFQIXY	8934
A2R0QQI2QCLJUK	8935
A2R126BJUZANUG	8936
A2R18KD5QN6ANJ	8937
A2R1HUYHXV7H18	8938
A2R1VLBZGXUF1B	8939
A2R25NQQSOYOKU	8940
A2R2AUVO2O4DV6	8941
A2R2ECF3EJTQBR	8942
A2R344XCNP1GSM	8943
A2R363RMYSWFG4	8944
A2R3K1KX09QBYP	8945
A2R3O747OPX9MW	8946
A2R45AHPK86V63	8947
A2R47HLVLQBG1O	8948
A2R4AIJZR65WFG	8949
A2R4GAEDSV8VCZ	8950
A2R4I4YP4ICFEW	8951
A2R4NM7XJDHX13	8952
A2R548MRU4JHVZ	8953
A2R5J3MYORC4M	8954
A2R5OBDJPV7M6T	8955
A2R5YC4ILNETJ0	8956
A2R6688OH0M12T	8957
A2R6B4TOB2CHSA	8958
A2R6WWNYZJZER6	8959
A2R7QBW9QL3NJU	8960
A2R8R97INVXBR1	8961
A2R8VXVVO50XIM	8962
A2R96B3H0O2B4F	8963
A2R97L6EDOOHMH	8964
A2R995ZS3R54H3	8965
A2R9D3XMT4N2OJ	8966
A2R9PCIR3X3CAC	8967
A2R9POT2D3G05R	8968
A2RA1DOQP9304M	8969
A2RA8EXRAZN45S	8970
A2RAA2S5FRF2X4	8971
A2RAAMEKXRNRYJ	8972
A2RAHVQXI12VGA	8973
A2RBBS5KJNYAOX	8974
A2RBQ3DUWGUPUA	8975
A2RC0692E3HCDS	8976
A2RC9W12WGIG2P	8977
A2RCEQRJZ357FU	8978
A2RCI5UWO5Q7JX	8979
A2RCM2B4NQDII0	8980
A2RCUJFXL6ZM2	8981
A2RCW5TRHSG487	8982
A2RDDWG0BJMMBP	8983
A2RDJXZ2GRQZMC	8984
A2RDW3WOF9UMIC	8985
A2RDXDAPU65UJY	8986
A2RE6UNC258LUK	8987
A2REOP8I34E9S9	8988
A2RF0YBZ43IWEF	8989
A2RF1YPVB0B9W1	8990
A2RF6YGMN08F1I	8991
A2RF8MOE6QVE9U	8992
A2RF8O3ELEMVIZ	8993
A2RF9BEZSNFICQ	8994
A2RFN9B7U7DGK1	8995
A2RFU9D87QU494	8996
A2RFVSWZOBFDJ	8997
A2RG4WJUKUP1BX	8998
A2RGEQ4EOILD9Q	8999
A2RGWXNUWPDTKI	9000
A2RGYUAJOJ3I6T	9001
A2RHBYM4M6M1IG	9002
A2RHPWFCNUULEI	9003
A2RHV42BTJSVON	9004
A2RHWQN9XM6FB6	9005
A2RI0QC5M9AF4Q	9006
A2RI25U0F857W2	9007
A2RI6TLZ3IEOOR	9008
A2RIAXGSBP65BJ	9009
A2RINDV38720WI	9010
A2RIPAQSNWI6B2	9011
A2RISVGARPAHJQ	9012
A2RJ2RR2O48P6H	9013
A2RJ4DUC9IUDY0	9014
A2RJ4RQX1JP3GK	9015
A2RJAM98U9KA38	9016
A2RJCHNUGQEL2O	9017
A2RK16NY8NH1P2	9018
A2RK3QEUEFRNAN	9019
A2RKI7RPP5CJMG	9020
A2RL4IVEI1RKFD	9021
A2RL98UIYSCVB9	9022
A2RLGKF6LX0AHG	9023
A2RLIZN4JP11G2	9024
A2RLPZWBF7Z12A	9025
A2RLQKE9NHSSZB	9026
A2RLXKLHDW3YJ6	9027
A2RM1Y6IP6BBCB	9028
A2RM5ZSZJQL7WY	9029
A2RM6NA6TYFH8R	9030
A2RMD12V8QKV1E	9031
A2RME4353Y911C	9032
A2RMHCC4VPIQ60	9033
A2RMIA6EPNE1NG	9034
A2RMYU3UU7C4YQ	9035
A2RN2AO4BE6F4K	9036
A2RNE6OXD7ZRBC	9037
A2RNMSNX5Y5J3T	9038
A2RNOWRF2N318X	9039
A2RNRPKR8DD0XR	9040
A2RNUPVSNW1ZXX	9041
A2RNXSQKBSDOHV	9042
A2RO5LDKRJYYBE	9043
A2RO70ATW4Q9RK	9044
A2RODT7X53PN3H	9045
A2ROE86PIJIKLG	9046
A2ROUR4KIDYCW4	9047
A2ROZ33LXZBSVI	9048
A2ROZ4TYFKRQU1	9049
A2RP5AVUXDUN7U	9050
A2RP7K93PYW9Q7	9051
A2RPZTZP8W80W	9052
A2RQ4RS4PGEAZW	9053
A2RQ5LCP5YSEPL	9054
A2RQBPTUUBV9BP	9055
A2RQIXCQ4EAU0B	9056
A2RQN8H4RM24Q2	9057
A2RRFLV45IFCA9	9058
A2RRJN9ZXDRWBZ	9059
A2RRN14ZRKY1U5	9060
A2RT1ARHSAWVAT	9061
A2RT3ALS62WES1	9062
A2RT43G8ZATPXJ	9063
A2RTCTTNROH03O	9064
A2RTD3J6CW9XI3	9065
A2RTUZEUT87V92	9066
A2RUBYLIM3T9CH	9067
A2RUHXK45RYEJM	9068
A2RUJURWWC44NS	9069
A2RUKL5510IF35	9070
A2RUYJO1434MZP	9071
A2RV1FXKFPF70R	9072
A2RV8B3LE13PCP	9073
A2RVCF21L2NPU5	9074
A2RVJTV50KPSWZ	9075
A2RVL8C1CLN6LT	9076
A2RVQVAWIU7LDW	9077
A2RVSAIPOK5Z3H	9078
A2RW587355CMVA	9079
A2RW9JSBXMPEPY	9080
A2RWQD4RA3ECUV	9081
A2RWUNYAPKFP5N	9082
A2RX3732QF5S1F	9083
A2RX62V4E2BF5Z	9084
A2RXENJN010MBB	9085
A2RXOQQCU6Z2X8	9086
A2RY11QR4J8N27	9087
A2RY4E6DP3M2L2	9088
A2RYDPHD0M5S7I	9089
A2RYDZTNVT38LJ	9090
A2RZ8UCJH8UVTD	9091
A2RZCIHN8GHZ0T	9092
A2RZCNXMHFUUS6	9093
A2RZMT18TYDFW0	9094
A2RZQLP5PKBOD	9095
A2S036QNK68S8T	9096
A2S05C6YKNGMC5	9097
A2S0BNHT5WITGJ	9098
A2S0HZ2WHXRKD	9099
A2S0OCLA202TIH	9100
A2S0PQDK7QD617	9101
A2S0QFB5HDWDBZ	9102
A2S0QP2A5D0UZQ	9103
A2S14AFF3I1PEI	9104
A2S16U5U3UGH01	9105
A2S1A8JBE2EKP9	9106
A2S1SXPG0R1QDC	9107
A2S1Z5XZYL9XN9	9108
A2S244KFX0745K	9109
A2S26YGSVXBCFL	9110
A2S2ADSU70LGJV	9111
A2S2DZ1S2KLOX8	9112
A2S2MA2UJEPITG	9113
A2S2NREEIHSK03	9114
A2S2OEZZMB9YWQ	9115
A2S2PW6ESHF2H5	9116
A2S33864D6OY5J	9117
A2S3E4ZYS36K7A	9118
A2S3NDD74KFM85	9119
A2S3P1SFNAVXUU	9120
A2S3RCK4NIK0J3	9121
A2S3RYVOWFHPAT	9122
A2S47871X9E0S0	9123
A2S4EQVFTQTYYE	9124
A2S4K12ZRWAEJR	9125
A2S4T2IRTTV9JT	9126
A2S4YZWQ8VJPXN	9127
A2S55YS1UDQ52C	9128
A2S5CZTWD8IA7M	9129
A2S5M7NAP0DH1M	9130
A2S5N90GKXKZF5	9131
A2S64B0HGQCY67	9132
A2S6EIJSP6UBUW	9133
A2S6NC00ZKGOAX	9134
A2S6QCNNN8AK91	9135
A2S6VMJSMXIAC9	9136
A2S73Z7ZR6HAMX	9137
A2S7BMYXPIJ3VK	9138
A2S7E70C15YD5W	9139
A2S7IP5VH3OQHH	9140
A2S7VD14KJYXJG	9141
A2S8YV63JSMREY	9142
A2S91L57H81THL	9143
A2S96KWPYBQRH2	9144
A2S993SHXS22Z4	9145
A2SA1FQNYT0X00	9146
A2SA2BX8NIZCZO	9147
A2SA3G2RPDEVRL	9148
A2SAKBTBTR2BNB	9149
A2SAZI6BFO71TC	9150
A2SBVOQQEUNHU5	9151
A2SBWW3UKUNVAO	9152
A2SCDXDKO38XOM	9153
A2SCLDRJVILF31	9154
A2SCN2SMSM50FI	9155
A2SD01IQGOX97S	9156
A2SD1Z4OROY538	9157
A2SDB7URP2KIB5	9158
A2SDDM1UJ5XRDF	9159
A2SDRCBPIAXVDW	9160
A2SDV2CC0YMEWD	9161
A2SDXHXIZKDUQT	9162
A2SE5EJ7B6Z8NP	9163
A2SEOSNVLYZRVX	9164
A2SF6FVVI5UBA3	9165
A2SFQY1U8BAOHP	9166
A2SFWS7F0CKXWI	9167
A2SFZP7PSISVER	9168
A2SFZXOND2EL2V	9169
A2SGIRFEJL82G5	9170
A2SGLLZNNEG32C	9171
A2SGMXM2GSYSM6	9172
A2SGS2GWEY4PXS	9173
A2SH6A32BE6NEV	9174
A2SHBUJ3JAZTO0	9175
A2SHFKMNO2GWEA	9176
A2SHQJP6PNQTLD	9177
A2SHZMQIIFYYGW	9178
A2SIFAVJTRBHIU	9179
A2SJPGA55DRDEU	9180
A2SJQX5SEWQ1XM	9181
A2SJTRA46IB0IH	9182
A2SJX70K35I0HX	9183
A2SK736KN60MK2	9184
A2SKDKKNFQEHE1	9185
A2SKO3WJMJNPRY	9186
A2SKV4WHQL1Z4V	9187
A2SKYPCF3RH7E4	9188
A2SL2LG9QDAM3Z	9189
A2SL4SD1OYDY5O	9190
A2SLFIR3G6PX5	9191
A2SLNJTT9SH2JE	9192
A2SLR2VUDUGCQM	9193
A2SLX6UHHYCMCV	9194
A2SM4UDA4BMFJS	9195
A2SM54CMWYY1LT	9196
A2SMAH87NY04AN	9197
A2SMD2TUEZTZQ4	9198
A2SNBPR3PX7DAP	9199
A2SNRRXE9M9ZDY	9200
A2SNUORW55MZWO	9201
A2SO80MI0U1JUF	9202
A2SOGFRG1AC7J8	9203
A2SOKHEHOGE1GH	9204
A2SP1YPM49J3W4	9205
A2SP41NNR0KMV2	9206
A2SP7SOF7HXLC7	9207
A2SPUUV9CAZQI8	9208
A2SPV96SGOEO2	9209
A2SQ3PPVMGUHZ8	9210
A2SQ7DGBUIAUMT	9211
A2SQ8MYJI4SCHJ	9212
A2SQFFQRZX0GEJ	9213
A2SQI5NLZFGF85	9214
A2SQQEBFON8DN4	9215
A2SRJ3UO5MKSGX	9216
A2SRJ900P3AG73	9217
A2SSYPHOI6EIJE	9218
A2ST87925CHU2V	9219
A2STDS11UG3TRD	9220
A2STPDNR3VV5OD	9221
A2STYNTQ4NQTJ3	9222
A2SU3YH0H2SHRR	9223
A2SU51B08CYCMY	9224
A2SU6JFFP4GYRN	9225
A2SUTIB1V3993Z	9226
A2SUU00J3TMDN5	9227
A2SUZUI7HGR0FB	9228
A2SVJ25T8F8BTW	9229
A2SVJWQVC7ZDMT	9230
A2SVPLA3RQAUPC	9231
A2SW5469L1KF47	9232
A2SX0AP507CQ1Z	9233
A2SX7X8QGQVCJU	9234
A2SX8OGJMKE170	9235
A2SXGR38BJR47M	9236
A2SXHP3384ER6W	9237
A2SXMER38SJTQ5	9238
A2SYD51JMM3B8W	9239
A2SYPFPEDX3LJD	9240
A2SYYT7NP9H953	9241
A2SZAATAEKM736	9242
A2SZLM2N5UQ34M	9243
A2T03C6NMQLIP3	9244
A2T04VAIXSKJH2	9245
A2T09F5YF768H2	9246
A2T1S413O7AFJN	9247
A2T23SQZ6YF2VC	9248
A2T27DSA3U36HT	9249
A2T2UGL3N7NLLN	9250
A2T2VM32L6N20Q	9251
A2T3NM0FY01QS2	9252
A2T3ON1EA9VERR	9253
A2T3ZZTB6DJF8S	9254
A2T40Y2SNTE0I9	9255
A2T42N6MVFL00W	9256
A2T4EJCULLEK69	9257
A2T4ZSNSSF2FY3	9258
A2T5EZ5ZDAO96Z	9259
A2T5OGCTUKR0E9	9260
A2T5OON2DGE1PR	9261
A2T5VFMUGVV1XG	9262
A2T61DILLRUPOE	9263
A2T6BEUF7DJS7N	9264
A2T6UCE94P1BSZ	9265
A2T6UOMP7YYZA2	9266
A2T73ILK4WCOSP	9267
A2T7GJONIZFP1Q	9268
A2T7GP45YAQ7HO	9269
A2T7GZ74MZI0MN	9270
A2T7Y77I5P75RT	9271
A2T86G438HZMQ6	9272
A2T8AJOK806D	9273
A2T8T4V86QS3BR	9274
A2T8X6EYX3PF1B	9275
A2T904CO2FZG69	9276
A2T9EHCUD7CNEB	9277
A2T9K9Q87NC8DP	9278
A2T9WCS02OA907	9279
A2TA40MV2H4O6F	9280
A2TA7NZO8PAEQ5	9281
A2TBAUW2W7J538	9282
A2TBCABPJGYNHH	9283
A2TBP2K9OF4Y3X	9284
A2TC4FQGHFHA5K	9285
A2TC9ZPQXQ6K80	9286
A2TCER1495J5KR	9287
A2TCG2HV1VJP6V	9288
A2TCHZ6YNLA8O9	9289
A2TCI0C6PWWLW2	9290
A2TDW6NOL0BYFN	9291
A2TE44DT7N8A0V	9292
A2TEAQ7XD3B11B	9293
A2TEIRDJNGX61I	9294
A2TEKX7CFZHU51	9295
A2TF003V81T2MG	9296
A2TF0IJ8V929XJ	9297
A2TF35XK3JSZIJ	9298
A2TF4KSCMJHMVF	9299
A2TFBF9OA0XVFW	9300
A2TFGY29DA562B	9301
A2TFXQ90NMNWTZ	9302
A2TG00IK82LVDR	9303
A2TGH4VRQCS10Z	9304
A2TGIMHSVD878Q	9305
A2TGM6A2SA726Q	9306
A2TGRLA5GNLHOB	9307
A2TGU6BUDAWDQX	9308
A2TH9FBFQ3DXFY	9309
A2THNFFFYO1A6P	9310
A2TI2PK0HUZ2SP	9311
A2TI4Y4OJEFDJF	9312
A2TI5R93FF69UN	9313
A2TIAB7GY9G9KU	9314
A2TIP4NEY64PLK	9315
A2TIP7EK8BK65I	9316
A2TIZQGYAAQ5KJ	9317
A2TIZYHKY3TL6A	9318
A2TJ4H4DUM87JR	9319
A2TJ89QNOHVFZ2	9320
A2TJAMI1JJ166E	9321
A2TJJCSCF7YKB3	9322
A2TJKX2LKCSKU3	9323
A2TJLZPKD1MW24	9324
A2TJQUPTZOD7QE	9325
A2TJSDKB71NJAT	9326
A2TK5CSXG5VKS9	9327
A2TKAKKD3TCKJG	9328
A2TKD12P8DUC2Q	9329
A2TKEMX4M9Y6E6	9330
A2TKJW5BR3KN08	9331
A2TKZ9P58497WU	9332
A2TL4UYN59BTHJ	9333
A2TL6R3P90X4DO	9334
A2TLWYTYZX7IW	9335
A2TM372YOODVIQ	9336
A2TM7V4LIDACMB	9337
A2TMAI6UD2HQUX	9338
A2TMKQFQ0W6GM0	9339
A2TMKS584AETCV	9340
A2TMROLEHGPDS1	9341
A2TN58XT8SBYY9	9342
A2TNEYVYHY3C4C	9343
A2TNFU12S1DYRA	9344
A2TNHRF53LC9RT	9345
A2TNMG3EFM31YC	9346
A2TNYWM7C0EVQI	9347
A2TO3FEFPPEW55	9348
A2TO62DEHAS7QF	9349
A2TOLNSD3MCJPH	9350
A2TOLOXNDL6SKR	9351
A2TOP3D05WNABA	9352
A2TOQYWJBF6KVA	9353
A2TOZ7WR2FFE4Y	9354
A2TPQV3JE8ETGF	9355
A2TQO3RX378S1H	9356
A2TR37PZH1QY06	9357
A2TR3V7NIE3CHL	9358
A2TR8JU97J786N	9359
A2TRDIO44OUHTO	9360
A2TS040W2FW5O	9361
A2TS0HP6UFDTSS	9362
A2TS69HD3UWXAA	9363
A2TS77S3W0U36U	9364
A2TSJ11N0EVYH9	9365
A2TSJ1MHISL8Q6	9366
A2TSRC3W2NMJX0	9367
A2TSSCST08TG5H	9368
A2TSTJP0B3A3H5	9369
A2TTFINOGLFSJY	9370
A2TTHN1UMO82VY	9371
A2TTLRMZIJG276	9372
A2TTZJ4SDGME4O	9373
A2TUOJ0NZ5T01H	9374
A2TUVI14RVR15Y	9375
A2TV4LKQ8CQS3N	9376
A2TVH2OBNXYXHV	9377
A2TVJ0YDW3QO63	9378
A2TVN9OUZU6MPP	9379
A2TW0UR081Z0H4	9380
A2TW7DLAOEO5Y	9381
A2TWGNF6XGK4D6	9382
A2TWJ40S9HFUOB	9383
A2TWO5CLBUA5E6	9384
A2TXMYYGSZCSZ1	9385
A2TY9KJ0B5LI0P	9386
A2TYOUN7A2UVAU	9387
A2TYQWCZEVZRN3	9388
A2TYS36XMDONL	9389
A2TYWFQ0BHL0QY	9390
A2TZ7DGBCLI5N	9391
A2TZSJ53O6FKCG	9392
A2TZT5AMK1XQTC	9393
A2U01IN6YFRDSV	9394
A2U0I2SNNI9HAM	9395
A2U138G3VKRZSL	9396
A2U1SJB87Y4BEN	9397
A2U1UWRLP38K0	9398
A2U2L2VUIXUHRC	9399
A2U2P1UCMZF0DG	9400
A2U3KT37A44NBM	9401
A2U3O7MPKDALYY	9402
A2U4QPHG0CQQTB	9403
A2U509S9H8ZRTC	9404
A2U54IOX5Q3Y2B	9405
A2U5GU21D0HHU1	9406
A2U5IS60A0YZOV	9407
A2U5YKI7MLSD73	9408
A2U65XOK057RNL	9409
A2U68N3N71LB7K	9410
A2U6BFOWKSDB8K	9411
A2U6IVZGDXWVSR	9412
A2U6UPHSBJ0SOY	9413
A2U6VP21H9UVV3	9414
A2U6WECRAMAN91	9415
A2U7BVPBW4AZTH	9416
A2U7DXDNYBBLQJ	9417
A2U7MC5ZB0FF01	9418
A2U7V66VTVG6GS	9419
A2U83F56R1OEO9	9420
A2U83VDVJMAB2U	9421
A2U8QA856AC193	9422
A2U91K21IP9JNW	9423
A2U95XHDOPN61A	9424
A2U98CI8NMQL4O	9425
A2UAFMHJCX2ZIP	9426
A2UAQ83AY3C3CY	9427
A2UAS6OGCR8IUG	9428
A2UBG2H61T7SJO	9429
A2UBSGFCP2QFNV	9430
A2UC4MN95R4MEV	9431
A2UCLYOQQZ4HWD	9432
A2UDF8U7P3H5P	9433
A2UDGLZ1FA4UDX	9434
A2UDWDVU1FWYTQ	9435
A2UDY2FIZCVTTN	9436
A2UEB48LAWFUCW	9437
A2UEKZD1GYUHC9	9438
A2UEO783Z4FMP1	9439
A2UEOYW1YH7SHT	9440
A2UEP55CE6QDVB	9441
A2UEXRSRBUBTNX	9442
A2UF1LG383U72L	9443
A2UF34QX6DJJCV	9444
A2UF70UJD27RNG	9445
A2UFDSAKWWJ0F4	9446
A2UFH6Q6LJHR97	9447
A2UFHTGDPTUJQ7	9448
A2UFT31MBLM9VN	9449
A2UFYJQMZZULKI	9450
A2UG0R9LUL2N1Z	9451
A2UGAN36E03HIA	9452
A2UGBQSNS1I37M	9453
A2UGGWDWEF1TMW	9454
A2UGPTX9R9SPRG	9455
A2UGV0XSQKQ8UI	9456
A2UGVB778GMH1V	9457
A2UH314FV64XY6	9458
A2UHFM6QYVUZCH	9459
A2UHL9J4ZTXU4J	9460
A2UHOPDQS1DKKI	9461
A2UHVZK2X66C4C	9462
A2UIC8SXGGUKBE	9463
A2UIF7LREAP1UL	9464
A2UJ651ABZP41G	9465
A2UJMPA9F6DEIT	9466
A2UJN8SKKZD3CC	9467
A2UJRB17J48ETX	9468
A2UKT61KI6L496	9469
A2ULD9JD9A3M5M	9470
A2ULI9R0G9FUGK	9471
A2ULQOGN59LDNK	9472
A2UMPSR6CAADM3	9473
A2UNDLL6OWTTQE	9474
A2UNFBHRZ0IB5J	9475
A2UNKYXPZRWX5	9476
A2UOCE4NNKI5RA	9477
A2UODVT7DD3QCP	9478
A2UP070S0MYD29	9479
A2UP81NU4PQJAO	9480
A2UQI133Z9SAOF	9481
A2UQIIJ2CD8REE	9482
A2UQIQUOAB47OT	9483
A2UQK0FPY9HE1L	9484
A2UQSEBKVAGJTW	9485
A2UQUD34YN2WE6	9486
A2UQVT77H9CZ7B	9487
A2UR1HHD8R2MTG	9488
A2UR72OL0S5DCG	9489
A2UR9GEIULV4Y0	9490
A2URD460P4XY10	9491
A2URI32OWJ0T9E	9492
A2URJVGVIBWGMI	9493
A2UROPA44E5HZR	9494
A2USLSIO41U7T4	9495
A2USMIT2CSA08	9496
A2UT0FWM1DHKFJ	9497
A2UTQXA2X3Q1TG	9498
A2UTSMVJ8C303X	9499
A2UUT9GTVLBKRQ	9500
A2UV2JSXL84QC4	9501
A2UVALBUHC7E2X	9502
A2UVJIJ26VR8AY	9503
A2UVNSXEH81C43	9504
A2UVRQI23RKNN2	9505
A2UVVB0EJ3G97R	9506
A2UVYCQOY2756H	9507
A2UVZR2FSCKV3N	9508
A2UX4THD6SYWN	9509
A2UXF5DEG7I162	9510
A2UXXMQGSUZ1PB	9511
A2UXZWZBELI5PD	9512
A2UY1O1FBGKIE6	9513
A2UYP7X35HRDUQ	9514
A2UYQHB5U8WZM	9515
A2UYVS7F7BJI1S	9516
A2UYWE97KME0M	9517
A2UZ3P6869FB60	9518
A2UZIWB7R12JOG	9519
A2UZKG9X249UFA	9520
A2UZWRTYAM5ROV	9521
A2V0I904FH7ABY	9522
A2V0NXWV4CLDHN	9523
A2V1BW9DH9ZD46	9524
A2V1J3JT5OOZFO	9525
A2V1KIEKXRI94W	9526
A2V1RA4EHYDZ4U	9527
A2V1S8KZM8NCWK	9528
A2V1Z11YAVUFRI	9529
A2V247ZQT9OJIT	9530
A2V293S5VWOQNJ	9531
A2V2LZUW8JMY3X	9532
A2V2PDZS05ZLFU	9533
A2V2R0HGO6M425	9534
A2V2URLB31HG59	9535
A2V325C5TYPZTQ	9536
A2V3HYAS16V30T	9537
A2V3LCEQFZD16Z	9538
A2V3ZGU5MI8AX3	9539
A2V4B7582F4YGJ	9540
A2V4XV5S2MAI4B	9541
A2V4ZEM7Z5MYVI	9542
A2V55F355DDVCG	9543
A2V5R832QCSOMX	9544
A2V5UG21IKE4DC	9545
A2V65NBADV4HY4	9546
A2V68VWCJY9KDG	9547
A2V6CNISF02TDB	9548
A2V7AHQ4U1L4Q8	9549
A2V7OMGASX4A3Q	9550
A2V870ZMVCHNDM	9551
A2V8DFJOVTCHIQ	9552
A2V8J7M9N87AKZ	9553
A2V8LFOB4P47LX	9554
A2V8O6PWFD24V1	9555
A2V8R6P7E0C1MB	9556
A2V8ZSKES49RGW	9557
A2V92F5R7MLCVI	9558
A2V98TS4QDDCG9	9559
A2V9DBUTLD7X4S	9560
A2V9DTXTQ5YIMK	9561
A2V9LVAC3KKEE9	9562
A2VA3FJ80Q3I1E	9563
A2VAB89TV0SK9J	9564
A2VAD79S4A06DD	9565
A2VAIHJJ0KV28S	9566
A2VB5GQRKXOHAM	9567
A2VB8PYIOVBWZN	9568
A2VBTN6ZR67YOF	9569
A2VCXIAWCPQ13P	9570
A2VDA5Y5BHZCZS	9571
A2VDRGDAXHZDOQ	9572
A2VDSIII404UTO	9573
A2VE448CUB907P	9574
A2VEJDERH3PMKZ	9575
A2VEP4OGKFKBAZ	9576
A2VESKYGU4Z2HA	9577
A2VF3FQV2SAP7S	9578
A2VF6VK8P7UJVA	9579
A2VF9VXXYYH2TY	9580
A2VFCSY7WSD0KU	9581
A2VFJG4Z1ZCPS4	9582
A2VFPKA8VAC02E	9583
A2VFS97DVTI6K0	9584
A2VFTRVR4M7WOP	9585
A2VG3TH6IMOVKM	9586
A2VGS3XZMQQQLU	9587
A2VGXB6X0L90S6	9588
A2VGYSGHGJTYE7	9589
A2VH0UT5EQFB6P	9590
A2VH2YAMZLOT6X	9591
A2VHCA21QKNEKE	9592
A2VI3LLP9723MS	9593
A2VI526U0XLTBR	9594
A2VIX3WXF4HG9T	9595
A2VIY2TL6QPYLG	9596
A2VJ0D8TVXD9H9	9597
A2VJJ2POCLMED7	9598
A2VJNPVZI9LLWE	9599
A2VJPY7A1DTF6Z	9600
A2VJR0AM9MPOM3	9601
A2VJSUOL3U7YN2	9602
A2VK52XV5SP3HG	9603
A2VK66B4JUVEZI	9604
A2VKM2FTBHRVVI	9605
A2VKO22JLO119V	9606
A2VLTVTIIP92RD	9607
A2VM9WT6P47HQE	9608
A2VMT89TCSF105	9609
A2VNUI9CZ49FTR	9610
A2VNZL6829HGRI	9611
A2VO690VY0FGT1	9612
A2VOLRCMO1BJ88	9613
A2VOW5HNCUIPCQ	9614
A2VP356VHIKHRU	9615
A2VP51TAW3BO0C	9616
A2VP7YLE0Z30A4	9617
A2VPJDOF6UN6SN	9618
A2VPNSU1F6YPWL	9619
A2VQUJ84ZPT27S	9620
A2VR5FF0M37ZYH	9621
A2VRAT69JDAD3W	9622
A2VRCF7SM6WWU	9623
A2VRHU7G3PMF3I	9624
A2VRJRL8HFGAIV	9625
A2VRY0S8BD6IAA	9626
A2VRZBFBTQDZOC	9627
A2VS0SVJFB37KG	9628
A2VSOTEFL3IZ3H	9629
A2VSTCKMUB46LL	9630
A2VSU451KCM587	9631
A2VU1265IAJXIV	9632
A2VUTFKZYIBZ36	9633
A2VV4JDBMOHNF8	9634
A2VV6CRPTCB5XD	9635
A2VVBAWTTEHC6B	9636
A2VVBH89DH97XA	9637
A2VVESPS94IF9G	9638
A2VVKLY8A6WVWN	9639
A2VVOJVKB96CZF	9640
A2VW4FYZILSXF2	9641
A2VW6Z66EODBT8	9642
A2VWD4L4UEBNLC	9643
A2VWE5SGNDS8HW	9644
A2VWEBEWNPRLI2	9645
A2VWHMS5KYQL7F	9646
A2VX99RIUGBJPY	9647
A2VXI950XOB9Q	9648
A2VYA302TO2K1C	9649
A2VYLXYG3H6TYN	9650
A2VYS4G2VZAKSG	9651
A2VYWKKTV695ER	9652
A2VZ78ROXQ1CCR	9653
A2VZBLOBU45H0Y	9654
A2VZET5SXXG5AJ	9655
A2VZHBC601Q4JY	9656
A2VZIDM2VSK3GX	9657
A2VZTL95XLCCD6	9658
A2W00XKTTF1G0Z	9659
A2W01XX106L8V1	9660
A2W02KD08D9MJC	9661
A2W0AJD1QWP1H4	9662
A2W0GY64CJSV5D	9663
A2W0PZF2XXVHS4	9664
A2W10EB5MH7XQK	9665
A2W122IM0OT3RV	9666
A2W188L2F23EAV	9667
A2W1AW7HJ9875U	9668
A2W1LAJDCR6994	9669
A2W1UCDVRUQ43Q	9670
A2W2E6BPPYZO0T	9671
A2W34ZSDBOPC6	9672
A2W4014S06NAIT	9673
A2W44YQFS5TAZH	9674
A2W499RI8VI42W	9675
A2W4BO3M0A1KPL	9676
A2W4K4WUJEMWFY	9677
A2W4ST4L33BWXF	9678
A2W5DUCPEEAVDH	9679
A2W5EPWH46DUCL	9680
A2W5PPTR31BWN9	9681
A2W5Q0C4D15Z3	9682
A2W68KXXC5M7FQ	9683
A2W6I1S8FNQUO	9684
A2W73NIFE7MDZL	9685
A2W7BY9YUWHIA	9686
A2W7ELGTCQ0UOQ	9687
A2W7FZKP0H0MNT	9688
A2W7QWXU18MXV3	9689
A2W7RZNV7VAIF8	9690
A2W7WUVO0JA6LL	9691
A2W88VUGI6DMEM	9692
A2W8DUZ7JXIFAL	9693
A2W8LRISM2O14L	9694
A2W8LZEXU22E8M	9695
A2W8OF3Q9YAPK1	9696
A2W99G61E5ZPF0	9697
A2W9AZ2R2U843C	9698
A2W9I628I6SE1U	9699
A2W9RPAGRN3O1S	9700
A2WA4Q15BNZ78J	9701
A2WA77NGFFLUGN	9702
A2WA94ESPYZF0J	9703
A2WAKIWHTHSZDR	9704
A2WB4OWBUH2VQX	9705
A2WB7LZ595CR50	9706
A2WBB8QN9S617	9707
A2WBEJH71SND3T	9708
A2WBJES4BDCUFB	9709
A2WBK72E470OEB	9710
A2WBQ5Y3QJ8DX1	9711
A2WCA2GRF78DWN	9712
A2WCAE2313FJP7	9713
A2WCDPO01CDUHK	9714
A2WCDQ7MRLUVK7	9715
A2WCGVK522264P	9716
A2WCIU7YBVSBHC	9717
A2WD00B0BWJ24E	9718
A2WD0WFFAW7R61	9719
A2WDTRTUJTFF1O	9720
A2WE84Q2TEP8TI	9721
A2WE93LJX8PMT1	9722
A2WEKE1LIKG5FP	9723
A2WF0MSN1CHXCY	9724
A2WF5EFBRZE72L	9725
A2WF5J4XI1ZFXM	9726
A2WFXYRDB5A0N5	9727
A2WFZWRYWLC20S	9728
A2WGDVAR0SORKZ	9729
A2WGJG1QUCXCT9	9730
A2WHFJLN0R2PD6	9731
A2WHQZXGP0DOYS	9732
A2WHSS0XUOXPMQ	9733
A2WHU9ZLS33A6W	9734
A2WHXX3Y3GDHXU	9735
A2WHZD1IKFRUEC	9736
A2WI15EXYOWBK	9737
A2WI2U6OAXM8CF	9738
A2WI32WWOZB9X6	9739
A2WI3UMYRDJDD6	9740
A2WJ1XBJUZVKH3	9741
A2WJ2NBSKJWEVY	9742
A2WJBS7I1X296A	9743
A2WJH1QD0M9X51	9744
A2WJH20E75UKVM	9745
A2WJMG3TDN8AVO	9746
A2WJPPY8791H5O	9747
A2WK7A8K9VTWRS	9748
A2WK7Z5VZTLJAU	9749
A2WK7ZBM33IF5L	9750
A2WKX9G7UIUE7S	9751
A2WLCSZB1EAFAM	9752
A2WLGLA2LI5HQF	9753
A2WLIX6XIZB8A2	9754
A2WLJW6XSIDJTT	9755
A2WLNSZ9U0T1S3	9756
A2WML6V8WL6ZXJ	9757
A2WMLRWN5GB72K	9758
A2WMMTJN99IQYZ	9759
A2WMONL3J4GXMU	9760
A2WMPR2J915CBT	9761
A2WMU1N173I3AN	9762
A2WN1IVTKU9GKJ	9763
A2WN1QF8GSVHYV	9764
A2WNINTSFLXDDC	9765
A2WNM4JND44AKK	9766
A2WNXIFN6ZZOTW	9767
A2WNXS3CNAQS01	9768
A2WO7CURD15SXG	9769
A2WOBCTR82WDAH	9770
A2WOG5VHHLMSOD	9771
A2WOH395IHGS0T	9772
A2WOZOO71SE81Q	9773
A2WP6XI4K8K130	9774
A2WP8B9T3X61P0	9775
A2WPHR3T1YL46S	9776
A2WQCTXF2T8X93	9777
A2WQQ3VWQA6G9Q	9778
A2WQSJ8U3S2OVH	9779
A2WQUUA4JM9ZK5	9780
A2WQY1B8ZS7QRZ	9781
A2WRHDG9TD15U	9782
A2WRWK0ARXOFSZ	9783
A2WS03A3HFMCI6	9784
A2WS5PMA5N3DD0	9785
A2WS6FMF750EI9	9786
A2WS7HWNWZBG2L	9787
A2WS8FM02592VE	9788
A2WSDJTS2R1R8J	9789
A2WT9FBIC8G2UR	9790
A2WTB7A3IJHNQS	9791
A2WTEV5FT5WVPI	9792
A2WTF3ZI1MUMBF	9793
A2WTMRY38BMEFX	9794
A2WTNQ1AB9RS57	9795
A2WTZYJFWNRAOI	9796
A2WU0H9WFQ4XUL	9797
A2WU1CT9AXRS33	9798
A2WU1G927BVA3H	9799
A2WU96XUF99J5R	9800
A2WUH1Y0SA2SRI	9801
A2WUJ2WUTAF4LW	9802
A2WUR8BFH27GXM	9803
A2WUW5HYEXGREG	9804
A2WUZ5BRK4BEMW	9805
A2WV2USJOJXO7N	9806
A2WV7X2T9ZCEEJ	9807
A2WVF9ZQ068DN0	9808
A2WVO33RRYC007	9809
A2WVRAWNXC5DHP	9810
A2WVRQBLBAJYCA	9811
A2WW05ECGJLY7C	9812
A2WW57XX2UVLM6	9813
A2WWFTDT0ICQSV	9814
A2WWXKYRFOLZ8Q	9815
A2WX0LP3O1D06Y	9816
A2WXCIQ1NKCBM9	9817
A2WXLLCQWH48D9	9818
A2WY9PKWXMHJQR	9819
A2WYO2ITT47D4M	9820
A2WYW7VMSRUBUF	9821
A2WZBKDNVBMLWZ	9822
A2X02RWQ8RFYUW	9823
A2X04QUXQQQV25	9824
A2X05X9H7Z7MVI	9825
A2X06FP2PQ6EK0	9826
A2X0JNNIQMOFD1	9827
A2X186408TL18S	9828
A2X1IIDFC7YSZI	9829
A2X1WWRGFX6EMV	9830
A2X1ZCVGXO0EUA	9831
A2X21KXCZKDQQE	9832
A2X2IMHMK8178U	9833
A2X2UXJ61WYG6Q	9834
A2X2X9DA76CQWW	9835
A2X3BIHTMRKEPU	9836
A2X3L31KCXBHCL	9837
A2X3Q9RROTP6IH	9838
A2X3QSC9OIMC7	9839
A2X3ZG204F6VA	9840
A2X4478R0TCQSF	9841
A2X4GMZMDYKYXX	9842
A2X4R43S3SKLB9	9843
A2X51NRR8NK5YC	9844
A2X51P2IQ2N53W	9845
A2X52ZZ0CVVTSJ	9846
A2X5BBZYZK5UID	9847
A2X5H9BL7ODHPU	9848
A2X5KTI8RDB0JH	9849
A2X5RVYD5FC5R4	9850
A2X688A16UW6LX	9851
A2X6AC07LVLMX1	9852
A2X6B6RN8B0TCB	9853
A2X6BEURR9XT9L	9854
A2X6FC7OXFB61U	9855
A2X6IKQ7Y6HRO7	9856
A2X6QQHNTSKL1N	9857
A2X6T0LVG2TZ76	9858
A2X6WMYTYRE130	9859
A2X6ZNP4SL5X75	9860
A2X7C89I7YRX1O	9861
A2X7FCZP3ESM4U	9862
A2X7NBUETXC19E	9863
A2X7O4TUXVXGV3	9864
A2X7Z2R324ZSDB	9865
A2X8C7RGS7NP8S	9866
A2X8RY3L6VUPFK	9867
A2X9IL0FYGKS4J	9868
A2X9NKSC6BL7XP	9869
A2X9PEXA90O7ZU	9870
A2X9UVBGLYQZTN	9871
A2X9YLKUENY5SG	9872
A2XA8CW5DF4MNZ	9873
A2XAXYWIMI6765	9874
A2XB3CNCYBRJVA	9875
A2XBE812RSFZO7	9876
A2XBYFFV4D34IB	9877
A2XBYW49YTCTSA	9878
A2XC7BWUEMSQMC	9879
A2XC8MF14WTYZ2	9880
A2XCCN239AR1XK	9881
A2XCL1L7FCSOO7	9882
A2XCREOFZ8ZV4Q	9883
A2XD07905RWZQQ	9884
A2XD1RIC2WV2J0	9885
A2XDDJS9XUFBMI	9886
A2XDQLKDWBDWAJ	9887
A2XDR2LDC234JF	9888
A2XDSQNJM8Y3VU	9889
A2XE16YVL2I4H7	9890
A2XE22QX9W59F1	9891
A2XEO5SX3YTE3I	9892
A2XEYM931I6552	9893
A2XFJUAVUEHP7X	9894
A2XFM8PN6G0B02	9895
A2XG8I7VV2AUQG	9896
A2XGB3EHCOT3F1	9897
A2XGCAQM1H83SW	9898
A2XGEZGTIBLPG1	9899
A2XGMYVQQYH6EH	9900
A2XGTN7CSBQHCC	9901
A2XGX4L2LYV5ZZ	9902
A2XH6KI5ZLRLPS	9903
A2XHAL5LZM1PPC	9904
A2XHFEJSOBA1FF	9905
A2XHG3BCDID0HD	9906
A2XHMLLFDJ3SUI	9907
A2XHZ7VYREN2DT	9908
A2XIVSSWNQBRM2	9909
A2XJ39LA9J5N74	9910
A2XJF57IUWGIO6	9911
A2XJZ3PB7NQ0DD	9912
A2XK009VM3OBG7	9913
A2XK4NWE13VRFM	9914
A2XK86IV3B16CO	9915
A2XKC0QMG2CEO4	9916
A2XLFCFWVF9CM7	9917
A2XLOT6AXNBHSH	9918
A2XM1UXPYK78S5	9919
A2XMDFZO4CE0FL	9920
A2XMO247S0NBJ0	9921
A2XMR57G65YL	9922
A2XMSZGRF5YF6S	9923
A2XNFW8117FS3C	9924
A2XNI4DVRX9VAM	9925
A2XNKMGEYHLUK7	9926
A2XNLIC0O07GPW	9927
A2XNQSGY2MN74I	9928
A2XOGLJ3V3X7DR	9929
A2XOGQZH6L5U2H	9930
A2XOHKWVIDA0VA	9931
A2XP4YDXVOA892	9932
A2XPH2VRWXDCVC	9933
A2XPT8ZZH17XGW	9934
A2XQEU59A2IOJ9	9935
A2XQL1IICTEE29	9936
A2XQMOMWE46UZA	9937
A2XQW1K6ALWSMZ	9938
A2XR2PMQAG8AOQ	9939
A2XRR3JDCDV4SA	9940
A2XS71RFITRXCB	9941
A2XSFDGWT5QR9K	9942
A2XSNKY719WLNP	9943
A2XST2OFZ6IRGI	9944
A2XSVJB8YKITCD	9945
A2XSWHWTLZ5H36	9946
A2XSY4L7GDHV4W	9947
A2XT8C2ASRLF2M	9948
A2XTSPMB8FVIZ7	9949
A2XTZT8IUYG0T4	9950
A2XU46XXNV19C8	9951
A2XU6J41ZQOJ2V	9952
A2XU6O3VXGECJH	9953
A2XU9QGZ68P1NZ	9954
A2XUH5RF4OISMB	9955
A2XUQN9HUD6ISG	9956
A2XWY5S9AA7L8H	9957
A2XX2A4OJCDNLZ	9958
A2XX3EEFS9GI18	9959
A2XXRQQJ3UG7N	9960
A2XXZQ46FZGJQC	9961
A2XYAK5P9LS7C4	9962
A2XYCH4LWBZ3TA	9963
A2XYGJ7FAK0QR7	9964
A2XYGW2HZZG4LB	9965
A2XYH8IHILWW7X	9966
A2XYZQ1FAQ6EI1	9967
A2XZD9DPDGFQA1	9968
A2XZFXWPFVRKP6	9969
A2Y0H12XDS0TGH	9970
A2Y0R9XM45HH62	9971
A2Y0U58QT9M383	9972
A2Y17F3LAN389H	9973
A2Y1GQ5EEG65D	9974
A2Y1I6IU9NUJ58	9975
A2Y1R0BTSW56LZ	9976
A2Y1XWWGJHEOHQ	9977
A2Y20VP3OQA6ZO	9978
A2Y29IRSI08F0I	9979
A2Y2BV6ZG5F6PM	9980
A2Y2OW2CR3WMRK	9981
A2Y2T7UTIGG1GJ	9982
A2Y31A0NRROB1W	9983
A2Y3CC95T33QWS	9984
A2Y3EIC15JB7MV	9985
A2Y3Y55373HX9Y	9986
A2Y4GD52T2X44F	9987
A2Y4HPQD4Z3KU	9988
A2Y4W8URP46QVA	9989
A2Y4XKRINWMEU5	9990
A2Y571POFPLOWJ	9991
A2Y590NJIDF2BX	9992
A2Y5CQJNTYS8OR	9993
A2Y5R0F7U0AUV2	9994
A2Y5T1O43P14RP	9995
A2Y5XCN7RQQVM2	9996
A2Y63T9QTZ105B	9997
A2Y64451CQW6BO	9998
A2Y67I6C50BBJY	9999
A2Y6IDYSDC9QTY	10000
A2Y6LIDX1DW26Q	10001
A2Y6NYY11EODRU	10002
A2Y71CUI7ILZSH	10003
A2Y739CRM15WDL	10004
A2Y7553OLRXBB9	10005
A2Y771VL7HT81N	10006
A2Y87U9VKGRAAW	10007
A2Y8DSDETXEZUK	10008
A2Y8IDC1FKGNJC	10009
A2Y8JYGI3Q8R5E	10010
A2Y8LM3JEM5T1H	10011
A2Y96MUF4VWAOW	10012
A2Y9G9JKY54ZF7	10013
A2Y9Q058YCA6HJ	10014
A2Y9ZKMKFGS5D9	10015
A2YA7IC6PUGQ5O	10016
A2YAH2BK3UM2CY	10017
A2YAHRE2M0MSAS	10018
A2YANWYUJFJ7DW	10019
A2YB7DLC3FOR7W	10020
A2YBWEYLTIF9VE	10021
A2YCECWGA0VVS7	10022
A2YCEKVUN1W5F1	10023
A2YCJZJVP48AL7	10024
A2YCR3RK42OYAG	10025
A2YCUCEYXT9VHX	10026
A2YD9X4DEMRD6K	10027
A2YDH7VIA1SHFG	10028
A2YDJNFFJZ1KPO	10029
A2YDNST1EM43CE	10030
A2YDTSRG9Q5TI3	10031
A2YEDJEVKRYSGA	10032
A2YEJVOJ5AZ4QM	10033
A2YEOR4XJ8N3QE	10034
A2YFAHRCIBKQ5Q	10035
A2YFE7MYLUTN90	10036
A2YFJ7B70DQM26	10037
A2YFZ0UYCG2EO3	10038
A2YG3JI1O05776	10039
A2YG3VKX9E7V37	10040
A2YGB747HQLREO	10041
A2YGG8XI23OYZF	10042
A2YGO2HR2T7N0L	10043
A2YGTUG4ZZ7X9W	10044
A2YGWWQD61V1FF	10045
A2YHBS040TSI3B	10046
A2YI2KPP76F4JA	10047
A2YIA6LSIUU5ZJ	10048
A2YICCILRTBMT6	10049
A2YIE3VQ9WSZ1	10050
A2YIRIQQVWFI6V	10051
A2YIRW1AMF0TS5	10052
A2YIV3H1LGAGYG	10053
A2YJ1LE44M0QK1	10054
A2YJ8DTKG0V1AH	10055
A2YJGPPCWFBWZ	10056
A2YJHT2DC3ADGC	10057
A2YJQ9E4B92CCN	10058
A2YJV3YQX5PQ5P	10059
A2YJW8K0B05FOS	10060
A2YK4MHPPAPTH0	10061
A2YKN8E68KVMZL	10062
A2YKS8WFJ6HOO9	10063
A2YKWYC3WQJX5J	10064
A2YLIZDH3P1OV6	10065
A2YM3KILJ1G0YJ	10066
A2YMR7IRKLZJMV	10067
A2YMV767AP7Q4C	10068
A2YN5YSRQP6HBN	10069
A2YNTGGQ8A4QEK	10070
A2YO0L1ZIV8AWG	10071
A2YO3755046BYW	10072
A2YO3NLYUPVUV5	10073
A2YOE22IU230YG	10074
A2YOWWEPFUK1XU	10075
A2YP323KXIBPQ9	10076
A2YP6NLFGW151O	10077
A2YP9U4DV03TMT	10078
A2YQ24IJEVF3PV	10079
A2YQ2ZI65F37N8	10080
A2YQBFG9YCVZ0K	10081
A2YQJ3PMLRD5RB	10082
A2YQJDUIIPPFI4	10083
A2YQMXM7WYNGUP	10084
A2YR497FJKBNBZ	10085
A2YRLC5HQ7COZH	10086
A2YRSJT69KL8LV	10087
A2YS3MYCBV9JG3	10088
A2YS6TV2A8TM4R	10089
A2YS8QTS9PN698	10090
A2YS9A1EZFRU28	10091
A2YSBFX0HX9CZR	10092
A2YSC34B477R0T	10093
A2YSLP9P26199J	10094
A2YSWNMW4E78GF	10095
A2YT5978PFGYFG	10096
A2YTL3NDH6JAHA	10097
A2YUAPWB0CBR93	10098
A2YUH53E6Q6NHH	10099
A2YUHDONJ2N55U	10100
A2YUZN80FZAC0U	10101
A2YV6F6DLENNTM	10102
A2YW0A1YDE7TZ	10103
A2YW1MG1GKU8XD	10104
A2YWC9PDP13V4C	10105
A2YWT3X8GFJXR2	10106
A2YXG7EVU2H4W2	10107
A2YXM3NEUOT5KB	10108
A2YXNMGY33ND0K	10109
A2YXSMAP0A5TH0	10110
A2YXSVQ168VL8O	10111
A2YXWENP814QLI	10112
A2YXWW0G7S8RZP	10113
A2YYMX9NJ70NU3	10114
A2YYPTX47G5E1U	10115
A2YYS5KXLL016Z	10116
A2YZA9P0YQLOO	10117
A2Z09V593K9IRP	10118
A2Z0FENR7I74TF	10119
A2Z0GI7A673O3P	10120
A2Z0H94Y9K7AAF	10121
A2Z0N3J1GRM9KN	10122
A2Z1KFXOV2T39P	10123
A2Z27VIDOVTU5Q	10124
A2Z2C2N05SJJUO	10125
A2Z2FATA8JNL54	10126
A2Z2M34VUWGLSM	10127
A2Z2MUP8JRJXEU	10128
A2Z2RKOFT8BZW6	10129
A2Z31GQ0ITPDO3	10130
A2Z3EDGYBA75F5	10131
A2Z44ZFSTKEATX	10132
A2Z548GT5948WH	10133
A2Z5QL9U7YU99R	10134
A2Z60PVKWFO3SW	10135
A2Z610QN7YLLVU	10136
A2Z6OKBB2WPRZQ	10137
A2Z6P5A3M3H77Z	10138
A2Z780XULPMGZ8	10139
A2Z7OURYSAHVBF	10140
A2Z7OW9PM7CMVO	10141
A2Z84CIV60N0N4	10142
A2Z867F7BMJBZM	10143
A2Z8QJRAYXKU0N	10144
A2Z8W9BTT59QZF	10145
A2Z8ZFM4SGCTYL	10146
A2Z9A1NCQVNJXN	10147
A2Z9MUWLA5JO5G	10148
A2Z9QB23L95WUY	10149
A2Z9S2RQD542CP	10150
A2Z9WAEEHR4PD1	10151
A2ZA6DRL0A1LNZ	10152
A2ZA7VS6K4WOBM	10153
A2ZA90C41S2J7M	10154
A2ZA9MYCJTO44C	10155
A2ZANU28U51UE9	10156
A2ZB2819N55SMW	10157
A2ZB78R0UFNA4T	10158
A2ZB8B7VQONZA6	10159
A2ZBP1HELRKMHK	10160
A2ZBV3JLSMVIPZ	10161
A2ZBVPPIYJ5IGS	10162
A2ZC1PHAHS5738	10163
A2ZCFVF6U2AHSN	10164
A2ZD9YQUNNDEQD	10165
A2ZDS2QT62H2ZU	10166
A2ZDUS9Q4HXKBY	10167
A2ZDV9YTDN7MDS	10168
A2ZDYH4VWF8S09	10169
A2ZE0BYLY5LGO8	10170
A2ZE1MKRVQFXBK	10171
A2ZE3TXABNVZVE	10172
A2ZE51D543RE88	10173
A2ZE78QPHE5LGI	10174
A2ZFWPY2DS5JCJ	10175
A2ZFX77RLYNYFE	10176
A2ZGA89FE61NFO	10177
A2ZGFG276Z2IT2	10178
A2ZGHCCOXACCNB	10179
A2ZGO7MKYKCHJS	10180
A2ZGOWJ9DHUVPJ	10181
A2ZHAE5PTKU1R1	10182
A2ZHBM7CAZY7VQ	10183
A2ZIFVMN1F35NZ	10184
A2ZIUB69QKL59W	10185
A2ZJPDH0YP90SD	10186
A2ZK0J4WOCS5IA	10187
A2ZK6DO6P1Q87R	10188
A2ZKB9XFUCOWSH	10189
A2ZKGN4ZHX72NS	10190
A2ZKQC0XCIIAEM	10191
A2ZKT91EX5LXYB	10192
A2ZL6G5WLFPTFK	10193
A2ZLG5IODSFGO2	10194
A2ZLWCSA4I707V	10195
A2ZM09SXQD77H0	10196
A2ZMCR8WL0I10J	10197
A2ZMDBU8YAEV0X	10198
A2ZMOGW5Q38DGO	10199
A2ZMORYT99YJWI	10200
A2ZMREY8VDLABB	10201
A2ZND6EBWK26P3	10202
A2ZO5SU0ESSB1N	10203
A2ZO7VXCEACAEF	10204
A2ZOCOJ6SIL8N5	10205
A2ZORIZD5JTN7H	10206
A2ZOVFBMZHH992	10207
A2ZOVHKYDH4UOJ	10208
A2ZPZM9RE08JXF	10209
A2ZQO04VSYQ6WG	10210
A2ZR07I4F88UXF	10211
A2ZR42FLIFQNV6	10212
A2ZRI981TBYL1T	10213
A2ZRIXRQ6KVQKC	10214
A2ZRYWFYQBVOQ2	10215
A2ZS2JNLSCCRWR	10216
A2ZUN86K91AWIF	10217
A2ZUYKW78KFFSD	10218
A2ZV7PE74UTIYD	10219
A2ZVN4MCUIZEX6	10220
A2ZVT758IE0NAW	10221
A2ZW7J3OD8FKCA	10222
A2ZWJTW1DKZANF	10223
A2ZX05X5HGX7GC	10224
A2ZX3CGI6PM4X1	10225
A2ZXDA5R2GWOAV	10226
A2ZXTFYBCBZSRH	10227
A2ZY49IDE6TY5I	10228
A2ZY6E0KH2FEJX	10229
A2ZYC0DMBEHKM9	10230
A2ZYLUPVY3S5AP	10231
A2ZYW0Y486A0RR	10232
A2ZZ26NWVBEZ16	10233
A2ZZBMZNCMAU4A	10234
A2ZZKX3Y3I568N	10235
A2ZZR0JBXPIXHI	10236
A2ZZVWDEDN4MR9	10237
A2ZZYKPHP35TEE	10238
A300HB9HYDP68X	10239
A300I2PYGK4LS4	10240
A300JMW5AMQ4UR	10241
A300QB98FO5UBO	10242
A300RFTV7HKI5S	10243
A3016GC1YTDVOT	10244
A301B6L3TCD7WL	10245
A301C5BMVPARCW	10246
A301SYVALW58GF	10247
A301TZ6JCTIEGV	10248
A302C4H5KWW1ET	10249
A302JEPH6HRPPL	10250
A3030V5XJLJLB8	10251
A3036JA63QGEIH	10252
A3037AQNP4WHHK	10253
A303DPVG2ULRF3	10254
A303DSLSUYUG42	10255
A303QMGUS003J	10256
A303SNZ4AR7TDQ	10257
A30411QNHGSW5Y	10258
A304GDTPL2UX7O	10259
A304ILYRZ145SI	10260
A3051VDZAV970K	10261
A3054BP89E7FBD	10262
A3055FMCUNHDKB	10263
A3057ZJL1OX1W0	10264
A305DX8UDZ37JZ	10265
A305EJS7U9EDQG	10266
A305GY9YZTQEB	10267
A305SGAW2O6YNL	10268
A305XM71TF83CY	10269
A306153FTKS9PL	10270
A3062L8V7C44RC	10271
A30638B9S2GOM8	10272
A3063F7PEA30IM	10273
A3067W3P78C0HD	10274
A3069BAWEOFI2J	10275
A306KE6K4KDQXM	10276
A307DLR7DGLJ4S	10277
A307H9E01JQLQO	10278
A307M3QYLF2K78	10279
A307UOI4ELWAB3	10280
A307Y5TTLG6H4X	10281
A307YFSORUAXSQ	10282
A3085TU8091IW	10283
A3087POU28X66P	10284
A3094EPI56GKZ6	10285
A309CYRJJNFMDG	10286
A30A2D5U0J5QE2	10287
A30A3Y5DFMQPWI	10288
A30ACXP7FA3I8U	10289
A30AGBFWXBT0CS	10290
A30AHOHJCFOIJ9	10291
A30AVW0VAQE65P	10292
A30BF4H8VFKOJH	10293
A30BFF5I1BCW6M	10294
A30BH3XSZWA8R9	10295
A30BIXIPK186XL	10296
A30BK7OPRKBHD5	10297
A30CKHQ2LM6M71	10298
A30CQ9Q5T03J7D	10299
A30D0FTXDL4DRV	10300
A30D34QNNVQ47K	10301
A30DNUNVTNHVYK	10302
A30EBUHTXX124J	10303
A30EPFRLFA5P92	10304
A30EPHX6OP244B	10305
A30FG0JPX3YINM	10306
A30FJKMXJ9EM37	10307
A30FV37U4IKC64	10308
A30FW0X5SX0FLN	10309
A30G8A37ZSVGM8	10310
A30G8SGUPL9XLE	10311
A30GM9CKEH2W42	10312
A30GTZH70APRZQ	10313
A30GUKWJXB0IVW	10314
A30GUSBAGVYW59	10315
A30H2335OM7RD6	10316
A30H51HPRD3C55	10317
A30H8ACW807Q2F	10318
A30HA64NMODCZ	10319
A30HIH5U76OK6D	10320
A30HLTEI7YNKIO	10321
A30HQAXRETXXGB	10322
A30I7L0ZQ5X0Y9	10323
A30IP3E4MDQ36	10324
A30IP5D5DLHRPA	10325
A30J70Y1ORW6TA	10326
A30JPZ9TZ7I61U	10327
A30JQA9TJO269D	10328
A30JY9GNRTPU6T	10329
A30K0JL8F76P5V	10330
A30KBJ77PO1GE6	10331
A30KCQIU856SEH	10332
A30KH3I2JFV3W8	10333
A30KPB2ILF6K6J	10334
A30KV6T3WB0WW3	10335
A30LAVLDNH4JR0	10336
A30LDIRTX5MN5C	10337
A30M15FQ03950H	10338
A30MJOS1PQOYWY	10339
A30MXWKFWQBGQG	10340
A30NMZ7072TMTN	10341
A30O3IPR46PS44	10342
A30O91VMZC8THQ	10343
A30P9UFFUTLZAX	10344
A30PBU7HP39LDX	10345
A30PGMDIGWO7M4	10346
A30PGVFBSML3YV	10347
A30PL7P1WAJ5UA	10348
A30PVJRUTPWAP7	10349
A30PY8WWO2DKW9	10350
A30Q5JUJULYNV8	10351
A30Q7X068U7ODJ	10352
A30QAOLNZ4415R	10353
A30QZ7UKDUJHBB	10354
A30RCYJTRHS325	10355
A30RVAYZZTRYRT	10356
A30S2XWHFQZ8X0	10357
A30S8VOW84ORV7	10358
A30SCTNTYV4I2P	10359
A30SDPD6JJ5R3I	10360
A30SPA8IGWRZB5	10361
A30SQ028C0I38D	10362
A30T1TG6J42XE0	10363
A30T3QA35IE88Q	10364
A30TIZL34NYSCT	10365
A30TSN3JECCWUG	10366
A30U5K1JZTO80R	10367
A30U6OXEHT1HRV	10368
A30UA3SC4QJ7I1	10369
A30UAQ5BFCB72B	10370
A30UECO5YF4DIJ	10371
A30UGEYG2IQ2KD	10372
A30UIZJMFL9PLT	10373
A30V32IWE6SACT	10374
A30VCWUTDXT917	10375
A30VX4D16Z2K2T	10376
A30VX6KH8RZS4R	10377
A30VXR28C00N3T	10378
A30VYOQO8KQ5OT	10379
A30WCQDBLY7G64	10380
A30WJTVY82MRGF	10381
A30X750M8V1XXW	10382
A30X9M0J5WOVAS	10383
A30XDFVSJ7AQ	10384
A30XONPUQRBKEN	10385
A30XTS8V9R5Q2Z	10386
A30XU2SKHUBKNN	10387
A30Y2EWCJGEU13	10388
A30YCE03QCYBFC	10389
A30YJ52TVOABT7	10390
A30YMIX9G8ESVO	10391
A30YP1B6XWP3S4	10392
A30YX9UGGD1HJC	10393
A30Z0GG96D11EO	10394
A30Z3P5LRHEHXH	10395
A30Z4O4QTZSSMY	10396
A30Z6V5N1GUNY0	10397
A30Z81EAY2BJ6W	10398
A30ZKP21ELEUQZ	10399
A30ZO4M9CFHV85	10400
A30ZV7N6MUJ7D2	10401
A30ZWN9BCMHJRK	10402
A31078SNG3W0NC	10403
A310FWD0CYH5LI	10404
A310KT1UQC5UNU	10405
A310OHYEQTJAYD	10406
A310UDGID3QZWH	10407
A3112D9P7HXV0E	10408
A3113MICSM2UZ7	10409
A3118YKNMNAS33	10410
A311AHXVXZDRZ8	10411
A311QT2NYDS6UD	10412
A311RQP5NEHFWX	10413
A311TUM28ELG76	10414
A312350TNRIQ9P	10415
A3128GG90H14O6	10416
A312D7EYAT7UK1	10417
A312UBIOP091MH	10418
A312Y9ESLKYJJH	10419
A3132JOAMYZ3GT	10420
A313P3FY0KBUW8	10421
A313YCDIVOKNIS	10422
A3143NF3ZDTFOW	10423
A3147QM0APQWI7	10424
A314BNDUWIMMEI	10425
A3156LH0U0LA6P	10426
A315PGQ04GC4PL	10427
A315QZJ3XH5V8E	10428
A315S3F1NHG7Y8	10429
A3161LE4MQKMOI	10430
A316E87D0B9MQW	10431
A316PEISP38C8O	10432
A316V85XSH2TE9	10433
A3171W06FF8EE6	10434
A317539KB7INJA	10435
A317A8TBRRTKO2	10436
A3185TJQ34TW4D	10437
A318IDAWJ9ZYAY	10438
A319BTOO3YRHGN	10439
A319RCA07QQWNE	10440
A319SKSB556033	10441
A319W3J5PI9DBL	10442
A319Y83RT0MRVR	10443
A31A0HRVBG7MZ2	10444
A31A7BBDX9FAP2	10445
A31A98L6NJN01	10446
A31AABM5YDX347	10447
A31ADOKGF6S0MP	10448
A31AKA7MLNK0XX	10449
A31AKXUO3FYRN6	10450
A31AV5AETZUFDC	10451
A31AVXMESQRQAC	10452
A31AWEIVISCK98	10453
A31BD4RXCON7QO	10454
A31BW0YPX8OGZQ	10455
A31BZBNJJTXX6C	10456
A31C7L5241640T	10457
A31C9Z5KSHHP8Z	10458
A31CLBUSZ00RES	10459
A31DGR0RRBYRDA	10460
A31DVKL8JE4XAH	10461
A31DXFCHTXJCUF	10462
A31E43GJMM8WLI	10463
A31EHS1DUV3Y4C	10464
A31EJWFHPPBKJL	10465
A31ENE1ZVWEDLU	10466
A31FD120XZZ0T8	10467
A31FL8I2C1WV32	10468
A31FN9JW9AB1DT	10469
A31FZ4PMHCZRG0	10470
A31G7R5KSHQ814	10471
A31G8KZ37SL7BN	10472
A31GF7N0YJ4E55	10473
A31GHUVQ0N2NXH	10474
A31H1PCPD00EWA	10475
A31H4TK65PSJ3T	10476
A31HE83MU98GBV	10477
A31HILX5WWNA0R	10478
A31HJF4BG0KM2V	10479
A31HL0PMO5QVQ8	10480
A31HNCKFVKGBAQ	10481
A31HR32Y8GPWX7	10482
A31HRJWN3NET4R	10483
A31I6RBGSDJUZ2	10484
A31I8CVCD8XN5U	10485
A31I8YI40724WU	10486
A31IPFRDKPT6M3	10487
A31JAG3BU2LQTU	10488
A31JC6RV4951A0	10489
A31JZYMUCHEY94	10490
A31K1I4FZZL40D	10491
A31K3QLEF9YNFH	10492
A31KL1TRZCAE99	10493
A31KSNLO8YWLBE	10494
A31KVDIFC35GM2	10495
A31KZBX45HJ39I	10496
A31L8U1ZE0EJNC	10497
A31LGEW7CEHGGH	10498
A31LUN0ZSQ6A74	10499
A31LV3U27VKB7G	10500
A31LW1J5IYBLNF	10501
A31LW4NG1QG4HM	10502
A31M2XBSURLFR3	10503
A31M3K1VMO6DCF	10504
A31M3U1F2W0IJG	10505
A31M9E1MV4HLWF	10506
A31NEFAN39B1FN	10507
A31NH0PX49T33Z	10508
A31NH7UDTWFJJ5	10509
A31NJTE60MEYBL	10510
A31O9E3AY13TM6	10511
A31OESX3HDY3GF	10512
A31ORAA66G2I2P	10513
A31OWM7AVXWHAF	10514
A31P3Y3O590CWO	10515
A31PGHMVWU8BRR	10516
A31PKHBFFJDVF0	10517
A31PTYMFCSCRS4	10518
A31R3OHF6CWQ25	10519
A31RAYYPVKHD8B	10520
A31RLBPR9AI8HE	10521
A31RLULNKYYBVX	10522
A31RULW0KNYJ5H	10523
A31SKLCN0NQD3A	10524
A31SOAA2RO5EI1	10525
A31SYGTZEFTD6U	10526
A31T7URG9DY30R	10527
A31T80SOHZG2CG	10528
A31T9SWJSVJMK4	10529
A31TPEC5395NO3	10530
A31TPPKD4C9DH7	10531
A31TS34PHRNJJI	10532
A31TSQ6L9VS073	10533
A31TYAO0RS6I08	10534
A31U1L2S2ROAXU	10535
A31U3RV8LGNK0E	10536
A31U9NN8X7HXIH	10537
A31U9ZFY048NHL	10538
A31UH403U9YETF	10539
A31VBJNPAWHUN6	10540
A31VG390B2AVUK	10541
A31VWE5SHX6PAY	10542
A31VZ0QV74VAHJ	10543
A31W0MB6YSMWAV	10544
A31WUERWT46IKN	10545
A31WX20XMKOJS1	10546
A31X4QMNHQOYC7	10547
A31XGBTNA598OH	10548
A31XKNA6SFPW6Z	10549
A31XKUTFTF75BU	10550
A31XU9F08HSNG9	10551
A31XW1RTQ4ZG9W	10552
A31Y97J71MZTDY	10553
A31YKE7KJGMAW6	10554
A31YQGZMQTN8VM	10555
A31YSTICHFYN7O	10556
A31Z48BHHUTB0P	10557
A31Z6YED6AFI06	10558
A31ZBXTN4FAYOL	10559
A31ZDQ38B3X2I	10560
A31ZGMY52UJ0FA	10561
A31ZJKA2FRWW1N	10562
A31ZO2G7KA11AR	10563
A31ZPV48QK7BVZ	10564
A3208DCETJQYDD	10565
A320GN7W6T8610	10566
A320YOU7XD1FMR	10567
A32104NJMRUP6D	10568
A3212H6SF9W1LV	10569
A321AVF1BCW7I7	10570
A321O51XUI2UYU	10571
A321W4SSC0F6AP	10572
A3221YT0EMES6D	10573
A3222AFGFSEUX6	10574
A322607AHOM6VW	10575
A322KCNE2ERL7B	10576
A322VANY4JAOQB	10577
A3231KB20QM8KT	10578
A323466SOLPWQU	10579
A3234ITFF99TO2	10580
A323DIPDPFQQSK	10581
A323SBUESX9H53	10582
A3240EHV7FGBXM	10583
A324NNSMM9EFML	10584
A324W87J5SJRYN	10585
A3258AIQI17ZEU	10586
A325C1BAYA0309	10587
A325LPLXVP6F15	10588
A325P86L0F54ZQ	10589
A32658HY8IU6UV	10590
A327BBPF2NG9JT	10591
A327MOE7BL8U08	10592
A327P1Y6CLLNB2	10593
A327T6QO89BN3O	10594
A327WFPWXLSZOS	10595
A328OCG0JV463P	10596
A329W2R4PIFVQC	10597
A329YMLYOH39KX	10598
A32AH1TTJCJLO0	10599
A32AXWSNFE1T3H	10600
A32B6XWNR55SRL	10601
A32BB8AMTQH47H	10602
A32BCTL0HLOXRV	10603
A32BG7RHQPG8OB	10604
A32BMZA1GEVCU3	10605
A32BYC561GIDOR	10606
A32C2IZWDV3IYA	10607
A32C7DE412UMF9	10608
A32CHTDJSA7CXA	10609
A32CQ23727FKOI	10610
A32D3SIQGJX2SV	10611
A32DOESIJ5Z2QR	10612
A32DPCOBFPIF21	10613
A32DXKK0YBRNPV	10614
A32E0D8WI1IN87	10615
A32E70RVY374ZK	10616
A32EBQDMOPEJHE	10617
A32EE6MEWM9MO2	10618
A32EMR4272NMZZ	10619
A32F3N0PQEATOG	10620
A32FGHKCNU8P5U	10621
A32FRVWCU4NL6Q	10622
A32FTE8B7A9N0F	10623
A32H83TKNX0C7F	10624
A32HCP37MHXUUY	10625
A32HG8BTXH7D20	10626
A32ICV4P19N24V	10627
A32IHWKSLPMRBK	10628
A32J5J2J2UTCR	10629
A32JCNFALAFPME	10630
A32JIQG3B1XX5I	10631
A32JJE3OQEN5VX	10632
A32JRYB13SAZUT	10633
A32K817L9ULU8J	10634
A32KBZ8PN7LIDM	10635
A32L2Y3CGZ5GVP	10636
A32LA0HS2W8MT0	10637
A32LKHQGJ8Q9A0	10638
A32LRHLIJPAD84	10639
A32LY2NXFZD2J7	10640
A32LZQRQ510JLS	10641
A32M15RZXWZ5GS	10642
A32M32425ACDHG	10643
A32MCPM5YP62DP	10644
A32MIVILCUX18L	10645
A32MZZ6LEZCGRL	10646
A32NORHM9DZ94S	10647
A32NRYXCRJ9IO8	10648
A32NSN49J64ZDA	10649
A32O84ZV48WP5E	10650
A32O8MVHMXDPGX	10651
A32O98PFC3OP7K	10652
A32OJMOZ9Y1A8J	10653
A32OYC58PT14Z8	10654
A32P4GUDL2CHQN	10655
A32PELI5X1U5I0	10656
A32PTVER6MK9KY	10657
A32Q4VQWGJRF04	10658
A32Q726D4KHNHH	10659
A32QWD5DEY4LDU	10660
A32R28LR0UOZ6U	10661
A32R7GNGYMKOHG	10662
A32RGFSVFNRZSQ	10663
A32RNRHTTCFS61	10664
A32SL8UNE6CXOA	10665
A32T2H8150OJLU	10666
A32T2XLRS3XKOL	10667
A32THJ0V0MKAGI	10668
A32TPWBBB224F	10669
A32TQZKAC8DI2I	10670
A32U5ABXXRK8K6	10671
A32U5F3BYVM4NA	10672
A32UEV7AGISC5Y	10673
A32UIU20HTSM0T	10674
A32UO176SXEBXX	10675
A32UPXXECNQ2HH	10676
A32V4TT1ZJVY2G	10677
A32VIHALKA4IK9	10678
A32VJBA39ZKWMJ	10679
A32VR3YXPR7KT	10680
A32W0A0JOA5R0K	10681
A32W53F4P8XMN3	10682
A32W8X7O0Z2MUP	10683
A32WHDJQXXODH6	10684
A32WT1ZEE4QGZB	10685
A32WY3RGFMW9O1	10686
A32XBMDU58G03M	10687
A32XUAP93FVPC8	10688
A32Y18WU5JG7KC	10689
A32YAA2PHHDI56	10690
A32YO9DC66CU3F	10691
A32YQ3UU6IIE0A	10692
A32ZGK4SX98400	10693
A32ZGQ60J29IEW	10694
A32ZKBXJJ45BRY	10695
A32ZORCG68220E	10696
A3306R2G4LHEJV	10697
A330X3KZTTLTVN	10698
A330ZUPZ5U9NLF	10699
A3315JVET0DEAS	10700
A331AFVDOICK1E	10701
A331NSK2YGBLN9	10702
A331OF34UX4Y1K	10703
A331VKLDFWT57D	10704
A33230MIA3W7G4	10705
A3328AZHVFGA3S	10706
A3338ZNGHUQY3	10707
A3339OATDLL33V	10708
A333IQELFFA4Z6	10709
A333MP7XAMPEQR	10710
A333PLXUB7CDB0	10711
A3342JRBOB498G	10712
A3345VA7RM6GVP	10713
A334HSI26WGODL	10714
A334RTWLLVFWDR	10715
A3355TU2GYGQQ3	10716
A3356C71R17JXP	10717
A335BT6S36AYEJ	10718
A335BU9RKT2UEP	10719
A335GUD1YBS31U	10720
A335I4S4IMWZEZ	10721
A335RCAJ27KI7R	10722
A335VOMLST4WVV	10723
A336FCPK8ZVMYT	10724
A336FE20YZZL3A	10725
A336JGIW0ZK8UM	10726
A336NN57HXAVYV	10727
A336PDROMWEDWL	10728
A3377VCOYETG7	10729
A337BDE6B9BYF4	10730
A337DRCGSM0HSC	10731
A337N1404NFOH2	10732
A337T56JH8J5YZ	10733
A3383UV143WRN9	10734
A33851IQ5SZMG4	10735
A338QSU94FMLW6	10736
A3393N5XWU4VA8	10737
A339D0QQYH0ZRG	10738
A339HDLOBRS67T	10739
A339KUQXVYTW00	10740
A339VI8FGVS4QK	10741
A339W04V45GZJX	10742
A33A6RVSCFHOW8	10743
A33AD11PQ1AAIM	10744
A33ALADV0U7QS6	10745
A33B3XCIXB4ZVG	10746
A33BIN0VIKPF3A	10747
A33BKKJSYRPUNK	10748
A33BNBCL9RSBNF	10749
A33BRZVHMXLPKH	10750
A33BT7ET6RNHES	10751
A33BY3PTPPX4OQ	10752
A33BYKRZ1XKMN6	10753
A33BYOWFUAB0E	10754
A33C1XXJYLFW0X	10755
A33C4BI79RW2JV	10756
A33C8DIGBUG4QO	10757
A33CUGTD1CRWI9	10758
A33CZXFFYPV3KP	10759
A33D9DE0P9BJLM	10760
A33DPVWZO2LRA7	10761
A33E0CODNP98PV	10762
A33E16HAR8OY2A	10763
A33F06MXC5UEEI	10764
A33F1QQY1IZJQX	10765
A33F3IYSNKDD5L	10766
A33FE8NR17Y1AE	10767
A33G6E161LBTHP	10768
A33H1ING3L6FRR	10769
A33HAU3G2PCLYH	10770
A33HHVIK37ACJV	10771
A33HIV8RXRDM88	10772
A33HIWZDJEDXO1	10773
A33HOIEY6CUKU2	10774
A33HWB3M8NWQ58	10775
A33I90W6BPL4GA	10776
A33ICMDTWPCNHA	10777
A33IMJW6MLXME	10778
A33IY18HHMDV8S	10779
A33K9ZSC6W7N1X	10780
A33KT5YL805RSN	10781
A33L621NTGEXR0	10782
A33LF3OXYNJNRR	10783
A33LUK9GH347OP	10784
A33MCQL5ECAIT3	10785
A33NBW87C0HZCT	10786
A33NDGZ4QSW9VW	10787
A33NTMJHWDV0O1	10788
A33NVJHMCLIBLQ	10789
A33OSZGBV3D2P8	10790
A33OXQ0GCNLWQC	10791
A33PBU9EHZ28PC	10792
A33PF69TJ868NP	10793
A33PTUBRDPEIYG	10794
A33PVCHCQ2BTN0	10795
A33Q2O6FQK65EK	10796
A33Q3SFE86P8SX	10797
A33QHLONBZCKYC	10798
A33REXJA49M01N	10799
A33RQPZKGE2DZ4	10800
A33RVIXZ0C9H0E	10801
A33SRRK6M2ZGIH	10802
A33SZBMW65GL0D	10803
A33U71H3K67WR5	10804
A33U9CUX81CDLI	10805
A33UDH4MQMND27	10806
A33UFX8OVIH9XF	10807
A33UNCWGA7R3TY	10808
A33UW7VHE84E48	10809
A33VI944SO2YCN	10810
A33VUWZDC1Z0I5	10811
A33VXYDZZ9ZUX2	10812
A33W1ED2CINHHF	10813
A33W24A8DHGSD6	10814
A33W8U5CZ32VKV	10815
A33WCFR4H649H8	10816
A33WCZ4GHHWXR5	10817
A33WQU9772WWFS	10818
A33X0DZYGKJBQB	10819
A33X80DIINN48Y	10820
A33XBOE8AUOT1	10821
A33XE32OLAY7DW	10822
A33XV0C8OZF9R7	10823
A33XV0FDZCY5WP	10824
A33Y8C4818EJL0	10825
A33YCIRMFAQYB0	10826
A33YE0AI2IOYDD	10827
A33ZNDBNWJTBKU	10828
A33ZPHFEMAU1QW	10829
A3407MNRHGDYXA	10830
A340DXB9UU4461	10831
A340DXWOIKH6UL	10832
A340HWJM7SL5Z8	10833
A340MC0EUIPSTN	10834
A3415H58HNGQFV	10835
A341HCMGNZCBIT	10836
A341MG95SQ0B2X	10837
A34205D5W4JUH3	10838
A3421REGVEYXE6	10839
A3427RK6WD4IHI	10840
A34286MAV1THAK	10841
A342GSXL1MSZR9	10842
A342J5GAXX674R	10843
A342K2WELW6HSB	10844
A343264GQDQ8Z0	10845
A343C98QJO0JBE	10846
A343ETKOKE3HNK	10847
A343PJ9JT6IVSJ	10848
A343S9A43N1RF2	10849
A343Y76WJTBYP6	10850
A344AFX76W1ZV1	10851
A344N0X5LIV43M	10852
A345BXR9RAZPQL	10853
A345JSFAN7RGR6	10854
A345M5S1Y20G3R	10855
A345T45YHZK3B5	10856
A345TTC3SOLLAR	10857
A3466WNJY2UIZU	10858
A346APTN8W247S	10859
A346CO56SBOATD	10860
A346L92ZUIPSHV	10861
A346QY2N3AIGQH	10862
A346YRPUO0OCCL	10863
A34763KA9IR9LG	10864
A3476ZWAJ1WHXL	10865
A347DZR7WDH357	10866
A347HKYGQV3YMB	10867
A347PB9JVT3SCO	10868
A347X1XDEX60UH	10869
A348AAXO1D384T	10870
A348N6QHEUYR5I	10871
A348SIZS0I5L7Z	10872
A348W2R3N86XLW	10873
A349G02UNTWNW0	10874
A34A1UP40713F8	10875
A34A5XG42XYTYI	10876
A34AHOC0OXMR2K	10877
A34ASAQ9WOEOIO	10878
A34ASW0R6ZB874	10879
A34ATJR9KFIXL9	10880
A34AZ7SNO4ZQ6C	10881
A34B1653XSW1QO	10882
A34B2WMJEJ87EI	10883
A34B5P1JV9RUN6	10884
A34BGBLEA2522I	10885
A34BHE18JCS7MF	10886
A34BJTGH8MTQ9C	10887
A34BONVNM07TRG	10888
A34BZM6S9L7QI4	10889
A34C2Q6KO2S5HP	10890
A34C4PYU4H1ZIJ	10891
A34CE623TDL7LU	10892
A34CSXOGVYF94S	10893
A34D2RZZ0AR94J	10894
A34EG8CUS171K9	10895
A34EPRSMN6Z3YW	10896
A34FVCI024L7PR	10897
A34FY02CPT4GZC	10898
A34G1GTMQGEDUN	10899
A34GFGNQKSJIOV	10900
A34GL6AZ7S3CMU	10901
A34GM17T6WTJDK	10902
A34GQ3JF4BGFYV	10903
A34HKBAKJ5I5CA	10904
A34HLCYKYXXEO5	10905
A34I7RTKWED4DW	10906
A34IBXM7E8CPWE	10907
A34IC48GLL4U3Y	10908
A34IFSOYDPRRJK	10909
A34IKX1EB12QCN	10910
A34IS8UWEQLWOL	10911
A34K4TCCQNVK1A	10912
A34K5JDUICOWC7	10913
A34KBVWA917R7G	10914
A34KCSNSWVDNCQ	10915
A34KTJ4VWNBOHI	10916
A34KV7MFHU6SS1	10917
A34L89O3Q8UEC6	10918
A34LMVJL8D3NQO	10919
A34LNM3QX070HL	10920
A34NNEF8QXKLJO	10921
A34NQAKB3EVM3W	10922
A34NSOJG7VU5PR	10923
A34NUFV4NU9W3A	10924
A34O4XFM5CHEPI	10925
A34O5K7G8Z7A1N	10926
A34OAPBVHP9JP5	10927
A34OHUSQ46C27S	10928
A34OTQL221SKGZ	10929
A34OWGIMR7E0EX	10930
A34OXK9SP7TNCT	10931
A34OZALH6GYU2H	10932
A34P0BUUAUYPOJ	10933
A34PPIW1NC9LK2	10934
A34PXKIBMZF6TF	10935
A34Q4EQENBHPN7	10936
A34QK4KENG0VXQ	10937
A34QTP68ZWCXK5	10938
A34RCUPZ0ZRZ4U	10939
A34SBUN33AIZRX	10940
A34SNZBKTK3U1Q	10941
A34SPFZIHHN907	10942
A34SU2YNXOMCSG	10943
A34T2GZM0U40O0	10944
A34TARCV5OZPLX	10945
A34TYZLGP4B77W	10946
A34U85WY8ZWBPV	10947
A34UVV757IKPVB	10948
A34V85C1SK8KNX	10949
A34VA2QLT0X903	10950
A34VCCL1YO6D0I	10951
A34VKF1E5AG4CC	10952
A34VRVI4CSI5RQ	10953
A34VRWWCKDBYNO	10954
A34VV0DDR0OFE5	10955
A34VVRLYS3MOGF	10956
A34W3C38EAN5WL	10957
A34W51PPT10Z38	10958
A34W59GPOUKU8L	10959
A34W78Y49I3QF9	10960
A34W7QA4J5UTOR	10961
A34WEU9SRGHCVM	10962
A34WQ7NHY6R8V8	10963
A34XBCW41AZ5DF	10964
A34XJ5OULZP05Q	10965
A34XT2FZUT6372	10966
A34Y4DQTHIL41N	10967
A34YCUDOCJOYTC	10968
A34YEIV50UH60R	10969
A34YY0SWIAF655	10970
A34Z7I2FJ0QAZS	10971
A34ZHKEVO660J1	10972
A3501POXYLNTN	10973
A350GJPCEO3T69	10974
A350P5RZ1VE87	10975
A350XZM2X0L52S	10976
A3513M2E6P93SD	10977
A351EURUGWPUUA	10978
A351GDQ2F5HRLR	10979
A351P608RSUSIE	10980
A351YEOZLLR34M	10981
A3536XMS8LQXLZ	10982
A353G09QJ55LI3	10983
A353IAF5Y1XE53	10984
A353U0L2HAMSHV	10985
A353UUKH7J69CD	10986
A3549ZK66IVM1T	10987
A354BXXZVZN1DD	10988
A354HWCO3WW4AK	10989
A354RT0RUFDSMJ	10990
A355JN3RSXO9Q	10991
A355YWQ2CWZTZ3	10992
A356PDI67MS3BH	10993
A356RFKNIG043B	10994
A3574U4UMK7F9L	10995
A35751H4QC47V9	10996
A357A1TI51VT1S	10997
A357B1R6P3TSKI	10998
A357B3PUHSVQA	10999
A357ODLDVH1KSM	11000
A357W5QSM12DGU	11001
A358L6CZZ5ZKM5	11002
A358LVA5GBV0DP	11003
A358N3LX6TVGRP	11004
A358YXS5OL4LRY	11005
A359FTN8FGL5M5	11006
A359XVAV85ANH0	11007
A359XYI9K0JD5G	11008
A35A96YWPTAOO0	11009
A35AC2R3LPUPVJ	11010
A35ARMKIU5UCM	11011
A35B1IURYB9EVM	11012
A35B72PSA30R67	11013
A35BKYZ8RLIG9T	11014
A35C2IVVQR1HTK	11015
A35C6KKVACAEC4	11016
A35C8LTB9MQQIT	11017
A35CYV5JWJETWX	11018
A35DH6LV5HAGK7	11019
A35DP5B4IRDU1Y	11020
A35DT30ZZLNDWA	11021
A35E9H4NAX25IZ	11022
A35EYS0ROCMIP5	11023
A35FOJRS62GW49	11024
A35G9SCEMCW7OV	11025
A35GK9DHB15M0T	11026
A35GP64E7LQL80	11027
A35GUOF72IJW7B	11028
A35H1ISBHV6JV2	11029
A35HCDS9EPCLLK	11030
A35HM68HO3Z6SC	11031
A35HO1U9FV1JGU	11032
A35HOUWHAYZZN6	11033
A35HQDYZ6E19R3	11034
A35HRL8YD8R7MV	11035
A35HRQC455VHTV	11036
A35I70NYO4L59Z	11037
A35I95L7BG74AN	11038
A35IBVS6IIFI2A	11039
A35IFMQKHFY59S	11040
A35IFZGBWOSEKT	11041
A35IX2GE0VC0JP	11042
A35J0ZESXFCTJF	11043
A35J4H6YQHKS5S	11044
A35J8V529D6MM8	11045
A35JBIWXV345JZ	11046
A35JHPMSVAITAS	11047
A35JRUKMF5NWN6	11048
A35K0699AN1EJ1	11049
A35K2KDH47DORO	11050
A35KDCZYCO8RH7	11051
A35KOV2OMY5GWY	11052
A35L85LGGPUFLD	11053
A35LLSJL8OIEQC	11054
A35LMAGS0H997L	11055
A35LOMHVJ7YDHM	11056
A35LT14WG5BX0T	11057
A35M170AHULXN6	11058
A35MDIBPAX9X7U	11059
A35MGJOE55YM0I	11060
A35MIHLZ2QQE36	11061
A35MQP8B71CQ9C	11062
A35N09WUHQCM66	11063
A35N4FNDV5L3LK	11064
A35NGY49ZY896M	11065
A35NOFKHK8P2LU	11066
A35O0BNO212XHX	11067
A35OBVCKDNYUR3	11068
A35ONN1AP97V3C	11069
A35OPPE57BH7WC	11070
A35ORHRXYF9HM1	11071
A35PNMSE7JVPK7	11072
A35Q0RBM3YNQNF	11073
A35QMZRL95OSGT	11074
A35SEBEDIT2XRQ	11075
A35SJXBGJG948J	11076
A35T7AVM3A5F4A	11077
A35TDX8JI4QOSN	11078
A35TR1Z43R2VCN	11079
A35TTLP3VIFEOB	11080
A35TUDKSX53ET8	11081
A35TUFP4UETJG6	11082
A35UCMAW0RCBKP	11083
A35UI2NV30AR9Z	11084
A35UIRNQBQ5VRJ	11085
A35UWHNCKBAGQY	11086
A35UXMY1IX91L2	11087
A35V59EVAQKH5V	11088
A35VD0JLOOKTWI	11089
A35VDHB4WCPDK9	11090
A35VQQ6W9NDI3N	11091
A35W019Y9DHSC2	11092
A35WK4QBFFU06Y	11093
A35WM1CHUHA4ZV	11094
A35X02N2M618UY	11095
A35X5JMZE3MPKY	11096
A35XD281YUSVVD	11097
A35Y0RSU09ANEN	11098
A35YCE850X3VQC	11099
A35YEBMA8C02G9	11100
A35ZYZ946LZAHG	11101
A360NNXZF6B0HN	11102
A3610U4ZX0GMEK	11103
A3618YL60PX7YD	11104
A361L1YPBCQY3D	11105
A361PR5UO9MPPD	11106
A361U4SXK7FCQE	11107
A361VSWEHEGVAT	11108
A3622F2VUDRIYR	11109
A3622HAFWF0H2X	11110
A36420DHX9RY4J	11111
A3643PGL1V9Q7L	11112
A3644XBFGBTDIA	11113
A364A1DZ18Q0TY	11114
A364DHK3SA6HEE	11115
A364Z8P1YEV5NS	11116
A365IY1LIF7C3C	11117
A365PBEOWM7EI7	11118
A365QF1QUY68Y0	11119
A365QRJWL4KZXD	11120
A365XFHOGS95CK	11121
A366RW4HUD2Q0I	11122
A3679T0MJY25FI	11123
A367LYUEB6UAYG	11124
A367RV1T05L0NO	11125
A367VFW8XNPNF5	11126
A367YF0EJSHVM3	11127
A3682Q1P1DZEPJ	11128
A3684FFQPI7LRE	11129
A368JTR1WZASA3	11130
A368OFBVOPK0JL	11131
A368PXUO85DSH	11132
A369I8AET8AT29	11133
A369R4MUZCUI3D	11134
A369YC0IJFN9CB	11135
A36A44SRIS1W20	11136
A36ANLHFENSYKC	11137
A36AQ69ZYQAKCU	11138
A36ATJ00U9C11V	11139
A36AW29PLFJ1TY	11140
A36AWNNFN4DTOC	11141
A36BQWQPYU6FRM	11142
A36BYHZVFZH8ZW	11143
A36C1ZI5JRLMC8	11144
A36C7J24OQN8Q2	11145
A36C7XTI227T0Z	11146
A36CHWG2Q1TNYM	11147
A36CRJB8DW6L9A	11148
A36CTP2YSXLSFV	11149
A36DDAQYQFZE1B	11150
A36DKCOQNEMEYD	11151
A36E8PT1SBJ5RB	11152
A36EUBJ23CPIKQ	11153
A36EW68H08UOCS	11154
A36F9MMTQKDCBO	11155
A36FL8FZ0R5U0	11156
A36FQEUIDQRNYU	11157
A36FVFL96407GP	11158
A36G7OAYNLVNDB	11159
A36G8X2ESE1TMV	11160
A36GBYG56FMW55	11161
A36GWHYS24SUI0	11162
A36GZGZ692DYEG	11163
A36H4D4RTDQKJ5	11164
A36HE758XHWOJ9	11165
A36HEY6E2XQT75	11166
A36HIOHM4I5VAD	11167
A36HN1BH173W7F	11168
A36HVN09A99KNF	11169
A36HWYY56YNRIC	11170
A36IGKKVRUWGRU	11171
A36J2TMPGFXA7D	11172
A36JK2BSXS0U43	11173
A36JKZVAMNILLM	11174
A36K2N527TXXJN	11175
A36KA9LQDPC2CR	11176
A36KIZUK5YVFQ4	11177
A36KTEYBV3P467	11178
A36KZ47NAJA82N	11179
A36L7VJWDO7AN2	11180
A36LMQHUQVIZ94	11181
A36LO6ZA8EUEHM	11182
A36LQ698RFJRYP	11183
A36LRQHAEE94CL	11184
A36LX5NJ4YF7Q3	11185
A36LX8G4MIPPW3	11186
A36M3LAC7HSA5Z	11187
A36MLOHMSNHIPA	11188
A36MMZSELL3T98	11189
A36MP37DITBU6F	11190
A36MS27KAA5S26	11191
A36MT9N2YVCRC4	11192
A36N2I7T8KSQEF	11193
A36N62I47U9IIH	11194
A36N6W82K3X283	11195
A36NBJQB1HUZU1	11196
A36NE39MTWR298	11197
A36NMMVWY6BP1V	11198
A36NR5RUJXT5UD	11199
A36NXM1B0PNYKB	11200
A36O87BWUXHCJ4	11201
A36OR5LRC16LHE	11202
A36OZM5CENQ7LW	11203
A36PB87AR06QX0	11204
A36POPE53130BY	11205
A36PR71YVQJC47	11206
A36PTSZ2AZUYGP	11207
A36Q031FITE5BQ	11208
A36QEAKBFVYFCY	11209
A36QL31A4UUAXK	11210
A36REAMRA19990	11211
A36RJG7HHV45TQ	11212
A36RK0WE9U57BZ	11213
A36RRMSJFTZLC7	11214
A36S5U0QOWMOSX	11215
A36SJGHQRKW92R	11216
A36TPJF8J50DBS	11217
A36TWAR0ULELYY	11218
A36TXQEOEX8PQ1	11219
A36UOD87FN0129	11220
A36V0ID0XVBW10	11221
A36V3SNW7TPKR9	11222
A36V9XPYM012KB	11223
A36VA95OTAFKHS	11224
A36VFRXZAHXSPY	11225
A36W18FJZKWEZS	11226
A36WGEIDMV1WJB	11227
A36WTXJBYS3DB6	11228
A36WVSC6UURE4N	11229
A36X8JDWXGQHQ0	11230
A36XDAWWRKB0K1	11231
A36XG2H1S14FW	11232
A36XZ3G51YG9SD	11233
A36Y7X194VWVKA	11234
A36YE2N1UFF8YV	11235
A36YVUL7GGQVVM	11236
A36Z7HRKB3FXN4	11237
A36ZHAYML4ESPO	11238
A36ZMWJS6U5RKL	11239
A36ZUC5DLM8QZL	11240
A36ZZM8MREDUSX	11241
A3703TYIW25X73	11242
A370928E8DOC01	11243
A370LEGDL7SL3N	11244
A370MTCXERT0UU	11245
A37190UWPGFNWB	11246
A371U0JE3SUEC4	11247
A371VY2DLH0II1	11248
A37273MDBJ4XPQ	11249
A372KPYVBXWKFE	11250
A372X353WPDFKQ	11251
A3732PEAYKBERK	11252
A373H4TVR0IC0Q	11253
A373IJ3B2RVDEE	11254
A373JWXI72PGRE	11255
A373PHO790E076	11256
A373U1DE8WUT60	11257
A373ZHGOYXORO4	11258
A3747YPXOBXRAT	11259
A374PNVOR5D1XV	11260
A374ZM7127ODCT	11261
A375NF45A1MDWI	11262
A375O58AKUP34D	11263
A375Y4NW1OSXLB	11264
A375Z0QYIONDW	11265
A375ZZTRRLXR7G	11266
A3769AU4TO6JSF	11267
A376OJHLE6SU9Q	11268
A3773ALYKAUZIV	11269
A377FZRDZYXKM2	11270
A377Q1EGUQQBKZ	11271
A377R0BSYTY0L2	11272
A378SK5RZBMZFA	11273
A378SNMKK9HSZU	11274
A379IB3EYAEL5	11275
A379JQOZZC8JNW	11276
A379O5JZOPENK2	11277
A379QU52CDG9U5	11278
A379SJMF93CVYZ	11279
A37A8HIMY7W4XZ	11280
A37AEDJPHE3IXE	11281
A37AHASAXAYPK2	11282
A37AHCMWLFT0EW	11283
A37AO20OXS51QA	11284
A37B0R7UK3C6QL	11285
A37B631W1L39VL	11286
A37BCCEYC3WOPM	11287
A37C5RZGEILMYU	11288
A37CACFIQNDCUP	11289
A37CV9A09ZZ0PE	11290
A37CVB3YM5VBY8	11291
A37CXU92U7FYJH	11292
A37D2TGTIXRV2N	11293
A37D9P5KS7DBB2	11294
A37D9SE2F6AO6R	11295
A37DAH9QFQ99X9	11296
A37DENG8BBSJFQ	11297
A37DH425IEA4RV	11298
A37DNJI6GLKCNA	11299
A37E6RW5BUX4U0	11300
A37EPXF4FM75FK	11301
A37ESMW5PAVG3M	11302
A37EZ6322J0AO4	11303
A37F1R5PEJRPN0	11304
A37GAGAZDFRMZ3	11305
A37GBHIZ72OWHS	11306
A37GDUTBL9PJT1	11307
A37HOL61LVCS2D	11308
A37HPB0AOZ3PL	11309
A37I1ZZ4A8PZN9	11310
A37I5YKH71AVFD	11311
A37I6BQMMGJA25	11312
A37INBAU4KK75C	11313
A37IOOK9CVRBND	11314
A37IRCJCZJ2T8F	11315
A37IRE9GZ0CZ7I	11316
A37JM9NKDD972Y	11317
A37KD23YNIZBHG	11318
A37KERFWFRR1K9	11319
A37KH5N4TE0RPR	11320
A37L4MMJAB3OS5	11321
A37LYYM0LZBECY	11322
A37M5ZJ1IDQ554	11323
A37MU0GH45SBQW	11324
A37NHGD0WTRYFH	11325
A37NPWGGUZVFMK	11326
A37O1OK5F6N3Y5	11327
A37OAN81726AO4	11328
A37ONFQMI7BOR5	11329
A37PBIUXXJEA4I	11330
A37PPLULHT6CFQ	11331
A37PUIOMCAROED	11332
A37PV5GMP2ILJC	11333
A37Q0TF2F47WVE	11334
A37QFRXMBVS74J	11335
A37QQD38XD2DEA	11336
A37R0PH8FSL1L	11337
A37R3P5JFNQG8S	11338
A37R7G87HMSNLY	11339
A37RGO4ZCB38VI	11340
A37RHSCUU1EU5C	11341
A37RIRXE3WECZ	11342
A37RS6K0AP1DQJ	11343
A37RZPES7W1ZAR	11344
A37S5J6CJH3AD2	11345
A37SIZ7YQKYY8A	11346
A37SZP8JYAHF2F	11347
A37T48TM9WA9X0	11348
A37T6ETQ1446UH	11349
A37TD4TQBW6TDK	11350
A37TFQERFU1OVJ	11351
A37TKEDFFYR5RX	11352
A37TRTZRNGK60S	11353
A37U4HM0UG7FQ0	11354
A37UAHTBOZP9V2	11355
A37USOKUTI724H	11356
A37UT40PTFHN5P	11357
A37UU8DK8DAH2C	11358
A37UYCR1HG32NC	11359
A37VFWV3CJW97A	11360
A37VJAAWEGFN0J	11361
A37VM91OA9PBZ4	11362
A37VQZFHTT710K	11363
A37VVGV0897DTI	11364
A37WIIU8A4QYNA	11365
A37WS5ONN5DKK8	11366
A37XBQWYQ1N1FF	11367
A37XDAT4IIQ5WU	11368
A37XMVPPLR0XSA	11369
A37XQ1R7WFPXXP	11370
A37XRQNPLE3BWS	11371
A37XWQSRKLUOOA	11372
A37YCFO1YGFP7Z	11373
A37YMDY0JKJZA7	11374
A37YW8AYLS72LR	11375
A37Z6I4EU6EW5G	11376
A37ZDR0FRR5BA5	11377
A37ZG4PK8VMQBJ	11378
A380B2BX1MZNRO	11379
A380QFPEE9FHE6	11380
A38167RWGZR8AE	11381
A3819RMETUCJAT	11382
A381AZ0OW0290W	11383
A381MT950I6KRL	11384
A381XYPXYSTQUO	11385
A3824KT64RNUHI	11386
A382CZ7Z8DWI4O	11387
A382DHZJ0LHUC8	11388
A382KWIKXR9RYR	11389
A38303EZTU9180	11390
A383M6UZM4MC76	11391
A383O6ZPRK8587	11392
A38411TEV4YO99	11393
A38432EKNYOVPI	11394
A3845G5NW1T2WB	11395
A384AQ2T0EGFH6	11396
A384GILMVNUQXT	11397
A384HAQMS7XRZ4	11398
A384JWZXJ5XK9U	11399
A384ODJB85EGS5	11400
A3850L5KD5LYXV	11401
A38676DYX6113L	11402
A386OYK6OGHL0V	11403
A386X4249V04D4	11404
A3874X0MVV5PV2	11405
A3875HXDA477XJ	11406
A387LIF56SJ46Y	11407
A387QY20CM00O4	11408
A388EYMZC466UW	11409
A388FB0J7FWGZ9	11410
A388JDQ6DGMWBW	11411
A388TO2RS7TQGJ	11412
A388XAFBHS0OCH	11413
A38942DXUBBVH7	11414
A389ETATM8APUA	11415
A389WTJ3W0ENMW	11416
A389ZIW141LE50	11417
A38AIYQCHFF68A	11418
A38AJ8DJ8LQIQ4	11419
A38APC0FWN1XHC	11420
A38AQATOGRFD1D	11421
A38BAOSPWREOSR	11422
A38BLIS5VGGL84	11423
A38BVHB0BCDC0V	11424
A38C12950IM24P	11425
A38CJDC0M54EEE	11426
A38CMMSZPWD9UL	11427
A38D4KWDYXYWSN	11428
A38DD4QXEAGP12	11429
A38DGB9XGJ5YKL	11430
A38DRSEGD05IVY	11431
A38DXHZZSXYX49	11432
A38E07LI5GGPNC	11433
A38E0NUTVGQM45	11434
A38E3EMVTA2930	11435
A38E9LH0JMVCFV	11436
A38F9PHG51DGMO	11437
A38FC7HZRAM1YP	11438
A38G6AFVNYG9NX	11439
A38GAVKN4596I3	11440
A38GILZWTNU072	11441
A38GJX2ULM3VUC	11442
A38GU9H5BP8E5N	11443
A38GW8SE5D2JOS	11444
A38GWMEAOMOCKC	11445
A38GX6ELL563CJ	11446
A38GZDHGZASCYH	11447
A38GZX3BO772HQ	11448
A38H4XCCPLRF93	11449
A38HFITTLY5NGD	11450
A38HXFG7SRXGON	11451
A38IEZF0P3ZUQJ	11452
A38IK70GPO2HX1	11453
A38J12W452PVSJ	11454
A38J23164FA3VH	11455
A38JA4RTI3CKYB	11456
A38JVP8Y9TQ8GS	11457
A38K04MT5LR0JC	11458
A38K7SSI5890AP	11459
A38KONH4I6YY78	11460
A38KQZS5M1A8T8	11461
A38LCFWHN7IPLW	11462
A38LN26ERY70YX	11463
A38LNEEVS5VUB1	11464
A38LWVIGK6FHAR	11465
A38M0R1MTW1MQV	11466
A38M7SJL6JOVBZ	11467
A38MF3LIFBPX51	11468
A38ML5RTGBUZPV	11469
A38N7SFDOB3MR3	11470
A38NHXL5257E3B	11471
A38O27BDP2QECS	11472
A38O4VRV9BH729	11473
A38OI1S6HXCFE7	11474
A38OWH1J5MKDZZ	11475
A38OX1YRKBEX9P	11476
A38P3PPW3JXA3E	11477
A38P7WIHDN62TF	11478
A38PAYVUSASXYG	11479
A38PQ6HQ1IM46	11480
A38Q2EI3LM24VT	11481
A38Q9BRZD7CU3M	11482
A38QHZEEYZKT27	11483
A38QQRU60ST9HB	11484
A38R5EQGVOY8XL	11485
A38RMU1Y5TDP9	11486
A38RNKZYGIQA3O	11487
A38RR1ZI6F2FL5	11488
A38SVUSQBK7PGA	11489
A38SWQPVRXTO48	11490
A38T4Y1ZF8DOXG	11491
A38TFOPG8P116P	11492
A38U99FC8B4X34	11493
A38UCV1LPMCJOP	11494
A38UEX6ED0R7VR	11495
A38UI278BNPSQV	11496
A38UKCHH87QCL6	11497
A38UQ8VNDI37OW	11498
A38VANC397AZSD	11499
A38VQQU7NGX47W	11500
A38VSRM60O8N90	11501
A38WI2P5PHH38Y	11502
A38WJTLTZM2P85	11503
A38X5MXC13APUH	11504
A38XD6A7PTL0VI	11505
A38XG4VT9BNL8P	11506
A38XVZH0JYXLEJ	11507
A38Y2TS5E5TL21	11508
A38YCC3LRBYCQ1	11509
A38YG5WVWQXW2F	11510
A38YQOZPYTPA1Q	11511
A38YS1DNHC3CVC	11512
A38YZFUG6BJX4U	11513
A38Z49JP51XS3M	11514
A38ZV2FL84EUF5	11515
A38ZWVXP325P3Y	11516
A3907KN2L0M7A4	11517
A390H25IKI2Z59	11518
A390S5E3GXJIX5	11519
A3919DPCCXQLO9	11520
A391HD0HH9GIBN	11521
A391LOFBSBUR9R	11522
A391NWGHB689O6	11523
A391SJV7AVL2XZ	11524
A392J0MGYKNX3V	11525
A392P34QSBUICZ	11526
A392XOW0J9K3GB	11527
A3934NGYZU4M6O	11528
A39354VKHR3MGT	11529
A393AF9SFW08FA	11530
A394C81V05JW2Z	11531
A394F57MK7RG4Q	11532
A394ODETD69NJP	11533
A394Q7RA6SP0D6	11534
A395A3POJWZVO9	11535
A395FX1HRVKE8D	11536
A395L0BRXXI9J3	11537
A395X0NDBFLUZG	11538
A3968V5F8JKMA3	11539
A397CWU6DM3O5G	11540
A397ZXZK8JF3JB	11541
A39836MWIHA908	11542
A398B342YBT08B	11543
A398R165PXFOSS	11544
A398ZOPW5Q9W4X	11545
A3992SE2YUH0B9	11546
A399N0Z4Y0RM5T	11547
A399VOFFMF0BS5	11548
A39A3YQCVIS8CM	11549
A39AB5IRGNPOTJ	11550
A39ASEBOR2W09W	11551
A39BD0JYL5SNRU	11552
A39BGN8JA7CIFX	11553
A39BMSIEADPLN5	11554
A39C06KHFPZITX	11555
A39CCZM9M9H3HX	11556
A39CDK6IPIQLKF	11557
A39CFHC9J5W59B	11558
A39CIGISG5VZ1A	11559
A39D1K8VP8GY4K	11560
A39D7ONPOORMUT	11561
A39DGDF982TOLH	11562
A39DIW9IN23IH8	11563
A39DIX6CJ3LRM7	11564
A39DKG1ZQQ6C1W	11565
A39DNM4C8YPO1N	11566
A39DTE4VM2IDLR	11567
A39DWHBEWM3B1Z	11568
A39E4C7YVVQ02F	11569
A39E7IWNHY62JT	11570
A39EA0O2NYRAX3	11571
A39EALCQ5DX4LH	11572
A39ERD3A4AD0OZ	11573
A39ET08TSN38FG	11574
A39F5YVCRG7QXA	11575
A39FG77HRYDBVT	11576
A39FSFKBXUVK7H	11577
A39GA5H0OHTKBX	11578
A39GY6SGYXQMG0	11579
A39H1GO9E3YQIB	11580
A39HTPA8ZY5E5A	11581
A39IC6CLYV5V3F	11582
A39IDAUEE4VEFZ	11583
A39II77TJMAGI3	11584
A39IW64JWDI7B3	11585
A39JJDXFE84BPA	11586
A39JK733NLJ47X	11587
A39JN8YFFEBC5L	11588
A39JU6OLEL45SW	11589
A39KAAOUV3QZZJ	11590
A39KAKDBGBF6O7	11591
A39KCI17D3GF78	11592
A39KOJG83K8F1U	11593
A39LM5PO1C1B1U	11594
A39LRXD7THXB4B	11595
A39LY6B7QYJVQB	11596
A39M4JVGKMV1LT	11597
A39MDJ15PQFUZL	11598
A39MKEAYS0XQA5	11599
A39ML9TQJU4WN0	11600
A39N47Z9768B1J	11601
A39NGUGD7YS6HG	11602
A39NOALBWEMONL	11603
A39O1RWSVIB6TK	11604
A39O7Q6AT9DOTX	11605
A39O98N62PK05I	11606
A39OB0ZGA1FTM7	11607
A39OE9HEFSYF5D	11608
A39OGUUV3YT0C9	11609
A39OM6SPWHS3FK	11610
A39ON8YQHXP1MB	11611
A39OP2KHZZAB2S	11612
A39OU3PE2TIAG7	11613
A39PJMRC6M7RHC	11614
A39Q1OOCJ5VT8P	11615
A39Q9G7J70A056	11616
A39QA204H7YO76	11617
A39QGLA6AN181X	11618
A39QHP5WLON5HV	11619
A39R6RKYMYBA1B	11620
A39RHXGERF96AJ	11621
A39RMUQFFCPNBI	11622
A39RQYTAII9IOU	11623
A39SCUE88OGUHE	11624
A39SLOGHKS1HOR	11625
A39SOABUFL6MGG	11626
A39SZGYKVUTQAQ	11627
A39TEDKMDKC3U	11628
A39TKCTUJVZ8M7	11629
A39U2C1NVCI3VW	11630
A39U6ZXLNN7D6N	11631
A39ULQ7B4E7YGA	11632
A39UX5CZ9X2ZIO	11633
A39UYY0LJ6IO6Z	11634
A39V6652YMHBSX	11635
A39V6DDID521E2	11636
A39V7QD350BKYA	11637
A39VM3SAUME9VV	11638
A39VSI0DB30W1S	11639
A39XAXOXLQODNC	11640
A39XDFABWPGD13	11641
A39XUQTCMVLIBC	11642
A39XY6YS735MP9	11643
A39Y4ADI4F9I5U	11644
A39Y8PD8Y9BA5H	11645
A39YALCMZM8UMG	11646
A39YKY3F1VBF62	11647
A39YL2F4T02FM1	11648
A39YO36UINKTSC	11649
A39YQNNL052SIZ	11650
A39Z2B6SZKCUZO	11651
A39ZF0BPY4GI52	11652
A3A01A7IEW5YVF	11653
A3A0AYUVXS089L	11654
A3A0K8N48MBTI	11655
A3A0N3N2VRDEH5	11656
A3A0ULRM4SEHG3	11657
A3A0WBBMHALJXK	11658
A3A1OA237FOZFK	11659
A3A1TCSOWY8IDI	11660
A3A1UIZX5H92MK	11661
A3A2AVD40MO6QT	11662
A3A2C2JTYZL7GT	11663
A3A2IQ708YC7I6	11664
A3A2TPB74A329Q	11665
A3A31QU1F6KCUX	11666
A3A33SQ84DDDJG	11667
A3A35ZTT0O8GI0	11668
A3A36RJBT15KQ2	11669
A3A3MX94U0QVW3	11670
A3A3PDACMX1XJ7	11671
A3A3QC4EIPRXRG	11672
A3A4HEP9YV8NAM	11673
A3A4JXYP8FK5M1	11674
A3A4QN1AU7GL4E	11675
A3A4YMI0ECW011	11676
A3A4ZAIBQWKOZS	11677
A3A53AEPQUFJUC	11678
A3A5A8EMLBRATX	11679
A3A63FT9HX5VJJ	11680
A3A63TGHMFOXKI	11681
A3A6FCSYC8AHS6	11682
A3A6PC9R9AMOMP	11683
A3A7D3WAAJWC8H	11684
A3A7PDWH3KQ8ML	11685
A3A83RAEOGVJL5	11686
A3A88QAJUN7Z8A	11687
A3A8FMW6BDJ166	11688
A3A8RKVVYHG3FV	11689
A3A8SY8X1J2AX8	11690
A3A8ZN9JAXZJ1V	11691
A3A90CELVLOUP6	11692
A3A93JDI1CFDI1	11693
A3A94KPJIRV36H	11694
A3A9IBYV6IG1A7	11695
A3A9SUXW492FUO	11696
A3AA03IXVWKUTX	11697
A3AA3SSR1XBAR7	11698
A3AA5MUGG09CDS	11699
A3AA9BC5QEKHKO	11700
A3AABSBJ9M45CF	11701
A3AACCGAS7NZ8W	11702
A3AAK33K3BUUTM	11703
A3AANHILJU77IK	11704
A3AAVHBXFTMVQ0	11705
A3AB3L8GK5F55F	11706
A3AB8VAUQY88VP	11707
A3ABACSTOAY0HS	11708
A3ABJSVC8V9EN0	11709
A3ABNZG10NPK90	11710
A3ACQXKMCU4ZCQ	11711
A3AD05518RZ5HM	11712
A3AD8CISPBLM0S	11713
A3AD91CVRXHM91	11714
A3ADCJ4EGEDI4Q	11715
A3ADU4J047UKT1	11716
A3AE2LAXSIML73	11717
A3AEDAUMLCQVUC	11718
A3AEG0G6FLOGSE	11719
A3AEKP7DKBH6VD	11720
A3AEQ3BVEWCM4I	11721
A3AEU40BKAYDDM	11722
A3AF42J6XZZ20Q	11723
A3AFQWZOLB8N8G	11724
A3AFWXPEML8BV	11725
A3AG5QAT8L0I3R	11726
A3AG9GORY14GR6	11727
A3AGQ46TJ7L9II	11728
A3AGRXY3JYCIJ3	11729
A3AGWETRSAG7OS	11730
A3AGWRMHKLFLWR	11731
A3AH39PNAEBWTK	11732
A3AHDR4F2J7YXX	11733
A3AHOSISKNBLZ6	11734
A3AHRDOULEBE1J	11735
A3AHRHD38SY22E	11736
A3AI0K6T8MBOEI	11737
A3AICHLAL7TNJE	11738
A3AIIBXOIZ3J2O	11739
A3AIYGOLJB0GAM	11740
A3AIYTYB31TVAY	11741
A3AJ6JN6NX5PQ4	11742
A3AJH26YV49KH	11743
A3AJQQEABBCYLX	11744
A3AJWITG95EY0Q	11745
A3AKCTB8XJPCKY	11746
A3AKELQ0CD6YDW	11747
A3AKEXVRB2NACU	11748
A3AL7WXMX6MLGD	11749
A3AL8PFB818QBX	11750
A3AL9NFNWTRV39	11751
A3ALIEK3IK3RVV	11752
A3ALZ1NR1F5N4D	11753
A3AM4NVJRPA2TT	11754
A3AM668XTALO04	11755
A3AMC7FLMCVQW9	11756
A3AN6FOEOEHTPV	11757
A3ANB1N6EUOP1B	11758
A3ANIF9HUQNHGI	11759
A3AO1KANO9RKHI	11760
A3AODKWC8ADQAK	11761
A3AOGAD103E967	11762
A3AOGGI7FJXU7J	11763
A3AOSL63CYGPJE	11764
A3APUOTAMNPPWC	11765
A3AQ4PYKSM94P9	11766
A3AQELONHLL2N4	11767
A3AQJA0H82RPO2	11768
A3AQP2VX0TJQ73	11769
A3AQUE0S3R76P1	11770
A3AQVF105Q2QOW	11771
A3AQXPRB98YX6M	11772
A3AR1P02BIZWA7	11773
A3AR7M5DNJUZGF	11774
A3ARDLC6KTLIEY	11775
A3ARKVJWP4EGFJ	11776
A3ARLR1FNRXSTA	11777
A3ARXE2KRSM0VF	11778
A3ARYJ9K6VU5ZB	11779
A3AS49QZDF5S7U	11780
A3AS7T54T67PT2	11781
A3ASMGOKG9JN2J	11782
A3ATB6AGPD46DS	11783
A3ATCOLQQ6FOGT	11784
A3ATCQHPXDV4MJ	11785
A3ATKIU6MZZ4MU	11786
A3ATLTATRD57WR	11787
A3ATTKX4QXH4FF	11788
A3ATW3IGO6UAUH	11789
A3ATZ0XK03J2OS	11790
A3AU405R5406FK	11791
A3AUGFAU2Q71CX	11792
A3AUI4XY1ZMZD	11793
A3AUNU6T3BHKJ3	11794
A3AVJCB1ZD6ZY5	11795
A3AVVMEI28N2UJ	11796
A3AW0KSVV2BGKW	11797
A3AWATFGW7XJEV	11798
A3AX59GEBFMNG5	11799
A3AXAT4SKPS9AF	11800
A3AXDQD8GWJFO8	11801
A3AXE9X0AW61VZ	11802
A3AXELIXEFHBNU	11803
A3AXOSEFUHT6O2	11804
A3AY01PUHID1PR	11805
A3AYBHU1FIUA4G	11806
A3AYOQT5YJBKPD	11807
A3AYSYSLHU26U9	11808
A3AZAJ7W69IE9G	11809
A3AZF340S872XO	11810
A3AZIU63WQK6R	11811
A3AZJ32T3V6I48	11812
A3AZOHQ7RCCWCF	11813
A3AZOQX7HZJ2QK	11814
A3AZPAZXGOD4VL	11815
A3AZPZTXJWPJGW	11816
A3AZRPZ2V6V4J6	11817
A3AZUPKAO4UPI0	11818
A3B0HUYVGFCV46	11819
A3B0II7X8VHHT4	11820
A3B11A01QEY5GC	11821
A3B132SRVF45DG	11822
A3B1COCK401TT9	11823
A3B1HLBVNTMSDW	11824
A3B1JS7ETFOLSQ	11825
A3B1U9GW2C1K0W	11826
A3B20R4ZAH0Y2Y	11827
A3B35QW37Q5FKK	11828
A3B3819YYOFE4V	11829
A3B3OQTR1IQZE0	11830
A3B42M4RO2V09G	11831
A3B456RRSJY8CR	11832
A3B4JRQ0QVNR11	11833
A3B4L36EKRMI4X	11834
A3B4LED3LC94L3	11835
A3B4VJNECZH5BB	11836
A3B4ZU0C46NGL6	11837
A3B5NETV3NS2EH	11838
A3B5YQ4VR080CN	11839
A3B61B23S1MXON	11840
A3B620VGG3J6ZP	11841
A3B6E2WUEKE9WK	11842
A3B6LBDC8JEK4U	11843
A3B7KA98ABG1FL	11844
A3B7KGAUPB3TKS	11845
A3B804UNLT0F19	11846
A3B86I1032MTQ3	11847
A3B8JQ875W375	11848
A3B8JQCBKGNSE0	11849
A3B9C6MZAFC1JX	11850
A3B9QH2N3S4GM3	11851
A3B9SMZGXTUAFM	11852
A3B9SSJFG17TEE	11853
A3BA4F1E2PGRCC	11854
A3BA4I2BK5OT9I	11855
A3BACV1QZ2WBLO	11856
A3BAE79NXFDXGV	11857
A3BAOIC7JMCY6R	11858
A3BAPBHQ7MM89E	11859
A3BAT3LVUWRN3Y	11860
A3BBXUM2S31IV3	11861
A3BCBQCV55GRHF	11862
A3BDHFLBENAJUA	11863
A3BDLDJU8J3QOB	11864
A3BDXG77R47N81	11865
A3BEDU9V9GDJY7	11866
A3BEVRVOSWU11J	11867
A3BEWNPSZB6J9G	11868
A3BF5ZDPEKGN0H	11869
A3BFLRYPVCMO9S	11870
A3BFV8HLWUUVD1	11871
A3BG39N4UJDBQI	11872
A3BGA6QANV71Y2	11873
A3BGEGEY2QE3SM	11874
A3BGLFNUNFQPIG	11875
A3BGQMHZA5317Z	11876
A3BGXFTDMI4YCS	11877
A3BH63GKL7MQ2K	11878
A3BHAI21WCEZGK	11879
A3BHAJ71EFD4S5	11880
A3BHZSE1OQCANO	11881
A3BHZT28G6RUPU	11882
A3BII5EFPX8G1H	11883
A3BINY8P2HIS7Q	11884
A3BIQCWX5D2I61	11885
A3BISZB7NGPNMD	11886
A3BJ6IYXW4XYJ5	11887
A3BJIUSCU4OTET	11888
A3BJN1XCX51YO0	11889
A3BJPWUH2JIWCQ	11890
A3BK2MCK26FK6J	11891
A3BK4D2VQ9HYFZ	11892
A3BK6FJE2GSKE7	11893
A3BK8JGGS5A646	11894
A3BK8RSFSFZ7RJ	11895
A3BKNXX8QFIXIV	11896
A3BKWDPBGQFE51	11897
A3BL2F6DSZETIL	11898
A3BL564DYD9MJY	11899
A3BLOBEAKVFZIL	11900
A3BLP7LRNCAT2Y	11901
A3BMAGBPEVAUP8	11902
A3BMTEJ0WD1TW3	11903
A3BMUBUC1N77U8	11904
A3BN1SJXMYQ8LW	11905
A3BN9UG6D8I2XO	11906
A3BN9YQEWZ3HLH	11907
A3BNMHRW2R35LK	11908
A3BO846100XCSJ	11909
A3BOQUBLO633PF	11910
A3BOT2D0MNARNF	11911
A3BOZNF944LM8L	11912
A3BP2X6VFUSS5R	11913
A3BPF877QLUMTG	11914
A3BPIW3OO3L2I7	11915
A3BPXL02KIHS47	11916
A3BRKK8VDPO56B	11917
A3BRNASAP5PDFZ	11918
A3BRSKXH5657SJ	11919
A3BS5UH7C917N9	11920
A3BSIYNVBK1J62	11921
A3BSLKWTI70WH	11922
A3BSQDDPIHJTEE	11923
A3BT2KGYRTAPR8	11924
A3BT5ZLAZ87H1Q	11925
A3BTDFZI3FT6I7	11926
A3BTHRXYAOMPGD	11927
A3BTI607V9J8BS	11928
A3BTJ55E2N70KP	11929
A3BTL4FV6ODKAT	11930
A3BUF810174ERM	11931
A3BUHOBSTI1ZEI	11932
A3BUKGYIRP4JYS	11933
A3BUZHZ3GGO05R	11934
A3BVDQQD86DAXU	11935
A3BVDW4DOLJAN0	11936
A3BVHEIVQF5R0G	11937
A3BVSCPKH3D2JD	11938
A3BWPSYJ3WNHBR	11939
A3BWQ4EE52IADH	11940
A3BWTXSG5Y2IMB	11941
A3BXFQU7X99IVI	11942
A3BXJF4URL95RT	11943
A3BXRIK0CBXDSQ	11944
A3BYL7A44JO078	11945
A3BZUQXA2QHDI2	11946
A3C054MLV3GT52	11947
A3C0MLLEMOZGDL	11948
A3C0OTR82QKBCL	11949
A3C0T70D5V9KIX	11950
A3C0TQBK5GWKX9	11951
A3C0TZ1FAIZT90	11952
A3C155Q546GZPF	11953
A3C18681LSBVUJ	11954
A3C1F9A68NYSCA	11955
A3C1M6G8UR2NSN	11956
A3C1QYGEET3BVY	11957
A3C1S22BR7LVOZ	11958
A3C2CPTCMB7S4N	11959
A3C2JQC6R2K52C	11960
A3C2R5U82BC872	11961
A3C2RGMRAI1JG1	11962
A3C381WL7PTQZ4	11963
A3C39BEYZJZW7S	11964
A3C3R14TU6ESH0	11965
A3C3TF81C3248W	11966
A3C3W8XV5X3BPU	11967
A3C44JV2UCXI3Z	11968
A3C4VSLX0MHEQC	11969
A3C4Y079ZFOUQY	11970
A3C5OZBJD5WMZC	11971
A3C5QQR6EG6F7Q	11972
A3C5YTECM6E6ZJ	11973
A3C657ZT0VHZ5	11974
A3C6A40RHKRZBV	11975
A3C6CZC2JP67VK	11976
A3C6ECCMS00GK	11977
A3C76TC9M78NYC	11978
A3C7BJ1X9RN2IH	11979
A3C7G0HOJTOQ0I	11980
A3C7WQ9KQCM3FN	11981
A3C87XR86TEWEF	11982
A3C89WADVMXRNL	11983
A3C8CJJB89BTEJ	11984
A3C8SJB75N97U	11985
A3C9NLOO7WET4Y	11986
A3C9PRD9U8Y4CU	11987
A3C9YGB4H90PDE	11988
A3CA3L59RGP2CJ	11989
A3CA3RWZYJDWXE	11990
A3CA8UO0SPBRYX	11991
A3CA9IF63C9H2W	11992
A3CAIZ5D023DAO	11993
A3CAY756OS1LCJ	11994
A3CB0ULFGQWCFF	11995
A3CBCVHIK3G76X	11996
A3CBKSB6LE21W2	11997
A3CBROL6LWM8ED	11998
A3CC4P2NVYKH4W	11999
A3CCJMS2TQZIY4	12000
A3CD3LU9X77QVG	12001
A3CD7MLPW92CMA	12002
A3CDDXZ9WYJIQA	12003
A3CE16J7KAR4LG	12004
A3CEUT263RNUDO	12005
A3CF1S77BYVFCE	12006
A3CF8IFZ1WQ3TQ	12007
A3CF950W7033D	12008
A3CFKYAIVK2WK6	12009
A3CH3XIWNFRZ0	12010
A3CHIF3EHXCLA5	12011
A3CHUPAFTFYSF7	12012
A3CI1E0Q3VWNZ6	12013
A3CI5CQIIPKHZL	12014
A3CI6ACSHBPI5X	12015
A3CI9N0QB7DSV6	12016
A3CIHP9FFPE9I3	12017
A3CITT3LCSYFQA	12018
A3CJ7MHAS9IMAM	12019
A3CJJTJ9U94Y4I	12020
A3CJTDKVRTTQZ4	12021
A3CKE4WGEU19AM	12022
A3CKH5LQUXD3MN	12023
A3CL98FXI2UCML	12024
A3CLAMB8AFSWCA	12025
A3CLJQY91RSN56	12026
A3CLSMB50HX4DW	12027
A3CLWZGMC7M9Z1	12028
A3CMG2LKTF8NL3	12029
A3CMO06ZIN0BMX	12030
A3CMO216CWOF5N	12031
A3CMPIY36HVL3H	12032
A3CN73FSF4U6OC	12033
A3CN9CCJUNIPKT	12034
A3CNBO3RDKDLKS	12035
A3CNH1B178EVDL	12036
A3CNL2EG5ARWL4	12037
A3CNM18PWKI1Z9	12038
A3CNPA50218H6N	12039
A3CO1P0AI9AEWR	12040
A3CO2C5ERTT22Y	12041
A3CO9NA72BTG44	12042
A3COE6EPNR7RNB	12043
A3COH1RFQRA1FX	12044
A3CON4WD5PKNWO	12045
A3COXS6PGV05I9	12046
A3CP1I9976HBBM	12047
A3CPDCR3C36O8B	12048
A3CPGJHGWYHQW	12049
A3CPJYAQMCUGNR	12050
A3CPL126VL12H8	12051
A3CPMX80FQ0RY8	12052
A3CPRB9JUGRKAA	12053
A3CPU6NZNKB5JA	12054
A3CPUE2O17N0DJ	12055
A3CPYQCBZFXMIH	12056
A3CQ5980OVK9GQ	12057
A3CQAW8WP2N7TK	12058
A3CQCWMXASC50U	12059
A3CQGHO1TMFYSU	12060
A3CQHV1A40MOIC	12061
A3CRIEOXTOP4ZD	12062
A3CRIG5P35VKUB	12063
A3CRPB56LTN26B	12064
A3CRVY7QFQGQ2B	12065
A3CRYQ0TFWCVWA	12066
A3CS7BLJ3WY9RX	12067
A3CSFPZGI31SR0	12068
A3CSP2R7IXJHAY	12069
A3CSZ21UC682CA	12070
A3CT2NXVQNC2RI	12071
A3CTD7K7AGUHRV	12072
A3CTGG8EGMGPIV	12073
A3CTKV2FYS5T69	12074
A3CTS04UI9API2	12075
A3CTVTT3OYEO6G	12076
A3CU0QL4C4LAA8	12077
A3CU4VWM1GWA8V	12078
A3CVC8TCHFFDK8	12079
A3CVOTOEF67QB7	12080
A3CW0ZLUO5X2B1	12081
A3CW5EHY41TCH1	12082
A3CW8OUDH7M079	12083
A3CW94YYFXEBSI	12084
A3CWAYQKUO5NML	12085
A3CWEK9HY2VPDL	12086
A3CWYV3RR65I5R	12087
A3CX88NUC2UML6	12088
A3CXGS0FQ5PHIK	12089
A3CXO4UF2MKC7Z	12090
A3CYQNJD5EB7PK	12091
A3CYVMVOTQHYYL	12092
A3CZOT4Y6CP1DK	12093
A3D0HMC6RQT0N0	12094
A3D0PALWMQ02HN	12095
A3D140ZDENGYZ9	12096
A3D1J3L5YEZH90	12097
A3D1KD9IYP6KCI	12098
A3D1OVLKB531RF	12099
A3D27FSC1OZPN	12100
A3D2GWJKWFVSMB	12101
A3D2LLNMKDAJOD	12102
A3D2YSJGYH6HNL	12103
A3D32QEWO8JRUL	12104
A3D3ASEXBFN5DL	12105
A3D3E1LXIEEXYC	12106
A3D3U7BACWCNSE	12107
A3D44VGIO6RX6R	12108
A3D44VZTIE5UW9	12109
A3D4F5Z9K6QF82	12110
A3D4NL89UHIJ87	12111
A3D4VGMXLDAGGJ	12112
A3D5B2CBFNJB0K	12113
A3D5DLJLYU0MQH	12114
A3D5NF36PWF6DN	12115
A3D5WJ2VXBEPPB	12116
A3D60ZDNS96B4E	12117
A3D72NCFS4QJUS	12118
A3D7MDWYNH1SPA	12119
A3D850PFAJVNEA	12120
A3D8MY7W6XPQQG	12121
A3D8XQGYC6OXP5	12122
A3D9KR340TTTP2	12123
A3DA0BTIGT3WG5	12124
A3DA1LIVA6ICI	12125
A3DA4LXQP4QUK5	12126
A3DABM7XHZVTX4	12127
A3DBLL8XWO8FTN	12128
A3DBN33WWFIL60	12129
A3DBRKACXG8X6X	12130
A3DBT7MVNN07KI	12131
A3DCVXOK81NPB4	12132
A3DDVBY6QYB2M1	12133
A3DE8HIPHNOR9L	12134
A3DECYNDZ38COQ	12135
A3DEMJM66762AA	12136
A3DETJ3SIGHPWI	12137
A3DEVV7HPYZTCN	12138
A3DF1W8ZQIQVY1	12139
A3DF7YA7S6FMJ4	12140
A3DF867RMVUUW1	12141
A3DFC5OWILUT4L	12142
A3DFH4CKPIT0N9	12143
A3DFMOSV7NZCQD	12144
A3DFMZ3JGD0A2D	12145
A3DGJMO6VPG6FJ	12146
A3DGWKQFZ11K9P	12147
A3DHJ14XHSUAH3	12148
A3DHLCR6MTS0M0	12149
A3DHS97DOBZDBW	12150
A3DIAAWURNRABB	12151
A3DIDEUX0W5VT6	12152
A3DIS5O83SQJWW	12153
A3DIVGRTGZXPF8	12154
A3DJ029172U4DU	12155
A3DJ6UH5GBQDRR	12156
A3DJA1CWHN4GLY	12157
A3DJA2UC53VVWD	12158
A3DJEB9RVLUSSV	12159
A3DK3NAKCM2N9D	12160
A3DK6M48M3F2DZ	12161
A3DL9DT7P4PC4G	12162
A3DLCY98104CGF	12163
A3DLK8Q3Z5FOY0	12164
A3DLTLE8PYXAE0	12165
A3DM94KSCWYMYO	12166
A3DMFA20SLHYE4	12167
A3DML7MESO9P8J	12168
A3DN574AWFVIKL	12169
A3DN6PSUHAGIII	12170
A3DNI0XPPC9CDT	12171
A3DOCWNJH2NLA5	12172
A3DOPYDOS49I3T	12173
A3DOQB5QHBBD5Z	12174
A3DP3ZTTJ6ERFU	12175
A3DPHU1UEI919U	12176
A3DPQ03LF49I8T	12177
A3DQ820TK62K7H	12178
A3DQ98EP0RGDHI	12179
A3DQCSOLGD0A51	12180
A3DQDW7N0TRCVH	12181
A3DQN9Y059YUNK	12182
A3DQYY2XM24E53	12183
A3DR6ZV2N1JEO8	12184
A3DR8L4TB0O72D	12185
A3DRCHTO2V4FHK	12186
A3DRJ3P6Q17108	12187
A3DRK4MNOY5RF9	12188
A3DROFPG78LZHU	12189
A3DRREY9OY9RUP	12190
A3DRSUAFFGADO0	12191
A3DS41LFTRAOHI	12192
A3DSDO2E5J2L0H	12193
A3DT3RWVO3AN15	12194
A3DTHUOUU0SGFA	12195
A3DTM08XWOZGYB	12196
A3DTNIU8L8KW3Q	12197
A3DTP68HT6DBJL	12198
A3DTPYH0Q1BCF4	12199
A3DU89PUASNFNS	12200
A3DUKBOFNCVOX8	12201
A3DURFM75XV494	12202
A3DUSTU0T1M5F4	12203
A3DUXQS3UTA2Y4	12204
A3DVNQN75E4JWW	12205
A3DVO4RN4WA7A5	12206
A3DW3ZVLS39I6S	12207
A3DWENW34NQEAV	12208
A3DX5F0CW34Y9	12209
A3DX6K7PU4QQPU	12210
A3DXBHK57LYYSC	12211
A3DXVBF0J2C05T	12212
A3DY2P44UFOHM5	12213
A3DY97VK5PE7S8	12214
A3DYBTW1TEZL3M	12215
A3DYEUD88GBYIX	12216
A3DZCNEU21MB6L	12217
A3DZFEICHK5LF2	12218
A3E00DYL2NAF80	12219
A3E06BCCD0AU7B	12220
A3E08MVWYT3M73	12221
A3E0CV9614GQJV	12222
A3E1HQSORPJPFN	12223
A3E2362WIOSNXG	12224
A3E24VKTO09LVQ	12225
A3E288YDBQJQQN	12226
A3E2BEI8A6YT51	12227
A3E2LKAS63ATZN	12228
A3E2XST9Q7X3GA	12229
A3E35P575WM95K	12230
A3E3970PTPMF89	12231
A3E3L48LMUB0RV	12232
A3E3NEILYCO7DA	12233
A3E44U3ZA53NC0	12234
A3E4GVXJ7IFNOI	12235
A3E4JEE36A3BUW	12236
A3E4P0QU692GN6	12237
A3E54FAR933L1R	12238
A3E56JORRTDYP7	12239
A3E5J2HMQBL949	12240
A3E5OEACLIHLVU	12241
A3E6AHBQEKGHEB	12242
A3E70C6TC9RILZ	12243
A3E7165F02E2VQ	12244
A3E727EQH11FAJ	12245
A3E752P9SWSH8S	12246
A3E77K5EGM5ND0	12247
A3E79B0WI58UGQ	12248
A3E7BMJ3QETWMC	12249
A3E7E854VCA4E7	12250
A3E7PLJ501F5MN	12251
A3E7SM84WWYC8K	12252
A3E7YWI8VV7VCV	12253
A3E8AHUAQEX0QH	12254
A3E8CAY514MUK3	12255
A3E8J8Z7AR0IM1	12256
A3E9LHF5YTX6AQ	12257
A3E9OF02SA70D9	12258
A3E9OJWHMXMYYF	12259
A3E9UK6ANIX73Q	12260
A3E9VBRI5GQ10C	12261
A3E9WG5BEAFF3T	12262
A3EA4UZ8DK7S7F	12263
A3EAJLZNW4FD9U	12264
A3EAP2VG0BVYWX	12265
A3EATR6A9VWRQ3	12266
A3EAUXPIL65GX5	12267
A3EAXTP4Z0NU5J	12268
A3EB16F6T5X1OL	12269
A3EB79KMOFHLZO	12270
A3EBBNVQ496VX5	12271
A3EBIWJSJ7AQ1E	12272
A3EBJDZ5N1UEI5	12273
A3EBO09L87L2UD	12274
A3EBZ9FT9X92OR	12275
A3EC1KT7IVB4MY	12276
A3EC8I67I2QQA1	12277
A3ECFUIXN8LYQZ	12278
A3ECKVQPQ1DCFL	12279
A3ECTZQ50TB2T9	12280
A3EDQJYRGOL5R1	12281
A3EDQOXFO4PR70	12282
A3EDXEOM8Z3CMY	12283
A3EE11LV5SNT	12284
A3EED1XZ2HIXZU	12285
A3EEDJK6NNROAZ	12286
A3EEG18Q6OZWJC	12287
A3EERSWHAI6SO	12288
A3EEYLPIB8A6VI	12289
A3EF8R7LHJZC5S	12290
A3EFCPRSJTNLDL	12291
A3EFHGFK4C1HVN	12292
A3EGBTYS1RKKA2	12293
A3EGSJJR8PGUUV	12294
A3EHGFICMOIPBX	12295
A3EHW6DPEYDUYC	12296
A3EI1JEJGNL4GS	12297
A3EI4K5U61UZ7	12298
A3EI9OX9HPUB29	12299
A3EIAROYZ36TVN	12300
A3EIMV2KXH9FWB	12301
A3EIYMOY0G77MV	12302
A3EJ3QK10A6ED0	12303
A3EJ8XHVDC0CWH	12304
A3EJOBNMT20Q6W	12305
A3EK2KTYHJCPB9	12306
A3EK4NS9CMXC7W	12307
A3EKC364R9G2UU	12308
A3EKK7FDAZECS9	12309
A3EKM2HG43G223	12310
A3ELFXAACSLJZJ	12311
A3ELHHYZTD4IJ5	12312
A3ELR6MD1WXVM5	12313
A3EM243NDJ4DF3	12314
A3EN744STRBY1H	12315
A3ENCEVRRTFQL1	12316
A3ENMGTFYQVTHB	12317
A3ENRUOY00BI5	12318
A3EO709SH3S7ZW	12319
A3EO9K8QL8G8DT	12320
A3EOCIVBJ38DM0	12321
A3EOR8KDVSEIPC	12322
A3EOVXI1VZIHUQ	12323
A3EOWWGE0CU6F5	12324
A3EP4YIS9W1LR1	12325
A3EPBWXUWBOJI7	12326
A3EPC8WTN3TJ5F	12327
A3EPCLPKIOTTL	12328
A3EPJB4ID3CQ1	12329
A3EPRK98GVNJ72	12330
A3EQ03LUCUTE6Q	12331
A3EQ3SH24TYAP3	12332
A3EQLHGOIYD4Y2	12333
A3ER6ARJ23CIN8	12334
A3ERQ8VYGYMK8W	12335
A3ERZFRJGREGQT	12336
A3ESTWDBNOUJQ7	12337
A3ESU1SAC075VP	12338
A3ETK63Q6T1063	12339
A3ETNH132F0YR5	12340
A3ETNS9H2MOHUZ	12341
A3ETX1UVAAWG5J	12342
A3EU633MXFIID9	12343
A3EU85ZEFKBHSQ	12344
A3EU8JNMZC1KRA	12345
A3EUOKXLUA78CT	12346
A3EUOLR9ED95Z7	12347
A3EUTRS56J8IQE	12348
A3EUVIL3KAL977	12349
A3EW0H4L61EQR7	12350
A3EWTR4U7Q4KJV	12351
A3EWUMHYMPD7IB	12352
A3EX348S5SBKYD	12353
A3EX36SNRYD5VL	12354
A3EXDXZTARZL78	12355
A3EXKNVJ9W62NT	12356
A3EXUTKZCHD4ZR	12357
A3EXW4HNYX7HF5	12358
A3EXWV8FNSSFL6	12359
A3EYFNCOKPHBUX	12360
A3EYI63DTBYWG0	12361
A3EZ7XAWHN1SF1	12362
A3EZ8PVA3HLF13	12363
A3EZEP0FX5BC1P	12364
A3EZHMGGWY74HY	12365
A3EZIP6YQX5J8Q	12366
A3F0407FPF87D5	12367
A3F08STDS3IH6Y	12368
A3F0J5DH6N1RDX	12369
A3F0OFSE2M25U2	12370
A3F14RX3YSE7N8	12371
A3F17L535EXZRC	12372
A3F1AUZXIYQW0I	12373
A3F1DM8XWNDMJH	12374
A3F1GYC0ZR0TSG	12375
A3F1ISB2FEZKUO	12376
A3F1UYG3P3DGJS	12377
A3F2100EUOXV1J	12378
A3F2J5H0IEA7B7	12379
A3F2TL0UCFT0MK	12380
A3F2VVIQIY6U64	12381
A3F3B6HY9RJI04	12382
A3F43PAJZLOE3I	12383
A3F480ONRYTLXR	12384
A3F4C09LC2C0DT	12385
A3F4RORYUMGNJ8	12386
A3F4VTWR3U1BZ8	12387
A3F4Y4ARB6TCEF	12388
A3F4YJBZP04HQS	12389
A3F5RK1VFSUUXQ	12390
A3F5SQ7G5C79TF	12391
A3F5T0ITYZI53Z	12392
A3F5WS98BOWEER	12393
A3F5Y6O5DSETMB	12394
A3F63M7C1BVI4U	12395
A3F66ZHGW767PB	12396
A3F67YZNFDY6YI	12397
A3F69LY1QJ7I5Y	12398
A3F7FPMRJHW4RN	12399
A3F7FVKKHCB4T5	12400
A3F7OVW1AU02MQ	12401
A3F7RM3DNUJ5RO	12402
A3F82G2IXMJEGO	12403
A3F8A11FLWKOJS	12404
A3F8FI0VI3ELPH	12405
A3F8PW2RL4LB0C	12406
A3F8W37PAWY890	12407
A3F9V6IX31DKMR	12408
A3FA78E0G3G4GQ	12409
A3FAKD9XGM1JO3	12410
A3FAV9KE01OVPR	12411
A3FB6N3AR9SIRF	12412
A3FBM0RMCMAABV	12413
A3FBS8I5QDJ2JW	12414
A3FBV9DAALNKCB	12415
A3FC2NHA7USWWM	12416
A3FC2U8EPUE6UC	12417
A3FC50ZJIT2GMO	12418
A3FC9JXTCITVFC	12419
A3FCGR4EK16XUF	12420
A3FCZVITT91YN3	12421
A3FDAUJJBERC7W	12422
A3FDCL6Y6TG5S9	12423
A3FDG1ASGMUQSL	12424
A3FDLVDWUR93PS	12425
A3FDORYBQIYGZ8	12426
A3FDXWGOGEMP0U	12427
A3FE2DCZPL6VKF	12428
A3FE4FASHOV3QC	12429
A3FE5V9OE61LZ4	12430
A3FEGTOLCWXSV4	12431
A3FEQ6404VRW7G	12432
A3FEQXNCFC68KC	12433
A3FEZU57GLQYQI	12434
A3FF3HVW91Q6JO	12435
A3FF8OTS5XYTPR	12436
A3FFHFJ9FWOECM	12437
A3FFKU2MTCOBM1	12438
A3FFNUD5PGO1HQ	12439
A3FFNWA0T3QXDN	12440
A3FFRDN3PV5L7P	12441
A3FFY8SLBK89ES	12442
A3FG0FQHNV2UP2	12443
A3FG51WL7BP7LN	12444
A3FGTHDZLKDR6N	12445
A3FGWBYH2TQMS8	12446
A3FGWQHVQGOAGL	12447
A3FH4R6Z7F42CE	12448
A3FHSLWEMH7JD8	12449
A3FHTA56S4ZPNV	12450
A3FI4DE6ADI0PR	12451
A3FI4WZ8EQTRS5	12452
A3FI5VLXVEKMO6	12453
A3FIFD8Z4N1903	12454
A3FIFPWMPTA2QC	12455
A3FIS9JVN6US5H	12456
A3FIUP4KF49FOH	12457
A3FJ9ZCGP3XYEN	12458
A3FJFALEU0BBN3	12459
A3FKAZNKWZ3Y5D	12460
A3FKPBNI7UWQFW	12461
A3FKQJY9KKBRXL	12462
A3FKSPDMAPW67X	12463
A3FL6YL8HMZGI4	12464
A3FM5O047CRB2M	12465
A3FMPPK0F3Q213	12466
A3FMPT5IH0CJ50	12467
A3FMTA63A1LPCH	12468
A3FMXFMMLI91MY	12469
A3FMZTOX99VFVZ	12470
A3FNFMD6LFWO2M	12471
A3FNV09127NV3G	12472
A3FNXE2SI253HR	12473
A3FNZ1APZYGMNA	12474
A3FOOF7Q2GUMXX	12475
A3FOSLM5G1BO63	12476
A3FOYAMCBA9BA6	12477
A3FP9H6R2ED7SE	12478
A3FPSS0WWJ3JF6	12479
A3FPTGF6TRQGA6	12480
A3FQ5TW6TK1HR6	12481
A3FQS0TRBXB98H	12482
A3FQY8D7N4RFUR	12483
A3FQZH8PJB535A	12484
A3FQZJCT6NJWHX	12485
A3FR2L0OZJUNJV	12486
A3FR4DNX164M7W	12487
A3FR4QXW7JF15E	12488
A3FR61DX564GSJ	12489
A3FR6XA935PSSN	12490
A3FRPEUKURM327	12491
A3FRPOTKZBV0MK	12492
A3FRVWLF4CZ2B4	12493
A3FS3BT5G4CIF5	12494
A3FSN1GA8Z55DY	12495
A3FSNNJ2R93JRB	12496
A3FSNQS8T99H1N	12497
A3FSQZ9X6AGZV1	12498
A3FTAF1BNSUNC8	12499
A3FTYZL6ETSCXW	12500
A3FU0LFX4DPG3	12501
A3FU4PKNQHKDA4	12502
A3FUFLG82AXJVF	12503
A3FUIF5ZGOXO6I	12504
A3FUMBQUF0BPD6	12505
A3FUOHN96YPZD1	12506
A3FUS2YOULRQQR	12507
A3FUSN31CB5NJG	12508
A3FVAWZNKW9GX	12509
A3FVC4KBOEXI1J	12510
A3FVL8G7ZL9JQQ	12511
A3FW593FY61CT5	12512
A3FWGSJ3T3N5QW	12513
A3FWTUD4GDHYRO	12514
A3FWVV13DJELLV	12515
A3FY7E4954X7E1	12516
A3FYIFS0MIETVX	12517
A3FYR9BMM4ADK1	12518
A3FZ6QJXIR1EH1	12519
A3FZ9BSETDQZ7W	12520
A3FZALNJU827SX	12521
A3FZQZZ7I2BXIT	12522
A3FZRQ8XTQJB0K	12523
A3FZYXPQW74FJY	12524
A3G0ARA86SET36	12525
A3G0FEWUT5RS7G	12526
A3G0U6PF6AWXK7	12527
A3G2HMHG7CHD5J	12528
A3G2I5EDTWF6WB	12529
A3G2PUQ455XMXJ	12530
A3G2SZDR4PGUG	12531
A3G34UXK1P9JCN	12532
A3G3J1K769O5EF	12533
A3G3Q7L1VMZB79	12534
A3G3SZ9IF9IBYM	12535
A3G42PNWASLGE8	12536
A3G49RQ5609VBV	12537
A3G4DS01T535GE	12538
A3G4MPMSA9T3HK	12539
A3G4N179QCSZ4V	12540
A3G4O3AF6JSTYW	12541
A3G4SO5B3RSWIH	12542
A3G4VWL9EB8M6F	12543
A3G50AHS8H7FYV	12544
A3G51D05RCL9I	12545
A3G51YFJ29PZ79	12546
A3G59LXVP094TY	12547
A3G5BIFX6VS1OP	12548
A3G5HL9UTDERDF	12549
A3G5MOHY1U635N	12550
A3G5VUKCE2AH25	12551
A3G6GB7T38P7D8	12552
A3G6HFDT8QTW1G	12553
A3G6ONPNHKPP0C	12554
A3G6STJDOIMJPS	12555
A3G72G1NWSMS31	12556
A3G74QFXYOQ6YF	12557
A3G7929LUN6A1F	12558
A3G7BEJJCPD6DS	12559
A3G8AON83M5UCQ	12560
A3G8B6EN4KPEO4	12561
A3G8BHTBJC85UR	12562
A3G8T4D5526VBB	12563
A3G9H9PO9E7C5P	12564
A3G9PLKQYSBKEI	12565
A3G9XNP5NEHKBG	12566
A3GA09FYFKL4EY	12567
A3GAIL59ZAW7JT	12568
A3GALEUCJLVQMP	12569
A3GAMMVQ4RVZQ2	12570
A3GANUWACYPJ03	12571
A3GAZ3BT0EYHLQ	12572
A3GBQFV3SMMS0Q	12573
A3GBRY8W4MIZAM	12574
A3GBSKCNLBC9HN	12575
A3GC9DHCHOCEMZ	12576
A3GCPNKE99I8X8	12577
A3GD81ENFP8V8N	12578
A3GDI9D0LPQNPT	12579
A3GDQ1WRI1351U	12580
A3GDWNHC7Q8R4D	12581
A3GDZ9CCNWBIC0	12582
A3GECO1TL9WYC3	12583
A3GEVVUZ4F87GR	12584
A3GF2WI2PEWGM9	12585
A3GFK7F5IUF60X	12586
A3GFSBOQCCZSAY	12587
A3GGAF934Z0RI2	12588
A3GH7JFDZIE9Y3	12589
A3GHCFI2SXUQWT	12590
A3GIE87I0EEYPI	12591
A3GIILDRS0K9EH	12592
A3GJ0RDALQQT5G	12593
A3GJPLCZCDXXG6	12594
A3GJZNH8I7INYZ	12595
A3GK1O5S6188AJ	12596
A3GK9T2XC6Q32	12597
A3GKAG2WNAVXEZ	12598
A3GKH4EECUO494	12599
A3GKMK6KQH3Y1H	12600
A3GKPMHV4U64IY	12601
A3GLIBRI4MDQ1I	12602
A3GLWFCP5JIMNN	12603
A3GLYIC0IDN1TU	12604
A3GM64N13BILUP	12605
A3GMADUPDANSDR	12606
A3GME584I1ZSWR	12607
A3GMRYV7VAYK5Q	12608
A3GMVCTJTHYG1F	12609
A3GMY5W0FKN0UD	12610
A3GMZ6ZE2DIJEN	12611
A3GNPVA60Z14Y8	12612
A3GP23SELJPQTY	12613
A3GP3Q66MTM8KV	12614
A3GPDH4FMH514Y	12615
A3GQP16J109A3F	12616
A3GR2VKQI53WPK	12617
A3GR4JSRBQIIJN	12618
A3GRPS2NYINLX4	12619
A3GS4OOS1FYAL9	12620
A3GS64AWT6IOOC	12621
A3GS7OZXUEW48R	12622
A3GSGBKCIXB45A	12623
A3GSGG1WDWPBIR	12624
A3GSRSYNOZNBUY	12625
A3GTDORKQ1YAZH	12626
A3GTI284ZE3B6W	12627
A3GU48VNT4BCFR	12628
A3GU5OIZWMVIKI	12629
A3GU5RXKP37GOQ	12630
A3GU5YTM2N686N	12631
A3GUE7W5MOZ0DS	12632
A3GUIEYMTJHU12	12633
A3GUK4RWXKHS9I	12634
A3GV11WCN6B6OL	12635
A3GVG9FOZVEEMG	12636
A3GVSEFGRYXP5D	12637
A3GVW21TD5PQAA	12638
A3GVXL028FFXMW	12639
A3GWJTIM8AW719	12640
A3GWT4A3Z7BMV3	12641
A3GXCVFBERAS59	12642
A3GXE5P5MJR8G1	12643
A3GXFT6MRZK99N	12644
A3GXLATAT6ZKRS	12645
A3GXWIS01AV35	12646
A3GY0E5YUV8CRP	12647
A3GYC1655EN2UQ	12648
A3GYC4TMJNOJQ5	12649
A3GZ0E8B9Z60J8	12650
A3GZ8KHONLIEIA	12651
A3GZSOZGCZ5KUF	12652
A3H078NDV85C61	12653
A3H0FPX8POP4WL	12654
A3H0GN6BWUVNKM	12655
A3H0M2L5J1MOUC	12656
A3H0PWUZEP7L2I	12657
A3H0R9U7UJPD9G	12658
A3H0ZQ74ITU83J	12659
A3H11VW0L01A1T	12660
A3H1A6EJHBEBG6	12661
A3H1WO77ING6CW	12662
A3H22U1E3JV2NM	12663
A3H24GT97NXFY8	12664
A3H2BWZ5ZMVIHP	12665
A3H2CKTFZ3B3GD	12666
A3H2J4EW5CCBWS	12667
A3H2K4LM3T4QBC	12668
A3H2MJCBSVPPAX	12669
A3H2SDAOSD498L	12670
A3H3093ON09KLC	12671
A3H3IC2SOP8OHT	12672
A3H3M7PH17ESJ0	12673
A3H3TRRGOHK7CV	12674
A3H3W5UGUXTC2T	12675
A3H3XU00364V45	12676
A3H3YRN0YKQBM8	12677
A3H401WD68A9YR	12678
A3H43YTXXTHCI3	12679
A3H4AC34E3LC0U	12680
A3H4F4805PNUEY	12681
A3H4TIVTTA5IBB	12682
A3H52GVIONVIK7	12683
A3H5QGH5OD2XGX	12684
A3H5XBT2AGYKIJ	12685
A3H6GVX00H6L1I	12686
A3H6KAE3YYKLDR	12687
A3H78NCT3DJMY2	12688
A3H79D2ZEFRG8P	12689
A3H7S1GKGAHWA1	12690
A3H7YOJNXQGB29	12691
A3H8288VHL1607	12692
A3H87GYSEF0U18	12693
A3H8CXU7HSULL4	12694
A3H8OYIER5SWSI	12695
A3H8PA7AG48K33	12696
A3H9EUF9KB0AA6	12697
A3H9TRBHEW94C0	12698
A3H9XSH537AR3Y	12699
A3HA2LCZ2SYGU2	12700
A3HAA7H8PBVM78	12701
A3HAD23LPYDSRT	12702
A3HAKYDK4SU4XT	12703
A3HALU2RJDOV7Q	12704
A3HBH90IOBYSYC	12705
A3HBLJKM8GO1EL	12706
A3HBO3EGPTYJ9O	12707
A3HC5FQZ56GN2R	12708
A3HC6PK3YCON1X	12709
A3HCGZUJD9OW0S	12710
A3HD1AJP0E353F	12711
A3HDMTTLZ93TK0	12712
A3HDOQRSOU7TGY	12713
A3HDT5LZAFRULB	12714
A3HDTWBLQS5VWQ	12715
A3HE0L14O17XS7	12716
A3HE4ZD2MIGJ29	12717
A3HE6SU1IZO053	12718
A3HESFIAVXHWP6	12719
A3HETHW2XD3DWH	12720
A3HF5JQFIDXPF2	12721
A3HFC7MAV9A3A6	12722
A3HFE5OVATVKG7	12723
A3HFFGW9RZA2CE	12724
A3HFJ18PO6V04U	12725
A3HFQT4IPBUA1P	12726
A3HG0DNFURFXR4	12727
A3HGSHD8XRG7I2	12728
A3HGX340RSQI0L	12729
A3HIMCMETGILGK	12730
A3HIUWKL4D853W	12731
A3HJPO9F59YA98	12732
A3HJXZ11XTFB0E	12733
A3HKCH8GRNQR9P	12734
A3HKJUDAXMZHFE	12735
A3HKPIHNQSJ25L	12736
A3HL1LRW4VDG6A	12737
A3HLA9LC90HEMF	12738
A3HLAMP842AMWI	12739
A3HLB66FSDMF5F	12740
A3HLLKGK6GTUPF	12741
A3HLMOYVU5O4HE	12742
A3HMDIEOEJT9IF	12743
A3HMJ0VUTM1XZT	12744
A3HMJJ5T9GQY1V	12745
A3HMWKRSEM0JEL	12746
A3HN318DL1X2G3	12747
A3HNWWDY4BKFY2	12748
A3HNXZZDEICO57	12749
A3HO3HVBC8BV06	12750
A3HO70NCJP5CWT	12751
A3HO9PD40YDVL3	12752
A3HONXHSFW2OQQ	12753
A3HOO00IJGLPUI	12754
A3HORVSI2I23YR	12755
A3HP7JU4ZORF52	12756
A3HPCRD9RX351S	12757
A3HPIHVQFF9HU8	12758
A3HPWCO03NENL4	12759
A3HPWRK6PK29XK	12760
A3HQ5S5ZH7TW5B	12761
A3HQ6IPNE7PUO7	12762
A3HQ7ZWZ3UCQEL	12763
A3HQJV0OUZ1YCF	12764
A3HR0ZZOFKQ97N	12765
A3HSNIPLSC66B3	12766
A3HTPYT4IR8WTN	12767
A3HTSJLOEF2SQ1	12768
A3HTT401A6216J	12769
A3HU5EXY0HTG7T	12770
A3HUC8541SJ6UT	12771
A3HUOLUSKJV56M	12772
A3HUPHKBZSI9B8	12773
A3HV9K0ICQYE6S	12774
A3HVI5XAFI8HV9	12775
A3HVKKF7YRTAJ4	12776
A3HVO5CJBF76S2	12777
A3HW3661Y6A2XP	12778
A3HW4K5IVFW495	12779
A3HWQBKOVVBS00	12780
A3HXAFS1O6FWS	12781
A3HXLMXMNZCGOG	12782
A3HXO3N75PUZHF	12783
A3HXTJAGRU1XIZ	12784
A3HYPUDQ0JZES3	12785
A3HYXQ8XTUU9XD	12786
A3HZ83EUW587RM	12787
A3HZEQAJ0O35R2	12788
A3HZY4QLFYDXE0	12789
A3I06O92N14I7N	12790
A3I0E1509ZU29N	12791
A3I0WXF4P7NR4	12792
A3I1AO65LBA2O6	12793
A3I1BJIFFM4S21	12794
A3I1KF122KRF60	12795
A3I26QIAJTSJGJ	12796
A3I2HXC9AK4DLL	12797
A3I2XRSKNKDVWA	12798
A3I2YCM1DJ0I54	12799
A3I3CQ0Y9472FA	12800
A3I3S9VZK2UZSU	12801
A3I43PYBXWCKNW	12802
A3I47WIS3G3BPH	12803
A3I49HMI4LV6HU	12804
A3I4H0OVHG3MCB	12805
A3I4N0N168IQ4B	12806
A3I5FTOFQO2S5N	12807
A3I5HP7FYKKX6Z	12808
A3I5LQUDHCGQVY	12809
A3I5WRP4VZUFK	12810
A3I630FAE5CC23	12811
A3I64CVN1BSX2U	12812
A3I688JK1X09IS	12813
A3I6A2HUFTG1QX	12814
A3I6PSQD9AL7VU	12815
A3I6YLOOFW6FZY	12816
A3I7745BPAQHFL	12817
A3I7EAURZWHY44	12818
A3I86S8NQQ3V4V	12819
A3I8CDF4MKBJA8	12820
A3I8KWK1VNN92T	12821
A3I92SZMN44YZE	12822
A3I9B1CGS5TP2J	12823
A3I9XZGYARBLS4	12824
A3IAA9BH1QHTLN	12825
A3IAB658ZZLOHH	12826
A3IAHD6P77ICRM	12827
A3IAU6ZPVF2R5K	12828
A3IBLS0N2BO077	12829
A3IBWMCIBIQT4Q	12830
A3ICAEUGQ539UP	12831
A3ICRNAIQ8FW9N	12832
A3ID3HP0RVQJGL	12833
A3IDF9IMQMSH48	12834
A3IDIZZ9CDC1HR	12835
A3IDNUT6IOGK11	12836
A3IDR2IYI58507	12837
A3IDW5NUE2VICC	12838
A3IE8E0JN0LZFY	12839
A3IF2RRR8R84BV	12840
A3IF76O0VUMVYZ	12841
A3IFB1Y1EBX3C5	12842
A3IFDR4FUX5AIB	12843
A3IFTXSHTCG3VK	12844
A3IGA5VGRQ6A6B	12845
A3IGUTR1L01G2I	12846
A3IHJZ22RTXMLR	12847
A3IHZ1NDIW7VWN	12848
A3II0EA7FNWPAI	12849
A3IIVCHG77U7BG	12850
A3IJ4Z18FTIIP	12851
A3IJALRIECTH46	12852
A3IK4LVT9OD9LH	12853
A3IKCAI3QWDYER	12854
A3IKLTT9JQACCI	12855
A3IKXXDCPDA6JN	12856
A3IKY2EW86W37O	12857
A3IKZ15AVH556K	12858
A3ILGLDOXW4QLX	12859
A3ILO637M9PLDP	12860
A3ILREXBYDQ12W	12861
A3IMAHMO886ZMN	12862
A3IMALU0RM8UT9	12863
A3IMFZHFYXGXPQ	12864
A3IMIWSOJXGNAM	12865
A3IMK08UX0I46A	12866
A3IMMFW0SQDGTY	12867
A3IMPWS131DB72	12868
A3IMQHN9KSTYV7	12869
A3IMQSE3KFFKQR	12870
A3IN5SLB6X6N1J	12871
A3INMIZIYJ9BQ4	12872
A3INXK3OLBCEVA	12873
A3IO8NQT4NOPA9	12874
A3IOG6F1KJ82RU	12875
A3IOKEFDAYOAED	12876
A3IOKUGI4MLTCN	12877
A3IOQ7NVVLAUEE	12878
A3IOQGU4608BUW	12879
A3IOYL7WLH4E6D	12880
A3IP6MI767BBQN	12881
A3IP8DSICI26MI	12882
A3IPJXGOP04L27	12883
A3IPXSKC3C81TX	12884
A3IQ12O7NEEN58	12885
A3IQDSA9Y2WW1C	12886
A3IQXED40ZZ2T2	12887
A3IR834T7AROBT	12888
A3IS0E1S646WUQ	12889
A3IS850Q5VGBFX	12890
A3ISFBZ5UFK81I	12891
A3ISL8X364RP1P	12892
A3ISS6PKQVTG9N	12893
A3ISYQAWJVOWLE	12894
A3IT8DEMJ8SRAP	12895
A3ITP8ZBMZ2TL0	12896
A3ITVS1WQT6WI3	12897
A3IUBTF6CVMP1X	12898
A3IUDCLJ76GDOB	12899
A3IUMV0T5KAQMD	12900
A3IUV3H1L9A4RG	12901
A3IV2OVQ3TZA84	12902
A3IV701XFS5COA	12903
A3IVP4JB933OSJ	12904
A3IVPJYAEA5UYI	12905
A3IVV97DY46JRJ	12906
A3IW35GOCJGQ6I	12907
A3IWDTBF3M230Y	12908
A3IWZC747QU0B2	12909
A3IXIZ5CVQJ6FZ	12910
A3IXRU3NVQBI80	12911
A3IY5FWLIQDL0W	12912
A3IYAP6830Y9TI	12913
A3IYF0O9ZD1VMA	12914
A3IYT41OTSN91K	12915
A3IZC8XHK4XTXW	12916
A3IZDVIS87YT60	12917
A3IZILIVYKKHGY	12918
A3IZKNM88ZMDAN	12919
A3IZNGVJM7SE9Z	12920
A3IZOK5GR51EE2	12921
A3J029KBNG5MNP	12922
A3J090AM2FD86D	12923
A3J0DO0V4959LM	12924
A3J0PEV0ONBTFR	12925
A3J0PV46K99ZFS	12926
A3J0Q0HXJ24NHE	12927
A3J0RREBLM9LC3	12928
A3J0SKFZ4KJ51O	12929
A3J0TILVNJXQ7Z	12930
A3J10WRMAVU6P5	12931
A3J13HGUNQ0D4	12932
A3J1CEZ30ZOJ7S	12933
A3J2YU2D9BH2J7	12934
A3J32CP7XVRNS8	12935
A3J3A16GJQXR2G	12936
A3J3CQCCTD1S47	12937
A3J3ZHGDUDPCFL	12938
A3J4LKULGYLSLC	12939
A3J4TETT4T379D	12940
A3J53QSAALL2QB	12941
A3J5JBYLOMVYZE	12942
A3J5RPWC5LAVGN	12943
A3J5WEY9BS9EFA	12944
A3J6DUO3ROV0OX	12945
A3J70SWLLQAFAT	12946
A3J76VSGS3C4Z4	12947
A3J76W60VRYJ0Q	12948
A3J7O11ECNX6T7	12949
A3J8ABVGK7ZL6H	12950
A3J8EU3GOCEOD8	12951
A3J8I71DJXM6TK	12952
A3J8NIFP46QWJ6	12953
A3J8SAK96UFSYZ	12954
A3J9A3S87VFMLM	12955
A3J9KSJXU1HTT9	12956
A3J9R9J4R74L0G	12957
A3JAITM5A93M0U	12958
A3JAK6Q22CYDAM	12959
A3JAOTQCJTLH8Y	12960
A3JB7TQG2JO3GK	12961
A3JBCTR66S74WA	12962
A3JBRRR4NLMAUU	12963
A3JC6350NTZ654	12964
A3JC9M7825APLB	12965
A3JCIET7XQRZWS	12966
A3JD87DUPU2I56	12967
A3JDMGD2AN9CD7	12968
A3JDN5MXP1VYPB	12969
A3JDTW351GHLFV	12970
A3JDZ61V5DJRTA	12971
A3JE9BXNPFE0H6	12972
A3JEKLHPSQRR61	12973
A3JEMWB5LTFL8A	12974
A3JEP8LHMGRMNH	12975
A3JEPPCGV55FAQ	12976
A3JEX0ZQOG5FC8	12977
A3JFDHDCAW8505	12978
A3JFGJ7YEF6W76	12979
A3JFHIXVIE9KV	12980
A3JGAG3TYIGUY1	12981
A3JGCTQT4H9TSS	12982
A3JGMEZ9TQ4N4Z	12983
A3JGSERIQ748H0	12984
A3JGYZ1COZN0G2	12985
A3JH0E78R55GYY	12986
A3JH18T58CY65P	12987
A3JHBKWQWS36YL	12988
A3JHC8O59WDHFZ	12989
A3JHQ0ZTULXW7X	12990
A3JHX03R30N831	12991
A3JI0J5NXVI91G	12992
A3JISBGMQM3J7Q	12993
A3JISS7CQJF8JL	12994
A3JIXT1O6JORRO	12995
A3JJ0JDZREXI4A	12996
A3JJNGCMI5DJGO	12997
A3JJXTHUE9MJKB	12998
A3JJZXOOLQYDT5	12999
A3JK7YIN7IZF2K	13000
A3JKDP03J29EC3	13001
A3JKMT3CBFONZG	13002
A3JKV7OKRBQQ3H	13003
A3JL2OEMAZX5VE	13004
A3JL3G7SU01JDP	13005
A3JL3YQYI7OR5O	13006
A3JL7G27054F3	13007
A3JLAQ1DGYZMOL	13008
A3JLBL62FPGY98	13009
A3JLERGZ90RMZH	13010
A3JLOIXFM75QNV	13011
A3JLXUAN3Z6PDB	13012
A3JM4IBJ42RY2F	13013
A3JM8CK8YYYHAL	13014
A3JMI7T9UYNXU6	13015
A3JMZWJXLEW6Z6	13016
A3JNS0IUUYEO5	13017
A3JNT1XPAV7UKL	13018
A3JNVOV0L3UI0J	13019
A3JORDWLKLS7GU	13020
A3JP4WCNCNKF8N	13021
A3JP8D9MFDRNLM	13022
A3JPBW2SD236EJ	13023
A3JPC2QEW7NP8T	13024
A3JPFWKS83R49V	13025
A3JPYQ41TT1XNT	13026
A3JPYYQ769BYYL	13027
A3JPZDI6NGCJHU	13028
A3JQ58CZBV3FOZ	13029
A3JQ9SPK2QOTQT	13030
A3JQUCQRTND78C	13031
A3JR169BC9UPLH	13032
A3JR8YFXZQQBU0	13033
A3JRCY2EE54SX0	13034
A3JRK240EEJ82X	13035
A3JSCYTKY0HSAX	13036
A3JSD8GOCADJ9K	13037
A3JSJ3UVCN1GTK	13038
A3JSN5254YMXDY	13039
A3JSOG7YNNPORW	13040
A3JT29L4YFEIMJ	13041
A3JT3H3CEXCYYT	13042
A3JT5SVYJC1LOL	13043
A3JT5XR92IFRVL	13044
A3JT9T3QRBXW3X	13045
A3JTGVGKJSQP6C	13046
A3JUQWN96LXNMX	13047
A3JV5RRJRNKN0I	13048
A3JVTH63Z8DJ0G	13049
A3JVUAN6RI36EE	13050
A3JVYKAWHZK4QX	13051
A3JW24ZWXI7WQV	13052
A3JW2HT22TPNV8	13053
A3JWXS85X4WDXS	13054
A3JWY8TCBF81H0	13055
A3JX1D26WFEXOS	13056
A3JXBZ8F65100O	13057
A3JXDVDIPGLYI6	13058
A3JXFJXTBTA9IA	13059
A3JXJCITB06V21	13060
A3JXTZL63XCVT4	13061
A3JXUG9ZFWA3NJ	13062
A3JY5GH0N9F1HX	13063
A3JYAPO496COOF	13064
A3JYNVRJHBU8YC	13065
A3JYUMK5DRS0FS	13066
A3JYVCG5G0B8LT	13067
A3JYY8RLJNC56V	13068
A3JZU9HMOHSI00	13069
A3JZUGERNK38IW	13070
A3JZV00SVBTWRY	13071
A3K07M3RETZR63	13072
A3K0A2WO0LO8LQ	13073
A3K0LATK2OE49G	13074
A3K150BGUET5KI	13075
A3K18IM154VJ9R	13076
A3K1RB5R42LAQF	13077
A3K1XGSV0NDY68	13078
A3K2AMZ9NTVFQY	13079
A3K2LYSJARSYEU	13080
A3K31X7L3FX022	13081
A3K3BFM3DQH631	13082
A3K3IOHMF1ZMFU	13083
A3K3LLIWUEOSBP	13084
A3K3QCIIIWQA5Y	13085
A3K3SE4RK846WO	13086
A3K3ZVLHJA5UZ7	13087
A3K4AJLVHAH4OZ	13088
A3K4E30ZBGE4QB	13089
A3K4L7GNB0Q3BM	13090
A3K4U5LY7C4MDY	13091
A3K5FSC64MC2CQ	13092
A3K5N2LA0XT7WW	13093
A3K5TAUYDEWX9J	13094
A3K5TJ1USJ3B51	13095
A3K6DBAF8BZQ44	13096
A3K6FXL68M7IED	13097
A3K77GJCI8FRYU	13098
A3K791HYUM4ZWB	13099
A3K79V6EK1DV7J	13100
A3K79Y559PZNXV	13101
A3K7GXA6J1UV35	13102
A3K81XDXS4O3DI	13103
A3K83KVT2A2Z2F	13104
A3K8AU6BAGN60E	13105
A3K8DFDJOB412W	13106
A3K8LJJGKU4U96	13107
A3K8MJTZCB13XN	13108
A3K8QLOXZ7VQDQ	13109
A3K900O8VF02JE	13110
A3K91X9X2ARDOK	13111
A3K93OWHKHGI9V	13112
A3K97VYT51QMK3	13113
A3K9ALI928DPT4	13114
A3K9CDK8A2RV3T	13115
A3K9NDME3X61PZ	13116
A3K9TLINS3RY75	13117
A3K9UPN8THUJOE	13118
A3KA0BUBOYGVS9	13119
A3KA3HCGOG6Y90	13120
A3KA7T5ILPFJQS	13121
A3KABDQ5HYC2DS	13122
A3KAVMCTCYKIBS	13123
A3KB0E2PCV3YRS	13124
A3KBJ63TL5YWK9	13125
A3KC0CRGLO5LXJ	13126
A3KC3NPCXZ165L	13127
A3KC6KTMVSX54K	13128
A3KCCDCO9DRY4W	13129
A3KCETX7H9IL62	13130
A3KCKECEO3E2AN	13131
A3KDVT5PXEH6ND	13132
A3KDVY9LKSR91V	13133
A3KDZA2MRC39CG	13134
A3KE16VISCB4MU	13135
A3KE3FM4Z51IKA	13136
A3KEZLJ59C1JVH	13137
A3KF79AODCE7YE	13138
A3KFHCZ5ASC9IG	13139
A3KFTE704SZJBX	13140
A3KG1RHOM34CXE	13141
A3KG4NGRFJVTD2	13142
A3KG83E6FXM0BD	13143
A3KG8K6GO9SJJP	13144
A3KGW9MI9EXYQ3	13145
A3KHBA1XUN2YKE	13146
A3KHFA8233TXM	13147
A3KHYHPD3GOCQK	13148
A3KIDB5LXDJNDX	13149
A3KIR7P97E8XCX	13150
A3KJ06Z2K3UGYG	13151
A3KJ9UTP3TSDJW	13152
A3KJPP3NF9CPVL	13153
A3KJSCZZN0LZEG	13154
A3KJZI6ZPQQ5GB	13155
A3KKO4KDS1IA9D	13156
A3KKV9HW87CKKO	13157
A3KL1ERBTE7EAY	13158
A3KL3JESTF55JI	13159
A3KLOS2SHGH3ET	13160
A3KMBFF4H0SQV6	13161
A3KMM68QLUAFU6	13162
A3KMMKR10LMRFS	13163
A3KMYHC1E69P32	13164
A3KN5RUH2LJVFD	13165
A3KNBKMRSEF8RR	13166
A3KNKPW9HK9CX7	13167
A3KNMSAHLIBKHY	13168
A3KNXWG1ZGUWW2	13169
A3KOAAHCI18FKI	13170
A3KOI2IB2PIKSC	13171
A3KOL1FYRGZPGQ	13172
A3KOL5HSQ6XJPL	13173
A3KOWY2QU7YQ96	13174
A3KP80ROO50I4K	13175
A3KPD3WLML2Q4E	13176
A3KPDWB8U4F6CE	13177
A3KPJ1MOGTZVGC	13178
A3KPVT8XQNQ1AG	13179
A3KPWJ0BANN9RF	13180
A3KPZX7AM2ZYC5	13181
A3KQGPD0MU8746	13182
A3KQQY9BGBWI0W	13183
A3KQYVS8LVJF07	13184
A3KRNQ5R323ORR	13185
A3KROV4FKJV4OL	13186
A3KS3XYBP6YCFO	13187
A3KS6XNI6OXY2T	13188
A3KS7HVGY74W57	13189
A3KSFGJAKQOHXV	13190
A3KTGLVR8XW52J	13191
A3KTPKBDG35827	13192
A3KUGN2LP2VIQ9	13193
A3KUMAERR6NHPX	13194
A3KUPS6F5MTN16	13195
A3KVF4JBEAE8O1	13196
A3KWAN5J031OOU	13197
A3KWRC15OXO3EZ	13198
A3KWVU5VJM1O8K	13199
A3KX3OGWI2E753	13200
A3KXOGCEST84HJ	13201
A3KXOJMZWM00B3	13202
A3KXRVE9E1E532	13203
A3KXUGUD7GGD3Z	13204
A3KY45VSR20OTB	13205
A3KY68OTSNHM3G	13206
A3KYDUPIOMNDFT	13207
A3KZD13K0OUP9T	13208
A3KZOUH7TUTT00	13209
A3KZR2JX15PX62	13210
A3KZV3WIH9MIK3	13211
A3L07NUFLHEZJG	13212
A3L0HOM7SL74MJ	13213
A3L17RRL053ZXH	13214
A3L1BNBV4SS1H8	13215
A3L1MEXXDI4Q77	13216
A3L218DRR8MA9K	13217
A3L249C56OJI7D	13218
A3L2AQGJLCSLFB	13219
A3L2JNH8RJIJ4Y	13220
A3L2KYOYDWSRPL	13221
A3L2YVX4TBJV04	13222
A3L3FU5Q74CM70	13223
A3L3N699XJAZ26	13224
A3L3PB28XX2HOB	13225
A3L3QAUKAP5N7F	13226
A3L4BU0P064C1G	13227
A3L4PHH58F5Z4U	13228
A3L59EOEXSU9NJ	13229
A3L5CZ3A9FFLVA	13230
A3L66JCRU6XF8I	13231
A3L6M9R8LXYGBP	13232
A3L6XHA5FVMN16	13233
A3L7U85G7MSSXJ	13234
A3L829BHSRRJ7U	13235
A3L8AAH6QYM5WX	13236
A3L8B6VMQ1K0PT	13237
A3L8DLR4C7HFCE	13238
A3L8DZO4N7A63C	13239
A3L8FJC6XJV8P0	13240
A3L8FQAMJR4OL7	13241
A3L8N3AEMZKAL6	13242
A3L8STJ6RRL4VQ	13243
A3L94Q7JZO5SLY	13244
A3L9PFZFNCWD0H	13245
A3L9SREX2RUB7X	13246
A3L9WCREPNEGAG	13247
A3LA01MBK3Z6C3	13248
A3LA01QM2IU080	13249
A3LA0SA0O73YKT	13250
A3LA4U6TFX4MG	13251
A3LANSRXLT1PW0	13252
A3LBE22T11A5TJ	13253
A3LBXN9F2N8KH9	13254
A3LBZLI0FOL2YP	13255
A3LC0ZUZGZTGBV	13256
A3LCK7XLLPFDEI	13257
A3LD93WDUDND53	13258
A3LDOC3GKH7ZCQ	13259
A3LDW705DAWPGW	13260
A3LE0UC4D5LWFZ	13261
A3LE3E7JW2IBQ	13262
A3LEDIH8MAE3R	13263
A3LEG2QM1EQH4S	13264
A3LESL1S0OWJ4G	13265
A3LETG39TWHQP	13266
A3LEU3P06RNBX5	13267
A3LEY4WTMDCI2K	13268
A3LF53L0WE6CWM	13269
A3LF61Z1S07PJY	13270
A3LG1IJ7UV79GR	13271
A3LGT6UZL99IW1	13272
A3LH77PBDFEO3F	13273
A3LHE5MHDF7X2R	13274
A3LHIKZFE0OEQF	13275
A3LHJQYMP3HI2O	13276
A3LHTPHIVY4GXF	13277
A3LHZN0R0ZJK32	13278
A3LI37XOSZIA8L	13279
A3LI3FBTL9FH47	13280
A3LI67KTGSI0IT	13281
A3LIITRB4K2Z0K	13282
A3LIXTJBXQNFBB	13283
A3LJBAB0VHJ0AD	13284
A3LJHDE2GC93F8	13285
A3LJY69XS33PO4	13286
A3LK922FKZ08AS	13287
A3LKDTH7ZMPXFH	13288
A3LKJ0Y9WPTD49	13289
A3LKLGZZ8OWR51	13290
A3LLDOWM9GEK7R	13291
A3LLE02CO1W5T1	13292
A3LLEX1R9IXQSO	13293
A3LLP0VSTSABK2	13294
A3LLR6GYKV497F	13295
A3LM3ARJMBPBNZ	13296
A3LMPD1ZQTWOC4	13297
A3LMWT32Y49ENJ	13298
A3LMYO16SPUTPJ	13299
A3LN4AOPBIUQWR	13300
A3LO0DQZCRB36Q	13301
A3LO35OQM8EOGA	13302
A3LOGP4VA9DX46	13303
A3LOVYOYGXZEZV	13304
A3LPH1Q12SPHGR	13305
A3LPKKEKC0J52S	13306
A3LPPQT8EDUNE	13307
A3LQ7EAIMSNQUJ	13308
A3LQO3O8B70WLB	13309
A3LQRU3KN6T2JA	13310
A3LQYQUEIWVSSL	13311
A3LR35M01DZECL	13312
A3LROR7V58OSAH	13313
A3LTM8P4W2ZIUU	13314
A3LTZH0OXPVLCG	13315
A3LUEBZTK7M8KB	13316
A3LUUDFQJWLRTB	13317
A3LUYUZNKG378S	13318
A3LV06NUWRXQWF	13319
A3LVDB70Z5ZNP	13320
A3LVSPIB4SUWRL	13321
A3LVTATM6TO27B	13322
A3LW8CEW7ANUJ	13323
A3LWC833HQIG7J	13324
A3LWLAMIODTPTS	13325
A3LWV94ZSGJANY	13326
A3LX1SB60C6UAM	13327
A3LX4H5I6G9IBN	13328
A3LXTPCFIEMPNX	13329
A3LY02SR2BN6UT	13330
A3LY22GSY2UMMQ	13331
A3LY325F0FFG4E	13332
A3LY3ZEYZO043L	13333
A3LY8RB1BVJ7QA	13334
A3LYC2ML2MNVML	13335
A3LYGOZAMC2KZA	13336
A3LZ0E3MHF4YX0	13337
A3LZ0UDVKWHZHF	13338
A3LZ4NROH4BKUS	13339
A3LZBAP1ZBB4ZA	13340
A3LZBN54U1MR5A	13341
A3LZOU7Q8ALXZ3	13342
A3LZUAUQE8ZEUH	13343
A3LZXB9WABL8M4	13344
A3M06TE1J42O3T	13345
A3M0O31GUN0LS0	13346
A3M0QK9BZKRN1D	13347
A3M0V4YXJMAPMZ	13348
A3M13FJ36WY3NA	13349
A3M1828J960UUM	13350
A3M1PLEYNDEYO8	13351
A3M1R3JBR8I8DP	13352
A3M2GS4YDG9NZW	13353
A3M2O06MCHJG18	13354
A3M2U2803IED3X	13355
A3M2UY0JX11P4A	13356
A3M2VYH6RDLTK9	13357
A3M2YQ368H1VX1	13358
A3M3A7KPCYP4AN	13359
A3M3KERBC78HXZ	13360
A3M3LOJOAH6ZUV	13361
A3M3MC7577AHRW	13362
A3M3Y30ADYJDZ6	13363
A3M424W9HTCTNL	13364
A3M450F1MI9G5X	13365
A3M47OPE802Q8W	13366
A3M497WMNO4YJ	13367
A3M50ICHEZME71	13368
A3M55LR0SR34HA	13369
A3M55VFB68DJMN	13370
A3M5EYSGR954F7	13371
A3M5I23OFIVG0Y	13372
A3M5T6MGFQVGO6	13373
A3M5XCJDFIV21A	13374
A3M5XSWB6R5M5A	13375
A3M606TBE6C5N4	13376
A3M66C55E2KMZY	13377
A3M6C7E344A0GH	13378
A3M6I2ZQ9KTPKH	13379
A3M6KV5PDU46YI	13380
A3M6TSEV71537G	13381
A3M6VBOW521N1L	13382
A3M7DV79N41DYM	13383
A3M7H9O909Y3GZ	13384
A3M7K286GCV01H	13385
A3M7Q456YHHMH2	13386
A3M7R4PD0FEPUB	13387
A3M7YXF4H84X5V	13388
A3M82NO6OU1FHS	13389
A3M8Y0DUXJ4FE4	13390
A3M9MILGTJKRWU	13391
A3M9PK9A10JCHF	13392
A3M9S32JFM7FV5	13393
A3M9T1EK9F8N9X	13394
A3M9US0QCE8JJ4	13395
A3MA0GENSE798M	13396
A3MA0GMN8K5HK8	13397
A3MA86XP7FF7Y5	13398
A3MARYYNDJI5UX	13399
A3MAT1NQF6UC4O	13400
A3MAXGM5AU7DM5	13401
A3MB37I1XR1FNW	13402
A3MB63DT6H0Y68	13403
A3MB95ZAZ3BTQH	13404
A3MBRHDP99B1SJ	13405
A3MC1YPZC2S4PG	13406
A3MC8FNUDKEM66	13407
A3MCMM13TRWXEM	13408
A3MCP70R2GELY7	13409
A3MCXF7WZJHETP	13410
A3MDA891A1EPT8	13411
A3MDETK0D5UAIN	13412
A3MDLS5IQNW8ZR	13413
A3MDSWKK2DXRK7	13414
A3MDXH2K8KHB8L	13415
A3MDYZ1QWBF8A8	13416
A3MECYI6LHF2ZC	13417
A3MEKPSRWUU4NL	13418
A3MEMRD6RMS4SI	13419
A3MEMX0XF00TBD	13420
A3MEVXZEIL021C	13421
A3MEZUE5KZ6CS2	13422
A3MF5Q9IHZR6IY	13423
A3MFCKCUSW5OGE	13424
A3MFF3HWX2TB60	13425
A3MFGD9WEJK2RU	13426
A3MFU0GVZUVH3K	13427
A3MFZXNFCFE2Z4	13428
A3MG0IUULVTC27	13429
A3MG4JJ67TU9AT	13430
A3MG63TWI1KX9P	13431
A3MG88JGBACVUK	13432
A3MG8X4926DEH4	13433
A3MGKRVGQPOAQ8	13434
A3MGN2SIBOETD6	13435
A3MGR9INFJ1N60	13436
A3MGS0LSJOXLTB	13437
A3MH6IZA5XX87K	13438
A3MHUT3SV5NI6V	13439
A3MI14E2RO2WKV	13440
A3MI7X9Z2PIVTP	13441
A3MIJQFIERDZ0R	13442
A3MINCOO65ZNQN	13443
A3MIQXBS2X8HJG	13444
A3MJ6KO3BG5PSX	13445
A3MJISYNXNYEQD	13446
A3MJUZ3OEQA1CS	13447
A3MJZBEBNKBFCD	13448
A3MK6W7ASS2UIV	13449
A3MKEX0PIIXPEZ	13450
A3MKKQT9ECS0S6	13451
A3MKPAIK06U60K	13452
A3MKRAD7Z64ED5	13453
A3ML2IGSFCXOCV	13454
A3ML5ZA4T62OE0	13455
A3MLA39DU3M04U	13456
A3MM0LLTL3CGX8	13457
A3MM5FD0PXRA3F	13458
A3MM9BF68VYV0	13459
A3MMBLQ4200L8H	13460
A3MMI3FYU1XXPY	13461
A3MN8YZH452DAR	13462
A3MNH79KGUSAP1	13463
A3MNV91GLZ4LFC	13464
A3MO7SFNC7UWQ7	13465
A3MOFEMVCEXJD9	13466
A3MON1ASRWZM52	13467
A3MOOW99X9QYUZ	13468
A3MP1O5WYYLH60	13469
A3MPHCT729DE3H	13470
A3MPV60NCT8ZI3	13471
A3MPWZNB1K8J1G	13472
A3MQ1A9Y6C3DDW	13473
A3MQ23S4OQHVNE	13474
A3MQ6D1Z88ATL7	13475
A3MQAQT8C6D1I7	13476
A3MQGCON7N8WWB	13477
A3MR5VJPI3WICS	13478
A3MRMA15B8K7YD	13479
A3MRUIKOIGZ6QY	13480
A3MRYKKPAD40RP	13481
A3MSB482DIB9SL	13482
A3MSBBGTJZNSRB	13483
A3MSG1POHU5MBX	13484
A3MSGBIPM8E99N	13485
A3MSH2YW203752	13486
A3MT7QCNR8UDA7	13487
A3MT8WM6J2BNCV	13488
A3MTAEG7RENLFV	13489
A3MTC99Q0TJ4QM	13490
A3MTGH0GYRUV6J	13491
A3MTHWMJ1J9RR2	13492
A3MTIS11IHKAP3	13493
A3MTNAG2HQ8LQO	13494
A3MU9G6YWKTGTA	13495
A3MUSWDCTZINQZ	13496
A3MVEFIY483CX1	13497
A3MW0HWAOCUW1R	13498
A3MW1C075RW72L	13499
A3MW876EZJMTHH	13500
A3MW9L1WLPE2EI	13501
A3MWP39R0W9TQX	13502
A3MWSMBRIWGPVB	13503
A3MWXVT0ENVQHT	13504
A3MXRA89E62AAH	13505
A3MYF59QZOAN67	13506
A3MYO84C6WRGPV	13507
A3MYQIK82I1MT3	13508
A3MZELP6F1CJBZ	13509
A3MZTRQKSETDD6	13510
A3MZU8A1ASX8X2	13511
A3N03K23S2ZEIG	13512
A3N041QAKY7BVW	13513
A3N07YGNXJU9UV	13514
A3N0B5XHPTV3ZL	13515
A3N0BDO156E3FZ	13516
A3N0KFDA9418YI	13517
A3N0O1DVF2731T	13518
A3N0UT7KT7PKFY	13519
A3N0ZGOY1ESGCC	13520
A3N1F3CLW6XPEV	13521
A3N1RRYWV9EZFZ	13522
A3N27L13CWJ9HY	13523
A3N2B8IB39HTK6	13524
A3N2FCR3H1KQYD	13525
A3N2MVBI1A2I9Y	13526
A3N2SK11B25XZK	13527
A3N2Y9XPJYZ9IL	13528
A3N2Z3KNJW1FFG	13529
A3N30HTBN6NEXW	13530
A3N35YV2XC3MMG	13531
A3N3DCYO2X3Q05	13532
A3N3ICEXGHZSIA	13533
A3N3WE6U6N794O	13534
A3N42CHD2U50RA	13535
A3N4I8JLE6L9HS	13536
A3N4XI0IYMPTT0	13537
A3N55VBQG33TWV	13538
A3N5FJ62JASQ7B	13539
A3N5G0JVWS2243	13540
A3N5NRW1GQ8RXL	13541
A3N5Z9AKY4QR3V	13542
A3N61N91YEIZ47	13543
A3N65H2Q320Y4H	13544
A3N67LZ7S89MYN	13545
A3N69DAS9TM33S	13546
A3N6B01SM1IM3A	13547
A3N6B8KA6GE7Q6	13548
A3N6FMURYF7UPZ	13549
A3N6G1G20OP8GX	13550
A3N6OKUWJ478E3	13551
A3N6R1HWX53D01	13552
A3N6SJVJNOJ6YK	13553
A3N6TE4S7YKHBH	13554
A3N752EG18MMZW	13555
A3N762HD1Y25QV	13556
A3N79870ZN5NCV	13557
A3N7KPO1TEYWBP	13558
A3N89JRE34GM25	13559
A3N8G0TUJ5M38R	13560
A3N8RWH3NY2MC5	13561
A3N980PX9MQUOY	13562
A3N9CQGOLG0JJM	13563
A3N9DP3DISWORE	13564
A3N9DRV2RSEU6Y	13565
A3N9MUQZA0GQVS	13566
A3NADOYIRYF1U4	13567
A3NB3HS9NAI4PG	13568
A3NBFIN2EY4PSW	13569
A3NC0UA98KNEZM	13570
A3NCB51ODGDZ3	13571
A3NCHKFUOQJUTQ	13572
A3ND0O6T7LUPI5	13573
A3ND4Q4YF8ADFR	13574
A3NDA78TJTXW1	13575
A3NDB4MMNFKAQP	13576
A3NDPX33N04JW5	13577
A3NDUBKYPI47N2	13578
A3NDW4MGR5OQMP	13579
A3NE21SH4BQ8IX	13580
A3NE2XPINZH239	13581
A3NE7BWSEOHIWJ	13582
A3NEAETOSXDBOM	13583
A3NEDMP0PXLY3	13584
A3NG1RH09BPOO	13585
A3NG7X4APIV649	13586
A3NGABXDIB0POU	13587
A3NH1SMW111SY2	13588
A3NH3YHJFB57FX	13589
A3NH73WKH7LE6W	13590
A3NHUQ33CFH3VM	13591
A3NHV6YT1VGBRB	13592
A3NHWJDAUZU61I	13593
A3NHZERVB4YV0O	13594
A3NIG4M8VUDSQP	13595
A3NJ63C6G8EE2L	13596
A3NJ6PGDVE39HV	13597
A3NJ6S72D28F6W	13598
A3NJFDQGJICYEA	13599
A3NJKB0OG4IHSV	13600
A3NK28P0BSBJY4	13601
A3NKHJH206QS6L	13602
A3NKM3BP524JAD	13603
A3NKO0NUFLCF92	13604
A3NL0E3H41QA20	13605
A3NLJJIG4J1VMI	13606
A3NLJZI5NEOT0K	13607
A3NLQWUUML5S7F	13608
A3NLSAHX6WZFYA	13609
A3NLXG52G0FF61	13610
A3NLZ70MS32P7I	13611
A3NM4ITNTNWO3X	13612
A3NMIZOMLSFOEM	13613
A3NMMO1XP65XUH	13614
A3NN5R6KP9LV2H	13615
A3NN6Q0D6TK11U	13616
A3NN7Q9RHUOV8V	13617
A3NNFCL3ORBQUI	13618
A3NNICU3VEBQ2Z	13619
A3NO02UJ96CKZA	13620
A3NO9NOCWLFAAJ	13621
A3NOBH42C7UI5M	13622
A3NOV7ESDS0KAJ	13623
A3NP2LM6MQ2XP0	13624
A3NPN5L431ISP7	13625
A3NPQ9CRARXBU5	13626
A3NPR9ZSEREUSZ	13627
A3NQ92P0GJRJZ3	13628
A3NQFZIPITICVV	13629
A3NQL7POHWPU0A	13630
A3NQLKUNEG474M	13631
A3NQQJL28A2LMV	13632
A3NQU1649SH0Q4	13633
A3NR9ST3I3DSV5	13634
A3NRDBSWL4MI4X	13635
A3NRGAYOT754NE	13636
A3NRIS6JOJ2R8K	13637
A3NRUW4TP0OJIE	13638
A3NRVQ35S9HFGV	13639
A3NS2ZZYH6GOV1	13640
A3NSJSQQEJ0ZO7	13641
A3NSMGE2T71EGV	13642
A3NSWXCGP7UMDJ	13643
A3NSZEWT3G16T8	13644
A3NTBR2QTRQYX2	13645
A3NU3M8INR4NPG	13646
A3NU6T7KTRM3I6	13647
A3NU9ES33YEI65	13648
A3NU9S8PXCEA5Q	13649
A3NUL79XB88MHY	13650
A3NURIGNWE6XOZ	13651
A3NUUJF2S2ZWAD	13652
A3NV17B17PFB7G	13653
A3NV1LOXMR6F7K	13654
A3NV53Q5KT8QC9	13655
A3NVSGJNREHJQJ	13656
A3NVSUFF2RPXOV	13657
A3NVYAJRGM3FB0	13658
A3NW4V0D0GAP1O	13659
A3NWBQRD6N7N5D	13660
A3NWDVRYFBV72W	13661
A3NWN21HH5CEWZ	13662
A3NXCL9NJTL3TF	13663
A3NY3HRSDU16NC	13664
A3NYB08YF2ML9X	13665
A3NYC0DQRC32KO	13666
A3NYJA9TI72BGH	13667
A3NYKHD0CE645Y	13668
A3NZACSRMBHHGC	13669
A3NZWY6KXHYJWE	13670
A3NZZZ8H3BP3ZN	13671
A3O0I3Y8G9EMWU	13672
A3O0IKJI5OLDIW	13673
A3O0XMYA3WL0T6	13674
A3O12S3DN5I2S1	13675
A3O15SREOYEKG6	13676
A3O169AQVVY4UR	13677
A3O1COG1P76JW9	13678
A3O1EFKA6UXFHR	13679
A3O22PG4MHDI4Y	13680
A3O28YJBZG1Q0Q	13681
A3O2A2SVT49541	13682
A3O2FKUUH6WKBG	13683
A3O2GQBY9O9UWI	13684
A3O2HIL5V8KY75	13685
A3O2XYVT5YJB9X	13686
A3O389O1DUHM0W	13687
A3O3AYO9T29HLT	13688
A3O3FSM02PL6H2	13689
A3O3O5YSQ6IYIG	13690
A3O494645Z3G4F	13691
A3O4B7VGPSAH76	13692
A3O4EYYRGC9PC0	13693
A3O4UFT4RQO7AN	13694
A3O4ZNLFI0GAV1	13695
A3O604Z8QIN5JX	13696
A3O6CP5TT54LJE	13697
A3O6L15T47A6Z2	13698
A3O6LOIW8WAPQK	13699
A3O6Y8J2VD3FJU	13700
A3O739U0I3QXRY	13701
A3O7BUVKQ3MSW4	13702
A3O7DAOENZPVAH	13703
A3O7N6RGUTDEJI	13704
A3O8ICKCGWYYXY	13705
A3O8TYUVCU7ZDB	13706
A3O8Z6IZ0VU3BB	13707
A3O92VFSXB8S5Y	13708
A3O9F8ZI5TOE4M	13709
A3OA44KS0WYEXE	13710
A3OAPA74XSA120	13711
A3OB3PK5K8S7VI	13712
A3OBI9T5SQ4GFR	13713
A3OBP99ZV5TG6C	13714
A3OBQ6SO2KE1W9	13715
A3OBRGNLILA0AZ	13716
A3OBT5OPKSEHAQ	13717
A3OBVHPUTE5RVA	13718
A3OBVXK44JR4OQ	13719
A3OC1UOS4EV4NV	13720
A3OCQ2XJGV8AOJ	13721
A3OD9DU3A0NCCI	13722
A3ODARRXYPYNHK	13723
A3ODDZH7HRP3CU	13724
A3ODKNXD86RZCI	13725
A3ODORN2MWNSSC	13726
A3ODP9PJMK83RM	13727
A3ODVYRIERNB4O	13728
A3OEGVSXY0Y07W	13729
A3OEIPLU13BEW2	13730
A3OFAMMKK080ES	13731
A3OFLIA0S929XR	13732
A3OGCS6EH1JUSF	13733
A3OGSFJ6626BN0	13734
A3OHAUUXP0SND5	13735
A3OHFBGQR5Q2Z3	13736
A3OHRD232BAGUD	13737
A3OHWG8BVAPGFR	13738
A3OIQ3T0OIKY66	13739
A3OISJSXTOR2XS	13740
A3OIU9SABLE799	13741
A3OJ8DN62LEJFZ	13742
A3OJ9XZRAP8N67	13743
A3OJE8ZDF1L61G	13744
A3OJJN11RPR1EL	13745
A3OJO9T1RLIG36	13746
A3OJSXR0NPFDNJ	13747
A3OJX18B60PJR9	13748
A3OJYFHOG55M53	13749
A3OK97NLHS8QY7	13750
A3OKCAZMT0RSZ4	13751
A3OKS32MU9TEQ	13752
A3OKTP6MVTPLGJ	13753
A3OKV3BHJCWGSZ	13754
A3OLEOENEYIE7O	13755
A3OLRRMST75FD0	13756
A3OM7D312RZJV	13757
A3OMJR9XRPPNWA	13758
A3OMRKTTG7CZF4	13759
A3ON633GO6OYNZ	13760
A3ONUIQUDAD8XI	13761
A3OO6053SN6M5P	13762
A3OO76VR18EFBW	13763
A3OOEW998F66T3	13764
A3OOIS36AHI75A	13765
A3OOQH73VQ97VN	13766
A3OOS2B1ZZBCHI	13767
A3OP1R5V3J6J6	13768
A3OP6U7TS00MQF	13769
A3OPRY7N8UT2HU	13770
A3OPXNND84JPV6	13771
A3OQ1D24B95TXJ	13772
A3OQNAJ33UDWH1	13773
A3ORH1LCILLW76	13774
A3ORV1QBL4K9U1	13775
A3ORZJVHPTURZ1	13776
A3OS6WFBP6TAQU	13777
A3OS8YC4CU5Z7E	13778
A3OTHWG8LLCLMU	13779
A3OTYODDF52VX1	13780
A3OU0L0YE60ZET	13781
A3OU3VMKHM5T7L	13782
A3OU429ZCG1TT0	13783
A3OU8X1D7X2U98	13784
A3OUD5IR7I1OMP	13785
A3OUGXBBF8QY58	13786
A3OUN7W917RXX6	13787
A3OUY0I99CZPXN	13788
A3OV17BERQ3LGT	13789
A3OVD3PWFCPKLY	13790
A3OVDJYTAH5DR0	13791
A3OVSORW92Z9AD	13792
A3OVXVZ108U4GT	13793
A3OW151NEZN0K	13794
A3OW1FT941MESM	13795
A3OXFEMA6507W4	13796
A3OXGEVKU33TRU	13797
A3OXHLG6DIBRW8	13798
A3OXRFCJI67IMN	13799
A3OYCLG14CX7A1	13800
A3OYO7B6SS7QLH	13801
A3OYP39J6S4CSF	13802
A3OYU4OAT7DCU2	13803
A3OYZWVMJU65YQ	13804
A3OZCQAVS7NGUN	13805
A3OZDQ6DSJWK7J	13806
A3OZFQDYD1JTT9	13807
A3OZO0ZRIFB5AO	13808
A3OZPANQ4CGOQV	13809
A3OZPCMM35U2EY	13810
A3P09YCNLCWA8S	13811
A3P0DIE1J0QQ9Y	13812
A3P0OZLK5QOUYX	13813
A3P0PA5CEP3HTU	13814
A3P0QHCZKJOBU7	13815
A3P0VX9YFUXO33	13816
A3P162WRKMTV1R	13817
A3P1OQ9ORH766T	13818
A3P1Q92ZO8FL2P	13819
A3P1SVONO50V1B	13820
A3P215R7F3BP5Z	13821
A3P24Q0LD6UD1W	13822
A3P2D0B50DXXDS	13823
A3P2GVYTV0GYL1	13824
A3P39SX6IDDT3M	13825
A3P3B3DJL0KX3X	13826
A3P3UZR4QFUK22	13827
A3P3X4WTM6WGRY	13828
A3P43VFKPJ3X8K	13829
A3P4KW0AV31WBG	13830
A3P4WOECOANW1M	13831
A3P566QXHI9AOM	13832
A3P586NB1NT2LH	13833
A3P5G64FFNWSWC	13834
A3P6ET0G4CR86C	13835
A3P6GP130QXTW4	13836
A3P6YFS2U1OZTF	13837
A3P79VQHXG3QRL	13838
A3P88K8S1G62UM	13839
A3P8E9WXRAD8MA	13840
A3P8HO4CTRS21A	13841
A3P8U519VFKD0G	13842
A3P8ZDHC7XSKSE	13843
A3P974GJZFHS8D	13844
A3P98GR8PM6M3X	13845
A3P98Q692XW2BA	13846
A3P9D22KDEXVMN	13847
A3P9DP2FC0HNDS	13848
A3P9WV9WVAYYJ8	13849
A3PA08KYVF6D93	13850
A3PAO5AC7UUGSE	13851
A3PAWNJROQSZ7Y	13852
A3PB28O50JABFG	13853
A3PB5GHQOS6BCW	13854
A3PBAA9U572PXO	13855
A3PBY5FB5IQKFD	13856
A3PC0L6BU3ZF8T	13857
A3PC2T7T1XELU6	13858
A3PC3LSYOKAQ3N	13859
A3PCT94DZGOKG	13860
A3PCWKZKWQSHA0	13861
A3PCWPCPY2ZYEH	13862
A3PCYW5I225C5S	13863
A3PD6NG6XL336W	13864
A3PD9BA7TX95S	13865
A3PDGHTCRE3G56	13866
A3PDLVXGOUMW0	13867
A3PDRRH25YUTJP	13868
A3PE0N67KQB0AV	13869
A3PE1N4QQXR33D	13870
A3PE6BZFBLUDLV	13871
A3PE6N1GDP2XJ8	13872
A3PE884TA8529G	13873
A3PEG6KLX2W8ZB	13874
A3PEJ4WVQY0FAG	13875
A3PEOF0GX4EN38	13876
A3PFEJL8MBBGL1	13877
A3PG6W9NVL8AKF	13878
A3PGA87E29J21R	13879
A3PGPOTK7PX1YP	13880
A3PGZ7W5NH3S0T	13881
A3PH0SYKYA4LJM	13882
A3PHLY89V2R1W8	13883
A3PIC2BGZSQQW5	13884
A3PIPYAG27DYR7	13885
A3PIW7ZF4C5ZJL	13886
A3PIX3Y9W3BUOF	13887
A3PJ3U3T6WWK1Q	13888
A3PJKCHFP33XR4	13889
A3PJNHE80BQNFU	13890
A3PJZ8TU8FDQ1K	13891
A3PJZYHHOMYXLI	13892
A3PK2QEYSBTWYI	13893
A3PKTO0UJJJ8BS	13894
A3PLM6HCW1XXD8	13895
A3PLSE1DHYB3E5	13896
A3PLYZ6PA8QDLI	13897
A3PMAUQEHQ06GN	13898
A3PMN22KAQ3B1	13899
A3PMVTY03ME6M3	13900
A3PN0J08MJ8SHC	13901
A3PNBZ60XRKZFP	13902
A3PNBZ677VZHO1	13903
A3PNOH9KHS2NBK	13904
A3PO7P9MHI3WY2	13905
A3POAVTU2XS9B1	13906
A3POM5GPI6OW9W	13907
A3POP3AO0D5GRV	13908
A3PP0YU97UZ203	13909
A3PP27YZMSA7JS	13910
A3PP636IZ2ULZG	13911
A3PP7NEZIIM6BN	13912
A3PP8YYMEAAMHM	13913
A3PPKA8HD3N3H	13914
A3PPXFIVMJ9MV8	13915
A3PPXVR5J6U2JD	13916
A3PQSRBLPP1585	13917
A3PQWC8FCFW87F	13918
A3PR3ZEVR9YG3S	13919
A3PR7RM3L8TORU	13920
A3PRCVKDVNDONH	13921
A3PRGCC4N6DF1E	13922
A3PRSWZ0RL7ACT	13923
A3PSCL2RXFINQ0	13924
A3PSVI1D7LQ4GN	13925
A3PTUIGFK4MQ3J	13926
A3PU93JWUZBKT7	13927
A3PUE9W2KSWX8R	13928
A3PUQMYVCHJDC4	13929
A3PV2E6RXRS8EO	13930
A3PV7SBJWP9YF1	13931
A3PVM083UFTZQJ	13932
A3PVN61HD3KXLS	13933
A3PVYF54L8GS61	13934
A3PW1SRE8IJ7BU	13935
A3PW2A2JF67SVT	13936
A3PWPNZVMNX3PA	13937
A3PWSDLLG8SCN5	13938
A3PXFUL4WX8850	13939
A3PY83IA2RI66K	13940
A3PYI40QJSNTRL	13941
A3PYXG3I5K12OE	13942
A3PYZ493962DGP	13943
A3PZ1Q52JPODAT	13944
A3PZ7LHH7Y7TJL	13945
A3PZLW5P97IO5R	13946
A3PZOSZK6DZDUG	13947
A3Q09TTEUYLU2N	13948
A3Q09XODDLORO2	13949
A3Q0M13QFMD84D	13950
A3Q0ZAW0WY3B4C	13951
A3Q112ZJ6WEM0X	13952
A3Q11JB1BTGPW1	13953
A3Q1EDCBV2KU8D	13954
A3Q1GBD7C0999T	13955
A3Q1J68QY1MZQ9	13956
A3Q1N069UIAFCU	13957
A3Q1QHUK0JDLIE	13958
A3Q203BP3E1NLG	13959
A3Q2H96GEYT6UW	13960
A3Q30LBELD158O	13961
A3Q31FES48PW9R	13962
A3Q3E683C9IIW8	13963
A3Q44X5CPTMJ5S	13964
A3Q4GE8F5OD1HV	13965
A3Q4MQSU3DF17A	13966
A3Q4NSNIAH9HBB	13967
A3Q4Q42A2OSK26	13968
A3Q52VTZBD27QA	13969
A3Q58S4DG95S1Z	13970
A3Q5AFM97K9D78	13971
A3Q5KYQK0U3JEF	13972
A3Q6M7OHUW5HM4	13973
A3Q798TJMRUIRU	13974
A3Q7I4GNRLGA11	13975
A3Q893HCG5BQ5M	13976
A3Q8JHRXVW2P8B	13977
A3Q8JZTT51HCHI	13978
A3Q8KSS9Z5FRQ2	13979
A3Q8LROBADQOSC	13980
A3Q8OTSNHRR376	13981
A3Q90JARBPQ51Y	13982
A3Q99KOV47QSCU	13983
A3Q9DFUU7A6FD5	13984
A3Q9HTAIMFI35B	13985
A3Q9HY0LU7MN6E	13986
A3Q9J4O1ESVB27	13987
A3QAN4WDXJNZK7	13988
A3QAQCG2OBJ9NA	13989
A3QB5GGUYO607J	13990
A3QBB4VPEBJJ24	13991
A3QBCHCHAZKS98	13992
A3QBCX2QMKJ7AH	13993
A3QCC7PV6EG4YC	13994
A3QCCG9OME82AW	13995
A3QCKD6SQI4SJG	13996
A3QCODVZ478MZZ	13997
A3QCY8ODJBGFLH	13998
A3QD59N3M7O7KB	13999
A3QD7VWBD470D2	14000
A3QDDEW6RXVEAY	14001
A3QDS02EOY2NIF	14002
A3QE12BL5ANGLC	14003
A3QEIVO8AB3YMU	14004
A3QF34BE0IXSP4	14005
A3QF3D7EPF258Y	14006
A3QF8RG8RFS1G0	14007
A3QF9PWUCR7YR1	14008
A3QFCVR9YO3GK	14009
A3QFD0J9ZWFOHX	14010
A3QFHH2N2OORO3	14011
A3QFJ29GSE27AQ	14012
A3QFRVCZKG7M9J	14013
A3QG7BTDAZQ19M	14014
A3QGL7LZXPDQE3	14015
A3QGOJS5W1Y3SW	14016
A3QGW3JGPRDQ4J	14017
A3QH6GQNAJRLML	14018
A3QHGG3Z9WUWD9	14019
A3QHJ2VF5QN7MM	14020
A3QHKMFXLSOQKB	14021
A3QHMWIVUI82YW	14022
A3QHOQOU5JBRLH	14023
A3QHSKUEF061EU	14024
A3QI93X6HJJB5V	14025
A3QIAS5DLDKKVQ	14026
A3QIEISBZP4QTV	14027
A3QIG40MRJNULX	14028
A3QIMPQ5IHQ2AI	14029
A3QINHZN6RWLRP	14030
A3QIP8J8V8PASM	14031
A3QJMDSZ7J1X9R	14032
A3QJR0TFVO8EK8	14033
A3QJR243PD45N5	14034
A3QJS29DOEYA2X	14035
A3QKDUQAI1OUIJ	14036
A3QL857ALV5RCJ	14037
A3QLJDIXAJC1MH	14038
A3QLVX6A3LTU8A	14039
A3QLXP2K8G37K6	14040
A3QLY1F4RMZCFA	14041
A3QM53A9A7YENO	14042
A3QMIZK2ZEXTUZ	14043
A3QMSH76ZRAIDG	14044
A3QMSZMR1R2F6Z	14045
A3QNEE7OE6ZZD3	14046
A3QNF58JZJYJOE	14047
A3QNG5ZWWTPAW8	14048
A3QNQQKJTL76H0	14049
A3QO04PYHINBRZ	14050
A3QO4VXCK8HLU9	14051
A3QO73FZ1J4DIT	14052
A3QOAEXTCJAU13	14053
A3QOQ8E877W0FY	14054
A3QPAXR2XDK5AV	14055
A3QPYEVYD227LF	14056
A3QQDE72CYAP48	14057
A3QR2ROG6UTMVM	14058
A3QR47P2MI6YDG	14059
A3QRCQ87OSJAUH	14060
A3QRVU2EAOEGAE	14061
A3QRWQ7OWZWOSM	14062
A3QSL2GMGMFGAS	14063
A3QSNF3WWPQJJZ	14064
A3QSU3E3G9JRJL	14065
A3QSU7CW5TMVY9	14066
A3QSXILNE7LMD6	14067
A3QT709ZY4VZ8S	14068
A3QTHCF1KAM9R4	14069
A3QTNN2IVZT6VS	14070
A3QTPXPY7OB3YN	14071
A3QTZ4APZVX6O3	14072
A3QU13TEXK9QUY	14073
A3QU3O79AGNWCY	14074
A3QUG39UDJOPNB	14075
A3QUM7IJF6VZTY	14076
A3QUY5QP5L283S	14077
A3QVAKVRAH657N	14078
A3QVB0XT53D53Q	14079
A3QVL5E4A109WF	14080
A3QVM3CCALDS6S	14081
A3QW3JI0ZK13PI	14082
A3QWC6OUH0JMI	14083
A3QWGIXTKEEW95	14084
A3QWYUC0FBK5VY	14085
A3QXAEOWI72WA1	14086
A3QXIV51GXNEG5	14087
A3QXJDENZ9DGFU	14088
A3QY5N1QTNZ4F0	14089
A3QYBCR9UO261D	14090
A3QYD27F90N4OE	14091
A3QYG9JZABBTB5	14092
A3QYJRK7YVBSU2	14093
A3QYL7748HO98E	14094
A3QYQMLVXWC499	14095
A3QZ81L3DIO5C1	14096
A3QZUQ875JRT5R	14097
A3R01WHD75L6FG	14098
A3R06ZZSWBKFSM	14099
A3R0JTX4N7IUNV	14100
A3R0NHWFUSYFAX	14101
A3R0YIZOXVX0T7	14102
A3R13XE6WE24CU	14103
A3R144P0AZSY90	14104
A3R19DW01TMQ5Z	14105
A3R1BIH3W466Y	14106
A3R1BKS6STBOOA	14107
A3R1D7H3PIFONU	14108
A3R1EB0IGE3CC7	14109
A3R1F5QKEDAV51	14110
A3R1FSUO75XH5R	14111
A3R1I7PBYSH5WD	14112
A3R25J093OGY3D	14113
A3R33KMESG0XGQ	14114
A3R35H0I9B949F	14115
A3R37EX18THB03	14116
A3R3EIMRDWN7PI	14117
A3R3KEX2WAKSY	14118
A3R3L38ENM8OF1	14119
A3R3PD5XPTQ7CW	14120
A3R3WH2KGSQBRT	14121
A3R3ZYMQU6S30K	14122
A3R4794K2RVU1S	14123
A3R49A88QSHTRS	14124
A3R4FG7G16C06Q	14125
A3R4GFCDXI93C1	14126
A3R5GTYQ50QVMD	14127
A3R6RMXSWHTZHG	14128
A3R6UAQPG91XYF	14129
A3R6YTQ5O6MBCE	14130
A3R73CYJVN0I2Q	14131
A3R7ATFBOPRY9F	14132
A3R7GH9BPFWLPW	14133
A3R7RE5O61M112	14134
A3R84TMCITP3RV	14135
A3R88DXQOV6TKE	14136
A3R8DSB8L3WVDO	14137
A3R8TAZQYGWP2P	14138
A3R94Y2FDZ9BGD	14139
A3R97FP9W5PQGV	14140
A3R993BYM706G1	14141
A3R9MGYOQRI46U	14142
A3R9NGXC6M54YO	14143
A3R9X003XW0LNR	14144
A3R9X26QGDP7LM	14145
A3RB12P8BPXKNU	14146
A3RBQNP8V5K4RL	14147
A3RBW9WN6VW4MU	14148
A3RC46B21CQK5	14149
A3RCGRXYBRKSRC	14150
A3RCPYFNFZVHVM	14151
A3RD21P8CL5KXA	14152
A3RF63W6BWOG2T	14153
A3RFWRH521CELR	14154
A3RFZIB1DP6NTS	14155
A3RG17SEXP6600	14156
A3RG6CWLQ94JQ0	14157
A3RG8DYG8AJ6Z9	14158
A3RGJHGMOD2PPU	14159
A3RGN75LHYAG8U	14160
A3RGOEOOBPEEE0	14161
A3RGOQM7VBS0X8	14162
A3RGX2BC063H3U	14163
A3RI5UZVVGZ05N	14164
A3RIAJ81TPZDNV	14165
A3RIIAMTY00G6V	14166
A3RINEQ4GDTR55	14167
A3RIOHLQHR44R6	14168
A3RIPKCNAU8Q9I	14169
A3RIXMMLCBROJY	14170
A3RJGV3V98THXR	14171
A3RJQ63HTSKS1I	14172
A3RJXX349SI6GD	14173
A3RJYS647TEIK5	14174
A3RJZWLHXAPKTA	14175
A3RKCND6OA3D7Y	14176
A3RKFHBRBAG79P	14177
A3RKWR9E95TO66	14178
A3RL3JVFKCKDNW	14179
A3RMDGXN8T6D1F	14180
A3RMEU4GNP60BM	14181
A3RMGNOSIJUK0R	14182
A3RMPW4YQYE6Y9	14183
A3RN32JBRAK1FP	14184
A3RN5W5IWPMKHD	14185
A3RNBFOBIPT33W	14186
A3RNDRH50R47CZ	14187
A3RNGSJAOB6E96	14188
A3RO3CGZ9MWA1I	14189
A3RO5ZMTK8HKWX	14190
A3ROMY7E8U5INJ	14191
A3ROU050SH9CLL	14192
A3RPCLWE2EWZKV	14193
A3RPNLEYTSU6V8	14194
A3RPVSNIRK3BA9	14195
A3RQRQPWVBYC9	14196
A3RQWP5AL0BOOR	14197
A3RQZ3ANW6IHHX	14198
A3RR2P5IS3DGPR	14199
A3RRHT01JBVE5N	14200
A3RRM0BGZ821MX	14201
A3RRQ3WXJSLD4	14202
A3RRRQNF7Y7UIO	14203
A3RS1DPHCUGSNJ	14204
A3RSDKOJ28VU6B	14205
A3RSDZJY1AYURX	14206
A3RSZRCRM42S4N	14207
A3RTEA60XVN0G1	14208
A3RTLL9VB8IPZM	14209
A3RTNA9THAU2OP	14210
A3RU9BFS2C4KBF	14211
A3RUHWRDVWPR8M	14212
A3RVDXHXWXI6K4	14213
A3RVGO71T040G5	14214
A3RX5RMRAJ8Z5B	14215
A3RXI6DI5HCOBN	14216
A3RXK9SS1UXYA9	14217
A3RXUJEXGQAY01	14218
A3RXUMEMEFE7MS	14219
A3RY57708THJ45	14220
A3RY92VWOYZWA5	14221
A3RYCUN4Y3EHY	14222
A3RYRAREISDCLY	14223
A3RYSRBRTZB0JD	14224
A3RZ3YCOPB9N6K	14225
A3RZ6DXYZTCLOS	14226
A3RZ9K5H0QKSWG	14227
A3RZAM2K767L4H	14228
A3RZUQUV0P4131	14229
A3S0HLMRRSSCY	14230
A3S0U1KBGFGGC4	14231
A3S0YO9GR2DTD2	14232
A3S15YGZ6W6EV2	14233
A3S232COVDQGL9	14234
A3S2BZNL03NVMK	14235
A3S2QS1E8KB9TJ	14236
A3S2TOPDUII9K0	14237
A3S38SCN69Z63K	14238
A3S3GGVSMN1BDM	14239
A3S3SYYJ549FLO	14240
A3S3W9HPHHYVQ9	14241
A3S42TLAS68SIM	14242
A3S4BS45M60FFN	14243
A3S4IE26PYKXO2	14244
A3S4TEP586NJDO	14245
A3S4U2HQRFURC8	14246
A3S57YWQQGIZHP	14247
A3S59RYPPWC1RF	14248
A3S5K7Q4Q85NJU	14249
A3S5OCYSX7OS6J	14250
A3S5WYWYKSAI9C	14251
A3S6N7PEWZRLSI	14252
A3S71SLB01GWX2	14253
A3S78AZJAA6WBN	14254
A3S7CFKN0AJHC2	14255
A3S7Z7N3H9ORLQ	14256
A3S801EXW1YK1	14257
A3S81Y50UL7UZV	14258
A3S8C41QV6G2QL	14259
A3S8Z7ZLJIFP0I	14260
A3S900CSKWQOIV	14261
A3S90O1BI21EJK	14262
A3S9X6D5ZNWLH	14263
A3SA3Z5UCFY6YI	14264
A3SA41FNSURN2	14265
A3SAMEOUJU7IF9	14266
A3SANWTT4XA143	14267
A3SANY33IJ9TNJ	14268
A3SAP1GZDBKENR	14269
A3SAU1A0IEYDNX	14270
A3SAX3ROUGQX4B	14271
A3SAY00VWEULJN	14272
A3SB9OFQJ9WURU	14273
A3SBBYF9K1DV8S	14274
A3SBECL7A3T41X	14275
A3SBZAOPPY40IT	14276
A3SC30311Q4IK5	14277
A3SC4CBSUZGG6J	14278
A3SCBL3KQVESHT	14279
A3SCIP098VYA23	14280
A3SCWXXJXBVJ05	14281
A3SCYUEOIXJ2H2	14282
A3SD3E6FIS6CS9	14283
A3SD6HT3USBBTC	14284
A3SDHJV8D9BYM	14285
A3SDIGZSMZPW0W	14286
A3SDSDKRCFVH9P	14287
A3SDSFPFY8WS8C	14288
A3SE49YW4G92A	14289
A3SE4NU7AGO47Q	14290
A3SEALB7H8M89B	14291
A3SEBFKE82AFF0	14292
A3SEHLEZ80NBXI	14293
A3SES8GR908TWL	14294
A3SF1SVISUW5U0	14295
A3SFC0OTJ9ERMX	14296
A3SFY4VG2JPFZ4	14297
A3SFYX4G856XIO	14298
A3SG4RGP55VI8	14299
A3SG91FWT37W2Y	14300
A3SGGDXCGUJXRR	14301
A3SGQ3FCVXWTQB	14302
A3SGRYIICHGMX	14303
A3SH01K0HA3TRA	14304
A3SH0PR7RZ0XZD	14305
A3SH5VIFP3HOZP	14306
A3SH6AOQCISTE7	14307
A3SH7BYDGVVJI2	14308
A3SHP24UNFGOHI	14309
A3SHXLLECKBJ5T	14310
A3SI7P9AC8XT2U	14311
A3SIFPKLMOY07N	14312
A3SIHUZHR1S1A7	14313
A3SIVUAHCJAJW8	14314
A3SJRKF1WBYK1I	14315
A3SKCR1QCF42SG	14316
A3SKG857D2PO4K	14317
A3SKKRVZU45WW7	14318
A3SKMWPVR5CO1H	14319
A3SKNXQJ357GEW	14320
A3SL00B5L8HOIC	14321
A3SL4MX0C94P7R	14322
A3SLC8F6VIWXIR	14323
A3SLENWVD7CEQ9	14324
A3SLGR0PAGUTAW	14325
A3SLPCO9WIJULM	14326
A3SLRAY7SYG0WY	14327
A3SLZHN1BOZTXN	14328
A3SM6OCQYO6M7K	14329
A3SM93U0KYBYEW	14330
A3SMD3T0QTN109	14331
A3SMIIOZZUOUBP	14332
A3SMIN90PN542N	14333
A3SMR4HRFJARSC	14334
A3SMT15X2QVUR8	14335
A3SMTF8LAK1C1I	14336
A3SMV35531YME	14337
A3SN8L3T31F14A	14338
A3SNEISMJ4RSYL	14339
A3SNPMBS8U2ETE	14340
A3SO8BO5N5A3BV	14341
A3SOA0ZMJ9O8YI	14342
A3SOFFD1YQ23WN	14343
A3SOG15BVCO51	14344
A3SOU9SJY0M2W	14345
A3SOW9BG6GIDVE	14346
A3SP8FJX8AWQU9	14347
A3SPENWJVW3OBC	14348
A3SPQKW1C9951H	14349
A3SPQTERXFOBPG	14350
A3SQBT0V79SSGD	14351
A3SQGI7O1LFC0U	14352
A3SQQYS79AV13M	14353
A3SQV1Q3LQH59Z	14354
A3SQZ5NTHWKXDU	14355
A3SSACLU33YCSZ	14356
A3SSEALUGHTM28	14357
A3SSEYLQJURXRH	14358
A3SSFAA8I4HI3W	14359
A3ST2HAFDPFFJE	14360
A3ST5M86VZORAS	14361
A3SU0OXYEQXLEK	14362
A3SU48A49T9TKR	14363
A3SU81DSIAD50J	14364
A3SUFE7F45K3MW	14365
A3SUJTLF7K7FJ6	14366
A3SUP9JD9FDHN2	14367
A3SUTOQE5MB45T	14368
A3SV4M14OJAWCB	14369
A3SVOVPRIL4WNP	14370
A3SVUBEC6KO5BP	14371
A3SWI3OVYL7XNF	14372
A3SWJ4ZDNMQSA2	14373
A3SWWJLWRWRBGC	14374
A3SX1305WTZYXK	14375
A3SXCX8D388PJ4	14376
A3SXKYRPNCIJL5	14377
A3SXNK7GBY7QJO	14378
A3SXRHSN0OM7YG	14379
A3SYBVV00NOZN0	14380
A3SYE6NEO8VSU0	14381
A3SYJEI6VZOXD8	14382
A3SZBE5F3UQ9EC	14383
A3SZECLY107BY2	14384
A3SZEYY6ELTTJK	14385
A3SZMX0JJRE8DX	14386
A3SZSGC1GX9H7B	14387
A3T08BQ4Z8Q1TP	14388
A3T08O1TYNI3RX	14389
A3T0EIFRQGAGEF	14390
A3T1BCKTKQV9RO	14391
A3T1IC93FGRF2T	14392
A3T1LD0C65QCWK	14393
A3T1YF0WD4ENNW	14394
A3T29AW6B8V0R0	14395
A3T2FHMUNYZB7T	14396
A3T2FP8YCYRYXV	14397
A3T2I3TMPQHOJL	14398
A3T2W1FQOCPT8D	14399
A3T32OBBBKJVCU	14400
A3T3GQ6DGKRUA3	14401
A3T3LCZE8LTCUG	14402
A3T4M01X0O9K4K	14403
A3T4OHEAHOJ700	14404
A3T4RR60X5EAN4	14405
A3T4SCT4SFIAO	14406
A3T4TAK4IRC2K8	14407
A3T50T5Y2FHO60	14408
A3T52FTJE0L7CZ	14409
A3T58X51AJ9BFT	14410
A3T675EUJ7GCXQ	14411
A3T6HE7B0F1FSV	14412
A3T6HX48F66512	14413
A3T6L1UUE0X5LA	14414
A3T6L5SYZ52AMO	14415
A3T6NQULMXQCJ4	14416
A3T6SNZJ0D134	14417
A3T70YYLB0E713	14418
A3T73OYO0MS1FW	14419
A3T75L5RODA25H	14420
A3T763X11BU3EI	14421
A3T78U84MC4T93	14422
A3T7D19KE20INN	14423
A3T7H0Z3FUTS0Z	14424
A3T7IVHM2TU5B2	14425
A3T7LXN1Q3PQUK	14426
A3T7POCXHBJT42	14427
A3T7XVG3AXJF61	14428
A3T8IK1VC5WZRC	14429
A3T8LG8W6YU801	14430
A3T8P4BSXPW0T3	14431
A3T8PBQ9IZH6DV	14432
A3T8WOFS5RD2IR	14433
A3T9BJ3VZPQM8A	14434
A3T9UGYTI4DRT9	14435
A3TAEN38FM97CE	14436
A3TAF7M58DN46F	14437
A3TAJJGZ2G1A6T	14438
A3TAT0MIL9A4T0	14439
A3TB6CLE7BQ9JN	14440
A3TBMAWIIHKHFN	14441
A3TD7B0CT1NHO4	14442
A3TD9DJA2G0IMH	14443
A3TDIB1JCH27UQ	14444
A3TDJXDIN3M2GP	14445
A3TDX0YCPFP8CD	14446
A3TDZ6BUCV05QG	14447
A3TF4C0NG13ZYF	14448
A3TFCGVQQR5PHV	14449
A3TFDCAUUERG14	14450
A3TFL3ZUIE1YHF	14451
A3TG6OEDRLW1I	14452
A3TGNQYRUYB3UU	14453
A3TGTB0V5BPI8Z	14454
A3TGY6ZWPMOPHE	14455
A3TI2FTZN3YJV2	14456
A3TI5428I2SDRE	14457
A3TIAOG91ZW012	14458
A3TICVZ5T1KBBO	14459
A3TIIN4OU62MU5	14460
A3TIJLY4VX8CH3	14461
A3TIPS2A8Y9NRN	14462
A3TIU6T4UXSBOL	14463
A3TJ0T3QCFJXZ	14464
A3TJ1TEUZXS1EH	14465
A3TJCU8B44PGS8	14466
A3TJSWA0W9ITYE	14467
A3TKHAC2G7G0H1	14468
A3TLAW3UQ8W4FR	14469
A3TLDSEL7N0JWT	14470
A3TLSN5H284FLZ	14471
A3TLUUGENFZZB7	14472
A3TLW7OD23CYZI	14473
A3TLY2LWGRULDQ	14474
A3TMBYDFP1B9DM	14475
A3TMF9ZQS7MQYE	14476
A3TMOO270P4QKP	14477
A3TNE8LOONHBA8	14478
A3TNM3C9ENUCFW	14479
A3TO4GZ35YKK1X	14480
A3TOAC9JZX8IFS	14481
A3TOH9LAG3SVDJ	14482
A3TP639RR2PXN6	14483
A3TPD4JZKMEY9N	14484
A3TPHWX6JOMS9H	14485
A3TPNC3TKGCCEI	14486
A3TQ0G8QKYBCNV	14487
A3TQCCPOCTU7GR	14488
A3TQIU3Y54TLEI	14489
A3TQVG5GIFYF09	14490
A3TR31GHIZQZXI	14491
A3TRCJVBFIBL8Q	14492
A3TRDLH36LIJLJ	14493
A3TRXAWQBI0NXU	14494
A3TSJ9KDY18X1L	14495
A3TSNGJFAWL8TS	14496
A3TT5851ZAPAIU	14497
A3TTNQ1AUA2N63	14498
A3TTVULQFXQFXY	14499
A3TU0Z1KPVV6N9	14500
A3TUX6PR7QFXKV	14501
A3TUZGW2KDZ93K	14502
A3TUZZ37GD6ZIS	14503
A3TVAZ1RVV3YMZ	14504
A3TVI5WVH9PL1H	14505
A3TVSVXCWLNU9S	14506
A3TW1AKR7SAEFE	14507
A3TWBW1B17R151	14508
A3TWH95MK19DP2	14509
A3TX58JY0EZBPC	14510
A3TXGIFOEUO2EK	14511
A3TXHQPRY1KH3M	14512
A3TXKTVDU0VNQ5	14513
A3TXLPHISSF5S3	14514
A3TY2JLV65FQ69	14515
A3TY7JIR10TDPL	14516
A3TYAKS0DXHY4O	14517
A3TYHCLAT5GXFD	14518
A3TYMCIQN8ZM0Q	14519
A3TZ63SOS6PSOB	14520
A3TZGE5IMK8JPK	14521
A3TZRPRWXJNT6	14522
A3U021K19R2OZU	14523
A3U029B8Z5WGI2	14524
A3U0L571I9HHWO	14525
A3U0PUGIPYASEA	14526
A3U0S17XYK8XMJ	14527
A3U0TIW66DO7EU	14528
A3U1HYTYA1OVUF	14529
A3U1WPDQLP9CQ	14530
A3U263E0IPT5IZ	14531
A3U29LBT749HJ0	14532
A3U2C3NVBAGV29	14533
A3U2L2I3KLY74M	14534
A3U2RXJMV88UTY	14535
A3U2UEBJNEX68I	14536
A3U2X6Q8TCI0R4	14537
A3U41ZL33SS92P	14538
A3U457Z5B0SGQI	14539
A3U4GW06XNSI2Q	14540
A3U4K766N97DM1	14541
A3U4KMKSO3OWU1	14542
A3U4LXG8MM145M	14543
A3U52V5ZAHZZKU	14544
A3U5CZ3PV82JXD	14545
A3U5MIFKJIU8Z4	14546
A3U5Q0QAA49ZFQ	14547
A3U5QF6KKP2S3X	14548
A3U5VHWO8JEORQ	14549
A3U5WSM11TAA2M	14550
A3U652WCVTY6HO	14551
A3U68F8PHNL4TU	14552
A3U6957O2LDYA0	14553
A3U6J0DLLDEWM2	14554
A3U6K31NGIH6BZ	14555
A3U6SWQW5ID7F5	14556
A3U6YZ421U16MR	14557
A3U7J4J5ISGUO	14558
A3U7KNSEC8E0AS	14559
A3U7SC5HOS58OA	14560
A3U7X9WM653YPS	14561
A3U82FXTARYYXW	14562
A3U85ZZDUFS47D	14563
A3U8VW2HP9NDLG	14564
A3U8W297D94YPO	14565
A3U924654UTS1	14566
A3U96X7JQLXDJ5	14567
A3U97KXVJR7PDD	14568
A3U9LCXD8K2036	14569
A3U9LRXLV19DR7	14570
A3U9RS3R9AOK8I	14571
A3U9STFCW2F7UB	14572
A3UA6L15YMD7DE	14573
A3UB4R0AYVZJ7Q	14574
A3UBJB6BZ2VM3G	14575
A3UBR469X3HQF9	14576
A3UC9J4Y6I5BO8	14577
A3UCRKDVKZ07D9	14578
A3UD4HSTTIMYDC	14579
A3UDGVRIRODFM2	14580
A3UDRNA2RD22G1	14581
A3UE1PURTS8PG	14582
A3UE5KIX8NSIHG	14583
A3UEGI971RCXUU	14584
A3UEQ1CYG8E6D2	14585
A3UF11NIFLH9QE	14586
A3UFCNWBIOYS0L	14587
A3UFGPESKWT023	14588
A3UFKREKVYT8PX	14589
A3UFR2HQM003LT	14590
A3UFTG2J4MCIJT	14591
A3UGLZNHE8MSNT	14592
A3UGQ46QYT3KFZ	14593
A3UH0O8TK5R8FY	14594
A3UHHA7YYFPJ8V	14595
A3UHSABECUIT3Y	14596
A3UIB7JH68MFSE	14597
A3UIEOSUJO8ZRW	14598
A3UIN2RZFBHOWU	14599
A3UISFQMOSZJMO	14600
A3UJ3A4OBEU27Q	14601
A3UJ65AN55YBP6	14602
A3UJFHPSR7BGZ5	14603
A3UJJ6HH70Q71Y	14604
A3UJJP6R9S2DS0	14605
A3UJN94DC0QRO1	14606
A3UJRNI8UR4871	14607
A3UJYASQFWF74U	14608
A3UKHVF0HH7SHX	14609
A3UKQVPVQ6UBWG	14610
A3UKSYPUR9QNQ5	14611
A3UKTZTJRBF719	14612
A3UKWQS8SRW6IO	14613
A3UL74QKX9M6Y3	14614
A3ULFNK26FDZTI	14615
A3ULQIUI1XS8XW	14616
A3ULUTLVIQ5G14	14617
A3ULVFKBBPZ1C6	14618
A3UM13GUU0CDH9	14619
A3UM4FRRC78QM9	14620
A3UM4VW2E5KEX6	14621
A3UM7V0PVIHUDP	14622
A3UMYF6QC0CY41	14623
A3UOJ4RLVUUDMI	14624
A3UORBSIKQ56ZB	14625
A3UORM4VFA8P1I	14626
A3UOS7EC0NN88A	14627
A3UOTPC56IDZPA	14628
A3UPGK39QNEAUP	14629
A3UPIJD1FSHNBP	14630
A3UPQM9KAPYYGE	14631
A3UPWMS0VWBI44	14632
A3UQB181P5L2SG	14633
A3URN7TAM5HTT0	14634
A3US0HNFCQJ9SJ	14635
A3US65TAXI4DFD	14636
A3USG4MPQ3MI6L	14637
A3USJUE6A0VPSK	14638
A3USMI91JAP04C	14639
A3USRFSZ8L1AJ6	14640
A3USUHJZ4KTQKA	14641
A3USZS8Q4GOKGE	14642
A3UT6SWKSWTEC9	14643
A3UTB0QKXNY8CB	14644
A3UTGEEK1W1O5N	14645
A3UTHCQS7RXV3A	14646
A3UTIIXWLL904I	14647
A3UTY0T2HUKAM0	14648
A3UUB1LFFCTMLR	14649
A3UUG7KKNT5CU4	14650
A3UUIWBH8RHHWX	14651
A3UUW38RAAZZ65	14652
A3UV38ZCFCNI3W	14653
A3UV7L5ND3EH8T	14654
A3UVGHUDOY77YR	14655
A3UVUAZUX9SA8M	14656
A3UVUG97PQ7WD2	14657
A3UW23DBF2KHWC	14658
A3UW5BDKLDFT6K	14659
A3UW8GH4ACAPR7	14660
A3UW9RVZ2B8AXR	14661
A3UWRQZV34509I	14662
A3UWYCUDHI63GF	14663
A3UX3UDVQ9OHLI	14664
A3UX3UPNZT7LL1	14665
A3UXEWV14KKO1K	14666
A3UXL0V5XO0P4C	14667
A3UXO8Z83AQRK8	14668
A3UXQIOQP2WPGW	14669
A3UY2ZIAYCK4DQ	14670
A3UYBRB74RJFXB	14671
A3UYX588IJKPB8	14672
A3UZDOJLA9TGGH	14673
A3UZO391QQGAIX	14674
A3UZSZIL13VQZ2	14675
A3V0480PVRUZGP	14676
A3V0DQUYBCDKD0	14677
A3V14SK22N2VAI	14678
A3V17QB8SZLYIH	14679
A3V1A3C9DTLPME	14680
A3V1AAVEZBGEJ0	14681
A3V1AHX8P4R839	14682
A3V21M7KE1A78B	14683
A3V24H5350ULKI	14684
A3V2ATMPCL6J5V	14685
A3V2CU0BC28OY3	14686
A3V2EZ6MA32FF6	14687
A3V2MLAFHFJ9CX	14688
A3V2U3HTSLV89Z	14689
A3V2WKNIFHFVT6	14690
A3V2Y09XX8LVLO	14691
A3V3NJHXOAFEKR	14692
A3V3Q5E2L2YPXM	14693
A3V3RM9B1U8SC0	14694
A3V3TB1231EN40	14695
A3V3W3XZ5TO2E4	14696
A3V43YIQE2XRKJ	14697
A3V481ODRRLB0I	14698
A3V4BBCV7PH016	14699
A3V4NXSSK0L3RA	14700
A3V4OD9WI97PEX	14701
A3V4SMFGNFIZR0	14702
A3V4XVYIK2BJJZ	14703
A3V4XZQXW7PZ20	14704
A3V55DVYU80LDS	14705
A3V5F050GVZ56Q	14706
A3V5L5W1I0WAI6	14707
A3V5WQYS10UENV	14708
A3V6E16PSEARGV	14709
A3V6QSTG2T9MIO	14710
A3V761GBN0OEAN	14711
A3V7EA777ENG34	14712
A3V7QS5HZS9ZTR	14713
A3V7TMFKOW2J3A	14714
A3V8FW120ZTM5N	14715
A3V9M50SZJ2A2D	14716
A3V9OU9EJJH2W6	14717
A3V9RNO9PB40NH	14718
A3VA3LQSD9IHVJ	14719
A3VABV6NUDGHAL	14720
A3VAFLS8MTOJVO	14721
A3VAGT9TQUS9WE	14722
A3VAZACWL96VW2	14723
A3VBGTLCWSK41Y	14724
A3VBQAMR2CC7D7	14725
A3VBXQKRM7A4JR	14726
A3VCEWSD7ILOXH	14727
A3VCHITSUS169R	14728
A3VDJCXTBW7I7S	14729
A3VDQ60W8T01QH	14730
A3VDSGNIS92OVZ	14731
A3VEEHFVY1YSDC	14732
A3VEFQ25OSXMOQ	14733
A3VEUZAPZK0U9A	14734
A3VF9H1PEKIL0X	14735
A3VFBU2S8PY0UP	14736
A3VFK4J8M70O9E	14737
A3VFQD19OR0XN3	14738
A3VGAP2KLCBNBB	14739
A3VGJFTU9UN5PL	14740
A3VGSA71W3ZPM5	14741
A3VGT9DDGFER6J	14742
A3VGTW5DM6GH67	14743
A3VHI0VC0ZWEDX	14744
A3VHSRD9HP88TJ	14745
A3VHY83ZWW2PEK	14746
A3VI1ATFO6K7YZ	14747
A3VI2VETB90ZG5	14748
A3VI8SM7GH1W50	14749
A3VIRG27TO2IO6	14750
A3VISL7I6DN4K9	14751
A3VIWOHYD0QG5N	14752
A3VJ27010XUWTF	14753
A3VJBFTUXNAEN2	14754
A3VJCJMED3SK2V	14755
A3VJZ9LPU4SF3Q	14756
A3VKBXQ6S41YCS	14757
A3VKFO5C6QOE4K	14758
A3VKKDQAR76O7H	14759
A3VKOE4FA7X04A	14760
A3VKQD1UZ1A66Y	14761
A3VKSKT5SJ0PPM	14762
A3VL263FW0O1JL	14763
A3VL5V1AAL7NSA	14764
A3VL6N0CLHVGZC	14765
A3VL8XLSWISF1O	14766
A3VLGMB2IV5DBR	14767
A3VLR6J5IYRTJF	14768
A3VLR8E2FE4KGA	14769
A3VLWTCNLWFGGJ	14770
A3VM9MDLT1CLQF	14771
A3VN7SQ8A1JZ54	14772
A3VN7VC0J94OUJ	14773
A3VNB1W7N079T2	14774
A3VNK6BEY9T0E5	14775
A3VODUX6PTYV7Y	14776
A3VOT9DKME6ER	14777
A3VPS35284TFDG	14778
A3VPYJC8NO9LCI	14779
A3VPZFFS8IO08A	14780
A3VQCHMQTK14A2	14781
A3VQEQ0XNIJIC6	14782
A3VQIN4A0C2GVU	14783
A3VQJHS8C2QASE	14784
A3VQS710AU7Y9T	14785
A3VR6HBWKFZZ77	14786
A3VROBBFXDL9YY	14787
A3VS2RYRGDW4HS	14788
A3VSBETWOE38X4	14789
A3VSBJEA4KBGBP	14790
A3VSHLS9K329RP	14791
A3VSMUBKY8HYB2	14792
A3VSUYCR2WFHI	14793
A3VT5UEZFSPQ5F	14794
A3VT6OZGSSDSYX	14795
A3VTOLNB5N6FVP	14796
A3VUQD71UVM2OU	14797
A3VVBMD2NDQSW6	14798
A3VVJAQYJKJC33	14799
A3VVLD0I7AITYN	14800
A3VVSW3GG0EYAP	14801
A3VVUO6B3WR1KG	14802
A3VVZHNKCHPVZ1	14803
A3VW0KNCVZ92ZY	14804
A3VW48FPALKBFK	14805
A3VWAPQ6RZFS97	14806
A3VX2IRZ5Q3LZW	14807
A3VX8M0M9QD4DC	14808
A3VXM4Z75RRI0M	14809
A3VY58800XYHH9	14810
A3VZ19VIUS87CT	14811
A3VZDDH8CPKZOD	14812
A3VZH0PWLQ9BB1	14813
A3VZRQPPTD21RD	14814
A3VZYP5DRWH0L7	14815
A3W04TJAAKFQVU	14816
A3W0596SHT60EX	14817
A3W07XMH6BW5RU	14818
A3W0CDAZYQB0Z3	14819
A3W0Z4M2V97EY4	14820
A3W0ZSLO11BGAA	14821
A3W18RZKEATYDG	14822
A3W1MME1EGV4ID	14823
A3W1R3R5SRFRRF	14824
A3W1ZA5JQVT33G	14825
A3W24145ILLDJJ	14826
A3W2IWR0ALU9HE	14827
A3W2NPKVFU87ZP	14828
A3W2TDRADUD1Q3	14829
A3W3LAG2UPVPPZ	14830
A3W3MDWB4LD9R8	14831
A3W3ZIJ1XSW8SW	14832
A3W43ZV9NIVHCE	14833
A3W45U5VLS64UI	14834
A3W47ZUFTZWD6M	14835
A3W4D8XOGLWUN5	14836
A3W4FQNVNO06M0	14837
A3W4G0SSIE6NKG	14838
A3W4W7WGEC96UW	14839
A3W509BVIX757V	14840
A3W50D34NS9ZB0	14841
A3W56OT4J58OKF	14842
A3WJ5SOPF4VMC	14843
A3WY5FFMZG7VZ	14844
A3WYTV5HMYFLC	14845
A3X2UEH5GEA3N	14846
A3XCWJU1LERRZ	14847
A3XNATSMROFT8	14848
A3Y0IB3VYLD6A	14849
A3YAIGMXF3049	14850
A3YEYD61ROKTA	14851
A3Z5UD3W8XBOU	14852
A3Z9QN0RCOHEY	14853
A3ZAZ8VFXQM6D	14854
A3ZDHXLZ8H5CS	14855
A3ZJPUF6D02F7	14856
A3ZMJQN4PD6BU	14857
A3ZZFPQLNHTLB	14858
A401HW4RAZSR2	14859
A4092KFVEDNXU	14860
A40SPTW4TQQS0	14861
A40UTSS993WSK	14862
A415RTFTUYHAF	14863
A41FH2WA010UH	14864
A41UC5RX42GYY	14865
A422TIGQH6GJ5	14866
A423P1DJXWSXC	14867
A42P7MF5WOOD3	14868
A42TV8FJP7MI3	14869
A42WKFWKQAVKL	14870
A43VF9NNHSLKJ	14871
A448MAK54AXXA	14872
A44A3MTDGBAEH	14873
A44DKG8IGKJQY	14874
A44DTHZKRCSFU	14875
A44OY8EFDM4IP	14876
A44RW8TG250P7	14877
A44V99PXB7RCZ	14878
A4580VMP00LVN	14879
A45B33GH6R0FJ	14880
A45QFXJXNKNOQ	14881
A45S6D1P309G9	14882
A45V752HS8PQI	14883
A46IEMS3APQ1C	14884
A46ISDZA1HU4K	14885
A46MOO67UMJD4	14886
A47D5C32VLQM2	14887
A47S7MHSKSSLL	14888
A47V2R8OPMPK8	14889
A47YGBHO43DZZ	14890
A480GWA0CM6ZU	14891
A485JD2S0PN2A	14892
A48HM0JNEEXKM	14893
A48IIPXCUT1QS	14894
A48MA9W43Y488	14895
A48OLSHA8ORQJ	14896
A48ONL6DO4PU	14897
A492HXZOCVUIJ	14898
A4939U7UXVBWT	14899
A49B6932LUQ8K	14900
A49D1WYKKAQC3	14901
A4A00X52ZPH2H	14902
A4A32477UKZO1	14903
A4A9TE7LVP4VZ	14904
A4AF29Y2BHYEY	14905
A4AYFKGDUPJ5G	14906
A4B3EJ6MT3QZE	14907
A4BNJSZVARL5W	14908
A4BQ2SDKTTREY	14909
A4BVCSLY01UPF	14910
A4C0E4KPCIXFY	14911
A4C14F8ZVVWJI	14912
A4CL3D1XP3JQT	14913
A4CVS4GV4JS3D	14914
A4D1N9RV4LVG4	14915
A4D5ASPW2285	14916
A4D5B7Q8A7PA6	14917
A4D5K46P2LBPD	14918
A4DFGP0F9IY3T	14919
A4DLVVK8W2ZVA	14920
A4DRGD09QEE9I	14921
A4EBYIKOMYFF9	14922
A4EKH4B0OJQHB	14923
A4EUL79IT6AUP	14924
A4FJRYKS2IMYM	14925
A4G0OC68P7DAE	14926
A4G51W9PC7TJL	14927
A4G5R9NR38LK6	14928
A4GI4654JA8NK	14929
A4H2TDIDRHU2Z	14930
A4HF7T8L2D38B	14931
A4HV1JDH6VNMG	14932
A4IJAIG9455PT	14933
A4IKV3P608M14	14934
A4IL0CLL27Q33	14935
A4ILNANUTY237	14936
A4IUQN9FD0M5F	14937
A4J9EMK63RBNE	14938
A4JHEO7H330AF	14939
A4JZK1S5H848X	14940
A4K3J1D5HTU2Q	14941
A4KJTS5P78ICU	14942
A4KKT5J33X0C9	14943
A4KMDD4IGIOVG	14944
A4KNTF8EEFAKK	14945
A4KWEJ17QCZQK	14946
A4LD7XC56J3ZV	14947
A4LDA34CB4YU0	14948
A4LXJHAJZG7GW	14949
A4MBT1DWYPGFI	14950
A4O8419SE829C	14951
A4ONPTKOHKXPB	14952
A4OSNNCT5MS9U	14953
A4OWA49OQXPTB	14954
A4OYRU9QN9PWO	14955
A4P1ZUA0W3D4P	14956
A4P2B0EVG19PU	14957
A4P2P0GAMR7XX	14958
A4PCDJPGOG76L	14959
A4PPZNQF1X2IY	14960
A4PRDAPSW8BQH	14961
A4QUL1A7BFR2	14962
A4R8DQZXZQUGG	14963
A4RZQY4ZLEZQP	14964
A4RZYS2275I4G	14965
A4S2GMZIQKEHY	14966
A4SD8F79JBYG2	14967
A4SZE46QC0CSX	14968
A4T5G02Z1XNBF	14969
A4TJUA6UJWHNU	14970
A4TMRD5IN1I7C	14971
A4U8HN5P8L7HF	14972
A4UGMKUSX9XHI	14973
A4UKBG3M5U5TI	14974
A4UWNRY0WWECK	14975
A4V63DQQ4ROHX	14976
A4V72SI1REZ3W	14977
A4VKGVP35P9A4	14978
A4VM3X2A8RH0X	14979
A4VMQ6ZTSXSSL	14980
A4VXOF0TR2Q7Y	14981
A4WEZJOIZIV4U	14982
A4WZ1E0FCEFNZ	14983
A4XF0Z4VW0QBP	14984
A4XF2RNR4LQ39	14985
A4XS0HMJ1HOQM	14986
A4XWIKGL4BSO8	14987
A4YG85P81F077	14988
A4YMO2ODRTYPY	14989
A4YRU9QD9M4G4	14990
A4YXKLPFDY9GP	14991
A4YYDUZOTPTIX	14992
A4YZH857YFUV0	14993
A4Z0OH2SIX4TF	14994
A4ZDC5CEUFH9F	14995
A4ZPVM90I5MQI	14996
A4ZTZFOO75HD2	14997
A4ZTZX195NYUN	14998
A50IIB4PMPLNQ	14999
A510GFZQONEXJ	15000
A515BC50L1ONP	15001
A51DWA4NM73FR	15002
A51S45THWS14B	15003
A51TSKKQAA3ET	15004
A527VID8R4K67	15005
A52D9BQ0Y7XLB	15006
A52X1I4UT56KL	15007
A53319HNPIK5D	15008
A53A7RGE3E0KM	15009
A53YP4DF1EJES	15010
A53YUKLHZYRSU	15011
A53ZNNFKWO2LG	15012
A545U4UQEPT1J	15013
A54S9CIUV5VNB	15014
A54WK0JCXRMQS	15015
A55AP6DYU1Z5C	15016
A55DTIQUD24DK	15017
A55YZDUBZPW7B	15018
A56H2K8432LMR	15019
A56N2JWMYVWDB	15020
A570UEZXD5Q4S	15021
A57JWK56OUKLZ	15022
A57ONWO8BN59T	15023
A58437AUQICZF	15024
A585E57B94ILE	15025
A58CKSDLI2QRX	15026
A58DF8Y9D4O1Y	15027
A58E4MPFSAHOG	15028
A58F10T4OE58C	15029
A58NAOOE746J6	15030
A58R4AT079Q95	15031
A58Y0ZBBEBP39	15032
A58ZXMB5GPFJ3	15033
A59B4Z0R6VLJL	15034
A5AV1K7KD9S50	15035
A5BCGI9V38TJ1	15036
A5BHYNBR7HCGA	15037
A5BIWZV1RWG4L	15038
A5BJLBBC6FV71	15039
A5BJMAHZWGJ7N	15040
A5BP7R97YD2VO	15041
A5BRRY2CB1HX9	15042
A5BTCX4IR4RLJ	15043
A5BXA4BQOK0S2	15044
A5CDMTW6JKV5G	15045
A5D9VIP0G31DI	15046
A5DG8YUMS3YIP	15047
A5DP8H3HS9KFM	15048
A5DRC21Y2E5PI	15049
A5E2STAADQ176	15050
A5EG4HAKPXFTU	15051
A5EHML06XUOXA	15052
A5EQCS761T5OC	15053
A5ERTDVOHXILF	15054
A5ESCCBMLGIFP	15055
A5EWXRIZTQVX	15056
A5FB0C3BK8DJQ	15057
A5FE4AUUKECQW	15058
A5FMTCQ5CUCXA	15059
A5FSPUNT7OI0H	15060
A5FU6TGUGP38Q	15061
A5G4O45EW2WOF	15062
A5G52PQUFVMVX	15063
A5GG6WTTGPNWW	15064
A5GH0YNIDP48P	15065
A5GK472PIBJ68	15066
A5GN8QIL8AITV	15067
A5GOQSO7HPT5T	15068
A5GPH59NDWJRB	15069
A5GPSMWPP0AYW	15070
A5GTDS7INKN4W	15071
A5H2S8FNZ15O5	15072
A5H8NA5CJ0FK4	15073
A5HA6EI23E0EM	15074
A5HHOCI5LTAWB	15075
A5HP8CB9SKELK	15076
A5I03TZD4J96V	15077
A5I3B25LKW8GK	15078
A5IBE1K8ESVB2	15079
A5IIS2AYO5MCV	15080
A5ILSK8L8KZ9L	15081
A5INSQR0RH1T3	15082
A5IQ3QJ3UCA1Q	15083
A5IW6QHLQGWVC	15084
A5IZIIKYJA1VE	15085
A5J15TWUVTWVG	15086
A5JB5UALLO36M	15087
A5JI9EG5PW9FH	15088
A5JLAU2ARJ0BO	15089
A5JOVJ1IR9KV7	15090
A5JWW8T3SBC4W	15091
A5K3CK2PWYQ7O	15092
A5KHI9KGFVF72	15093
A5KKASK7J5YSQ	15094
A5KMMY627T3W	15095
A5KSW0YORXXUU	15096
A5KVTBI8FA961	15097
A5L0CYZEGH86E	15098
A5L12YMXFB6AO	15099
A5L8L4IQTDNAS	15100
A5LAWHRKFV405	15101
A5LV4HUHXAHD1	15102
A5LYCROZZUJNC	15103
A5M1TM41APANX	15104
A5M8FK0WD0HKQ	15105
A5MS8N9EVSH94	15106
A5N3LRVSC01Z5	15107
A5NA8I02DWUXE	15108
A5NIQWTH7QVM	15109
A5NTWG8GTXO88	15110
A5NY78TDV87VO	15111
A5O3PMPBP0JR9	15112
A5O7N8I2KEBJE	15113
A5OHMP3O8FLON	15114
A5OTD1QFF78M8	15115
A5P5J6B87XLIX	15116
A5P5L01WCO4O9	15117
A5PUVXCEFDPFM	15118
A5Q1FK0FWU7DH	15119
A5Q2XFGVQYSNK	15120
A5QI1LLKL6Q0E	15121
A5QSI9MNS8NMS	15122
A5QWUZYWW9PDG	15123
A5R1RXC1S5QJY	15124
A5ROX0BNNF9N8	15125
A5RR3AFLCE2HM	15126
A5S660N2YVLNQ	15127
A5S8IRAR68695	15128
A5SJA4LJM783F	15129
A5STFHVRZC9H3	15130
A5T1AJ2TYYT2U	15131
A5T9LPBNCYO4F	15132
A5U5T6EWH90O0	15133
A5UKTFW7RTC01	15134
A5V4PMU0M4ILG	15135
A5VJUBG4HK80	15136
A5VMZTTCN2TZU	15137
A5W21FCENJQ4Q	15138
A5WCJ4J96KOWY	15139
A5WPUPHVDGWKK	15140
A5WUQ69LPPI6N	15141
A5WZB6J1NLEV0	15142
A5X1B2HBQUR3P	15143
A5XKEQXVQJTVJ	15144
A5Y1W3GV64MPT	15145
A5Y9XJVG84J5Q	15146
A5YGYNB4B6GQB	15147
A5YL15WWB3GHN	15148
A5YXQYBCXAPA8	15149
A5Z9L2QKR1UT8	15150
A5ZB1EOTBH1ID	15151
A5ZGJBOPDRVQL	15152
A5ZSA8AOEW76C	15153
A5ZUCLRHA3VEY	15154
A601XPH12C8G6	15155
A60BTVCADOM9E	15156
A616N31K1Q8JT	15157
A6235E8UIAR9Q	15158
A62R496DI8W34	15159
A630U5ET4DPB7	15160
A635XQI62T2Q9	15161
A63ALOKUS9XHG	15162
A63C1WKLHKNIA	15163
A63D1CRJELOYG	15164
A63EEGFYGFMD4	15165
A63GSML234W5B	15166
A64FFC3GUM3HJ	15167
A64L1DIZQQ28J	15168
A64NUTE3FGYSP	15169
A65HVRCV5WNRC	15170
A65KJTJX1712Q	15171
A65LXCGTCXLNC	15172
A65OK2KAUY6NV	15173
A66VUK1U8JOV8	15174
A66XJOWNNVFMX	15175
A67ZXSOC2XH4O	15176
A680RUE1FDO8B	15177
A6816HXDJRHFL	15178
A682XPHL5A03K	15179
A6879F1Z2OQVX	15180
A688FDZ9DC3E6	15181
A68L7AYW2VU4M	15182
A68NT4XJ9O7UL	15183
A6964G20W6WKJ	15184
A69GBB918D2PP	15185
A69PGE2XVV5UF	15186
A69R0HD1TKHAK	15187
A69TA845GUQAF	15188
A6ADRIUUPVTEF	15189
A6AL4ECVI4SOG	15190
A6AT9WIGOXKRP	15191
A6AU1EI1G5MY1	15192
A6B92PTV0Z1SU	15193
A6BCT6BPL8UMR	15194
A6BJCVLQ54ZYU	15195
A6CXITU1B65TE	15196
A6D07P6DHMXIP	15197
A6D42A2HYVPIV	15198
A6D57IYYCTJEM	15199
A6D8NKG607PVP	15200
A6D8YC19MN9KE	15201
A6DR798RBPIGT	15202
A6E2DTJE9YF2P	15203
A6EOX0ZKSYY5W	15204
A6EXVZLJ3A9EG	15205
A6FIAB28IS79	15206
A6FLTU1QDQTKA	15207
A6FMICFI3XK6P	15208
A6FO0MB6JE7EL	15209
A6FZ1MG3WEXIF	15210
A6GK64UVMWATQ	15211
A6GM84S1RIUT6	15212
A6GMEO3VRY51S	15213
A6GUF4NULTH5F	15214
A6HHN1BJB7PDO	15215
A6HO1UBMBOZTY	15216
A6HOWM08PLFZ5	15217
A6HT3V626EME7	15218
A6HTIMDCCZOV	15219
A6HXFDIC7DVTC	15220
A6HXQP526K9W5	15221
A6I6845J94K9V	15222
A6JLART1F4CI	15223
A6K0OQAASKVWS	15224
A6KFZA97MC0PN	15225
A6KKZ8NROZAYK	15226
A6L9KOTK81C0X	15227
A6LB5P8VGQW20	15228
A6LEJBP5YOP3E	15229
A6LHCT7P53RSA	15230
A6LOC4KOWG5AM	15231
A6LUXI8I8BU6P	15232
A6M5JZFPEL1GK	15233
A6MBUVFWKZCRX	15234
A6MJ1V9I54S1M	15235
A6MJR75J14GIT	15236
A6N0P4JKAPRV4	15237
A6N45LRC6IL1	15238
A6N4ODILF9NVT	15239
A6NH0UBGPUKP	15240
A6NMW94G7STBS	15241
A6NSFQI4COI9T	15242
A6O3A839D8QPU	15243
A6O7JMG88WFPN	15244
A6ONFLHHVPFU7	15245
A6OQWTBDN4TII	15246
A6OZQDGI7O4I9	15247
A6PKFB4VOY4ZO	15248
A6PW0SEYD1ZIB	15249
A6QG9LM5WL0AQ	15250
A6QYG3Y8OZQOX	15251
A6R8R7WUMVU6F	15252
A6RDSDA7BN6FI	15253
A6RVXBP0O7H4F	15254
A6S0X8194NW5U	15255
A6S5FF1SI77ZN	15256
A6S9V4L6Y1H8D	15257
A6SJUYV0XZOC6	15258
A6SS7TBH3Y9KY	15259
A6SSNGR1C5WVO	15260
A6T098A9B0GZC	15261
A6T5J9QGAH5AV	15262
A6T646P5F4ZNO	15263
A6TFG9X6NHWO0	15264
A6TM1WGEOMNZH	15265
A6TTWJWQALEPO	15266
A6TXU9YEFBDNC	15267
A6U5RO3NVNJ8E	15268
A6UN2UTFAI7RM	15269
A6UUBR3GRONM3	15270
A6UVUMRPL86B1	15271
A6V410RK78IT3	15272
A6VG20N5PW6UF	15273
A6VS8AMCTJ1GU	15274
A6VSWJVTWEOII	15275
A6VWD4OZZYHN9	15276
A6VY3JUKZYZNX	15277
A6WAKBL85FEAX	15278
A6WMZRHCWIXXB	15279
A6X1O3A5C5FX1	15280
A6X7LEAIEW7O9	15281
A6XAQZ4JPT2HS	15282
A6XKOQPK6NI24	15283
A6XSJAXJ3JB77	15284
A6XX15DB8S4EG	15285
A6Y49FW6DLOOB	15286
A6YEAHCVOHKWM	15287
A6YFV7TOXJASI	15288
A6YQRXJEG9LTA	15289
A6YW1ULCSCJMJ	15290
A6Z3OO96S3SM7	15291
A6ZF4AXVYNG22	15292
A6ZQBZT1O5R3K	15293
A6ZQOLKLTD670	15294
A704BDF8JUT30	15295
A70GLR2U4JSX9	15296
A70LAVL50J55W	15297
A70WOU5OVJ9WP	15298
A710OODOQW65L	15299
A712D1QWINR3W	15300
A71433HBQMIKH	15301
A717A0PJOWV7N	15302
A71C7E9YVTTCT	15303
A71GDRJYGMFE9	15304
A71IJK1V5WNGU	15305
A71K1706C6EDY	15306
A71W7G4TCTH3T	15307
A72AYFQ9I706V	15308
A72T8FVFFA2J3	15309
A72YUWHZ1OR9O	15310
A7357KQSOESYC	15311
A7370B7QQMBH3	15312
A73EOEUBYPS1E	15313
A73N0IHSOV2JY	15314
A73RDD0OG4AMF	15315
A743ELWQ0LUGM	15316
A74G5XL08P3TS	15317
A74GU6D694C4Q	15318
A74YFGYYYYD73	15319
A755BP27TDRIU	15320
A75OVGOFEJHQ4	15321
A75RM6X11353Y	15322
A762RZHRRY6RR	15323
A763Z2F0WMWRC	15324
A76B1EO0XQDN2	15325
A76DQ68EJW82S	15326
A76GM7Y69NK0R	15327
A76H3OKEBK0QM	15328
A76PRYKGZOQDM	15329
A76W6TNTKOL3L	15330
A77L6DK349N94	15331
A77LSZ526K877	15332
A77O5Y8Z3RNS5	15333
A784A2QRHRSSR	15334
A791QXBYPINLM	15335
A79372WBA9IJM	15336
A79E5Z1L1KSDV	15337
A79JJXUWT808M	15338
A79QL8IFN45A6	15339
A79WII0X5ZOU5	15340
A7A31MX1R7DUD	15341
A7AGQKJI532J3	15342
A7AMCT6I6TDKW	15343
A7B3VXPB32I96	15344
A7BQB93ZWUII3	15345
A7BXRM34PBUWA	15346
A7C77J4MH94B6	15347
A7CRWATHSYO2L	15348
A7CTIXDLF8I5W	15349
A7CX2408CWAEB	15350
A7D30TV2LEG6F	15351
A7DD82ZPBD04A	15352
A7DF00OQGHAHA	15353
A7DJE4V9LEV40	15354
A7DNOFVRNGRR	15355
A7DUOCS1MCOLL	15356
A7DYBDGVB2LC4	15357
A7E4QWZG9BQ73	15358
A7EBK3C6JNE00	15359
A7EELWVB03VWH	15360
A7EJERNB7IK3Z	15361
A7F0F7Z25A22W	15362
A7F49F3JKE81D	15363
A7FDGFK0KN7QG	15364
A7FEMNHNA2KLL	15365
A7FZ9X0B6QBS3	15366
A7GDXTJJOOAJJ	15367
A7GLE6BLYPR8F	15368
A7H1LWFBE905R	15369
A7H4I79GNOJ2U	15370
A7HKLWC84S6ZQ	15371
A7HUI8GAXWF6A	15372
A7HUMX97N6J2R	15373
A7HY1CEDK0204	15374
A7IBEJ90F6M5X	15375
A7ID59KTH381I	15376
A7INGAHQIWQ1	15377
A7J06XNT3BOUD	15378
A7JAYWWJZDO25	15379
A7JC62FV0BRHE	15380
A7JEWP1ITKQVJ	15381
A7K24ABDFNIUQ	15382
A7KGNK0ZNIKYT	15383
A7KVT03SDPFCC	15384
A7L5QCXZ59GU6	15385
A7L6NVT1KZJ1R	15386
A7LD57FN1M3NL	15387
A7LQTXGRMVD6R	15388
A7MDJ0T2Q2DJ1	15389
A7MJCZH5UUKVN	15390
A7MQQFPHE24WK	15391
A7MUS0Q46ZCDP	15392
A7N541YZQZIXH	15393
A7N9KA73W3PX2	15394
A7NJJILK9Q1VE	15395
A7NNRSEZWQDSQ	15396
A7NO7W1NWRPO0	15397
A7NTB12F2QR3A	15398
A7O34KA1PSY3I	15399
A7O4FN5J8J00G	15400
A7O4YEZJOIP0Z	15401
A7OEE26CVAXRB	15402
A7OSC32RM3OY	15403
A7OT82DN460H2	15404
A7OTTM22AV2VR	15405
A7P7MX9PGNP5M	15406
A7P8JO7MC314R	15407
A7Q5UCPEJ0RVS	15408
A7QEY0IX5IU8S	15409
A7QHPC2QIHPGI	15410
A7QPT76IH03UH	15411
A7R58D6Y5OSPO	15412
A7R6UU95TMBIG	15413
A7RFDGVXDYQLJ	15414
A7RJ3VX0PCJXQ	15415
A7RKMGNPH9BNB	15416
A7RMJ05QTA762	15417
A7RREDNRPPB9U	15418
A7SX2HFLF3CU0	15419
A7T9ZJ8Y360FY	15420
A7TM1HVD8EVS1	15421
A7TM55A44BLRL	15422
A7TY77HY9RMCW	15423
A7U23PTJ4NRY7	15424
A7U3641HUNI86	15425
A7U49Y3GNOJ5F	15426
A7UBXHPK1CL0X	15427
A7UJL71UR12UK	15428
A7UKJI41WZ8MX	15429
A7ULC6SYD1BJB	15430
A7VFDN1XKTF2G	15431
A7VJO90T14O4V	15432
A7VLGMMQR8OFM	15433
A7VPFAGCA9FG4	15434
A7VT7DOGEDZLF	15435
A7VXS9CCGHMNS	15436
A7W6LSGB2BJ8H	15437
A7X9SBEVSHV5N	15438
A7XW4GV05196W	15439
A7Y0MEKYZS3X6	15440
A7Y4EVU8LZ7FV	15441
A7YEPOSFI4VC5	15442
A7YG458EP868S	15443
A7YLDDB1MZP8H	15444
A7YMD8MSOBO1I	15445
A7YMS9IBQUGK8	15446
A7YVWC8C4LJ1R	15447
A7Z2DWCF66Q4H	15448
A7Z52FWZJTSH2	15449
A7Z7DCSWMUIB0	15450
A7ZGJ8S3K3MSS	15451
A7ZQEPUFT087F	15452
A7ZSYZV0RIRX2	15453
A80QC78DHP715	15454
A810PNCBZXIYJ	15455
A810UACB9YN39	15456
A816FOJXIOT3K	15457
A8181ND17YZ77	15458
A818OAH745FTR	15459
A81A7I1KSBCR9	15460
A81JTUY1FWSBI	15461
A81M9AEYSQMF9	15462
A81THT09TXMQE	15463
A81UQY2JL2F6A	15464
A81VK61YMTCRS	15465
A81XIM8XFKWX5	15466
A82F4CJO93U9W	15467
A82HDHO6IJWRE	15468
A82OTZZSL4E6K	15469
A8311F1VOH1PO	15470
A833EZAHIWC5Z	15471
A83PUIHE4YN9S	15472
A83RPS198D04S	15473
A83Y6TKNOM5DQ	15474
A84A9NOA0FODL	15475
A84BZD06CQDEU	15476
A84DX3M4BARM	15477
A84IYCTWEVGC7	15478
A84PYUR0P7Y1X	15479
A85O235OBTR3N	15480
A85Q0NU0MGIJE	15481
A85TJ9LFD21IU	15482
A86HPP423VMDP	15483
A8710RWTFG3IY	15484
A8757LV5QW9VX	15485
A87CK1SPBG868	15486
A87OAC23M1AVX	15487
A87XOGZ17HCO7	15488
A87Z0X05L2XDF	15489
A880Q9NMFS3F4	15490
A88KJY364ZR5E	15491
A88O7D04SH3N	15492
A897PJD4OM1TR	15493
A89BPSYM92RWO	15494
A89HE4KOQBJQU	15495
A89IXAT2XDPND	15496
A89KFOCKCO0OA	15497
A89VX29Q02L49	15498
A89ZZKNDFQH23	15499
A8AHHH5C6SBTE	15500
A8ANL8H6F6N8U	15501
A8B35O9RORQ3L	15502
A8BZEB7HYFLKF	15503
A8C6QTKFQSF37	15504
A8CB64AZ54O9F	15505
A8CGC0EKOPVIR	15506
A8CK54VT5DJTR	15507
A8D0C9SK4ZXTQ	15508
A8D6DK0HEM8EU	15509
A8D8W0Z8E9IOG	15510
A8D9C8W6C9EAQ	15511
A8DEIUNJYJG2H	15512
A8DKR7ZCHYZZC	15513
A8DSRUA3CSQ52	15514
A8DZKOEN0DNRA	15515
A8E9ICX0UM2HN	15516
A8EQH0U7DVPRH	15517
A8FJK0260CPU2	15518
A8GR4PH5NW96V	15519
A8GTFRBXYK4S3	15520
A8HKUIHJ79371	15521
A8HUL9LPJWF4L	15522
A8I0FFLJWFPNL	15523
A8IE2T3J9KRP3	15524
A8IF4ZBZRY86C	15525
A8INT3NMHRUS4	15526
A8IQHTL91HIVG	15527
A8IWIC2W9ZFY2	15528
A8JKTR3DLGUD0	15529
A8K1N4LR3EDTY	15530
A8KCND0ONAPGF	15531
A8KJS2P6E5DCB	15532
A8KM4YOB8FGGH	15533
A8LEFDO3AKIJP	15534
A8LFNRY6Y9HB1	15535
A8LJ8HEKCA51F	15536
A8M84NBNEWD08	15537
A8M8TYEJP58E3	15538
A8MY1OMLWDBS5	15539
A8MZA6YR9UAN9	15540
A8NHN9UPML858	15541
A8NIZAIRT4EF7	15542
A8NODYFEIARK8	15543
A8NVUTR71EW0W	15544
A8NZ8BFCP9NC5	15545
A8NZZFB3MUR4I	15546
A8O4WUQ9ZQKT8	15547
A8PNH73J06GRV	15548
A8PP8NPRJSAKO	15549
A8PXAAILSBM9G	15550
A8Q3ZORW9M7CL	15551
A8QYRG7TW491B	15552
A8R62G708TSCM	15553
A8R6Y9VMW3TL9	15554
A8RJMB9HCVFKB	15555
A8S04J0CDSOU5	15556
A8S96QJ470KP5	15557
A8S98S73DGYRF	15558
A8S9JJW7EWHN0	15559
A8SHD09Z1RI3	15560
A8SPPHKETDZ41	15561
A8SXFCP41Z4QZ	15562
A8SZMCBPUNALH	15563
A8TA5VXMUP3VQ	15564
A8TGGGQACTJGZ	15565
A8TMJ4E1X8GUW	15566
A8TO8GDVZ5G5Z	15567
A8TOPIIVU7W1T	15568
A8TX4BE591DH5	15569
A8UAYFMQ4A5HA	15570
A8UDVUIRES13H	15571
A8UFRAZL1TBPW	15572
A8UM78SMPSHC0	15573
A8UPF5VV5G3U2	15574
A8UR5CYCX6FLF	15575
A8V8ZV93L4UAU	15576
A8VF58QHL4MMB	15577
A8W5EF7MWF8T7	15578
A8W5F04E18Y1D	15579
A8WEXFRWX1ZHH	15580
A8WGBVNTWYOXS	15581
A8WWWHQ5B85I7	15582
A8X7P51O3NAUA	15583
A8X856VCSN0G6	15584
A8XOCIAR4G0OK	15585
A8Y3A6MHM2U20	15586
A8YA7VIK8BKVC	15587
A8YMMSE4Q188Z	15588
A8YNYC766JUKZ	15589
A8YX5H0YWTFBN	15590
A8YYMBXZN2SEZ	15591
A8ZTRH5096CHD	15592
A90D3QJZQQCM0	15593
A90KER4VY1R3	15594
A90N73UGGDDKK	15595
A90P35KV9UFX4	15596
A914TQVHI872U	15597
A9193QN2B1HJD	15598
A91AZ9Q2UTDI9	15599
A91TAIIM4ZB1I	15600
A91TB0WX94MHP	15601
A92LD431P843F	15602
A92LDK2FCTXDN	15603
A92TWVOPU7PFV	15604
A938G78XZI1J0	15605
A93B682HH2YRU	15606
A93L4TSX5S5I5	15607
A94CAJ2LKE3PW	15608
A94FBTSNO546F	15609
A94M62TZHSGQ1	15610
A94OBPAGEJK5F	15611
A94Z0RZNQHAWS	15612
A95894V4GR5W6	15613
A95CSH4O4LBVR	15614
A95OW3TULIL5S	15615
A95SYJCT822CL	15616
A95YEVPCYD3N1	15617
A95ZW9NMVPO2D	15618
A9660KCC4E750	15619
A969VLBBX8LQ7	15620
A96JD9312DHWC	15621
A96K1ZGW56S2I	15622
A96Q93HSLSJGW	15623
A978N3TH1DH6Y	15624
A97CW4DAYRIQ0	15625
A97H5I4P5PCEM	15626
A97MW9RU4S803	15627
A988RMXNMQXE8	15628
A98SO4G4MNZ4T	15629
A98W0AQDDG3O5	15630
A992GET8E8OEQ	15631
A99EYKS4OOQ4U	15632
A99K7S15XOQ45	15633
A99QBQN2GD3LK	15634
A99RJJT3JZIIX	15635
A9ADEJEQ0WQMC	15636
A9AVAM9061QK9	15637
A9C49H3RYG158	15638
A9CB09RACC0BD	15639
A9CBIYEOIRAXZ	15640
A9CGJQESLC58Z	15641
A9CJ6G43TTCF3	15642
A9CP8S8NK42S2	15643
A9CSNWX6YDSF2	15644
A9D25J81K1ZSB	15645
A9D40X3BKWVDT	15646
A9DIYIU5B1OEH	15647
A9E5HTGS8HO2C	15648
A9EQXKIGOJ3YT	15649
A9EVBE6MJ4YX4	15650
A9EZ21KOOBGDJ	15651
A9EZ91HQWP98S	15652
A9FOS3DQPP4VS	15653
A9G1FKZ5UEQWN	15654
A9H3K417G15R	15655
A9H8BHRTUPF41	15656
A9HV6JHQ9UW6T	15657
A9IF89168A47V	15658
A9IFSLWBJ2ATQ	15659
A9INFU6QYWCAC	15660
A9IUCSPP8NMKR	15661
A9IWKG5DH22QO	15662
A9IXTPWEM0LRV	15663
A9J3LMY955WKJ	15664
A9J4AP36FBZ9V	15665
A9J6SKF2DVWCZ	15666
A9JBDVICSSLKA	15667
A9JEKOH89ANJK	15668
A9JLE9BISQFUB	15669
A9JLV60TR9IVP	15670
A9JWP771B3C29	15671
A9KAY47NCPQS	15672
A9KK99ZWWTBCE	15673
A9KLAL1CXZ0W5	15674
A9KOI06S9JLXQ	15675
A9KQZB6Q5Z17D	15676
A9LHH006CA7X5	15677
A9LLBMFJ0G0TH	15678
A9LNWA25IM2DX	15679
A9LOS31C3AP3E	15680
A9LQOZ23Z3WD2	15681
A9LRUADOXTL41	15682
A9LUA6D9CGECC	15683
A9ME4VDD5H0XT	15684
A9MJB6O1HIR16	15685
A9MTN0D260WAD	15686
A9N3G4W24YRGE	15687
A9N9F96MT6YJP	15688
A9NE9ZFK22BNY	15689
A9NFFAZF3LIB2	15690
A9NXTC0HTPSDO	15691
A9PAC5VFTDQHF	15692
A9PF8S31EYX2S	15693
A9PG9ODPPP31N	15694
A9PLG7C1JKQII	15695
A9PSIMEWXA2KM	15696
A9PT136VE8M6L	15697
A9PTEWCPI3T71	15698
A9Q5MGCDT8TTK	15699
A9QIL0YJ3HT5	15700
A9QYV26DWB333	15701
A9R9QX2UODYQ9	15702
A9REEKTBGZ5W0	15703
A9RRP5A4YS8TT	15704
A9RSMV1C8Y8FH	15705
A9RTRKZM3IEOY	15706
A9SOL1YPGBRV1	15707
A9SUD7U1I40PB	15708
A9SZR1Q2HJU2W	15709
A9TCBI8KIFJ0M	15710
A9TCJ0Q16DLD9	15711
A9TMVRRS7A8NZ	15712
A9TUEN2DQXMF8	15713
A9U0C31W5URSV	15714
A9U7SJY0TZ9CL	15715
A9UE7EOHSVY2M	15716
A9UPV7OQYV03F	15717
A9UXIQLE9PDT4	15718
A9V52SVWCVNBL	15719
A9V7QDWFYS1IK	15720
A9VI8PYLVSX53	15721
A9W9XUB819Q4Q	15722
A9WCOZTW6FNY	15723
A9WT87JFYZ3A7	15724
A9WYPGTV2AI20	15725
A9XCW04U6X4NP	15726
A9XMQ24ZKXYSN	15727
A9XSLIZUO27DG	15728
A9XX8OHS2ZQ2X	15729
A9XZYM1OPW780	15730
A9Y5S2BKV7SYV	15731
A9Y6ZHKO0LN	15732
A9Y79KRVLEVU2	15733
A9YTKMZ24W158	15734
A9Z8K9AHVDI9U	15735
A9ZG3UMYXIGIS	15736
AA08MPQW9DYHG	15737
AA0DEIFPHAB4T	15738
AA0J4J0GPDJ1G	15739
AA0QGRC20841H	15740
AA0R1D4E2CCU8	15741
AA0TNO56XPRP8	15742
AA17V3BW5DL4A	15743
AA1JFUPBBJ0YV	15744
AA1UXLQ5C2S3A	15745
AA2AM63VMMG62	15746
AA2O52AKA5766	15747
AA2WAMS9S9GUR	15748
AA37HG6EO72V8	15749
AA3842XDUDEUI	15750
AA38EUMBOETZS	15751
AA394CGT3GNYH	15752
AA3EEURDFTWZD	15753
AA3M6KFCM888Z	15754
AA3TDQ34248M7	15755
AA460WUKL3BC6	15756
AA4LBPHV06QTG	15757
AA4OR2BMI51VX	15758
AA4UJ75GBERXN	15759
AA50S5JLBS0AG	15760
AA5TINW2RJ195	15761
AA6176V2HKG16	15762
AA62VD95PNH4G	15763
AA66HDRIB3QYS	15764
AA6YW98RQA837	15765
AA7CLQPEOAZ98	15766
AA7P2NEC94K79	15767
AA7QHOPC0HT0J	15768
AA7RLE74KRRY2	15769
AA7VYFT85OXUC	15770
AA7XSK05OHTM3	15771
AA8EVHLG6J5N3	15772
AA8F2HV4DPV2T	15773
AA8M6331NI1EN	15774
AA8R02WLBO7QD	15775
AA8V7SZNIIYY5	15776
AA8Z3QNYXGL7R	15777
AA98O5326L88T	15778
AA994TW9GB432	15779
AA9BZ5Q8O22RL	15780
AA9FJOTLOAS1N	15781
AAA0TUKS5VBSA	15782
AAB1ET966MCLI	15783
AAB5W1BEBBOYX	15784
AABJQT78KJ9XR	15785
AABNFMZI3V808	15786
AAC67P4KTM968	15787
AAC7F4XR6Z18B	15788
AACBKCINIFJK7	15789
AACDO0R41961F	15790
AACGHYIQZWVIL	15791
AACQH2NVMMM54	15792
AAD2456J0SZOL	15793
AAD7BPS7FP7W4	15794
AADB0FLDR80N2	15795
AADBNT7FD1FPN	15796
AADWOBXF7FEIK	15797
AAE9K71VPQ5LI	15798
AAEHOTZ1GRAUX	15799
AAEVGE52KL0DJ	15800
AAFFA8GVAYJVQ	15801
AAFFV39A9V1ZL	15802
AAFKSRWAKYGUT	15803
AAFP0X79NAMNY	15804
AAG0O8X2PYE6G	15805
AAGNG1HAO3EQR	15806
AAGS0RD5XCHN7	15807
AAH5WJ9PKTYON	15808
AAH603Y3Y8QL7	15809
AAHOL35692RX2	15810
AAHP5SI5Z5NFM	15811
AAHPYVES8K6CK	15812
AAHSWYK3HT1G3	15813
AAHU3JYZQT4L3	15814
AAI3TWEK3BZPC	15815
AAIABRRONMWSU	15816
AAIU4V0FTRZ2N	15817
AAJ1IYOUIHWF	15818
AAJ44RWTUJA72	15819
AAJ5WEGX3Q868	15820
AAJAYKC003F1A	15821
AAJFHKWFYS57K	15822
AAJIGWE242MSN	15823
AAJRN2LSNC12A	15824
AAKE8XRT4ME6G	15825
AAKEO22ET8C9B	15826
AAKFJT5W8AB44	15827
AAKTMWTFXS4H1	15828
AAKXQPO67SD8Y	15829
AAKYT8KY8B9BG	15830
AAL4LVT7I7LCN	15831
AALBNY60AFSBC	15832
AAMG2YZTNE3HZ	15833
AAMJ8WHRHFZ9J	15834
AAMQLS6R95CA7	15835
AAMU00SSB7TYG	15836
AAN4GV4JMU734	15837
AAO1GG47I67R9	15838
AAO899GUBI3DK	15839
AAOCRHTWI0RLK	15840
AAOPX9PTTOP3G	15841
AAORIY8KVYYS1	15842
AAOYA0DKWED4W	15843
AAOYOZ470S2FT	15844
AAP0J12JUSRV0	15845
AAPG9Y6RNPOK3	15846
AAPKZ9V41KNKD	15847
AAPNQBUYETGW0	15848
AAPSB545DIFYL	15849
AAPXYJ3TX8SHA	15850
AAQ9NJ480N9W5	15851
AAQIHGNS5S4N7	15852
AAQSCOVTELNFK	15853
AAQVYKBRQIIT2	15854
AAQXNW66Y7RJC	15855
AAR0OWR2PJUSU	15856
AAR21ZITPSUNS	15857
AARH3Q5B8708	15858
AARL1O3WT2FRX	15859
AAS7V605R1GPQ	15860
AAT77NB3IVRJR	15861
AATG9BI96R5N4	15862
AATZSBPZI9G1K	15863
AAU0G40ZN5RIL	15864
AAU5M4X3I03RD	15865
AAUL61ULBJGCR	15866
AAUN3REVEOITX	15867
AAUTQ42VXF4S9	15868
AAVNRKE9PQ37V	15869
AAW5CXOFFC32H	15870
AAWDEBT6E3YA6	15871
AAWUXA65NDMYM	15872
AAX6FRNBEU9PK	15873
AAXHHIUUTIB3J	15874
AAXHSYP4T6VSZ	15875
AAXJU3LXVF322	15876
AAXUNK0W2DZG5	15877
AAXVHEC465APO	15878
AAYB56GHHGB6R	15879
AAYKT5WR17CV3	15880
AAZI6GOIXQCCV	15881
AAZRP13OJWEGN	15882
AB0BF5Q061U4F	15883
AB0HXJMA8BS2O	15884
AB0LNCMOC8QOK	15885
AB0O1JORB64LR	15886
AB0TLNLNOAGY4	15887
AB15OZE5XTZT8	15888
AB18XNK97UF4X	15889
AB1A7G26PVJDA	15890
AB2AGQ9OBURYP	15891
AB358K0HDMPAI	15892
AB38XEH4DLN66	15893
AB3CN732IBJQ9	15894
AB3GJ41FTGR3S	15895
AB3I74FIW58XI	15896
AB3IXSZN2CIKV	15897
AB3P2AR8YW6RG	15898
AB4OFEWLTOJOT	15899
AB5J41W6SBXBT	15900
AB5M6E6YWLH1M	15901
AB5OZJL0VU9HY	15902
AB5QORMUROROV	15903
AB5XH3E9CSOGH	15904
AB5XV8MH5IK1R	15905
AB6FWIXO79M9	15906
AB6K5SPI7TNA7	15907
AB7T8L5Z8RXTX	15908
AB7UBI5SP420X	15909
AB8EBHX4P2UQ8	15910
AB8HCOX3YULQS	15911
AB8JVVE1NZIKC	15912
AB8R2DMFXDLKJ	15913
AB9ABU6EFXN0L	15914
AB9KKOL8QD0F9	15915
ABB06DY4Y525K	15916
ABB2UH4SYJYRR	15917
ABBBP0HLLXJZ9	15918
ABBCHW5LYXN5X	15919
ABBJTPCH0XMEH	15920
ABBL3ZGK2J23Y	15921
ABC68JUCPTVOE	15922
ABC9P1LL6ULBU	15923
ABCAFOWHJN0ND	15924
ABCIAH6BLLATX	15925
ABD0XOLY5X73S	15926
ABD7HPJOBC8BJ	15927
ABD7Q5PSQA5UC	15928
ABDXLYCU9R9J3	15929
ABDYEYZKUMPYZ	15930
ABEL5W0QG065R	15931
ABFJUYIFAXX1A	15932
ABFL3K6FOWQFZ	15933
ABFWD34GBK93M	15934
ABGGLHSYICL1N	15935
ABGH5XOMGBZSK	15936
ABGLRVU2QIECK	15937
ABGR2KY9RGVIT	15938
ABH53Z8CW6CUU	15939
ABH5AHMM5CA69	15940
ABHY4D48FX6W	15941
ABHYBK40F0OYR	15942
ABINJFZPR7OY8	15943
ABJVSQBJ4G438	15944
ABKDXIG044NOU	15945
ABKGN0ETNUNOA	15946
ABL0DDCDYKSRV	15947
ABLUMDJTR0KFR	15948
ABLV9L4MQO7ER	15949
ABLXCBRLM4SBN	15950
ABM2HMGA0EXOK	15951
ABMNX856X89CS	15952
ABMRGB5E2TXTV	15953
ABMX8XUNPR3LP	15954
ABN7G2T0KAB3G	15955
ABNBLXAGQXRPV	15956
ABNIDDBGWRTP5	15957
ABNJUKSVR8DY2	15958
ABOVGO3Q1YDL5	15959
ABOVQ74OQRZCM	15960
ABOYCLPNX2UNJ	15961
ABP2UMJY61K8A	15962
ABP4U4FHIBGN9	15963
ABPLE26GNK8F	15964
ABPMTO5KKM88S	15965
ABPX680DGJ5AA	15966
ABQEDHBG91BBR	15967
ABQIAH0S0PVXP	15968
ABQWMANK4AR63	15969
ABRAT44NRGP02	15970
ABRNSFYXKV89X	15971
ABSFFH7ECSE49	15972
ABSYIF0ONC2AF	15973
ABTDY7MOT11BY	15974
ABTKLCZQ5I1QX	15975
ABTRWDXHB8N1X	15976
ABU0S5LQC4UU2	15977
ABVBZVILR1FYB	15978
ABVI7RIQEWA5O	15979
ABVLXXVF9QQ34	15980
ABVYGB2TKBO8F	15981
ABWECN64BRMCD	15982
ABWETPEG6HHZ	15983
ABWIA29ZMU8JU	15984
ABWOT8UMJ86OI	15985
ABWPYS4Z55V8I	15986
ABXEFUVFKQLXT	15987
ABXOC6T1QLVOF	15988
ABXSM8FR60UWQ	15989
ABXVMHZWCDBNS	15990
ABYLSNI0MGXZB	15991
ABZ059EHRNP9W	15992
ABZ74LUV5FMLB	15993
AC04O7AYHEKJ5	15994
AC09EOTI7XE88	15995
AC09OIFJYTUQK	15996
AC0HLSG9P0L57	15997
AC17LM1ZZSHDB	15998
AC1AN5L1MLERM	15999
AC1FVL8YLJ9PP	16000
AC1POD9XHBTR5	16001
AC1YLEFC9AN5X	16002
AC2278WPK3EU	16003
AC2GB5YLTKEOH	16004
AC2TN5WMPZCMQ	16005
AC2WIBZVSBJ4X	16006
AC31HKDSO1HVF	16007
AC3CVQXBAJT6S	16008
AC3X9XOJVAVTB	16009
AC42P7OG6V9JC	16010
AC47IWPO8Z4UA	16011
AC4FUX25LEHIP	16012
AC4KV0UGDXYJK	16013
AC4XV78EJG1QB	16014
AC4ZWRMEEC81O	16015
AC5160V10S7XZ	16016
AC5AJ4N72WAG9	16017
AC5UOO7YRH4IK	16018
AC5VKERYI9XE4	16019
AC68YYT9K79BJ	16020
AC6HYEG9JT441	16021
AC6JDIT6SN49Q	16022
AC6LV5D2RKTIR	16023
AC7AY7GU4GKID	16024
AC7QIJD3WTFQJ	16025
AC82TH39WO32T	16026
AC84B9PO1ILCT	16027
AC87179T1S37M	16028
AC899GO32OF6I	16029
AC9A4CZMIDUAE	16030
AC9GEB16SPQC	16031
AC9WW1XQYRZWB	16032
AC9ZH59TWILZS	16033
ACA2Z99MCVUPU	16034
ACA79U5ZG8M5	16035
ACAXV4V8PBCE3	16036
ACB3H4J10R728	16037
ACB6M1M2TVJMH	16038
ACBJFCF608HTQ	16039
ACCGSDA9XKD7Z	16040
ACCH8EOML6FN5	16041
ACDNGINX4M4QA	16042
ACDU5YGSYPC2O	16043
ACE4XULXB1RV2	16044
ACEA95FQS1AVP	16045
ACEE2LQAL1LMF	16046
ACELEUBPR68AW	16047
ACEZD2J7WLV8L	16048
ACF7UZOQI9RLP	16049
ACFG26H4GHYMW	16050
ACG1STT8G2ND0	16051
ACGEKRN16IYZA	16052
ACGY24R6KT92P	16053
ACH1YOSGB89BC	16054
ACH3XM6K1M4AK	16055
ACH40GDEWZRJS	16056
ACHB7LPS1M6TM	16057
ACHCRUJXKXPFU	16058
ACHG3OEASC1Q4	16059
ACHWDBLXAUKFH	16060
ACI4789O50TU5	16061
ACI7KFC0HMT87	16062
ACIHXKMZIHV7W	16063
ACIP42CLZO8CY	16064
ACIZXWETSKWJW	16065
ACJ0JQ8ATED7R	16066
ACJ4OWSC9AQ8E	16067
ACJT8MUC0LRF0	16068
ACJW23SBXLE3Y	16069
ACJWWWSYDWR8T	16070
ACJXUWQSZ0IRP	16071
ACK72XZ7UMERX	16072
ACKB3MG8DDLUK	16073
ACKT4GMJJB0LZ	16074
ACL1XWY6F5A2G	16075
ACL6H8Q17XQPN	16076
ACLKV3VV6FGDU	16077
ACNON4BZACUUL	16078
ACPDZ03NHW6CX	16079
ACPF5ZJFQ1ODK	16080
ACPJUL8WZBIOS	16081
ACPSENP0EQE49	16082
ACPYT9KCCKX6X	16083
ACQ54UE3ZGR7J	16084
ACQCU875TR3R8	16085
ACQD7NZ9UORGH	16086
ACQS5XKRRR1TW	16087
ACR4A8H4J7YNA	16088
ACR4HKUT808U1	16089
ACR4R6E7EG1NU	16090
ACR81I21OA9ZZ	16091
ACR9ES55PCMHO	16092
ACREHLVRC4H5B	16093
ACRRPNJHRI59O	16094
ACRS2XC8L3S2K	16095
ACRYKETNPWWKN	16096
ACSD2I68RM1L1	16097
ACT8Q76MI3T5G	16098
ACTJ4VLWKZXLK	16099
ACTS6G5MMQMY5	16100
ACTSUGP8XY3UM	16101
ACTZ7N198SQCN	16102
ACU5O7XF3T6JF	16103
ACU91Z557Y4VB	16104
ACUGOMGIUTCDA	16105
ACUJXOXRPD37X	16106
ACUYXGCMWVF7S	16107
ACVDL5QRCOPE1	16108
ACVI7RYUG2S77	16109
ACVVB07ZG6O9	16110
ACVZTH0ERVBAL	16111
ACWTHJJQCYG03	16112
ACX47XOXQRIEA	16113
ACXF3T3I60ZK0	16114
ACXQ0B8F1R6C8	16115
ACXRG34F6LGX3	16116
ACXYZBF951JVD	16117
ACYNXBW2IM4DC	16118
ACYR6O588USK	16119
ACZMM7OTESMH0	16120
ACZPM336YREP7	16121
ACZVOG8KHVVPX	16122
ACZWXSO1769OZ	16123
AD0JB2LCMXPV6	16124
AD0WUBKBO21KK	16125
AD1S5FZKGGGSG	16126
AD27EE3BWB98	16127
AD27O6TXNVMVL	16128
AD2RCQ0YVU9CL	16129
AD34TCPEP7P84	16130
AD38IB5NODZX1	16131
AD39FLDNEBO1P	16132
AD3BVSM3BH2DK	16133
AD3SF0T5WCQ64	16134
AD4AVD4ERSG	16135
AD4FDP0FD70AN	16136
AD64PMSG5QN9T	16137
AD6EATMKP0ORK	16138
AD6IZJDXFOO5X	16139
AD6OMM864N8KY	16140
AD8335OF6QP4H	16141
AD8SR4DNEN1YM	16142
AD8V3PZKCDZJC	16143
AD9C8BY3P096Y	16144
AD9HLN3IP7UGY	16145
AD9SR8HI4ZJBX	16146
AD9W9PR1YJYBL	16147
ADA9V1C4QV71U	16148
ADAJKM9WPCQSF	16149
ADAPG8M4QTCPJ	16150
ADB3GBTQTPEZN	16151
ADB8P0BNHKFZD	16152
ADB8XCKNSDY5Z	16153
ADBT2QYXGQCSJ	16154
ADBUCOBPEOL15	16155
ADC6NIWLXP6H	16156
ADCOSIO7ZC15U	16157
ADDDFVHP3CSVA	16158
ADDOI280FBW80	16159
ADE27DYM1JDQZ	16160
ADE5C0WAFBIUR	16161
ADE9XRRIKA7LI	16162
ADEQBO5LYWCEQ	16163
ADERP6VV70NVO	16164
ADF0URBXWJQOJ	16165
ADF3WPM4HVIUN	16166
ADF6DHCV8K2BC	16167
ADF9WBZW6PQM3	16168
ADFB1GKFP8U4S	16169
ADFDG8SSPA0X2	16170
ADFLBRY00Y70G	16171
ADFPSCR19NA33	16172
ADFQX8BGDSMFX	16173
ADFWY92TEXIF3	16174
ADFYGTU2B7I1R	16175
ADGWIEWO20SMO	16176
ADGYS9FJ3G8SG	16177
ADH42I1WWJBF9	16178
ADH55L6YC0UUY	16179
ADHBK5A51KG9L	16180
ADHUF3SRCK1N	16181
ADI8E65OC3OKL	16182
ADILS0UV2SZSU	16183
ADIQ7X8ASMVDR	16184
ADJ0G262H54GP	16185
ADKRINKXGWDAI	16186
ADL5KDYZAA0I7	16187
ADL7CQNECKOQ2	16188
ADL946XRPP5LE	16189
ADLFP9M6IA3HO	16190
ADLVFFE4VBT8	16191
ADLYO655RWJUI	16192
ADLZJAODZKPO5	16193
ADM0H7LHE8QQF	16194
ADMFY78ISE8N6	16195
ADMUMWBE64BMZ	16196
ADN5EYS6J76WZ	16197
ADN98CV2K8ZJ4	16198
ADNNMYOE7SIL0	16199
ADNOUPXQ5U4WX	16200
ADO0HECDX03F	16201
ADOECYK8IAWID	16202
ADOFPYRIEAFVP	16203
ADOI87VAVO1DG	16204
ADOPZE1QQIA67	16205
ADP0SA1ZOIT0F	16206
ADP2GX1QS1IP4	16207
ADP8ROI8NMNL2	16208
ADPDSL40OM0FO	16209
ADPOSKJ7K5MAU	16210
ADQMHQ1ZHAG6X	16211
ADQNIGURHXHHK	16212
ADQOVML1E5L4A	16213
ADQUTB2TCWWTV	16214
ADRH9RBV9NQS	16215
ADRHC427TKK5U	16216
ADRWLBVP1VVHC	16217
ADRY15A1PSOLO	16218
ADRYLBQ9RVD97	16219
ADS99J1RNHO3J	16220
ADSFUJVGDLOE4	16221
ADSJRA3KIKB3R	16222
ADSYIRTC4ZDRQ	16223
ADTU3X215U90B	16224
ADU86N9XQRN7C	16225
ADUF6ONSJC16W	16226
ADUHAXZZ89JVC	16227
ADUIFGJE9I7GA	16228
ADUM5WIKCUZQ4	16229
ADURJZY707568	16230
ADUTJST3AFK86	16231
ADUYGNHM1R0QA	16232
ADV3UP462OAFS	16233
ADW2S1GZ44WXX	16234
ADWCXQK2QY2XU	16235
ADWEACHLTGSQF	16236
ADWGM3QD5S5AC	16237
ADWXLAKKZP2JC	16238
ADWYH87PDZ1MO	16239
ADX4P0VV73E6K	16240
ADX9NTN40T1HN	16241
ADXUFBTLY3IWU	16242
ADXV7BK720D8F	16243
ADY836HK6QSYR	16244
ADY8F6UYX2YAX	16245
ADYA6JXTK5CFD	16246
ADYIAC3MCSL93	16247
ADYK8JALTTYE3	16248
ADYR709YFUVPF	16249
ADYZOSTF9LZLD	16250
ADZ0GY72RN2S5	16251
ADZ41I9VQK13X	16252
ADZIJQN6MNRAB	16253
AE0337VVP8MRM	16254
AE0XH57NCYOTQ	16255
AE12AEJFCOGGY	16256
AE1CBRX14Q277	16257
AE1H2G2F8LHDV	16258
AE1NECEGQWTTN	16259
AE24ZJRHI2DU8	16260
AE2GGAE39PFID	16261
AE2I236LVW3K1	16262
AE2IONBYO8GP1	16263
AE2YHBLPABYNB	16264
AE305Y6D0M5Z3	16265
AE3089XLYVPEL	16266
AE3FV83ZN6IH0	16267
AE3J298SUOHLJ	16268
AE40SC43SKW5U	16269
AE4DDSPJQ1580	16270
AE4QQXEOZYIUR	16271
AE4RZCGB5RDH8	16272
AE4Z0EI1LAPVU	16273
AE5L4NH37NPFE	16274
AE62182ZKLN85	16275
AE77IMBFEN1H4	16276
AE7ABJRG7OXUK	16277
AE7U9YE60VKRT	16278
AE7WZ5DBOH8WO	16279
AE88D7OM7YU99	16280
AE8AT5NB4DDRM	16281
AE8PKZGHWOWCX	16282
AE8Q83EUYOQ6L	16283
AE8X8P941RI9H	16284
AE9B0N86KP1OU	16285
AE9H83YV1VU2G	16286
AE9LBWNO1QAAH	16287
AE9SNAFRQFTER	16288
AE9UX60J2SH46	16289
AEA0AGV78RDF8	16290
AEA28DI91KN7A	16291
AEB8O1VX9TE5J	16292
AEBBUTSMIY051	16293
AEBCNWTNKO9Q	16294
AEBL4VP09J1X	16295
AEC1G3QCQWOO9	16296
AEC90GPFKLAAW	16297
AECF4KUXWHSGQ	16298
AECGMHRRTDGCP	16299
AECUU0SL4L6TH	16300
AEDDGVEL0AEGO	16301
AEDMNHWB1U440	16302
AEDMSCIX5E9JK	16303
AEDN15UDJAAZ	16304
AEDU48FYPXSLW	16305
AEF2MF4QJU53U	16306
AEF7R8OM4ABJZ	16307
AEFI69HBPOZ8T	16308
AEFLAE53IY4B4	16309
AEG83OK7VLLP1	16310
AEGQH2RIRCU93	16311
AEH0KPZYTALTQ	16312
AEH45I35PFT9O	16313
AEHAPUIZZU6EH	16314
AEHOBANQTVV0L	16315
AEHRR4GCAQZ52	16316
AEI4S0IFINVNK	16317
AEI8CWKQZ4PG9	16318
AEICUWKVGXTYM	16319
AEIHVQHWJMY8Z	16320
AEIR4UEYRLSGS	16321
AEIV8NDUIATRU	16322
AEIW1FJIHIGZP	16323
AEJEG1P5S4J9Y	16324
AEJEQZNUYWFJ8	16325
AEJERMNDEYMF6	16326
AEK5GOE7UFP2P	16327
AEKM6OGVVHUQW	16328
AEL6CQNQXONBX	16329
AEL6HX0RFTBGX	16330
AELOT5F0VRYE9	16331
AELS3DVH1W654	16332
AEM11EYUQROVQ	16333
AEM91UGQV5RMC	16334
AEMDIBO1WWK0E	16335
AEMET02YHOO6C	16336
AEMSR4TMYD2ZA	16337
AEMV9IMH665B9	16338
AEMZ9Q76E6JYA	16339
AEN3M6RYKACUT	16340
AENK4X1X4C5CM	16341
AENLPWIKHGBLJ	16342
AEO1PJTWZ7DH4	16343
AEO667V6RVV2E	16344
AEOCJS3ETJ2M2	16345
AEOYYDTJM0JI3	16346
AEP0XAC6F8N2Y	16347
AEPJYN0NAX9N4	16348
AEPMYV0URTWBK	16349
AEPOX5M9R2XXN	16350
AEQ0QDUQMGWXJ	16351
AEQAFYTB2NQGO	16352
AEQDXO5TFUF8Z	16353
AEQGQSTLRZULX	16354
AEQHGYUM5AVEV	16355
AEQQ148C4ERR4	16356
AERBY54RWPSO9	16357
AESJ25141GDGA	16358
AESNOYBYV9WGP	16359
AESP85A047YKK	16360
AESQI52XM4NRI	16361
AESXO0Q7MIZW9	16362
AET1LOJ2XDHKJ	16363
AET8K4U1FHU87	16364
AET8ZAVUSTU0E	16365
AETHKUECL4TDG	16366
AETO9HTAJ7HJI	16367
AETQBT3TH7NX1	16368
AETU6WZAUMX53	16369
AETW5U5PSO253	16370
AEUJ8EILVQ8CS	16371
AEUMQD91C6V85	16372
AEUMX99O5E79A	16373
AEUR5WPP9BKNJ	16374
AEV9CT81N33CR	16375
AEVMM6CF6HGLZ	16376
AEVO0UWFCAK02	16377
AEVQ9YS16FM9	16378
AEVX44BWYA6NS	16379
AEW6DZ01HRCJY	16380
AEWFOZKLII3T8	16381
AEWQENYAQQ6WY	16382
AEWYUPCNDV7HY	16383
AEXG2O420LTLY	16384
AEXV0U23G2GTY	16385
AEY1YYFIEF8PS	16386
AEYEB5A70OCES	16387
AEYQSGNRE3ZBE	16388
AEZ3FJYSPOR3	16389
AEZ4IQDMN7N92	16390
AEZ4SFREJG6WY	16391
AEZ8WH06SEW6K	16392
AEZJ7PJ2WKLC2	16393
AEZMYVH0STCB	16394
AF06OQYABGS5N	16395
AF0E5TGS52NRD	16396
AF0E9G6Q48G3S	16397
AF0EGN9J6610M	16398
AF147KUNMFD0N	16399
AF19DB3JIPX9O	16400
AF1BRDDV3CHRM	16401
AF2GA3EI62GNY	16402
AF2HX24P7K1FF	16403
AF2Q40BT5ZLBK	16404
AF3SQA935XGIK	16405
AF3X7J0XC391L	16406
AF41ELZ2DWMV6	16407
AF43N9PXI79G3	16408
AF456EC90Q2EJ	16409
AF45J2V0TVQ2H	16410
AF4A2UG41AIWQ	16411
AF5AJ5V9T6LTS	16412
AF5SUYOBO6UIX	16413
AF5TYIYAMGZYZ	16414
AF5Y30EFUDDY3	16415
AF6Y350TU9EOA	16416
AF77G6NFY4GZR	16417
AF7GIM0TQDWEK	16418
AF7HRUZGFFKWH	16419
AF7MRK4CQWVXB	16420
AF81U05JNRPGN	16421
AF89IW5TVF8I8	16422
AF8EST6YREWG9	16423
AF8SREA2XE7BJ	16424
AF9AF3GCFXXYD	16425
AF9AHE36T3C23	16426
AF9C35MUJ5UM9	16427
AF9OYN557Z77I	16428
AFABVAWRVSZBA	16429
AFAIV0E37QU5A	16430
AFAP4J75DQ1T5	16431
AFBIGYJTZCB42	16432
AFBLTQ3H8BMH8	16433
AFBQOWA0R85E9	16434
AFBXQDFJF33VS	16435
AFC0U0MVHJZHF	16436
AFCEPOPMC027G	16437
AFCPY9MKZX60T	16438
AFD5IW8G2TWMQ	16439
AFDC6M70FWQC8	16440
AFDJGY68CQL2X	16441
AFDRXSX0IPUJY	16442
AFE3S8KVNS39U	16443
AFEBJDBPXHQJQ	16444
AFEQHQE63GEOM	16445
AFEYHFH2GH0QZ	16446
AFF6HT4TEHQWI	16447
AFF80D8G3U4AC	16448
AFFBPPZRR82SV	16449
AFFE4FTMDXE	16450
AFFNFX5XCAHZ3	16451
AFFWDOGWU5XRL	16452
AFG4HIHMX312C	16453
AFGEM9AUBWNCR	16454
AFGGC7SIV964O	16455
AFGMF6WUR22OT	16456
AFGVZT5PNJ023	16457
AFHYEO3Y1IIDD	16458
AFICF7DKHTQ87	16459
AFIESFB97IDXP	16460
AFILWKZWZEGIT	16461
AFISHUFMAKA9E	16462
AFITCO8MIFCHV	16463
AFIWRA5Y3HVKC	16464
AFJ9846LEZWS7	16465
AFK893ELKDPY	16466
AFKEDWPB99U8M	16467
AFKSL0M2RMI55	16468
AFKZ7UHX658SK	16469
AFL7ODW27L3O6	16470
AFLO03MVE0R9N	16471
AFLV63R5Z5U60	16472
AFLWPS8IULKOF	16473
AFM2A391J0HIV	16474
AFM7DWQ762149	16475
AFMFTMW332J0	16476
AFMKVVQDEJM46	16477
AFMLBF6Q826KR	16478
AFN32PGTZ31MV	16479
AFNE6AFYU3ZVD	16480
AFNG8O2DXRCUV	16481
AFNGSJEI3YXVI	16482
AFNJNA7QPZ2AS	16483
AFNOCITRY927Q	16484
AFNS4TUU9RNRH	16485
AFO678EAGH4Y9	16486
AFOWWBQWS9FSJ	16487
AFOY4QTFDAWYE	16488
AFP43ZIYYKFWZ	16489
AFP6OOD8EDRSP	16490
AFPEJG62IBS5F	16491
AFPJRABKSYWY1	16492
AFQ58D6TRFI3X	16493
AFQDS6MPI8QA8	16494
AFQFQH2TVSNXH	16495
AFR091DEME9ZL	16496
AFRIWX8FP7L1P	16497
AFRKK5JFA50UL	16498
AFRWXEHK151Z1	16499
AFSD30XWM70NU	16500
AFSXRZT61WPUO	16501
AFTEEXAKLFXXE	16502
AFTFND8CPQ34M	16503
AFTJGKMPC7A6G	16504
AFTLY73R6MLQA	16505
AFTNMS1V9X9XV	16506
AFTRQTNS1YRM8	16507
AFTTK069ZRSLM	16508
AFU29W6251TEM	16509
AFU9G9L991401	16510
AFUE1O3X6I7RV	16511
AFUET4TIS1BF4	16512
AFUUG68DTOCVA	16513
AFV2584U13XP3	16514
AFV72YAEK208O	16515
AFVDHQ4W359NH	16516
AFVHS7UAU7AT4	16517
AFVKI7BCS3FSX	16518
AFVS3E2SVANL	16519
AFVUGKRZFPRPS	16520
AFWE7DV1NARWE	16521
AFWQSE44MMQXP	16522
AFWV14WQ2KOCZ	16523
AFWZGQESHAJLL	16524
AFXDJ6WCFYK9D	16525
AFXKROW383WFF	16526
AFXMFSYC1P8UA	16527
AFXYJ65KSX8QH	16528
AFY8QLS51NVI3	16529
AFYBDX6N0ISTU	16530
AFYQ9V4XBVCJ1	16531
AFYSL8GPXOWYG	16532
AFYY9EPUDL6FN	16533
AFZ62FH2HC1HT	16534
AFZEOGWDNCGDW	16535
AFZJNYR931ZCN	16536
AFZM9FF9YRXLA	16537
AFZZ053NRHLI8	16538
AG0830H1DBLD	16539
AG0UDXBFAMAKI	16540
AG18Z04BT9WZY	16541
AG1E77MJQVYF7	16542
AG1ELQC8M7CVP	16543
AG1JZXJ1VZ1HW	16544
AG1OL1K3SFURN	16545
AG1ZDUF0N9UWQ	16546
AG1ZYSLKQCLMD	16547
AG2IEP1MJQHFS	16548
AG2YXYIQ8TLTA	16549
AG35PR4N22DCO	16550
AG3OJM5BYY56I	16551
AG41TC90CJZKV	16552
AG4V480QF85GJ	16553
AG4Y017B621UQ	16554
AG506JWT6JQQT	16555
AG50K3NZQ6QJX	16556
AG5942NI7JAH1	16557
AG62868WA3I1D	16558
AG67B39RYPAGM	16559
AG6B61Q8YV1EL	16560
AG6SDKCAXNR33	16561
AG6WOD5BUD8BH	16562
AG71XEJ7VYT1R	16563
AG71XMQGQ2UTJ	16564
AG88PJVD9RI74	16565
AG8DPYVTLT2C2	16566
AG8E2F0G98ZTB	16567
AG8GULCK1M8PE	16568
AG8IYOQUU2E5P	16569
AG8M7ICZ9MFU3	16570
AG8OO88PF4MVE	16571
AG8QJ2NED5GWJ	16572
AG954PTX9EALX	16573
AG990YPK6WQLN	16574
AGALSGEQVJYQO	16575
AGAOLD7VKRU6B	16576
AGB1YDTHIQ59V	16577
AGBB5TC7F7PDV	16578
AGBD6P8Y1E42A	16579
AGBEYJQKOQ83E	16580
AGBFIQMV9L61Y	16581
AGBS5X3HQO9OX	16582
AGD0LCKQZ2BC1	16583
AGDSSKANPKTGM	16584
AGE1KK0E2THTN	16585
AGEKVD8JPZQMT	16586
AGEVRGK52SKSY	16587
AGF19C927K3HM	16588
AGF4QULX971J2	16589
AGFBKMLKQHBYS	16590
AGFGY4EJ37VS2	16591
AGFW667QNHDOY	16592
AGG9C66TOLJZB	16593
AGGAQLXPVGM5D	16594
AGGAR5GNA865S	16595
AGGB6FW9L0CIX	16596
AGH7CAV7REAL0	16597
AGHIUO1B3IF8H	16598
AGHXULILPQ80Z	16599
AGI184WCALGXG	16600
AGI8GSMMIVOOC	16601
AGIOT5X725BZ2	16602
AGIR4MLM5NFRZ	16603
AGIRDCS6B72K5	16604
AGJGF68630425	16605
AGJIFL7N8OL73	16606
AGJRUK27RBVYS	16607
AGK5UNX2E5IA	16608
AGKJOW98X5KGB	16609
AGKM1ZJ70DSSH	16610
AGKSJ70C1ZBQD	16611
AGKUEHFAXRIDQ	16612
AGL3R6EEVS69N	16613
AGLZYCNWF1MAD	16614
AGMRDIU769QZ0	16615
AGMU95SWMYVPZ	16616
AGN4O0F7QMK8B	16617
AGNHR40JQARSR	16618
AGNNY2OUDZ6YW	16619
AGNPOWQ5M3FGW	16620
AGNQEH9ZZCSG9	16621
AGO6NBTFIAF6	16622
AGOC0ZNCHJZX0	16623
AGOCUK7HRQ7P7	16624
AGOS889EYCZ6I	16625
AGOTAY0FGQEIA	16626
AGOYTDOB23CNY	16627
AGPFVUONZRH5F	16628
AGPVTOS83EYVW	16629
AGPY7YF47M724	16630
AGPZWYYQ84WKM	16631
AGQB3NJBGKM52	16632
AGQDC6TTMSU8Q	16633
AGQFB60B5A1E8	16634
AGQHCWTDZ76BD	16635
AGQQH06BMQGK7	16636
AGR0MOEYP1EBX	16637
AGRANJOBUQQL1	16638
AGRGPW2OMOQ52	16639
AGRTHVB9J9N8L	16640
AGRWTPQEDTH00	16641
AGRYW8E662Q8P	16642
AGS9UJV21W51L	16643
AGSJTHJFLFLOG	16644
AGSPLT9044CO0	16645
AGT80PB9HFSG9	16646
AGTG2G3EBES86	16647
AGU9V7F44Z3KO	16648
AGUUTD07ZXD0U	16649
AGV08F2R333CF	16650
AGV0E8YM0NNF6	16651
AGV0RUQJHFW3S	16652
AGV8EKMALZ5EC	16653
AGVDI7RLT24WJ	16654
AGVWTYW0ULXHT	16655
AGW89PD8KONRV	16656
AGWMR2T3OYVIL	16657
AGWQ8QB25XBYV	16658
AGWQZVZL4CAYH	16659
AGXHFCDKM5DNX	16660
AGXQB2EQ5S7MJ	16661
AGXV1AY5GEYBF	16662
AGXV8E7XK9J6H	16663
AGYCKFRAADW8N	16664
AGYE90QXVSUFC	16665
AGYKO1OMI0H1H	16666
AGYPM2K9YMLX0	16667
AGYSNVAVL0M1A	16668
AGZ6G2BHW0Q72	16669
AGZI7FUW20CTD	16670
AH01474URB3O4	16671
AH09U8OED419D	16672
AH0ABA3G8WHM1	16673
AH0C5DIY7MGE3	16674
AH0GLREATU59H	16675
AH1FE0H8VVV6E	16676
AH1HEZ40X692L	16677
AH1MIAI6SNXNL	16678
AH1QGIHIWLRJ3	16679
AH1S02E7LGMSR	16680
AH2D50XVHS58K	16681
AH2NK070RRACR	16682
AH2OXZJJOFI8S	16683
AH2S8IL62XNXH	16684
AH2ZZNN0OMFPF	16685
AH32BK6OVLY93	16686
AH3ELD9HX4EQ3	16687
AH3YDMM67FS3S	16688
AH4NUJPN3NSKS	16689
AH4SLH78CVVGZ	16690
AH5095BM444XO	16691
AH54J79XHLRE8	16692
AH55S1FV7JZRJ	16693
AH5CA8MFL7S9B	16694
AH5GCNH82ZU0C	16695
AH5QFBEB0NB3P	16696
AH6NLJTZ114CJ	16697
AH6OYB8SIKPE9	16698
AH76BAW0W0PZ6	16699
AH7EXK88CDMP9	16700
AH7GUT3FVAGQN	16701
AH7IDBNZ5T9YO	16702
AH7JE5Y8N56JZ	16703
AH7LO6OZCLOWD	16704
AH7WENO5PPJWC	16705
AH8EB4YAPB8BB	16706
AH8NP79OTUENP	16707
AH8NSTRCCQNQ9	16708
AH8T9N7GGCXX9	16709
AH9AUW175XCVP	16710
AH9HIC1II42D7	16711
AH9HJFWMRF0U3	16712
AH9L2C3EN6NFB	16713
AHAI51ODZTVPQ	16714
AHALATPYHRDV6	16715
AHAR81QBHIN4B	16716
AHAV89Q4JRVPR	16717
AHBC4KMMNVUD3	16718
AHBFQY9L0MFZ8	16719
AHBLW79MBFY3A	16720
AHBPJTC499VT1	16721
AHBWJJOMSL3VW	16722
AHCB4316MB6UM	16723
AHCCS3K5AWUEK	16724
AHCDJOXJLM1VZ	16725
AHCK96KL7JVGW	16726
AHCL2WVP0FIY9	16727
AHCM2GKBTLDY6	16728
AHCMPYVQKH2OE	16729
AHCXIECSKOH6X	16730
AHCXIW8CHU4V2	16731
AHDDHIMMU1WNX	16732
AHDMSE54XAGJ0	16733
AHDPRB6WG9I5C	16734
AHDVTVHWEXFDB	16735
AHELCOXFT5T24	16736
AHF97M45JFCB	16737
AHFDAZ81Q304E	16738
AHFEZ1KSH93IR	16739
AHFGCH8LANEZK	16740
AHFTNZW2GFHVX	16741
AHG1CCYRUKT4D	16742
AHGG8UV27DSUT	16743
AHGGSY182427	16744
AHGSN0ATWXDJS	16745
AHH52F5CBSE7S	16746
AHH6C8YE9WLOY	16747
AHH7IEK2QPMMZ	16748
AHH837IRQP6PT	16749
AHHHIS7BMK506	16750
AHHUNTFQGUGX8	16751
AHHYL5855FWY4	16752
AHJ6J7A0OFX8P	16753
AHJ7KGB90Z0NX	16754
AHJCYBC2L8BJE	16755
AHJSD182WGBUV	16756
AHK7BOR8TMNXZ	16757
AHK9Z99W9UQE0	16758
AHKHA14E2OB90	16759
AHKMMNKYHO9QC	16760
AHKNPRMO0FVPQ	16761
AHKO5MDBGKD3H	16762
AHKPZ11JT110F	16763
AHKSQK8AWA8A5	16764
AHKX4DNXFSKOT	16765
AHKXY5Q26EAJT	16766
AHL00M9D10IOS	16767
AHL0QX79W7LRQ	16768
AHL7BZN8TLRDO	16769
AHLF5V8B3Z8C7	16770
AHLU75XIG94TZ	16771
AHLW50AR9L10P	16772
AHM1BQAMNAGY6	16773
AHM8S0YB32GKK	16774
AHMKQKJE55LJI	16775
AHN2OQNA6VN4W	16776
AHN3DYNV1Q195	16777
AHNHLGKIZ2N3B	16778
AHNJCXKM7QOFJ	16779
AHNRUHTAB7W8T	16780
AHNRYW21FFI71	16781
AHNZV4GGW4ZU7	16782
AHO38HQ4P0RDK	16783
AHO3SL52Y5JE4	16784
AHOH9Y95E2RB0	16785
AHP5BP2PTZXUG	16786
AHPBS2J6I8RD9	16787
AHPH05I223SO9	16788
AHPIAD7T6WFL9	16789
AHPX71LWPYX04	16790
AHQ13I9CI4US6	16791
AHQ3KEA6VM3IJ	16792
AHQA6I16NYW63	16793
AHQBPR5GW2CH5	16794
AHQFMGLIDNKTI	16795
AHQJFC2UF0Q3I	16796
AHRDV8PEA4M0J	16797
AHRF1ZD9XO5SD	16798
AHRNDSKWH1YBT	16799
AHS5O6ZEH7BXO	16800
AHS680SHZ36GP	16801
AHS6PX6H22WW1	16802
AHSGUMS04KF1W	16803
AHTNAAODLVM14	16804
AHTRAZC22RDFE	16805
AHTRI8RK2BJMT	16806
AHUH4WDS3H9HD	16807
AHUJAKG18ADPS	16808
AHUMWI9NK9YH4	16809
AHUP63N9KZBN	16810
AHVVDZGRR4NVJ	16811
AHVXFU25YRSMV	16812
AHW2DVAQV9JPN	16813
AHWM7QXSK7LO3	16814
AHX12MOTJPWLA	16815
AHX3SF4MQPZN9	16816
AHXMDCU0N15TN	16817
AHXV98DWDFUQZ	16818
AHY3KTGSHLBWE	16819
AHY7ALSBCV6QH	16820
AHYPBBLBVS54P	16821
AHYPTYSC79H1J	16822
AHYSXJ6B3GD23	16823
AHZ6XWTBYG8A3	16824
AHZD0JV1YWA39	16825
AHZH2L16XCZJ7	16826
AHZN5ETW7O7OY	16827
AI0FBRMXX4R8C	16828
AI0KS6TKN9599	16829
AI0O9MNYHSXGR	16830
AI0RHSKOARWBE	16831
AI19OUH4HVEBT	16832
AI1HLDSBL6Q0F	16833
AI1O7QYVB151F	16834
AI2AOCTC8BQVZ	16835
AI2XINIZFPBI8	16836
AI3DQ5RVI1N8M	16837
AI3VJYL57297W	16838
AI4A8KDJ8QG1D	16839
AI4B7N69A2EU5	16840
AI4C196UA6IVT	16841
AI4HL6YT04GKE	16842
AI4W1396PKM11	16843
AI4XVOH709OLK	16844
AI508VJYCZJKA	16845
AI5G8RX3LQPS1	16846
AI5JBTOVFQG4B	16847
AI5SLLIZDVI9Y	16848
AI5V54Y2UHYYL	16849
AI60AUM7SJR99	16850
AI61QKE683S4S	16851
AI61QPK37F5HO	16852
AI62JQXVVBE15	16853
AI66VY9R7GJBZ	16854
AI69TM7N6J1TP	16855
AI6RSAHOQTCJR	16856
AI77Y75ADYV39	16857
AI7JKTUP68K3Y	16858
AI7S94161XV07	16859
AI8EMB0HUC6Z5	16860
AI8XVVYFDL2CA	16861
AI93WXNIO2NMT	16862
AI9K7IX2BUMJP	16863
AIA46KAE21J09	16864
AIAFKJXRLHRSH	16865
AIAI8FEIFIV1T	16866
AIAYNAZ54QQRK	16867
AIBEBJLW2RA4Q	16868
AIBSC3DOO3UHR	16869
AICHWJ5VXFHK9	16870
AICLHOLGPDGOX	16871
AICNX5G014AFX	16872
AID6CVJP7AVOQ	16873
AIDX2MKIIF2OO	16874
AIEEK7AHXKZCC	16875
AIF2W0MOLRXTN	16876
AIF410VRJ9RYG	16877
AIF56B9ZSUX09	16878
AIFPCDUD7B14B	16879
AIG2SKD3GDIYV	16880
AIG673B5G887L	16881
AIGF9NBBZ1I5	16882
AIGPORU5SASOO	16883
AIGX81K2JJSGZ	16884
AIH25VYUTQPQI	16885
AIHJOC4XP80U	16886
AIHSWEBG8HEX1	16887
AIHU0J63HYPTA	16888
AII776MTUQHI4	16889
AIIC0G14GVVV	16890
AIICRAC7PAS57	16891
AIIGBRQTCEB7	16892
AIIOO93731UO4	16893
AIJ3JAT8596TA	16894
AIJ5H9MNSCGQ3	16895
AIJ9WDUMGAJ15	16896
AIJSZ7ZSZO7B0	16897
AIJTHUGJAR9SG	16898
AIK0G28AWIL17	16899
AIK7DWHFRGWJW	16900
AIKEJSZUM0BFC	16901
AIKRT1RWLHTLH	16902
AIL2TRFIZ6Q7C	16903
AIL4HD8BRUHV9	16904
AIL4J5XX7Y8HK	16905
AIL7KO1U5Y5HZ	16906
AILKGRMLEMGXC	16907
AILN4NLF6FMB8	16908
AILVRA5HKI7LV	16909
AIMKLEP03OI8H	16910
AIN750DEKTSKI	16911
AINFL2SCTGYVO	16912
AINGNE1J86KTH	16913
AINI7U6PRU3ZB	16914
AINIUJG0GCLWU	16915
AIO21KWI819GX	16916
AIO247KHD2O40	16917
AIOB3K2PE2E3R	16918
AIOHNV6OYID1N	16919
AIOQMJ1BQXL5I	16920
AIOSCTU0MQIWT	16921
AIOV0F7BGBWYL	16922
AIOWOCJ569GFF	16923
AIP0VIGQWIW90	16924
AIP2WTTA8E6K3	16925
AIP6MBCJ1JC1M	16926
AIP7X9PXRM3KY	16927
AIPUDTMY1OIZP	16928
AIPVKMLXTO6H9	16929
AIQBLQ0DKPW47	16930
AIQTCLAMXS26O	16931
AIR6M6BOXTG04	16932
AIRQ0VC6QTLT9	16933
AITA68K11PTP3	16934
AIUFFRVIJYBPV	16935
AIVJ9TTZNAH1C	16936
AIVZMEFEAGF3	16937
AIW4CHZOM5W7D	16938
AIW5CK1ZNCMI9	16939
AIW8HUF8IQYBV	16940
AIWGYBEVV09B1	16941
AIWLL78DJWNG7	16942
AIWRDE16PH3K1	16943
AIXBCY1J3BLPA	16944
AIXDV2Z2NEYP6	16945
AIXF3PDVQLPVY	16946
AIXYHCKPXMAN8	16947
AIXZKBA7H97QE	16948
AIY1IW7XXBPXB	16949
AIYAGV13FH0G8	16950
AIZKHI4FS7RKS	16951
AIZO7VMV0S58D	16952
AIZZ4NDUCBG0M	16953
AJ0321G4JS0KD	16954
AJ0B1M3OODXVW	16955
AJ0ECCZ4TEOAN	16956
AJ0HFDY5BB77Y	16957
AJ0X2MF2GHYNT	16958
AJ1JLGR8IDN61	16959
AJ21IDHKMRAKS	16960
AJ24LLFULJJ0L	16961
AJ2FDNZ3COBFN	16962
AJ36FY8S06O9G	16963
AJ36J4LKI6M0K	16964
AJ37PDNCS0X7A	16965
AJ3K3HKR9UFVN	16966
AJ3OGDJTHULVP	16967
AJ48OJORP4NE4	16968
AJ4N76WROFV7N	16969
AJ67I7HOUWI1M	16970
AJ75JYABQZLXQ	16971
AJ7EXZ3ON0BVR	16972
AJ7OHHOB7598I	16973
AJ7VVCALVT8KP	16974
AJ7ZCA8CXGE85	16975
AJ84NM13BG7O9	16976
AJ86MYUT3VJE5	16977
AJ88DMQ29WC2V	16978
AJ89ZV12GG42P	16979
AJ8JNWNYFCVIV	16980
AJ8KSRW54XJCL	16981
AJ8UPIUHSG3R5	16982
AJ91AOCHHUOPO	16983
AJ91FXLL2VBN7	16984
AJ9AE2BVND0GS	16985
AJ9B92JX81B40	16986
AJ9CT4QBXOT2D	16987
AJ9KCL3RH7AFO	16988
AJA559T22X0F0	16989
AJA8ABXYA9B5O	16990
AJAESV36DSRSN	16991
AJAIUCEOIJXK3	16992
AJB7W7OD11G8Z	16993
AJC88791BZEW7	16994
AJCFNOM5YHM8U	16995
AJCGC112PN2SK	16996
AJCK6OKNWGIYG	16997
AJCTQ96N4C4L1	16998
AJD41FBJD9010	16999
AJDJOHG3QDPVY	17000
AJEBCTXEPW3E1	17001
AJED4FA35CL6V	17002
AJEDVT3OSUZCF	17003
AJES485KARIKQ	17004
AJETFLAXRDTKJ	17005
AJF85EJ6Y2X0U	17006
AJFKGUC5BDGLO	17007
AJFM9BF445RBN	17008
AJFYRNQY6202H	17009
AJGAG2U5LKLQQ	17010
AJGR23V4M0ZNJ	17011
AJGSVPDWZZVKE	17012
AJGU56YG8G1DQ	17013
AJHL7N62ROBOQ	17014
AJHSX45RVJS2R	17015
AJI3NFOTQ78ZZ	17016
AJIA55AVU0CUS	17017
AJIBD4O7QZF4S	17018
AJIDXEZLN2A0Z	17019
AJIYEQIAVYC0G	17020
AJJE755KH22W9	17021
AJJES234AJYN6	17022
AJJH71T4KKHOH	17023
AJK3BGAL8O25U	17024
AJK7XO8EFV2KN	17025
AJKEEF2VCD9NJ	17026
AJKHC50SDN2PT	17027
AJKK4G0MD4OIA	17028
AJKN1OQ368JGH	17029
AJKPN1A71K1PA	17030
AJKSHJAEPN5QP	17031
AJL9UH9G5AC9P	17032
AJLF67FSLSHLI	17033
AJLHI7GZABZM4	17034
AJLJO486GAHZU	17035
AJLPS4A9HGOQK	17036
AJLUZ1AA8Q1LY	17037
AJLY06UK1KD9L	17038
AJM8UJ66W6YT	17039
AJMLWZP2G6N9A	17040
AJMM5SQ28GT74	17041
AJN59EFEGZEBM	17042
AJN88DR6GHOAC	17043
AJND8CKPNXSCX	17044
AJNPYL7PKMHCU	17045
AJNSCX7YNK2PM	17046
AJNYSNW0JWCT4	17047
AJO4LJCQIEU4L	17048
AJOS4VVM4QIY	17049
AJPJG42Z3WGVG	17050
AJPPINY8WFDL9	17051
AJPTLKQ9P0XTU	17052
AJQ506EP7A9MS	17053
AJQ53OSTIYXIO	17054
AJQDIT55SZ3ZX	17055
AJQFCEOBES7SB	17056
AJR8OLVMD39I7	17057
AJRD737DBCRKG	17058
AJRNC98E2ADGL	17059
AJRUNK29QC887	17060
AJS42DZPFVA8N	17061
AJS475CZM5RW4	17062
AJSJKL40IO6PJ	17063
AJSLT738XDIGF	17064
AJSP0Y4BE8K18	17065
AJSPHHN1E306Z	17066
AJSULJD8I47WV	17067
AJTBVZXDEQ04T	17068
AJTL2FRMIOQT4	17069
AJTM37PX5DS0O	17070
AJTOYZH56459I	17071
AJTP8CML78HST	17072
AJTTYAEL80K38	17073
AJUPRSIO2P682	17074
AJV85Y45CQ42R	17075
AJV985MKGCIQ0	17076
AJVASZTAOXEQH	17077
AJVDHQKPYSL3F	17078
AJVKP4SH3WNZP	17079
AJVLR7M8EVNDN	17080
AJVON51FZUYE8	17081
AJW30RHOZC4OY	17082
AJW38GBM45P2Y	17083
AJWCIFMOOX5H2	17084
AJWLN5Z6W97TM	17085
AJWN7P2JU1KYN	17086
AJWPHIIV8I87Q	17087
AJX0YJBK0SWDR	17088
AJX9A4Q19UTJU	17089
AJXB8N23GMST4	17090
AJXQAJJER7Z9F	17091
AJXZUXN05JWXV	17092
AJY3X30AQE0CW	17093
AJYGLV1NO5AFJ	17094
AJYL60KE2FLK0	17095
AJYNNB0984C9L	17096
AJZ9EO1W7ZIIF	17097
AJZAFUKN6FFZJ	17098
AJZWZ9SPFSGIA	17099
AK0CENM3LUM28	17100
AK0F5BFSUW3DQ	17101
AK19A03ZOYGFQ	17102
AK1MTEAGVZ184	17103
AK1N7W6DW4ITN	17104
AK1N85APU8E3Y	17105
AK1W1K25BZ59V	17106
AK1WNXTHNCG5V	17107
AK1YEMF8JMS34	17108
AK21NXL3CE8EP	17109
AK2940V2SWVWI	17110
AK2AG4ED6BLUE	17111
AK2DQ9HSCJUMX	17112
AK2QD2929A0F0	17113
AK2WPF5SVJWM8	17114
AK3R8AIW6JMJU	17115
AK3U6ZMVPC2EP	17116
AK40ZXJUMPRQ2	17117
AK45UG2TEYCOP	17118
AK4G9YMCT1W8H	17119
AK4HKI46S49NA	17120
AK5669DSLDXAF	17121
AK5EFXTR36OQ0	17122
AK5N629CG3PCT	17123
AK5O0I9PCDANE	17124
AK5TM84P6KXU2	17125
AK627XIXYOYT7	17126
AK65APA9ILAR0	17127
AK6OC8JSZ9X1K	17128
AK6QNA4IM09HV	17129
AK7CAW3N1XZV6	17130
AK7NGNU7JI215	17131
AK7VV641LJGNU	17132
AK8LOFYRZJJW0	17133
AK8LRQAMSE3I7	17134
AK92GN1PPAYOO	17135
AK94FH4U2I5H6	17136
AK977H3967Q5T	17137
AK9BXHEXOOM6Z	17138
AK9N3O4FT8DNQ	17139
AK9QPADLB9CV0	17140
AK9ZT3CQNZAMY	17141
AKA96YBSI267P	17142
AKAIFO3J6IF2G	17143
AKAW8HX3BI25N	17144
AKAZL4BCL66AR	17145
AKAZZ36OZ1KZ5	17146
AKB3NB0FQBRF2	17147
AKB7JR9UC52A4	17148
AKBB93IFVIFPL	17149
AKBCC88QCLFGJ	17150
AKBEKORV5VUQA	17151
AKCHRE03I5HNJ	17152
AKCPKPPQH36D8	17153
AKCS3ZWF1J2NZ	17154
AKCUY18BL2RZH	17155
AKCZIJ6ZHE41D	17156
AKD0QOGWK7N58	17157
AKE6DXEN3GWPC	17158
AKE6UQ22SF3QU	17159
AKEB6QC1W2C7M	17160
AKEBV5AF956I0	17161
AKER1TQ60R70N	17162
AKF1DGCVI8F36	17163
AKFGSU829J32R	17164
AKFLWRYLFGDIO	17165
AKFLZAZ89IJVU	17166
AKFOHJ9R66KUN	17167
AKFPANZ5K7FE8	17168
AKG6XO5WPWBPV	17169
AKGGW4J0E7XLF	17170
AKGMO4QT2REUH	17171
AKHFP1INL3F8L	17172
AKHFY3VCNZL2W	17173
AKHHB1TO6THHF	17174
AKHXMZKLNAAZR	17175
AKI4TI3W1CON9	17176
AKIGT1NHQSI55	17177
AKIL6QJ351S7K	17178
AKIN43MKZJRR0	17179
AKIUFKYMQO2LZ	17180
AKJ0XKB1V7KHC	17181
AKJAYC10UDO1R	17182
AKJF4JB6TV90L	17183
AKJHHD5VEH7VG	17184
AKJT79JS1WHC0	17185
AKK5QFL31BKWM	17186
AKKD4NIONN7DJ	17187
AKKKLRD9PBOP	17188
AKKRKRTY32EFS	17189
AKKU8XDCEBJCW	17190
AKKV0BELJMO2E	17191
AKLF3J53T3J6Q	17192
AKLQYTKKSYDMK	17193
AKLTZYSPU3IE4	17194
AKM5QW0OTNH9V	17195
AKMANIN8IHA65	17196
AKMBWNMN35X6W	17197
AKMEY1BSHSDG7	17198
AKMGAJMKIYO1K	17199
AKMQZNN9X3H2I	17200
AKNK8OFJAFQV4	17201
AKOD0K2OUZ0CZ	17202
AKOKV4X52429S	17203
AKPIO58VTF59D	17204
AKPJQZABVLRFR	17205
AKPQ4292PCGGG	17206
AKQ0QG8CHX6QE	17207
AKQJYPDU3W97R	17208
AKQY5OWDX014X	17209
AKRB7G2V7KFAW	17210
AKRRLZDPM0EH2	17211
AKRYMPNRNOTYV	17212
AKS1OI1SB9N02	17213
AKS8JRQZ7GXY9	17214
AKSAJKVR26RX2	17215
AKSPYSHSQY5AF	17216
AKSUIX4N39GBX	17217
AKU1TXYBJKSV6	17218
AKU34T4PBS7K1	17219
AKU3JH19XPWG7	17220
AKU5DF4MIBIT1	17221
AKUCE9JFXU8GA	17222
AKUG4J3V4GVLD	17223
AKUNSPGONAASL	17224
AKV87H8H5TYQD	17225
AKV8KMXKZIMHY	17226
AKVERUGYL6GYY	17227
AKVQZ2O01M3LI	17228
AKVUUDPUOOJ7G	17229
AKVZCAMZPCV2V	17230
AKW5F792Z1KTX	17231
AKW9PX75BIILO	17232
AKWGOW5N57DNT	17233
AKWTPFLSEEH9E	17234
AKX9EQ37PAYMY	17235
AKXNQ67GCNKND	17236
AKYBGT4SJKW22	17237
AKYSDXG5HXJ77	17238
AKZ4NJE47LVYH	17239
AL0X8Q2SH2WFU	17240
AL1DMAU7E0YHZ	17241
AL20VO1ILY171	17242
AL23WAP9VIYJD	17243
AL2G04ALAH7L0	17244
AL2VDE4LO4ESR	17245
AL391IKGQ8SB	17246
AL3G7RTXMGLDQ	17247
AL3MFYSK9HKCL	17248
AL3UI8LF5A42L	17249
AL3ZL5BPKGAXK	17250
AL49BAQDFJ5VP	17251
AL4DZZS0RR4IQ	17252
AL4HWAOFTG9ZM	17253
AL4MOFAV4SHL9	17254
AL4N6EDXCO8SC	17255
AL4SB31UAZLXL	17256
AL4YOB7KRVQ9W	17257
AL59FYU3JFOBK	17258
AL5CUWBFBMWYQ	17259
AL5GDJA7Y8QDT	17260
AL5QTZM5FIV4N	17261
AL5TZRWIWNBDK	17262
AL5YF8ZADV353	17263
AL64KUODP27DQ	17264
AL6CEWLV2JB90	17265
AL7JIQ3SN8BZD	17266
AL7OL16O3G8RT	17267
AL7QH8SRS8HKI	17268
AL7TH7XIOR32Z	17269
AL8OXLWOXDQ4R	17270
AL8QVU2ZLPUG1	17271
AL8WKA3E2DYG4	17272
AL90W9XCPILZY	17273
AL95VPAAD0ZL3	17274
AL9AIKY39N66E	17275
AL9BYHXF22JD7	17276
ALAC0EYQBZQGM	17277
ALAJBVJSU1Z0X	17278
ALBJMR0AL4X9Q	17279
ALBY9LFT6PKPY	17280
ALC4E7M7GSBX5	17281
ALC5GH8CAMAI7	17282
ALC6L83HASN4S	17283
ALC81160TAUYA	17284
ALCKPX7HW2Y4J	17285
ALCLEF26KV34M	17286
ALCP5UW9GADFI	17287
ALCPGPP1PT1T2	17288
ALCXODPDVCNFQ	17289
ALDAF4VVLFRHP	17290
ALDV8DDZWWPYE	17291
ALE4C0WII65YP	17292
ALE88G3O1RMPZ	17293
ALET5U22CWXQ5	17294
ALEUQQE118NEW	17295
ALEVRDKQ2M79G	17296
ALEYWDRK4BSIO	17297
ALF058IOV6LW5	17298
ALF1OBYZYW6JP	17299
ALFM6GEX9O328	17300
ALG3O7DE9P66E	17301
ALG4MGOY96EW1	17302
ALG6A5ZM9O934	17303
ALGI1LYA0YHQQ	17304
ALGI34BYWIXZG	17305
ALGLYG73KOEN2	17306
ALHC64J88LVWO	17307
ALHOHT4XS5N70	17308
ALJ1AJ9K9AMJU	17309
ALJ56KALYHUVH	17310
ALJ658LRGCSEY	17311
ALJDTG58B4NA9	17312
ALJUCYH6XKPET	17313
ALJYD7XKFVZDU	17314
ALKDL3UEHSDPC	17315
ALKN1VH5GJ9RV	17316
ALKO25WZQEHA8	17317
ALKQIZJOJ6Z5Z	17318
ALLHGKQBZ758I	17319
ALLHJD3KZF9KC	17320
ALLJSRWB441X0	17321
ALLQS5IIDN7P7	17322
ALMDYXKM7129K	17323
ALMN7EZV6P7FS	17324
ALMP44RB15CHJ	17325
ALN2IZBOOKPHD	17326
ALNFHVS3SC4FV	17327
ALO0B3PTAMJ7Q	17328
ALO0F99ZHATEU	17329
ALOZGQ09GA3G8	17330
ALPQXRLHPOFL4	17331
ALPT8Y8L5MD26	17332
ALQ04YDCJYLYT	17333
ALQ4USPEQ9L5N	17334
ALQGOMOY1F5X9	17335
ALQMZVXPJ0Y3A	17336
ALQSPGTDKCGW1	17337
ALQVL57JO9W9E	17338
ALQY22U9JTNCQ	17339
ALR1JTJ9HND9V	17340
ALRCAGJOJ9583	17341
ALRE5A84LJPGM	17342
ALSAOZ1V546VT	17343
ALSLOK8X5RHOL	17344
ALSVGCZS0JUVJ	17345
ALTKEHGTZVY28	17346
ALTMF3R70MUJ5	17347
ALTNYOJ1OF3IV	17348
ALTOXJUG7CHFS	17349
ALTQJHJ971G3W	17350
ALU3BOZ5EGEXE	17351
ALUUFD1P2VZEQ	17352
ALUV2YKWZENKK	17353
ALUXGLXBC5ZYT	17354
ALUZO8SLEA7S4	17355
ALV36ZC8V0GZI	17356
ALVCDEMVSLU6H	17357
ALVG32OL7K7WZ	17358
ALVNT3GJD8QX3	17359
ALVUPU3ESBY60	17360
ALW7JX2DM2MAF	17361
ALWIY0BRL8GJC	17362
ALWSFPAP4XW0G	17363
ALWY4OQ8BCOKZ	17364
ALX4M8ZTLFBEY	17365
ALX62Z4J1GH5Y	17366
ALXDCS16EP3ZR	17367
ALXF7IKB2Z7CC	17368
ALY8AZAOP0TTN	17369
ALYO802XSAPL7	17370
ALYYY88T4IYJS	17371
ALYZJ7W14YS26	17372
AM18Z931GXK1A	17373
AM2IR1V5EU55U	17374
AM2J5HXA4MEDK	17375
AM2PAP6COUV5J	17376
AM3ACTN8DH7I	17377
AM3EHV20YJ91P	17378
AM3FLDRMZ53YM	17379
AM3GXWFFVDT29	17380
AM3TZOFI2IU0Q	17381
AM3XNQU9TZBD8	17382
AM42FA4N9WGID	17383
AM5N9DEP8YVG6	17384
AM5SR2FJ6QA84	17385
AM68N34LFE5Y6	17386
AM6FFBF82GQ9Q	17387
AM6GWV69TGLEH	17388
AM6J9WAJP0SAD	17389
AM75PKSP22W1M	17390
AM78WFHEBDBGM	17391
AM7AXHIZB0BSE	17392
AM7U4FXXNE02I	17393
AM7WKV17Q4ALR	17394
AM8E8MYNQHZR8	17395
AM8J1UVGVYAL4	17396
AM8VMLXUOLP59	17397
AM8Z4A5PX8HRI	17398
AM92RGOR1G97F	17399
AM9APPMIE1BHZ	17400
AM9HZUQETO9R9	17401
AMAAPF2CJN5TK	17402
AMAGXAB28XNEM	17403
AMAI301HTSKI6	17404
AMANBQJ2B5HO1	17405
AMAOKTCRX5D9T	17406
AMAP59JLRPA31	17407
AMB2Z4FMDBWQY	17408
AMB5L7WUBUVDM	17409
AMBF79PX7LIDR	17410
AMBFK6N4JS5Z2	17411
AMBJ1VOG2ZZ5J	17412
AMBP7V5ME7K13	17413
AMBU4UZ5FGP96	17414
AMC1SN8J4XUMD	17415
AMCAID3LTHKEC	17416
AMCS8V9N7XOQ5	17417
AMCTELCF1ESG7	17418
AMD4U3OCE9VGO	17419
AMDBZ5P0GAT69	17420
AMDREWLSOT8ID	17421
AME9F4QS4JTDK	17422
AMEHFYMFKSP46	17423
AMELYQ70DXW6M	17424
AMEZVNCZWNEKU	17425
AMFIPCYDYWGVT	17426
AMFQX8QUHYS3J	17427
AMFXNLCVKZQ74	17428
AMFXXAOVV4CPJ	17429
AMG28Z36AMAQ6	17430
AMG7CX0WZIV0G	17431
AMGJTCL21SBOW	17432
AMGPE8L9CFDA2	17433
AMGPG5L4VQV8	17434
AMGQZBTHOBEXW	17435
AMGW8SB0S2B72	17436
AMGZJMU10Q6JR	17437
AMH9EFGTR70VG	17438
AMI4SLOZGQKRQ	17439
AMI6BT4WU9NNC	17440
AMJ88BVMIOHV9	17441
AMJLUVC38PVWE	17442
AMJQETFTLDOFA	17443
AMKPSJXCQZVW9	17444
AMKVZRLT1BNJ8	17445
AML5JLIMUPWGW	17446
AML5R0OH5FDH6	17447
AML6RDRVB0Z8	17448
AML9UNG73M79R	17449
AMLG1XT1TENGK	17450
AMMXFNJSKJUQ	17451
AMN376J6RZWP0	17452
AMNK61SKCSKM5	17453
AMNNPDX9MFEUD	17454
AMNNWD4PLVRU4	17455
AMNQMLJEUUQ54	17456
AMNWDC4YB2I6G	17457
AMO1MLSIJSQOF	17458
AMO6NGVTG9279	17459
AMOTFDEBSILD0	17460
AMOVO1IZB70YO	17461
AMOYMAQWX70P2	17462
AMPBFL02ZYE26	17463
AMPMGSSCFHL8O	17464
AMPSQT1S7WASD	17465
AMPTUVYLEH4T8	17466
AMPX3331B26QH	17467
AMQ1MEG334SAP	17468
AMQPGRHI8KZPP	17469
AMQTWNDUBIU0Z	17470
AMQWWN5Y9NVP9	17471
AMR6E6QPQA6JI	17472
AMRM5RGR7NI5Q	17473
AMRMK86X3PKXD	17474
AMRZ5G7HF7I03	17475
AMS1ZUWHNXOZ2	17476
AMS2CPERWN7JV	17477
AMS2GG5YWDBBP	17478
AMSKX3RQ8LHZ6	17479
AMSL4B0XEXNBN	17480
AMSZIIXN1ZZS1	17481
AMSZXR1PDP3NS	17482
AMT1MNZBNLXKD	17483
AMT7B92325F35	17484
AMT8MYQD02N8K	17485
AMT9N327C9776	17486
AMTKZ0I5BOYZV	17487
AMTOYDUQ8L2IT	17488
AMU1IWV06E4CI	17489
AMU54W89OXMW1	17490
AMU6SNQZDP8X6	17491
AMUJ9PFRADCIU	17492
AMUUBLX8VWYC4	17493
AMVGQ51QHKB8O	17494
AMVKI21J69KAJ	17495
AMVU3DGIYDFVF	17496
AMVYJRGWOFCHK	17497
AMW1OYXWOGZGJ	17498
AMW4TM4XCFIKD	17499
AMWBYRVJYWELX	17500
AMWFU85TFBZXO	17501
AMWMF38EWNKMT	17502
AMWUZ7JTSG7CU	17503
AMWXMZACXOMX9	17504
AMX4IEWQFCWH0	17505
AMXAPNGAGNBZS	17506
AMXMNAKN9G5FJ	17507
AMYDBK09YFRFZ	17508
AMYTL79JMGQ6D	17509
AMZAM6EB611HP	17510
AN05GBGE65X9J	17511
AN0ILVRWZUV4E	17512
AN0LF0EJ4YGG	17513
AN0N05A9LIJEQ	17514
AN0ODCVF8BYQB	17515
AN0TJIZD4B58E	17516
AN0VTBLCUF29X	17517
AN116M3JKYIM4	17518
AN156OL5PXX5G	17519
AN1ADWQR2VGCB	17520
AN1OT3Q7I2ZBH	17521
AN1XHMFSY5ZEK	17522
AN2AMQMQOKEON	17523
AN2KA0IW7QGQ	17524
AN2SCJ9PDVBIK	17525
AN318QN5HSWYI	17526
AN3RI8LIDGS9H	17527
AN49G1NJDOT94	17528
AN4D6B5B3DGT0	17529
AN4HRAGRHHX1H	17530
AN55FWHD2PHMO	17531
AN5FCG0M8HWQF	17532
AN5JXD88WG0YY	17533
AN5VB2YFIUW0S	17534
AN5XKNU55EKO5	17535
AN6HVTNPEXFON	17536
AN6OX1V2YV0DK	17537
AN70D5DH89VR	17538
AN7AELA3YHNZK	17539
AN7UFORUFW2BA	17540
AN81JUYW2SL24	17541
AN85EWSB83D89	17542
AN8OYAR1VRFXE	17543
AN8Q92TXMMJ8Q	17544
AN8W0XP8GCN1O	17545
AN97FMD7VR28B	17546
AN9AZNETN79IK	17547
AN9DNSPZR5PJ2	17548
AN9ILXG7X31EI	17549
AN9J46667D80O	17550
AN9K9ACPH00DF	17551
AN9QQDRZXS52P	17552
AN9QZC9PV3UUU	17553
AN9TLUKFAJHP8	17554
ANA0OKW09E5NH	17555
ANAMDBOTWJ522	17556
ANAN3CF77MMQG	17557
ANATXXBAXEUFM	17558
ANB6K82JIWGYL	17559
ANB8SOYOXO9W2	17560
ANBTTR2QT4C7	17561
ANBVYCAEPWHY3	17562
ANCIPD8WMFVFW	17563
ANCNFR0E3FT5U	17564
ANCOMAI0I7LVG	17565
ANCQKZHPGDKS2	17566
ANDGDG9R34327	17567
ANDQ6KSL49HFS	17568
ANE1YRXMBIQO4	17569
ANE6817X4G7MN	17570
ANE85ZAT9OV84	17571
ANEILCG2B36OZ	17572
ANEVJ6IECWO52	17573
ANEXMFMEFDPDY	17574
ANFJYYQ0P35CW	17575
ANFQLFLGMDBBL	17576
ANFX7PICW4YPA	17577
ANGE27G2889RE	17578
ANGGST8QOYORC	17579
ANH1F1BNSGUVD	17580
ANH7JV6Z879X1	17581
ANH9F6M3RZT9Y	17582
ANHF10H1JCZO	17583
ANHM34OZMW5HN	17584
ANIEX9SAA4QWL	17585
ANIPJFOOLX3EX	17586
ANIRELKAL9FBK	17587
ANJ16XV3T2HBW	17588
ANJ3KTSJU3NIE	17589
ANJ8038QWLGAM	17590
ANJC18SBOHO1K	17591
ANJU8UUV5OMI4	17592
ANK79R2F73IWL	17593
ANKEQ4K8PFE8N	17594
ANKQGTXHREOI5	17595
ANKZJJS7GC7OV	17596
ANLA1I2WJ8J97	17597
ANLFWKMROSRDI	17598
ANLI7FAI1NLZ1	17599
ANLJII6QI7TEU	17600
ANLQDYA91F45T	17601
ANLUHLWKAWPQZ	17602
ANMF51XDZH4HW	17603
ANMSMHURYML4D	17604
ANMX4YXBLKZ5H	17605
ANMZHOBVGEL0V	17606
ANNBG6YSIOI72	17607
ANNNSSMCARZKV	17608
ANO7EAXPYVRB3	17609
ANO9SHL0H3C29	17610
ANOBZWKE25SBY	17611
ANOST6C92T7HB	17612
ANOVW3DZ7YSNF	17613
ANP5ZZGG9U7KZ	17614
ANP7PA85N3DHH	17615
ANPDQ7C9Y4ZUB	17616
ANPHKDW6T56HW	17617
ANPHYZGDANR45	17618
ANPTHLKNDONR5	17619
ANPYYI1YUID1B	17620
ANQES731UQP4E	17621
ANQW5H8ZCG5LZ	17622
ANR0XY6Y3T8L6	17623
ANR52RZ2TSBLP	17624
ANRCTJB40OEU	17625
ANRD6B90QL0FF	17626
ANRJWD80D48DA	17627
ANRN6KET1B4LR	17628
ANS8H20KK8D74	17629
ANSAM4DY715QS	17630
ANSKSPEEAKY7S	17631
ANT0NARCNAU54	17632
ANTGGAQYPSWHF	17633
ANTJICXHIXAPE	17634
ANTYBL4TFO0DP	17635
ANU2UXMA3XT65	17636
ANU41GDKJ1EW	17637
ANUJTB160A13Z	17638
ANUU7N1P5Q2QX	17639
ANV5G8C4MP5TM	17640
ANV76W9WWIB0V	17641
ANVDFG2B2BQGF	17642
ANVLZ6UJDW9KB	17643
ANVTZAFAFKZFE	17644
ANW6EGY12V5XS	17645
ANWB0QVGIQMHS	17646
ANXFFK9WAHFMX	17647
ANY6JUFM0GH8U	17648
ANYPFR38T1I4A	17649
ANYTXWI3WZDCH	17650
ANYX1D5SG0MI7	17651
AO09OME2ENWKE	17652
AO09RWV40IX78	17653
AO0EVARIOXHM3	17654
AO0HAMTWPM0WH	17655
AO0HPTFIKQE9B	17656
AO0OKWHJB6QU2	17657
AO1EJXCMIXUNF	17658
AO1GVEAAJ4M73	17659
AO1HIVTUCQZQ2	17660
AO1NNCO03D0LH	17661
AO1VDV1EA72AN	17662
AO1Z0TQWCRGL4	17663
AO1ZA5L4E6RXW	17664
AO26TG51IX5D5	17665
AO28ZQ615829O	17666
AO2AQRPPSTABB	17667
AO2DZ7WIPM74U	17668
AO2GZG0N16FCD	17669
AO2HNCG8SG26J	17670
AO2PMQ2RA0DNM	17671
AO2TFYR7UQ8EF	17672
AO3AWJPJTDHIE	17673
AO3DRAKEHY8CP	17674
AO3PQNT2PUA9H	17675
AO3UMFAZDCXY1	17676
AO3XN9ISJCNKM	17677
AO4955RQHBQSS	17678
AO4ADW8X3PX65	17679
AO4FI1ROYBC9A	17680
AO4KJPY9BMJQL	17681
AO4OIK8IVUXAP	17682
AO4RDTZLAGCJ5	17683
AO4U4GYIZ5MLQ	17684
AO4WE0U9SB5T7	17685
AO5B16EPB6T9T	17686
AO5G2L4IS9GRQ	17687
AO5HECJFS7Z14	17688
AO5O32MTQTMXT	17689
AO5RHVEMT9OBP	17690
AO645B6SU6DZV	17691
AO6EW7LZGP3V4	17692
AO6TF4458HWDS	17693
AO6VXFC1JIVHY	17694
AO7PCA46TE7ZV	17695
AO7ZS38M2DQBH	17696
AO86KNC7AQBWW	17697
AO8HJ8MZKPUWC	17698
AO8ZU7Q93AL89	17699
AO91YZ8HDI5SG	17700
AO92VNPHURMGP	17701
AO9G0BSJ80V10	17702
AO9HR7WAPX7PW	17703
AO9LDPUTA0919	17704
AO9TMLR4426Q4	17705
AO9XKAUG5XH22	17706
AOA7DLVR783CM	17707
AOAHV7BP9H8BZ	17708
AOAOARIH72UWI	17709
AOB4R397Z9F5C	17710
AOBBUETHLW3AH	17711
AOBQGQH2ZW87C	17712
AOCGFKVFQUT34	17713
AOCND62YBNAJL	17714
AOCQ60289FC2E	17715
AODIR5MR87QE8	17716
AODLS8QIM5XYO	17717
AODZXY5RCM4QT	17718
AOE21NROMDWDV	17719
AOE9VPUNEZ847	17720
AOEDWQLH2WKKW	17721
AOEP96629WHHA	17722
AOEUN9718KVRD	17723
AOFDI1EH9WFJA	17724
AOFH811LFT9MV	17725
AOFVU4GZMWNRV	17726
AOG8PWV2F0G26	17727
AOGKKNVXFL27A	17728
AOGN1F0Q3HW86	17729
AOGRRFDXUJIAT	17730
AOGZNG51URCE7	17731
AOHWZYAI2OESP	17732
AOI2MD752ZWFU	17733
AOI6Y6GO2G5E8	17734
AOIF9ILHW5TAG	17735
AOIMCB6IQKEMW	17736
AOIWI5KK6SPMD	17737
AOJ6K3NRJHTO	17738
AOJA1LC8PN7K1	17739
AOKHFIISQN6C7	17740
AOKT7R3V6P6RC	17741
AOL4EAN05IY16	17742
AOLG5WEM21QH	17743
AOLRZ59003N71	17744
AOLS25QCE2WD9	17745
AOLVIXRW16GQ5	17746
AOLY6K5ZYP9L4	17747
AOM21SUBPQC2X	17748
AOM63D4VL32WM	17749
AOMEM9J74XEXA	17750
AOMKUI325W2TJ	17751
AOMQUAA3BK3KR	17752
AONGQCL6RGL9E	17753
AONI1WJM45ACP	17754
AONOXAKE84GE3	17755
AONUCJBC85BL	17756
AONXNUE8RMO0M	17757
AOODCITSG84AG	17758
AOOHHVXG1CI7O	17759
AOOQWI1GV0BWM	17760
AOP0CO495NOZS	17761
AOPA6E9TIV4YR	17762
AOPKC0MNK7ZPT	17763
AOPQLW9M43I1F	17764
AOPR17AA027DX	17765
AOPWIKGDPRMX8	17766
AOQ05VP3MPY4F	17767
AOQ2IB802NXAQ	17768
AOQSZQL1TCU8H	17769
AOQZPFEVL2D9Y	17770
AORGKBNQZ83O8	17771
AORQRKMOQ5DMP	17772
AOS4WVF9W3L8L	17773
AOSQFBICMFYC4	17774
AOSSZ5GTWWI2	17775
AOSTMTFXP8AB0	17776
AOSX7OLSMQ15C	17777
AOTMP0OKJOUWI	17778
AOTON0WIC9O9M	17779
AOTU8UUK7DYA9	17780
AOU8KU3MU65XR	17781
AOUCS35LICLVH	17782
AOUMA7UWG681B	17783
AOUN259DDD8JQ	17784
AOUQCCU5VU5QL	17785
AOV866IF1I9PO	17786
AOVI5Y45L6B0J	17787
AOVUG6TEO2MVO	17788
AOVY1Q6WI9MHA	17789
AOWINPFDI7J4T	17790
AOX4AQIX6M5EK	17791
AOXBE7OZY3GEJ	17792
AOXMWBNDZDJ9L	17793
AOXPZ64630ZLA	17794
AOY0MTT5RENX6	17795
AOYAZN4MA0TVU	17796
AOYLRWPUR003L	17797
AOYQ42YW6F6MJ	17798
AOYQZA4YKLCRU	17799
AOYTMYT1HBKFX	17800
AOZE2CZ9SWXHF	17801
AOZFQAPPLMVOB	17802
AP0KGISWXXZ8G	17803
AP0RYT1Y2U914	17804
AP1A78ZFXQVOL	17805
AP1DPSWR6L041	17806
AP1IQ8PYS5YHB	17807
AP1J69VTX4NSE	17808
AP1JH819KQFTC	17809
AP1JWAY7J1TSD	17810
AP1Y4KSKI2KMO	17811
AP2065W8QXZIX	17812
AP2XFFFUSBAPD	17813
AP36RZOTV0O2Z	17814
AP44J9A3AVGAN	17815
AP46H9K79UFYJ	17816
AP47GS6KLW8LO	17817
AP4E6F0MP2ZE3	17818
AP4O6L4QBC04V	17819
AP4W5X0ZQP5B6	17820
AP54CJWEK8BKG	17821
AP5CKGQIKR5RY	17822
AP5NADEBKBECC	17823
AP5PNHD80PSB4	17824
AP6L54VTCJKCQ	17825
AP6TK94IR577S	17826
AP6UZ369T1MXW	17827
AP6WTJVPDJQPK	17828
AP760ASLWPPEO	17829
AP7N0KHWFC9UT	17830
AP8D74QD9LUUL	17831
AP8VNYKBWWZ5B	17832
AP8ZD9MU4UP9C	17833
AP92371L7JR4E	17834
AP9QSEBMJT2K1	17835
APA9Z7WATAAE6	17836
APAIN6XWEABKJ	17837
APATN6ECCDUUT	17838
APAXM508H1DMM	17839
APAZZ9W4H4F7M	17840
APB9ABGPIWISR	17841
APBDBT90MAALM	17842
APBDZ88BBTN4F	17843
APBUXYQ7IZ0N8	17844
APCEYGFTJ8D6X	17845
APCU5MPM2Y0LY	17846
APD7XINUVG5AL	17847
APDDEDYUPDYOE	17848
APDHKHPIKRJDL	17849
APDPA11IZPYLN	17850
APDTKIUTO0YJ5	17851
APDUZSMC9VKVO	17852
APEFTKKE05ARH	17853
APERWKISKSO5X	17854
APEY2H3DEM9XM	17855
APFFKLQX3EZRZ	17856
APFOOWLLLA4KX	17857
APFSFA4B91BOI	17858
APG3K8Q5UU8RR	17859
APGBUJBNU7WPZ	17860
APHD3FCHTRK2Y	17861
APHM6EP47NAWE	17862
API5JLBRT6FIN	17863
APID6J2IRZ4D4	17864
APIKBZAJFGVGX	17865
APIVH5EN5FRRD	17866
APIZEDWCH99C	17867
APJ1TC9USSF21	17868
APJP6G8RNHVDC	17869
APJVBWZN4T3E6	17870
APKJ6STP6ABGC	17871
APKSLFFG76UZU	17872
APKW1E770Y6NS	17873
APKX06QQVP3UC	17874
APL0T0LY2Y0VR	17875
APL3Z5S2NZQCP	17876
APLL7CBHYAGGQ	17877
APLLDBMLYWJ8A	17878
APLV1SMNDUMOY	17879
APM0P6ZSM9N3V	17880
APMIYTHEO5H42	17881
APN1SGMOQV5GO	17882
APN71N8G8V659	17883
APN9PG112AYXJ	17884
APNRY0EK86B3B	17885
APOK22NBGHY9V	17886
APORO3JUOR54G	17887
APOWDZ0UM1MYM	17888
APP34ZFHHD37	17889
APP7P4LICTDNC	17890
APP8XWYYV4PAA	17891
APP95FUZM663P	17892
APPCJX62WKIIP	17893
APPEHP9XMWRNI	17894
APPJNVNF4BFLB	17895
APPLP62LJNMPO	17896
APPQH34KRA3LB	17897
APPRMLO3FG7YA	17898
APQ225F9VOI97	17899
APQHGNKU21U02	17900
APQMHDPUMROOK	17901
APQN1ODA57ABU	17902
APQRD4TFMVL3C	17903
APQU90CFJS0AE	17904
APR28O39POBPG	17905
APRMX3QK8NCQG	17906
APRU373UYVK2Y	17907
APRZYUE21E7HP	17908
APSGTFJTYK5RJ	17909
APSTLN8PLPVFQ	17910
APT7I9P8FDG6R	17911
APT7V2Z8MO6T0	17912
APT8KT26KZZHN	17913
APTFY7XEEM10T	17914
APTL57YVNIY6Y	17915
APU67EMS2BP7D	17916
APUJKGTIOJCQT	17917
APV0WJWTK3IP3	17918
APVFWB9W1QUMK	17919
APVIZ9VRRICP7	17920
APVK8GGSSUDCE	17921
APVLI8PO3OAPN	17922
APVMWJNB77FNP	17923
APWJBRQ3MICHL	17924
APWNNAKW057R9	17925
APWR5YFQK8D5D	17926
APWXTMMNYNX4F	17927
APWZW5NT2FTTE	17928
APX1KADFQIR8C	17929
APX4245TU3JU3	17930
APXK7VGKX8FQY	17931
APXVA0ZDDW3FV	17932
APXZX71EVO5DV	17933
APY6VDON7UFXN	17934
APYZL0QZOCMOH	17935
APZ8TNSNIBENP	17936
APZLTTFGX5LDL	17937
APZMW24EELJ3M	17938
APZPHGT46QJ7D	17939
APZWKX3F1YX37	17940
AQ03L6MGWVR1L	17941
AQ0PZERGL40OO	17942
AQ0Y2DX63QGNB	17943
AQ1F3NP2G15S5	17944
AQ1MB0S0F3197	17945
AQ1VDYFAZLPA2	17946
AQ1VEA1RAXMJM	17947
AQ1XM9TPJZ5MR	17948
AQ2FC1DLKVD8H	17949
AQ2QY69Y9DSDZ	17950
AQ2UN38CMK119	17951
AQ2UUK379POFL	17952
AQ2WUP0XFIX4M	17953
AQ2Y8FFE2T01R	17954
AQ34QWAJBX9IR	17955
AQ38IMM76OOQW	17956
AQ3CTPAMAF3IJ	17957
AQ3K8EDX90RVZ	17958
AQ3TR2WL752XY	17959
AQ45465ICV4A7	17960
AQ4QVH2TYHXYU	17961
AQ4W45FEDV3PH	17962
AQ5AMH5N85NTL	17963
AQ5DEZ9PLXT6X	17964
AQ635T7ZMB660	17965
AQ63IVYN4AZ4K	17966
AQ648FFTCMEAI	17967
AQ6AGWKWMTY8H	17968
AQ6SHOW0VMZGF	17969
AQ6WF7IT455M7	17970
AQ71NI999PU1E	17971
AQ73XG9JKRRXW	17972
AQ7BV33BVSQ7P	17973
AQ7I2NZ9WLIKL	17974
AQ7OXNWMPS34N	17975
AQ831E972J4VI	17976
AQ8L8DO0EL2RH	17977
AQ9CYT8G6X81E	17978
AQ9JTZBF30IW0	17979
AQ9MK6B6ZCAJ	17980
AQ9QDQKY1BA6M	17981
AQ9T7HRXIRSQS	17982
AQ9WJJXPEHX8L	17983
AQ9YYLSAQ830Q	17984
AQA82YR4F9L9U	17985
AQAGMNGCI9V55	17986
AQAH04Y4KD3LT	17987
AQAQLXGKRS1VY	17988
AQAXO6NI8Y3RU	17989
AQB4DH57MSZSC	17990
AQBDMI9GUGBVE	17991
AQC0I7X09Q2QQ	17992
AQC3SPEFPAX1M	17993
AQC99Q29E10Z	17994
AQCB5Z1CLPVQH	17995
AQCM9TS14QMXR	17996
AQCNIGF1B8VUG	17997
AQCWCW33JGIJO	17998
AQDHIZZ0V6IKK	17999
AQDJYUOQWF2BU	18000
AQDKF1INNRJBE	18001
AQDMJA2WPXA10	18002
AQDR2FOLX2Y9K	18003
AQE2B2QSZG0HY	18004
AQEZUDGK4U4SA	18005
AQF25DIBDDJXE	18006
AQFFA5JFDLQRS	18007
AQFLQ7GW58628	18008
AQFMGP85B3GI1	18009
AQFUSND4FY1AK	18010
AQFXCYY4VPQBT	18011
AQFXG3IQTAKQY	18012
AQFXO4SY6UBCL	18013
AQG17YFAR1ANR	18014
AQGNOEJ6YECG6	18015
AQGTTKWSMQ1V3	18016
AQGZ5KHH069ZC	18017
AQH1SWR5HA413	18018
AQH7AXVQ3U6JZ	18019
AQHKOA2S7BZ31	18020
AQIBFWWA8UWKF	18021
AQIEWLK781Y3E	18022
AQJH1WMWQAIWQ	18023
AQJI6M1E30R0	18024
AQJUB96Y7X59A	18025
AQJUURW5VMZEC	18026
AQJXE9J2K8GAJ	18027
AQK9SHZEYA9VR	18028
AQKK1FF4LFFBH	18029
AQKN0LR4CQY28	18030
AQKYCTBIIKP47	18031
AQKZ1VTU69JU6	18032
AQL41X06GLBJP	18033
AQL6BPMPUAE1C	18034
AQL6N840FZMXI	18035
AQL7OP8RXE3SK	18036
AQLEYZEHK5YNP	18037
AQLNSJ7XZV90T	18038
AQLUSFMEY8688	18039
AQM41V8S0RBQL	18040
AQMBHW0H7J153	18041
AQMFN04LKJSZG	18042
AQMUXDDCLJSSV	18043
AQN14T2B6C16	18044
AQN75W8HMUFSP	18045
AQNDWV4YMTBZF	18046
AQNG9S07SNDDQ	18047
AQNHUMU6UD2Z8	18048
AQO0IC7P9NU4X	18049
AQOFLJ2IOMOO8	18050
AQP3FH7YBEO25	18051
AQPA2UQUFRZ27	18052
AQPBUAJVDUV30	18053
AQPQN76P082B7	18054
AQPRNOTQZVD62	18055
AQPWT449MAWH8	18056
AQR23PWSSXEN6	18057
AQR89SGX4AYJX	18058
AQRDJTU9ANZI5	18059
AQRGRPIEA654U	18060
AQRJSGDDBHYE	18061
AQRN2I355LZ3F	18062
AQRR2GLPFWZ4I	18063
AQRUFOQN1P82V	18064
AQRY63BF14VZX	18065
AQSILHK8964MX	18066
AQSQCXME32Y3Q	18067
AQSU58L0QIE2G	18068
AQSW6WDVCJGB8	18069
AQT8RT9FXA5UX	18070
AQTVN33IFXR6G	18071
AQTVOI7GFJIIS	18072
AQU0STAWBR82S	18073
AQW0X2731G6ZB	18074
AQW172A5SG5OC	18075
AQWGI7J2PKMCD	18076
AQWKQ6944E9WJ	18077
AQWS3HBGGR8XW	18078
AQWSPFJS2ENQK	18079
AQWSZQAF87XJN	18080
AQWYMRMASUDVO	18081
AQX0K6TX49MF1	18082
AQX5ZDKASV6TL	18083
AQX8T9SFFK43U	18084
AQXL8AC8YZU01	18085
AQXWXVL0XPZ0T	18086
AQY2NHGBTQIEE	18087
AQY3XZZZ10DRZ	18088
AQY6K4ZFJHHRF	18089
AQYFFPKNG2BDI	18090
AQYFN8CQ573FQ	18091
AQYH2DHP78S83	18092
AQYUTV8FJT74K	18093
AQYY2OH4BRCZG	18094
AQYYUN3T7B0WM	18095
AQZ4PHIEEV5N5	18096
AQZH7YTWQPOBE	18097
AQZNBJ8LJ02ZX	18098
AQZYCOCL9A5IK	18099
AR01C3SYL0MTP	18100
AR0BDSQ7PDJX	18101
AR0F99NKGDEGF	18102
AR0QFCN5K2180	18103
AR16G2FPTTWJF	18104
AR29QK6HPFYZ4	18105
AR2COSACXFYSK	18106
AR2IRQZ0U121M	18107
AR2ZZ5YLKFTW3	18108
AR33KU52LIBF1	18109
AR34KYQYANTT7	18110
AR3BJLN57A14B	18111
AR3EVUQF0AC7R	18112
AR3QK53N6M1RI	18113
AR3WK033LUQ9P	18114
AR3XZ4A0YCYMP	18115
AR4ER5E7SDPIE	18116
AR4N8L0DNUUY5	18117
AR4T6MHMX375H	18118
AR5BXS47X5NZR	18119
AR5Q5E8CUT8TV	18120
AR5SY32T76DBM	18121
AR6287X5D32FO	18122
AR6E0WAEOCUKI	18123
AR6QTTIQ7P4DV	18124
AR75HZA85VATC	18125
AR7C4ZXROLV4B	18126
AR7ZPLXAJ9YQ5	18127
AR87E7JSXATVW	18128
AR8TKS85T0178	18129
AR95Q9ZGKYFZN	18130
AR964PME0LTNX	18131
AR979NPLE7587	18132
AR9ALP93PXJ8F	18133
AR9BWHT62DXRJ	18134
AR9ZOC5B1U5H1	18135
ARABH2JCGGQHY	18136
ARABO3TL4UX0G	18137
ARADXCOUVBS09	18138
ARAKTT5M3DDYA	18139
ARARUVZ8RUF5T	18140
ARB4CGEQAPN5G	18141
ARBZYYT0DUYJW	18142
ARCPT8O0171Z7	18143
ARCYHQ69LZMIE	18144
ARD9QTJXZXAC8	18145
ARDCQWWEI1IXB	18146
ARDN3GBXFJA1P	18147
ARE17OJYCRDPJ	18148
ARE1X8Z9127UW	18149
ARE2CDJACBVS5	18150
ARE5A8U0I1BBB	18151
ARE7LBBGBHVSN	18152
AREB65XW9ZS3G	18153
AREHJAXG34D6C	18154
AREIN7XB4HX7B	18155
AREPTYTG5ET8N	18156
ARF4V9LYA05JS	18157
ARF6NZ2PH6MCB	18158
ARFBA5L3K2BG9	18159
ARFCFY2JIZLU2	18160
ARFCORBCTKX1J	18161
ARFN9AAAEKIIO	18162
ARFRKID8WSIIL	18163
ARFT8HC5W76XP	18164
ARGCRVY53Q5BR	18165
ARGY5ZC6FD40P	18166
ARH2SWMG48VCI	18167
ARHFY2I738P1H	18168
ARHILUH38SG90	18169
ARHXHJ2NX9Q1Y	18170
ARI5ETOH5FNEN	18171
ARIDN94LOCQFD	18172
ARIDYUP102OL	18173
ARIFCL50JD5SK	18174
ARIK441ZWKHY1	18175
ARILURHXP21AL	18176
ARJ30AM9A4VPS	18177
ARJ97ZO02Q2PX	18178
ARJHEZJCMY69S	18179
ARJIAB8SLWAOU	18180
ARJMY12FX1V7V	18181
ARJNQD1WFYGW4	18182
ARJZM0LBHNGAV	18183
ARKKVETOOCPVC	18184
ARLB196GJEJLF	18185
ARLN4TP5OJ5NH	18186
ARLYYRW1Z2A9C	18187
ARMQIHYKDH4RF	18188
ARMUS4IQO2AN0	18189
ARMVD78URIPLF	18190
ARN2EOPGN53DH	18191
ARN8KGOV19VZJ	18192
ARNEUO7BF3J55	18193
ARNQCPXDBEERZ	18194
ARO8OA4O33PL3	18195
ARO9F00QBINCG	18196
AROPWMLO7BQU8	18197
AROXDGJHKNQCZ	18198
ARP1C0ENEVWQU	18199
ARPB88E6F2MFR	18200
ARPDVBJWAW9E7	18201
ARPRME3WHO2I8	18202
ARPS17E9ZU8SW	18203
ARQ1D44B28B4K	18204
ARQ9VSGRI5IEV	18205
ARQZQ0TZCYRMH	18206
ARR0Y7HVYARMU	18207
ARR0YABP2ED3E	18208
ARRAPMXS0U741	18209
ARRKEMHZJY9VB	18210
ARRNEVO7SVPIB	18211
ARS15AIZOF56	18212
ARS30V0AIQWUJ	18213
ARSHV0G8QM2U4	18214
ARSN30DRWZ45Z	18215
ARSNAGZWXP7GN	18216
ARSP0C5OFEVJY	18217
ARSQ2F9U315WG	18218
ART4NGC3Q1CCC	18219
ART5V5NGOJETW	18220
ARTERMU59Z3HW	18221
ARTI9VVJS9CZQ	18222
ARTL8Q5NJF7WF	18223
ARTPRZWG3M212	18224
ARTSSZHO3ZYYR	18225
ARU4CJIMN3EXN	18226
ARUOIU4FQZ0O2	18227
ARV9A8FURJ89I	18228
ARVOF7YUQTCB7	18229
ARVVMGUTINL9R	18230
ARVW5GNMO9QU7	18231
ARWIFUVKNJ1RQ	18232
ARWVW757YZQ07	18233
ARWYGWXB243RI	18234
ARX0XPPN7P5QI	18235
ARX1TXLW7VVGT	18236
ARXLXD4LGIW19	18237
ARXU3FESTWMJJ	18238
ARYA1TKNZS2Z8	18239
ARYDQCHCO2DKI	18240
ARYQYVLQZ94NN	18241
ARZ2SH4Q1OFO1	18242
ARZ4Q9C9YMMCZ	18243
ARZISCAS0HXNL	18244
ARZVEX72CUG61	18245
AS0L8D2TO53BC	18246
AS0VD7PIP04DI	18247
AS0YS5Z4HORIW	18248
AS10X25NKA0XJ	18249
AS1FPHXL6YLOW	18250
AS1QSYQAMS6H8	18251
AS28FDF5HME72	18252
AS2SYD2Y8VM2N	18253
AS2U1NVQXDQLU	18254
AS37FL33ORV7H	18255
AS3CASVITACM4	18256
AS3CK5WHCU03Y	18257
AS3J36EQ4AJGG	18258
AS44QEHT3KSPK	18259
AS4AOO15EPZAV	18260
AS4R3I9KU5JVH	18261
AS4ZL0ODGZ8FG	18262
AS5E9RXBPY002	18263
AS61IMU8VUZ1U	18264
AS66GS1PE5YVO	18265
AS6NJVZEK3WE4	18266
AS6XTIX0K73PN	18267
AS71KYVXTPEN6	18268
AS7IWK412AHFO	18269
AS7J4952JB5XR	18270
AS7K8X16DC2JH	18271
AS7M97BOQ8T7H	18272
AS7PBZ4V47IOO	18273
AS7SB0A3QKVQV	18274
AS7T1A1ONP635	18275
AS848NI1BHSJB	18276
AS87M0S8OV6LC	18277
AS8D1GSXY637U	18278
AS8EY2OMBY7AW	18279
AS8KGOO3EYMXJ	18280
AS8T77HTF9IHW	18281
AS8V12QAP5YYL	18282
AS9AT91XJZ44B	18283
AS9PL760VZ1AZ	18284
ASA6MO9JQS628	18285
ASAGF69XT6RQU	18286
ASANNBOFH1O7Y	18287
ASAV6ZCEJJ54Q	18288
ASB4HAK7NKVBP	18289
ASB4QQBKZD6W2	18290
ASB791WMVDIX0	18291
ASBLUZWS98EM2	18292
ASCSUYDGF7Y4	18293
ASCVKP9B6MI9D	18294
ASCW7465KR3R4	18295
ASD50AGQDJFFL	18296
ASD7LAINVLNHC	18297
ASDCYQT0UQ1ZF	18298
ASDEJ8NCJP1IH	18299
ASDG1LT7CKT8Y	18300
ASDIUF0SHMRLF	18301
ASDXGRHJ1G0MG	18302
ASE31AG5FF8D8	18303
ASEMV95I6RNXD	18304
ASEPRRIMIAQHJ	18305
ASEUIMRG3CKQN	18306
ASEYZYO85DOTA	18307
ASFDJUKZSFMDV	18308
ASFHXQ771YM93	18309
ASFJ51CBA7OK9	18310
ASFJMKQ9NPMI	18311
ASFJMQN9COPPQ	18312
ASFRULWDRQCUO	18313
ASG57XENL4Z88	18314
ASGEI5BWEL7CQ	18315
ASGGVJI9IOZAA	18316
ASGI7E0AJ8H5X	18317
ASGTQ6H3PO6SS	18318
ASH0DZQQF6AIZ	18319
ASHA5SIZ0LD6R	18320
ASHO96ZB8AL1Z	18321
ASHP8S5ECNIDP	18322
ASHQQ24CG33HO	18323
ASIL59ZTC95L7	18324
ASJ0BCYCBPKT6	18325
ASJ0MKRFZC47B	18326
ASJ300XMP9IAW	18327
ASJA4T8VZXRKE	18328
ASKCLL8QB7JTG	18329
ASKXTWE8ESZQ	18330
ASKZO80Z1RKTR	18331
ASL48MLGEONCD	18332
ASLHDTUUMOH7F	18333
ASLHOMCVQI6BM	18334
ASM0XVXC3H6UO	18335
ASMAN2S0D2VF2	18336
ASMK582FKPNDA	18337
ASMUUBBSTGFX2	18338
ASNC7GK0GTHL8	18339
ASNFPAALNJQXV	18340
ASNYQZOFM306H	18341
ASO5DJV4EE9MK	18342
ASOVV3N5061BE	18343
ASOWPC6NCNA9N	18344
ASOWZ5NOSV6NC	18345
ASP9P7CLS35ON	18346
ASPABROV8R7M5	18347
ASPL0SF3VVEZH	18348
ASPQIRCQ7ZLW	18349
ASQ13NMZ4CN9	18350
ASQ26HZA431ER	18351
ASQ9E8JI7NEB	18352
ASQKG1JENWA2M	18353
ASR4CX3NF75WM	18354
ASRIOCTQPKK1B	18355
ASRNMG5FGWFHW	18356
ASSHPKQBFZPB5	18357
ASSJWXLNP773X	18358
ASSYXG9EYEWWX	18359
ASSZI3B85PTO7	18360
ASTQLBCA1Q0B2	18361
ASTQMYNESCQKH	18362
ASTRK0KHS6HEX	18363
ASUDD1F03R9I1	18364
ASUJADILJ5UK8	18365
ASUQYTKSFBCO2	18366
ASVDQWPB9QMPB	18367
ASVLLLS52G0A8	18368
ASVSGSUGVGOSC	18369
ASW846YI4HC7G	18370
ASWEM8O8R5717	18371
ASWHAWQ4Q1NF7	18372
ASWUOFRG83GA4	18373
ASWY1ECMJHAVE	18374
ASXKOIXZ4LPZ2	18375
ASXQ4GY7HN4BV	18376
ASXYJ4JSZCBRI	18377
ASY25YMTIC2A9	18378
ASYORO7EHPJN9	18379
ASYSUO2RQMCF	18380
ASYYRFYAH13QM	18381
ASYZ7P6U75DO7	18382
ASZ8W38C6GQPK	18383
ASZBYR4OU0NQI	18384
ASZID61R3Y2NR	18385
ASZJ2ZEES94JW	18386
ASZJ5CSFIPTB3	18387
ASZMI6ZK6C5I8	18388
ASZU1O47ZN3CC	18389
ASZX7WEZLDDRP	18390
AT033BUEYOOKV	18391
AT08NIODVL3GP	18392
AT0C9TS1V6VYB	18393
AT0KKYP1R9WQT	18394
AT0VLURSP607X	18395
AT1GMH2UHYROT	18396
AT1MU1J5GY5SV	18397
AT1RF4WNPGGLC	18398
AT230624XP3DT	18399
AT28RL25Q2OLK	18400
AT2FOOJY5U4NM	18401
AT2IWHY1JNUH0	18402
AT2K6AWJFYZQ1	18403
AT2LHFVE169HH	18404
AT2NMYYV95TIM	18405
AT2Q06W05OBO1	18406
AT2Q0SOF8OMEL	18407
AT3MEONXRRZQA	18408
AT3SKLPP4O7LW	18409
AT40FSES3V2LI	18410
AT431Y0ZGBOI6	18411
AT43SKTJU1PKH	18412
AT4TEQ216VX3K	18413
AT4W2YMLLC9H8	18414
AT5Q7M7SRN3EO	18415
AT5R2MGCDESEA	18416
AT5TCJHPQBHWN	18417
AT5YCYCBFBXW0	18418
AT74K10PFEP05	18419
AT7ETF5YJ1PX8	18420
AT7M8IJOIOPFG	18421
AT7SWU1FEDQWM	18422
AT87SVOT4D4IE	18423
AT8G8H8OJWB73	18424
AT8W37OAQHE3I	18425
AT8XAXWZDERVW	18426
AT9432LQSE1XU	18427
AT9ES1WH99FVB	18428
AT9L9315LIYY	18429
AT9U5ZE5OO84C	18430
AT9WSNXH6URZF	18431
ATAAYDM4A45U	18432
ATAGGWE8OHDJS	18433
ATANE2SC44592	18434
ATAOOPNXGJYXW	18435
ATAUFAUJHEF4E	18436
ATAY0ZVUOUGNQ	18437
ATAZQZ1DSPKZG	18438
ATBIHZY6BEEQX	18439
ATBKQO3B1GRTX	18440
ATBRH3U3KP55S	18441
ATCC0INFYE0U0	18442
ATCFLWS85POA0	18443
ATCL2WATBOBC0	18444
ATCMMK2BT5TOV	18445
ATCNPH85QAOTR	18446
ATCSWBAIAEHX8	18447
ATD5M4PWY3TUL	18448
ATD9I008SY8PD	18449
ATD9Q1D7P9V95	18450
ATDE9JYCPI0L1	18451
ATDFDDLJ3YVOC	18452
ATDNVHXSYNF6T	18453
ATE0XK7EZIEKE	18454
ATECU14VUIOJ0	18455
ATEJGQE551DE9	18456
ATF3OMJS1UKAA	18457
ATFJ0SOX2Z3I	18458
ATFY9YPPKZZBS	18459
ATGC4MK4GQRH1	18460
ATGM5E0Q1NSPJ	18461
ATH9TSDWH1BM7	18462
ATHDIFH47JP2X	18463
ATHMFYKFHI9QS	18464
ATHUV6LFX2AXM	18465
ATHW0B0ZKSLZ7	18466
ATI289UQUI7H0	18467
ATI347DKEGPG0	18468
ATISHFOWPA662	18469
ATIXY7SRCD3CM	18470
ATJ029FA4QER1	18471
ATJ13EVES3BIM	18472
ATJ3784HWQCKX	18473
ATJDH6DA36QM8	18474
ATJE929ETFFNH	18475
ATJF5QEVNMWIL	18476
ATJLN8GUO8QRD	18477
ATJOVP7P6JRPU	18478
ATJW09WVN7DGQ	18479
ATK1RL71E7AHC	18480
ATKUKG6UXYDHH	18481
ATL2EJGS0OD8S	18482
ATLMFJ6725DA	18483
ATLO3YXU2BC16	18484
ATLZNVLYKP9AZ	18485
ATM2MM8G4WYUP	18486
ATM94ZHQDW4K	18487
ATMABNBX5FMEU	18488
ATMQ311QH86HN	18489
ATMQEI1LKR6VB	18490
ATN4J5VS8Q0YM	18491
ATNA87RMH4VGD	18492
ATNVT11CLPT6Q	18493
ATNXLGOASNPNX	18494
ATO06M2U1Q15L	18495
ATO9DDJUGNWVD	18496
ATOE09U1R8VZY	18497
ATP8I8FJA2HRB	18498
ATPGPKHKIDR0Q	18499
ATPJXNNT5HXYP	18500
ATPQLA9R6H4BQ	18501
ATPSALNDVEW2	18502
ATPWCN923XJRM	18503
ATQ0RPIQ8OAB	18504
ATQ22E6YAUNXP	18505
ATQDVSU2TTW24	18506
ATQG4I63DY6BQ	18507
ATQZ8R6BCGSKD	18508
ATRDRTJ46EY3C	18509
ATRQPL5OG4NIP	18510
ATS2855497V0I	18511
ATS7LYGLUX34L	18512
ATSF6NY0KAK3L	18513
ATSVUBE2115N1	18514
ATT3Q86G8YJV7	18515
ATT7HADVGS4L3	18516
ATTEBFVDTRQF3	18517
ATTK7J5JWVDYD	18518
ATTK7YVYR5A4N	18519
ATTPH78IPZYSW	18520
ATTSRFD8TJE6R	18521
ATTTLHRK3VOOL	18522
ATU8547UX4G9F	18523
ATU941C7YOHCD	18524
ATUG7E52EOXF8	18525
ATULY21HX4YEV	18526
ATUOOTJEGR3KI	18527
ATUVTFJ5N0NDA	18528
ATUX3JMSD6I62	18529
ATUXJQ4KS6BG3	18530
ATUY6U5HHYF4Q	18531
ATV2QZ3VQU0ED	18532
ATV7H2UQYGCOT	18533
ATVQTZBOBQ5XC	18534
ATVZ4V3LWF6L1	18535
ATW8X1914ZZP8	18536
ATWFCEO96LKNY	18537
ATWZHPZMF0BCF	18538
ATX7CZYFXI1KW	18539
ATXHIE1G3CL6G	18540
ATXPBFY59CAI5	18541
ATXWVGLKWDPX4	18542
ATY1TGX2BDL53	18543
ATY70MUHFXL6K	18544
ATY8RHJ9WHIW7	18545
ATYAEGPXEN658	18546
ATYX9OQUEA95S	18547
ATZ1HQPWHPK5X	18548
ATZ6K21JDM9ZZ	18549
ATZDGPMWR6N5D	18550
ATZIVR4C37INR	18551
ATZJNEXX7LWD3	18552
ATZXHAOOXZ9WX	18553
AU0CHKF1W1BO9	18554
AU0S2Z7BA22V5	18555
AU11R9QF65EH3	18556
AU13W2MG55NNC	18557
AU1C1JDQWIQM2	18558
AU1RBZF46SQBK	18559
AU1RMMTXL0KV5	18560
AU1SKSAF00JJH	18561
AU21B5JSG23FQ	18562
AU23IFYYPRDXM	18563
AU246IQR4Z1EF	18564
AU27AMXE1R47T	18565
AU2QC1ERMDL7Q	18566
AU2R80BFYKV40	18567
AU2TRZD0M5MOJ	18568
AU336MC87DU5X	18569
AU3591DFM03S1	18570
AU43F412YLCAC	18571
AU44F79LW2EI	18572
AU4AAXG9ZJAZX	18573
AU4C0EMLDLJ23	18574
AU4C2605UPXLR	18575
AU4JKHDDEID7I	18576
AU4MX7JJH3PMA	18577
AU4T575EPA0FQ	18578
AU4V7TZ5O7UG	18579
AU503FDD0DI4K	18580
AU56PTMQZMSH4	18581
AU598U9LXGO84	18582
AU6EXXX5HA29T	18583
AU6I41ZUDLC3S	18584
AU6LNXQT93CB8	18585
AU7ZAPLK35EZ8	18586
AU8C8TZEK3IB1	18587
AU8CFADVV3C6C	18588
AU8QQGA0TZ29P	18589
AU9AW29JO9C29	18590
AU9QWTX259BVR	18591
AU9Y4SINAS9YC	18592
AUAI9MEBEBLL7	18593
AUAX1QWUCYKSX	18594
AUB0E11HBB39P	18595
AUB71XAZVB8BJ	18596
AUBF1WVKUKBKC	18597
AUBVQ6WCT4YHZ	18598
AUBZC9PUOY695	18599
AUCLCQ4RLRJ00	18600
AUCMAF06RXT9W	18601
AUCN1M7NPIHX1	18602
AUCOL2XUE1IX7	18603
AUCXT9K30SHYF	18604
AUDA5XUWPYHOR	18605
AUDNXYZ2CBU7Y	18606
AUDR3YSPERF4J	18607
AUE5TYGY5Q8KG	18608
AUE9E1OZDOTU5	18609
AUEH2LDR8T8ZM	18610
AUEVOW249KH6F	18611
AUEW0SKOB1XYF	18612
AUEYXG8DEZUF3	18613
AUFE38E0RB736	18614
AUFI2Z95B4SMF	18615
AUFJL24JEUCT3	18616
AUFW0LEC5N4CS	18617
AUFWBTL0HKB5Z	18618
AUG0C084W05KI	18619
AUG80XS7HK1Z9	18620
AUGBRNOQWL3ZI	18621
AUGSWHKRHSHCB	18622
AUGU1JROLPLRX	18623
AUH23395WU9S4	18624
AUH754GNTGAG1	18625
AUHK0NH341JEB	18626
AUHS32MZ5JCQC	18627
AUIDZ4I9M9S2O	18628
AUIMT3E4HBJO3	18629
AUIR2L65BOZYL	18630
AUITG1DJ3QUGK	18631
AUJ9F4P9W8NGW	18632
AUJEF31CXWTCQ	18633
AUJFO0J9A2HGE	18634
AUK6HEIT6DHF7	18635
AUK9D8R1FDX0F	18636
AUKC7HCBYR9CU	18637
AUKPDR8EJIIGE	18638
AUKQYNHAWG6MS	18639
AUKXOF4IAP3H2	18640
AUL9IYU2HSHV3	18641
AULDDIOHU5I60	18642
AULR6C9TLAC2M	18643
AUMB4GTLYFGY9	18644
AUMOSHVHTSCR1	18645
AUMWIEIA8LNZG	18646
AUN9PHTBAWI6Z	18647
AUNDHGFU5LIFK	18648
AUNK2GN1VD1OD	18649
AUNL7H2TKVSMC	18650
AUNM3BLNWRH3J	18651
AUNX0XCO31BXG	18652
AUNXZ6BC7JQKV	18653
AUOHOKWCO975I	18654
AUP3JC4O7C92S	18655
AUPUZ14778SD7	18656
AUPWB9KMYCY04	18657
AUQ814GTDM07J	18658
AUQNWIB7D50GN	18659
AUQU2K9FMSSYF	18660
AURB6K3RCWGRP	18661
AURWQH1ZTB2TC	18662
AUS5X6IMFLJBD	18663
AUSOH5MN1X6W1	18664
AUSW4Y14ULWTC	18665
AUTJ2G8CMUT6H	18666
AUTJV24IU9LGQ	18667
AUTUCZBSJ1GSO	18668
AUTXXHPDWKEOL	18669
AUU351GZKVK46	18670
AUU4G4TASZUWV	18671
AUUART8MP140T	18672
AUUC04UQ3FQO0	18673
AUUG74MV4KQAS	18674
AUUV3XDYB16X5	18675
AUV0EFKWA46TX	18676
AUV3OR951650C	18677
AUVOMF6CMI4O6	18678
AUVUTAC87UL1X	18679
AUX3KEIQFGLM1	18680
AUXCIRLTZUR8W	18681
AUXMWNRCMX9JA	18682
AUXN66NCOESX7	18683
AUXP73NVGZUGM	18684
AUXQ7F61TTA53	18685
AUYKXRJOPHWG2	18686
AUZBLLADH6U14	18687
AV0B1VIWNAGOI	18688
AV0C12IXS9HYP	18689
AV0ILSXO1726Z	18690
AV0LB83EE35PX	18691
AV0LIAO8E356J	18692
AV0MLZR2KDDX2	18693
AV17US5798MNY	18694
AV19W38S18KEF	18695
AV1F8VNJPLPTL	18696
AV1H8KJCX45WL	18697
AV1QPV28N5XNR	18698
AV2GFSSHXCODC	18699
AV2JONP5LRMYZ	18700
AV34KNYW82YSS	18701
AV361OJGUF9OO	18702
AV3AUFSA1DXVZ	18703
AV3HOIF1WGRGC	18704
AV3JVR9OZR6OG	18705
AV3PSI43UN140	18706
AV3PT96KDJT6Q	18707
AV3ZXYGVSLR3Y	18708
AV410VQUE6QSN	18709
AV4B7IO8QEWW5	18710
AV4FGV9Q5I7FG	18711
AV4H2KOB0E3TS	18712
AV4HC7M9MRARM	18713
AV4KMIFGD9HWQ	18714
AV4KWLUE36KEM	18715
AV52HFI0M0ELQ	18716
AV5980KJFVGCG	18717
AV5HQR0DS1PM9	18718
AV5M72QCNOVK6	18719
AV5Q4JYAD8H1C	18720
AV5RNR4HRCIRT	18721
AV64O7H0UQKE0	18722
AV686Y0C13PF9	18723
AV6WVMUJVUHNB	18724
AV7X73ZW5KDCN	18725
AV7Z35OEJZEUI	18726
AV9BKZLWR2SMY	18727
AV9DPXOEKRI97	18728
AV9GR5OPDGMSG	18729
AV9M1PH5LUOM	18730
AVA23FS2PP338	18731
AVA4OCL2VAVJF	18732
AVA52NIN4CWKK	18733
AVB2DLGITM3JH	18734
AVB8DXOCB6OQY	18735
AVBFDDHMVYU78	18736
AVBIQ0YTPTHKG	18737
AVBLGXSWRN666	18738
AVBQEU3EIWHU9	18739
AVBRP0CQKU3KD	18740
AVBY9OUQRRL4U	18741
AVC89VGX9U9BX	18742
AVCNHCPISQT3Y	18743
AVCWJQW74WWMB	18744
AVD27FTJ3Q206	18745
AVDQZPEXCB8X2	18746
AVE0POL0KLZ9Q	18747
AVE45KUJQ8OL4	18748
AVEK552RPANBO	18749
AVEOVIRYPMCSN	18750
AVEST73NEO6IG	18751
AVFJ327UXPXLF	18752
AVFP6Y641X6CZ	18753
AVFUH53OM1Y5E	18754
AVG16OSGL33PE	18755
AVG49SHSNXUU8	18756
AVGGNSSM4M9K	18757
AVHGBI6JDR7SA	18758
AVHJBWS73YGU4	18759
AVHN134ADVP4R	18760
AVHY7Q07Q0UB2	18761
AVJ0K4FQ1WWTM	18762
AVJ4PFF5REFHY	18763
AVJJ2D4G5I0Z4	18764
AVJZB6FXKZ00Y	18765
AVK2O4FBHXQ2W	18766
AVKF05BAX2Z3I	18767
AVKF5UOGIH94V	18768
AVKTUVAMAOAGY	18769
AVL5IDEE8YA3D	18770
AVL9NXFHHZGMC	18771
AVLEDG8FG763V	18772
AVLH2QMDH0DXN	18773
AVLRHE7W37CQA	18774
AVLSGR94E3ZVE	18775
AVMD58XPG8LXN	18776
AVMO66JVRC22K	18777
AVN22PCFA9AWE	18778
AVN96N0FJSS4M	18779
AVNBAKWPZULM1	18780
AVNJQY22L103F	18781
AVNUON4RBG2XF	18782
AVOFW6XUCR8XA	18783
AVOQPXXL459Q5	18784
AVQ4CY0QZDVBR	18785
AVQ7TP97OUXW5	18786
AVQY07T9RNITK	18787
AVQZ0JG8OP8P7	18788
AVR3F6VQYIMZW	18789
AVR4ED8X6NE5	18790
AVR9ZXGZE2DFV	18791
AVSM76EX7ATBD	18792
AVSQ0D9545XYN	18793
AVSYVH92H3Y64	18794
AVTDH3L8QHMHL	18795
AVTG6W5FLI620	18796
AVU3LE3F571TP	18797
AVU6L5CUCB2E7	18798
AVU9EZ7I2ND6D	18799
AVUASIRKUHSEQ	18800
AVUC5DXOA2OZW	18801
AVUIEFZWADM	18802
AVUJP7Z6BNT11	18803
AVUPW54LIBRX0	18804
AVVFMZTW94F8	18805
AVWCILN9IMEEE	18806
AVWD6O8U4A1WC	18807
AVWWFK3FZDEL2	18808
AVX147IFUY2A5	18809
AVX7RB9XQ29Q5	18810
AVXDQC64FNDKM	18811
AVXEPHCPSU4KY	18812
AVXEQQVUY6HNH	18813
AVXG7ZEC66QGX	18814
AVXGN90BU95P8	18815
AVXO3FIFX98DU	18816
AVXPKFP18SI6D	18817
AVXQ2DM65JMJE	18818
AVXVMD36FPP8F	18819
AVXYKNVXD682E	18820
AVYAGQ0FZLRZ0	18821
AVYBGWUJLUSMD	18822
AVYEYDC974DMD	18823
AVYV7GG3JUKT3	18824
AVZ1SYMD26S4R	18825
AVZE26B1ZAVPT	18826
AVZVUAW281GV4	18827
AVZVZ4D6423I6	18828
AW02ZXLX043RP	18829
AW0D10W6W1G1A	18830
AW0IOR4AEEK46	18831
AW0XJI75HFGN	18832
AW10F4JABEF3C	18833
AW16OPD78QHJ	18834
AW1BY6RM40D5H	18835
AW1D68VYR0HD0	18836
AW1FQRY25NXVS	18837
AW1HGHCKL9R2K	18838
AW1TYENSI11UK	18839
AW1WS6R1KWBOA	18840
AW2TWQNYJVOX8	18841
AW34SA2P1UYEW	18842
AW38C6L08OLP4	18843
AW3934CDS9EG4	18844
AW3D1YEX736SL	18845
AW3DCBYGF9F	18846
AW3DDIO04KM01	18847
AW3J27FO8LI5X	18848
AW3LFQGXBH2PZ	18849
AW3QSEHVDBIPQ	18850
AW3RWY15N3L58	18851
AW3T8ADLHOLOC	18852
AW4043RG2RTQQ	18853
AW416BTRLMDW5	18854
AW4ARFPWOF371	18855
AW4D4XUEYMXWJ	18856
AW4FCE0A9F75E	18857
AW4REX48OOBG7	18858
AW4Y6OFMUOXYQ	18859
AW53F6OQAQ0UT	18860
AW5IMOG7EZPYB	18861
AW5JSQCHC2ZJO	18862
AW5MEPS7F3A4W	18863
AW69Y2CBQB1TT	18864
AW6AD5QSRFIDQ	18865
AW6B5VJS1H7N	18866
AW6LL8P64IMCE	18867
AW721MAY0ATGO	18868
AW7BIYHXUIZ62	18869
AW7BQI7A9IIYD	18870
AW7KZSHZBK75S	18871
AW7LFBJHUX1I2	18872
AW7NVSIV8VQ18	18873
AW7VVW61YKZIQ	18874
AW8GG5EUFI4VO	18875
AW8UDOVNWP68Y	18876
AW8XJBX0EISDD	18877
AW92GTKF5HOAV	18878
AW93QPLG23B98	18879
AW95GVQBCES2V	18880
AW988J3XN3PPF	18881
AW9AIAJ9MV8DD	18882
AW9BJULSBM5Q	18883
AW9EXFGKM8XEU	18884
AW9FZO9WF88CV	18885
AW9KM1WLLZFJN	18886
AWAFI39L0EMRM	18887
AWAXS66YMHMNW	18888
AWAZPICNKZBET	18889
AWBFSNVBWJYXF	18890
AWBFXGLVVY7FS	18891
AWBQTFLTIKYOZ	18892
AWBVQDOSDEAV0	18893
AWBZ4E5Q7890R	18894
AWC3DHYS0M97I	18895
AWC8CTW8N2XVE	18896
AWCAEMH383JY9	18897
AWCJ12KBO5VII	18898
AWCODMEOA89YZ	18899
AWCX0EDFH2G8K	18900
AWD22LYCEWOBJ	18901
AWD5ALFH4BC4E	18902
AWDW6GO7D22DM	18903
AWE13F1HOCZNT	18904
AWE14EY6BGSV0	18905
AWENE7SFZ1VC3	18906
AWFA4158DDDWC	18907
AWFHDI7YXTIYJ	18908
AWG6Q42ITOFNG	18909
AWGDSTRM7YZCG	18910
AWGY5N5D42XR7	18911
AWH2AY17ZU7W2	18912
AWH5M7MN0Z4H3	18913
AWH5PLJU61BMG	18914
AWHWG5H62624N	18915
AWI0ZB0OV87VR	18916
AWIB9VQKLIK91	18917
AWICKUT903RFL	18918
AWIF8AR75LL9L	18919
AWJ8ZN7KLIAHR	18920
AWJBO5XGIW8ZS	18921
AWJDU3LLQ7DPQ	18922
AWK41RGQVGOU8	18923
AWKN9MUVLYW4I	18924
AWKPFG2OHQJ8S	18925
AWKVUDT16GKES	18926
AWL16QJTTUUCZ	18927
AWL1QTMSRIAG3	18928
AWL8RH5IS8HWS	18929
AWLB9W82QZ6H2	18930
AWLEYLUD5KOJS	18931
AWLK6NSSV0YNA	18932
AWLN5U5KO6WU0	18933
AWLSBBNFBIMYZ	18934
AWMBV8N9C1OY3	18935
AWMLV7I2E49RM	18936
AWMUKP0HKLU2X	18937
AWN8Q7FYS4G09	18938
AWNN8N662EOZ7	18939
AWNQ2PULUBHDH	18940
AWNR6CAH9IA3F	18941
AWNWOMUT9HS2D	18942
AWOADDNDLD52F	18943
AWP20DX9QOPHL	18944
AWP374BL7EGZL	18945
AWPN47SSWK1JV	18946
AWPN9GGSBS2OS	18947
AWPODHOB4GFWL	18948
AWPT4FH0JR7S1	18949
AWR1TW357A8QO	18950
AWR2S78A0GOHA	18951
AWRDVI2T9S0M4	18952
AWRMPF3UQND99	18953
AWRPSNNIOF8A0	18954
AWRPXBRFQWNU5	18955
AWSG5DCUAV744	18956
AWSHMKD6FZ9ZE	18957
AWSKEURHUYOVN	18958
AWSKKXI2FEF0D	18959
AWTRA976R3QCU	18960
AWUHTU7IPQJMB	18961
AWV4TARPMM9R3	18962
AWWGHXFRFPF55	18963
AWWN2E0D9VBYD	18964
AWWULVJCE9WS3	18965
AWWURM35HZ0JF	18966
AWX8MBUMYRLE1	18967
AWXF49EOW5IBR	18968
AWXFCMX1ERS6N	18969
AWY8ZY16DPTVE	18970
AWYODUY6455QE	18971
AWYTW91SF75L0	18972
AWYV2R69Z0GSG	18973
AWZ8KI273UF1Z	18974
AWZDKEZX6FT5B	18975
AWZDP3WYBUY88	18976
AWZRDBV6ORZ1V	18977
AWZWMH5A6LPHU	18978
AX05DBU8IRUWY	18979
AX0LBOG3SJMOX	18980
AX0ZOOHFLVEC8	18981
AX19UC69IKIS7	18982
AX1BLGBMHPOSV	18983
AX1RK75ZRMDE2	18984
AX1Z5RQ1LWMM2	18985
AX2FWBYYFEVCS	18986
AX2JIK3L25TZH	18987
AX329NHW6B7BA	18988
AX3IWUZXVGOSZ	18989
AX3K1C6BXJVST	18990
AX3P1V73A9I4C	18991
AX3P58CZ0DVHD	18992
AX3V1068TMU2U	18993
AX3YNAK874JTJ	18994
AX4AW8LGWA1F6	18995
AX4D9BUSHH3LE	18996
AX4GP1U4IL4VP	18997
AX4L00IAAMYJM	18998
AX4L6DVN3E0XX	18999
AX4NH49L6KYYX	19000
AX4OUOYP645H8	19001
AX5AFHTS3WYW0	19002
AX5BZYEC7KYEF	19003
AX6BH7NOU6NF5	19004
AX6EWOUWS7XCA	19005
AX6L5WELXAMVR	19006
AX7317G153T8W	19007
AX73AVN2K3PNB	19008
AX7AGYHTKNI8Q	19009
AX7IL5BJKNJBV	19010
AX7JOQN5NF3LX	19011
AX7NRFYUHG70M	19012
AX7QMRXX81L9K	19013
AX7UFAGQCJZC7	19014
AX7VKS5NKVRND	19015
AX88IRRCYGW1S	19016
AX8ATTTB67KFM	19017
AX8BF69KCEMQ2	19018
AX92GRP8V43XD	19019
AX95SK36ZYIF7	19020
AX9GYP3BMRQV3	19021
AX9HOT9LD0LA0	19022
AX9KEIE068RCS	19023
AX9YM7KKVUZVB	19024
AXA5BRUWWCWJ	19025
AXA8MSPU6Z62U	19026
AXA8VZ9W0ECQW	19027
AXAAD18JGKN30	19028
AXAJXJZUL2J5P	19029
AXAPYPM2S13MF	19030
AXARTAQU05PFL	19031
AXAUID80U4XJX	19032
AXAYRVMYQ8EVV	19033
AXB6VC87NESRZ	19034
AXB9P44J0572G	19035
AXBNC8KNV3MY0	19036
AXBO8IITQB0FH	19037
AXBU8Y2XU3WAF	19038
AXBXVEA5XF4RG	19039
AXC26Q4JHXUT2	19040
AXCT226RLJULZ	19041
AXD29NR7HM8VF	19042
AXDHDJG20T0OV	19043
AXDMIOILNGYHH	19044
AXDTSURVYXH3O	19045
AXE4ABZKFHJ66	19046
AXEA8Q16V1VE8	19047
AXEH3HDEBA0EA	19048
AXESISOFKP4J3	19049
AXF9B6ZWF03YZ	19050
AXFZI0N9ZKJNR	19051
AXG16JV5S6VYB	19052
AXGB5W5UWU2QB	19053
AXGFGAI1LXXB9	19054
AXGGVMPYDHZIJ	19055
AXH4895HFVHVI	19056
AXHDY4I42WSLW	19057
AXHETL0M8XZPT	19058
AXHI3LDAP649X	19059
AXHIE1NIRSZM5	19060
AXHPRJ7IHD26P	19061
AXHZZW8FFO264	19062
AXI9CMCBP9FCD	19063
AXIKQB8QQYBF1	19064
AXIUZHSH45Q4S	19065
AXIZ6NPAN104X	19066
AXJ529STIZPYJ	19067
AXJ6US0EX16HP	19068
AXJFR72QLI2HC	19069
AXJS4LURY13P2	19070
AXJTNYD3UK1BP	19071
AXK8IVO4YLSJD	19072
AXK8UKPSYESNP	19073
AXKDNVCNN50RZ	19074
AXKVLVJKKMXKE	19075
AXKXPMR2MVYVY	19076
AXL5GJLYKKLMX	19077
AXLGXPG1RZ4XC	19078
AXLSHGFLYAOKO	19079
AXMJUHDQ14MFR	19080
AXN3ZQOR1L866	19081
AXN72SDUK0KQT	19082
AXNLVSBK4T5E7	19083
AXNOIG99M4JF5	19084
AXNPRFZJVH1T	19085
AXODLG0CWV639	19086
AXOXXNDX8ASWI	19087
AXP4UDBQJPHE1	19088
AXPAIEE0732A9	19089
AXPGQIPQHDEWU	19090
AXPX6ROF4C4DF	19091
AXQ1EZSGM281P	19092
AXQLQMYYFKRII	19093
AXQSVBTBF6SLA	19094
AXR2EKWNZKTH7	19095
AXR3CV6A4FMBG	19096
AXR4HGDSJK9N8	19097
AXSP7X8A1YK41	19098
AXSVM82N1LYSD	19099
AXT1FA97GPV5J	19100
AXT30975SM6MK	19101
AXTPMJJCW4I7I	19102
AXU9DBMP28YI9	19103
AXUD0WYLU4OU4	19104
AXUIF0S50CXLS	19105
AXUIIX7EUX6ZT	19106
AXUJ2FUZ3RNDU	19107
AXUJFOFQZNTN	19108
AXUMQ3L9HBYTR	19109
AXVD5F674RI2N	19110
AXVGCDVS7TCMI	19111
AXVKMYWNIHK7W	19112
AXVQOR3H4JDC2	19113
AXVV08J873YVZ	19114
AXW32H306JBP	19115
AXWLDUYDFMM4R	19116
AXWM24CI1L42K	19117
AXWP4Z6OY8UMR	19118
AXXV5OORHXV9B	19119
AXXW8MH17BNEC	19120
AXXWXM6K66YMZ	19121
AXXYNK64CD9AE	19122
AXY7LB6MPS5VM	19123
AXYCZ1E58SKAB	19124
AXYJVS6ZIPC55	19125
AXYM52DNK6NDF	19126
AXYNK4OZLBAB4	19127
AXZ62WD544MWZ	19128
AXZCAKY84NIGI	19129
AY09Z9FC78C1E	19130
AY0HYITLBNC54	19131
AY12DBB0U420B	19132
AY13NK8F0WLDY	19133
AY18WRNVUTVYG	19134
AY1EF0GOH80EK	19135
AY1I85LLDMETC	19136
AY1J6WP3AB4JU	19137
AY1NUCXXJ5WD5	19138
AY1SQH34K8H3A	19139
AY2FKGQ3IVJR1	19140
AY2SKI03794LF	19141
AY2ZQGM1UBP5L	19142
AY3D7DG5L5WCK	19143
AY3EENC2BGTGK	19144
AY3G8FBP9WYWQ	19145
AY3I2II95CGOR	19146
AY3M5D8WH0XF	19147
AY3MC7XLLC0XU	19148
AY3SB8LDBWK20	19149
AY3SK338CBF3L	19150
AY3XPKRAMKKY7	19151
AY49JOXTLDOG2	19152
AY4BKTTLRHETL	19153
AY4TNCPU7VF2V	19154
AY57E8Z4CSIHO	19155
AY5AGP1CJ6MWI	19156
AY5UM0DV5T3YW	19157
AY5XWJE0LEYB8	19158
AY63732T42L3V	19159
AY68U1SJ0UB8B	19160
AY6A8KPYCE6B0	19161
AY6I0JXE82PQG	19162
AY6VVUJLOR0U0	19163
AY6VXIWYGNATL	19164
AY75XA6YHUIV5	19165
AY79IJ9V5G264	19166
AY7BP1U3O6UDW	19167
AY7GNA4VBNK7F	19168
AY7QLRH2EB0TX	19169
AY7UXP0P7TYNU	19170
AY87DZ0B3UJUV	19171
AY8NAG7ARNGMR	19172
AY8O2TXAR9S03	19173
AY8OP9E9YAKP0	19174
AY8RR5LJIYM8C	19175
AY91MQZZR750W	19176
AY94CUC7YHCN	19177
AY9PZ39IZHS84	19178
AY9SSM2CJ5RTA	19179
AYA3H88R6NRBC	19180
AYADZ0PT8C9EY	19181
AYAL91PGH2UXX	19182
AYB0PCIGMREJZ	19183
AYB4ELCS5AM8P	19184
AYB8XLKTYMTTX	19185
AYBBOJS1IN4DW	19186
AYBESUR7FVD97	19187
AYBGHRN5D1FB2	19188
AYBHFECV8Y043	19189
AYBJR069C35OH	19190
AYBUDZ0VPMMG8	19191
AYC3Y4QX7GATV	19192
AYCFZRAGMOH9I	19193
AYCME2VJ64TAC	19194
AYD5N0BSFIQ8B	19195
AYDC7F9UF6EQX	19196
AYDCLME2ODKWY	19197
AYDMYBLK8SDKG	19198
AYDYMZHH9FOB	19199
AYE1201ZTA5XV	19200
AYEC4VDQGC8H3	19201
AYEFS3PAR1XU	19202
AYEMRPPM1K7DP	19203
AYF32TN4IVMPI	19204
AYFELZI3GK49J	19205
AYFGIZUMHUKCT	19206
AYFNBZRZR4E6P	19207
AYGUJRQGYRDE0	19208
AYH1YLBQDW6BB	19209
AYH260VO0C81O	19210
AYHPKCYI2YJMW	19211
AYHXYLNCJWRUI	19212
AYI16C0RSN4MJ	19213
AYIRKYTTQYZ6U	19214
AYISQOESAJAUZ	19215
AYIVP2Q1XP3H8	19216
AYIXP9XNIXF07	19217
AYIZF40RDST9K	19218
AYJOMM0DN8P1R	19219
AYK5YE6B2FNSI	19220
AYK7HM1T4KHV7	19221
AYKCTUS0XQBGD	19222
AYKNGRL42QFTP	19223
AYKPSAYZ8NL2D	19224
AYL3CH1Y1DOB8	19225
AYLAZUCGWB6IE	19226
AYMD77ITD15PT	19227
AYMH7TOU5AR19	19228
AYMJGL8BULCTL	19229
AYMKI97LYRS6G	19230
AYMMWWH5KLPBE	19231
AYMQJ7NLLLYHO	19232
AYMRVJI3K0XUK	19233
AYNAI33HUMALW	19234
AYNNJ0DBGL5H7	19235
AYNRALJ4X1COS	19236
AYNTULRNAIPNY	19237
AYNZNPMJ7QSES	19238
AYO1146CBIV5C	19239
AYO8OMS2DFP92	19240
AYOCJOO83M4YM	19241
AYOJ4CX2CZP7Y	19242
AYOMAHLWRQHUG	19243
AYOND4ODQI2VQ	19244
AYORRSZ0RE5O3	19245
AYOSUSA80PANP	19246
AYPEPA3VS4KDM	19247
AYPNBWE2JQ0CA	19248
AYQP8XMHTG2YR	19249
AYR0DRU48KRMC	19250
AYR6QA16I5FTR	19251
AYRG78R5UMBZX	19252
AYRK0ZZNR2SMH	19253
AYRY9SNC133U8	19254
AYS4UGU2YB0W4	19255
AYS52X89DXF4P	19256
AYS6ALMQALR2K	19257
AYS82I3Z814TY	19258
AYSOWWV5JAF6Y	19259
AYSUDN83KX3QE	19260
AYTPAGT9142Z1	19261
AYTS3CQ8XR6PJ	19262
AYTUX6ZQCJ17Z	19263
AYTY3P2WFC2M3	19264
AYU0UBGDE66JK	19265
AYUF7YETYOLNX	19266
AYUNSOLF7TH71	19267
AYV21CGNNXRPL	19268
AYV43L6DGMH5C	19269
AYVCC1AOW44CF	19270
AYVOEM59F6EMM	19271
AYVPBI6TRENK0	19272
AYVR1MQCTNU5D	19273
AYVRVB1SHZSGG	19274
AYVV0R6U3HRIR	19275
AYWAS7R2VRVFV	19276
AYWCV3WFU20JB	19277
AYWHCM0TJ4737	19278
AYWO9QI3FT67L	19279
AYXJO44RWFQL0	19280
AYXTTIHHOIQIW	19281
AYYVYHEQA3699	19282
AYYZV1HXUCVT3	19283
AZ03C378RHT6J	19284
AZ09VU36EIHDT	19285
AZ0JDOA57EG4C	19286
AZ0RVPZMJNK4R	19287
AZ14K4ONCK4BS	19288
AZ1COK4G2REKK	19289
AZ1O9M3N835QB	19290
AZ1RYC5KQP5DY	19291
AZ1SEFLGLJ9K4	19292
AZ2X6I3D6RFH5	19293
AZ39J99EWC9DL	19294
AZ39MF7WP0TW2	19295
AZ3FKUJ7C6P1W	19296
AZ3GYWRG9085J	19297
AZ3N6KK8GIYZD	19298
AZ45TCG0AT10O	19299
AZ45UN2TEI3HY	19300
AZ4SMR4232QXH	19301
AZ4XFZ5198FFR	19302
AZ515FFZ7I2P7	19303
AZ5BYD434509X	19304
AZ5DO5ATHCHHT	19305
AZ5UCSVRTT1N9	19306
AZ5WCQYNFSS9B	19307
AZ69I68VP5SWQ	19308
AZ6D14AT7MRFJ	19309
AZ6D2BR47RARU	19310
AZ764TQN6DC3X	19311
AZ79H1B4CQAGG	19312
AZ7JEZZW830HX	19313
AZ81C4ROVD09O	19314
AZ8VFBF4X9AI4	19315
AZ8YJCG543R20	19316
AZ92P5RFULPIA	19317
AZ9B75YQ1DTCB	19318
AZ9ZEQ5Y6QBDK	19319
AZA55FJD7CCZN	19320
AZA595ZPIG240	19321
AZAC8O310IK4E	19322
AZAO9C7JCV6BI	19323
AZBE4WG7VRDNG	19324
AZBUQ54P0O4KR	19325
AZBVG3SFDWFFN	19326
AZC2LN7YF3GB0	19327
AZCOTN09OQM1A	19328
AZCVUV657V5XG	19329
AZDKB30I8494P	19330
AZDYMNU9NABDS	19331
AZE16AY05PUZ0	19332
AZECTOVTVA5Z4	19333
AZEHFEFRC3FB8	19334
AZEK5Z45B5CRW	19335
AZER1Z0YZ3LNK	19336
AZFF4CX9MQ4AE	19337
AZFG4K9WYWAQU	19338
AZFHSPEZUPGD2	19339
AZFM561C38ZWA	19340
AZFME8LB7CCG5	19341
AZFZ7OFVY3PJD	19342
AZFZB0IEASG0Z	19343
AZGLYNWTZ0AJL	19344
AZGQR5ZE1SH1Q	19345
AZGWOGCHZULT3	19346
AZH10EVLQ2G7W	19347
AZHEE7WHMF9X5	19348
AZHOPYR1YH3TS	19349
AZIRQNN1YYSPB	19350
AZIT7MTLNHYPU	19351
AZJF5T6HWZZFD	19352
AZJFLPEG7D09G	19353
AZJG3Y385XNZE	19354
AZK0YS7XE19EW	19355
AZK5R1TK2PZPF	19356
AZK9CCTYQNRNL	19357
AZKEEN59Z97UP	19358
AZKGCE3LNX7WB	19359
AZKWPIG6RXKNG	19360
AZL0P9J95ON7D	19361
AZLF43KVWQBOS	19362
AZLKNTLXHOZZX	19363
AZMHM7BDTC5F3	19364
AZMISC9FAUBIR	19365
AZMOM619PTO5B	19366
AZMP1U4ZYC3F9	19367
AZMY6E8B52L2T	19368
AZN94X9HSS594	19369
AZNUHQSHZHSUE	19370
AZO7N6QUTBAS0	19371
AZOAWF6SKRKJ0	19372
AZOCGY2PBYHCI	19373
AZOQGI46XQOY	19374
AZOTVJHNSAQXG	19375
AZPF8DMGRYQL1	19376
AZPNGUGH55MTO	19377
AZPO41TEPZV4D	19378
AZQ8PGVNCKXJ	19379
AZQA8ZIGS01FG	19380
AZQOGNBVDKWR0	19381
AZQVN6T2XN0O2	19382
AZQVTFPK7HTBV	19383
AZQWH5DUZQIZ7	19384
AZR1RBKOE6XDN	19385
AZR7QWE89IGXG	19386
AZSK4N4ZCZ16H	19387
AZT6LF6SJ1OC7	19388
AZTBE3J2MJRKW	19389
AZTLX50QET4MP	19390
AZTY4WBRB5MAL	19391
AZU2B9FQD7IJ0	19392
AZUER9XCBFHQB	19393
AZUGJ5WJYBO8D	19394
AZUH5XSJ2NLXR	19395
AZVT0WAEWQNZJ	19396
AZW9UD7Z7J0WL	19397
AZWMJ41IZ8IUT	19398
AZXEHGPNOO87I	19399
AZXISKB1BMFHG	19400
AZXM9C8F8H191	19401
AZXX2IV3T43M2	19402
AZY10LLTJ71NX	19403
AZY33L9MH0CKK	19404
AZYJE40XW6MFG	19405
AZYPJK8G56UF2	19406
AZZCN2ZC5QM8L	19407
AZZLI36GZV6ZD	19408
AZZOZQ8AAHT64	19409
AZZT1ERHBSNQ8	19410
AZZTH6DJ0KSIP	19411
AZZYW4YOE1B6E	19412
