asin	item_id
0439893577	1
048645195X	2
0545496470	3
0615444172	4
0670010936	5
0735308365	6
0735321396	7
073533305X	8
0735333483	9
073533417X	10
074242720X	11
0786950072	12
0786955570	13
0786955708	14
0786958731	15
0786959916	16
0786962984	17
0786964502	18
0867343125	19
0911121013	20
0913866687	21
0963679600	22
096625757X	23
0974665207	24
0975277324	25
0975277383	26
0975855603	27
0976142503	28
0976990709	29
0976990768	30
0979658500	31
0979658527	32
0979712386	33
0979959330	34
0980223644	35
0981924840	36
0984155848	37
0984155856	38
0984155872	39
0984608028	40
0992251656	41
1223062341	42
1223063097	43
1223063119	44
1223063151	45
1223069192	46
1556344732	47
1556345542	48
1556346638	49
1556347677	50
155634774X	51
1556347782	52
1564518531	53
1570545340	54
1579822460	55
1579822630	56
157982269X	57
1579823084	58
1581170769	59
1581171862	60
1581174837	61
1581178816	62
1589473221	63
158978068X	64
1589780817	65
1589781066	66
1589781244	67
1589781317	68
158994030X	69
158994206X	70
1589942108	71
158994223X	72
1589942841	73
1589942981	74
1589944208	75
1589944348	76
1589944607	77
1589944623	78
1589944968	79
1589945158	80
1589946464	81
1589946634	82
158994691X	83
1589947061	84
1589947207	85
1589949811	86
1591747775	87
1592923356	88
1593953534	89
1594721270	90
1601252455	91
1601253729	92
1601255624	93
1603800689	94
1603800859	95
1603801286	96
1604189681	97
1604189738	98
1616610158	99
1616611359	100
1616611626	101
1616611715	102
1616611898	103
1616613769	104
1616613777	105
1616613785	106
1616613793	107
1616613807	108
1616613815	109
161661398X	110
1616614471	111
1616614609	112
1616615044	113
1616615354	114
1616615362	115
1616615370	116
1616615389	117
161661658X	118
161661675X	119
1616616768	120
1616616776	121
1616617047	122
1616617667	123
1617680893	124
1886978018	125
1886978034	126
1892069725	127
192978001X	128
1929780109	129
1929780664	130
1929780699	131
1929780753	132
1929780907	133
1932188126	134
1932359842	135
1932855785	136
1933054395	137
1933054913	138
1933318430	139
1933318465	140
1933318732	141
1933318872	142
1933318996	143
1935305239	144
1936112159	145
1936112191	146
1936112264	147
193611237X	148
1936300036	149
1938146905	150
1938146999	151
2914849648	152
2914849656	153
291484977X	154
2914849850	155
2914849869	156
7293000014	157
8499000606	158
8499002323	159
8499009522	160
8677805966	161
9269806723	162
9269807096	163
9269807312	164
9269808955	165
9269809579	166
B00000DMBB	167
B00000DMBD	168
B00000DMBF	169
B00000DMBJ	170
B00000DMBK	171
B00000DMC6	172
B00000DMCE	173
B00000DMD2	174
B00000DMDN	175
B00000DMER	176
B00000DMF5	177
B00000DMF6	178
B00000DMFD	179
B00000DMFM	180
B00000DMFN	181
B00000DMFS	182
B00000DMFU	183
B00000GBQJ	184
B00000IRMM	185
B00000IRTH	186
B00000IRTI	187
B00000IRTS	188
B00000IRW0	189
B00000IRWA	190
B00000IRY1	191
B00000IRYI	192
B00000IRYM	193
B00000IRYQ	194
B00000IRZ4	195
B00000IRZ6	196
B00000IRZE	197
B00000IS0P	198
B00000IS1N	199
B00000ISC5	200
B00000ISEE	201
B00000ISEH	202
B00000ISEW	203
B00000ISFO	204
B00000ISK4	205
B00000ISKK	206
B00000ISR7	207
B00000ISUK	208
B00000ISVE	209
B00000IT40	210
B00000ITFQ	211
B00000ITIV	212
B00000ITOQ	213
B00000ITOY	214
B00000IU7S	215
B00000IU9Z	216
B00000IUA0	217
B00000IUBJ	218
B00000IUCE	219
B00000IUD2	220
B00000IUFA	221
B00000IUFD	222
B00000IURX	223
B00000IURZ	224
B00000IUT7	225
B00000IUX7	226
B00000IUXC	227
B00000IUYM	228
B00000IV34	229
B00000IV35	230
B00000IV3U	231
B00000IV3V	232
B00000IV4K	233
B00000IV8B	234
B00000IV8D	235
B00000IV8F	236
B00000IV95	237
B00000IVAK	238
B00000IVUJ	239
B00000IVXP	240
B00000IVZJ	241
B00000IW2S	242
B00000IW2Y	243
B00000IW3G	244
B00000IW3I	245
B00000IWBY	246
B00000IWCT	247
B00000IWCX	248
B00000IWCY	249
B00000IWCZ	250
B00000IWD0	251
B00000IWD2	252
B00000IWD3	253
B00000IWD4	254
B00000IWD6	255
B00000IWD7	256
B00000IWDB	257
B00000IWDD	258
B00000IWDO	259
B00000IWDP	260
B00000IWDQ	261
B00000IWDR	262
B00000IWEP	263
B00000IWGQ	264
B00000IWH6	265
B00000IWH8	266
B00000IWH9	267
B00000IWHE	268
B00000IWHF	269
B00000IWHG	270
B00000IWHI	271
B00000IWHP	272
B00000IWI1	273
B00000IWI6	274
B00000IWIA	275
B00000IWIB	276
B00000IWIK	277
B00000IWIT	278
B00000IZC9	279
B00000IZEL	280
B00000IZEM	281
B00000IZKW	282
B00000IZKX	283
B00000IZKY	284
B00000IZOR	285
B00000IZOU	286
B00000IZOX	287
B00000IZPL	288
B00000IZQE	289
B00000IZQP	290
B00000IZQQ	291
B00000IZQX	292
B00000IZW2	293
B00000IZXG	294
B00000IZYR	295
B00000IZZD	296
B00000J03J	297
B00000J048	298
B00000J05S	299
B00000J0B7	300
B00000J0HG	301
B00000J0JF	302
B00000J0L5	303
B00000J0NT	304
B00000J0RJ	305
B00000J0S3	306
B00000J0SC	307
B00000J15D	308
B00000J161	309
B00000J1DM	310
B00000J421	311
B00000J4B3	312
B00000J4HK	313
B00000J4I6	314
B00000J4QK	315
B00000J4SP	316
B00000J4XU	317
B00000J4XX	318
B00000J4YP	319
B00000J50C	320
B00000J50F	321
B00000J58X	322
B00000J6JX	323
B00000J9LP	324
B00000JBL7	325
B00000JBLI	326
B00000JD5S	327
B00000JGWY	328
B00000JH3R	329
B00000JH41	330
B00000JHX6	331
B00000JHX8	332
B00000JHXA	333
B00000JHXB	334
B00000JHXD	335
B00000JHXE	336
B00000JHXQ	337
B00000JHXT	338
B00000JIC6	339
B00000JICT	340
B00000JICU	341
B00000JIVS	342
B00000JJ7S	343
B00000JKWY	344
B00000JN49	345
B00000JPES	346
B00000JPFF	347
B00000JQ4X	348
B00000JS5S	349
B00000JVRT	350
B00000JW9S	351
B00000K0FY	352
B00000K1VR	353
B00000K1Y9	354
B00000K2IO	355
B00000K3BR	356
B00000K3BU	357
B00000K3PW	358
B00000K3SO	359
B00000K3SP	360
B00000PQHL	361
B00001O353	362
B00001OK75	363
B00001P4QK	364
B00001QEAH	365
B00001R3OL	366
B00001R3PJ	367
B00001TPYA	368
B00001TQ09	369
B00001TQ0J	370
B00001ZT4D	371
B00001ZWV7	372
B00001ZX17	373
B0000205WQ	374
B0000205X3	375
B0000205XH	376
B0000205XI	377
B0000206G9	378
B000021Y68	379
B00002DHEV	380
B00002EIVN	381
B00002MZ8A	382
B00002QUNX	383
B000030000	384
B00003008E	385
B000031XD7	386
B000031XDE	387
B000034DOI	388
B000038A89	389
B000038A8C	390
B000038A8G	391
B00003G1U1	392
B00003G1U2	393
B00003GPDQ	394
B00003GPDU	395
B00003GPTI	396
B000046S2Q	397
B00004NKJ0	398
B00004NKJO	399
B00004NKKN	400
B00004NKLB	401
B00004R7OJ	402
B00004R8K3	403
B00004R8LW	404
B00004R8LX	405
B00004R8LZ	406
B00004R8M2	407
B00004R8VT	408
B00004RE0G	409
B00004S7ZG	410
B00004SCWA	411
B00004SDAG	412
B00004SDAP	413
B00004SDB4	414
B00004SDBL	415
B00004SU7V	416
B00004T1BW	417
B00004T2WP	418
B00004T2X8	419
B00004T2X9	420
B00004T2XL	421
B00004T2XP	422
B00004T58G	423
B00004T71M	424
B00004T76D	425
B00004TBFB	426
B00004TDML	427
B00004TDTQ	428
B00004TFRN	429
B00004TFRP	430
B00004TFVQ	431
B00004TFXQ	432
B00004TFXT	433
B00004TFYY	434
B00004TFZJ	435
B00004TQ2O	436
B00004TQKU	437
B00004TQLI	438
B00004TQMQ	439
B00004TRD7	440
B00004TXLQ	441
B00004TXLR	442
B00004TXM5	443
B00004TXNR	444
B00004TYF2	445
B00004TZY8	446
B00004U06T	447
B00004U1RA	448
B00004U31Z	449
B00004U327	450
B00004U328	451
B00004U3D9	452
B00004U3E3	453
B00004U3E4	454
B00004U3F0	455
B00004U3F1	456
B00004U3FX	457
B00004U5UF	458
B00004UBGU	459
B00004UBH0	460
B00004UBH2	461
B00004UBH3	462
B00004UD6H	463
B00004UD77	464
B00004UD79	465
B00004UDWU	466
B00004UE4A	467
B00004UE4C	468
B00004UE4S	469
B00004UFOO	470
B00004VX2C	471
B00004W156	472
B00004W3Y4	473
B00004W3Y5	474
B00004W4SQ	475
B00004W60G	476
B00004W60H	477
B00004WCHW	478
B00004WCI0	479
B00004WHN9	480
B00004WHO4	481
B00004WJSN	482
B00004WJSX	483
B00004WJU4	484
B00004WKPM	485
B00004WKPP	486
B00004WKR7	487
B00004WKR9	488
B00004WKT8	489
B00004WKU2	490
B00004WKVF	491
B00004WKVI	492
B00004WKVJ	493
B00004WKVK	494
B00004XCKF	495
B00004YO0Y	496
B00004YRPC	497
B00004YRPF	498
B00004YSXF	499
B00004YSYQ	500
B00004YT13	501
B00004YT2Q	502
B00004YTIP	503
B00004YTJE	504
B00004YTKT	505
B00004YTPO	506
B00004YTPV	507
B00004YURW	508
B00004YUYS	509
B00004Z4BB	510
B00004Z58D	511
B000050B3H	512
B000050B44	513
B000051ZGU	514
B0000524NG	515
B000056BT7	516
B000056JLL	517
B00005850G	518
B00005850H	519
B000058A39	520
B000058TJ3	521
B000059EHQ	522
B000059EHX	523
B000059EI0	524
B000059EI7	525
B000059EI9	526
B000059GWH	527
B000059LBN	528
B00005A77N	529
B00005ATWC	530
B00005AWB5	531
B00005BAHT	532
B00005BH1P	533
B00005BHK3	534
B00005BHK6	535
B00005BHK7	536
B00005BHK9	537
B00005BHNO	538
B00005BHT0	539
B00005BHUR	540
B00005BHUU	541
B00005BLMC	542
B00005BMJ2	543
B00005BMKX	544
B00005BMX9	545
B00005BO0O	546
B00005BPIK	547
B00005BPPA	548
B00005BRFM	549
B00005BRW5	550
B00005BTWU	551
B00005BV89	552
B00005BVE0	553
B00005BVK7	554
B00005BVRQ	555
B00005BW71	556
B00005BXJ0	557
B00005BXMZ	558
B00005BY2A	559
B00005BY3U	560
B00005BY3W	561
B00005BY4I	562
B00005BYPA	563
B00005BYPQ	564
B00005BYWN	565
B00005BZD5	566
B00005BZEJ	567
B00005BZKD	568
B00005BZM6	569
B00005C12Q	570
B00005C2KF	571
B00005C34Z	572
B00005C8R9	573
B00005CES0	574
B00005ICC4	575
B00005J36F	576
B00005J38T	577
B00005JG3Y	578
B00005JS7E	579
B00005JS94	580
B00005JSA0	581
B00005KBVD	582
B00005LBY5	583
B00005LBZO	584
B00005LDWX	585
B00005LOXV	586
B00005MA07	587
B00005ME51	588
B00005MNV6	589
B00005MP02	590
B00005N5FA	591
B00005N6Y8	592
B00005N9EE	593
B00005N9YI	594
B00005N9YL	595
B00005NOKI	596
B00005NQE8	597
B00005O63Q	598
B00005O6B7	599
B00005O6TY	600
B00005O7NV	601
B00005OAQV	602
B00005OARQ	603
B00005OWEP	604
B00005QBWG	605
B00005QF4E	606
B00005QX3O	607
B00005QYYB	608
B00005R179	609
B00005R17A	610
B00005R5QN	611
B00005R5QT	612
B00005RF5C	613
B00005RF5D	614
B00005RF5G	615
B00005U5A7	616
B00005U8TE	617
B00005UFC1	618
B00005UKIZ	619
B00005UM9P	620
B00005UNAV	621
B00005UNAX	622
B00005V3UU	623
B00005Y4JI	624
B00005YVRL	625
B00005YVRN	626
B00005YVRP	627
B00005YWNX	628
B00005YXUM	629
B00005YXV1	630
B00005YXV2	631
B00005YXWD	632
B00005YXXZ	633
B00005YYFN	634
B000060NQV	635
B000062SP5	636
B000062SPW	637
B000062SPZ	638
B000062SQA	639
B000062SQK	640
B000062SRJ	641
B000062SRP	642
B000062SRQ	643
B000062TS8	644
B000062VU0	645
B000062VU9	646
B000062VUG	647
B000062XQ4	648
B000062XQ5	649
B000062XQ8	650
B000062XQ9	651
B0000630KZ	652
B0000630L2	653
B0000630L4	654
B0000632R8	655
B000063JQJ	656
B000063JQM	657
B000063KC8	658
B000063KCJ	659
B000063XMN	660
B000063XO3	661
B00006408Q	662
B0000645DD	663
B0000658L4	664
B0000658L5	665
B000065AEY	666
B000065AG7	667
B000065CKT	668
B000065CML	669
B0000663PZ	670
B0000663QL	671
B0000663RL	672
B0000663SF	673
B00006654A	674
B00006667N	675
B00006667R	676
B000066983	677
B0000669A5	678
B0000669DR	679
B000066HSN	680
B000066HTC	681
B000066RWZ	682
B000066SW0	683
B000067818	684
B000067BID	685
B000067BIE	686
B000067BIF	687
B000067BIS	688
B000067NXE	689
B000067P6G	690
B000067PWG	691
B000067PWV	692
B000067QC0	693
B000067QIH	694
B000067QWM	695
B000067QXC	696
B000067R1S	697
B000067R6I	698
B000067RNM	699
B0000683A4	700
B000068CKY	701
B000068CKZ	702
B000068E3J	703
B000068E3K	704
B000068E6D	705
B000068QHY	706
B000068WN0	707
B000068WN1	708
B0000696CO	709
B00006BMQK	710
B00006DY2I	711
B00006FDLT	712
B00006FDMF	713
B00006HBTD	714
B00006IBOP	715
B00006IBOR	716
B00006IBOU	717
B00006IBP3	718
B00006IBP6	719
B00006IFH0	720
B00006IFJ4	721
B00006IFJ5	722
B00006IJE6	723
B00006IJE7	724
B00006IJHY	725
B00006IJSH	726
B00006JBKT	727
B00006JIO3	728
B00006JZCG	729
B00006JZCM	730
B00006JZCR	731
B00006JZCS	732
B00006JZCX	733
B00006JZOR	734
B00006L50P	735
B00006N5SD	736
B00006SHRU	737
B00006ZCBU	738
B00006ZCC7	739
B000070IW0	740
B0000775FZ	741
B0000789T0	742
B0000789TA	743
B0000789TH	744
B0000789TI	745
B00007A1S2	746
B00007A1S3	747
B00007A1S5	748
B00007B5EL	749
B00007BK8Y	750
B00007BK9D	751
B00007BK9G	752
B00007DWBV	753
B00007E9B9	754
B00007E9BC	755
B00007F8OJ	756
B00007F8Q0	757
B00007FY4H	758
B00007G39I	759
B00007GCYO	760
B00007GCYP	761
B00007IT50	762
B00007KGZG	763
B00007L11O	764
B00007L12O	765
B00007L12U	766
B000083E0C	767
B00008455L	768
B000084JM8	769
B000084JMC	770
B000084JMG	771
B000084JMV	772
B0000859QK	773
B000087L1K	774
B000087L1L	775
B000087L1N	776
B000087LI0	777
B000088UPO	778
B000088UPU	779
B000088UPW	780
B000089GCM	781
B00008BFZH	782
B00008BR9T	783
B00008GYCZ	784
B00008J1AY	785
B00008MIGP	786
B00008MIGQ	787
B00008MIHM	788
B00008MIHU	789
B00008O0ZX	790
B00008O0ZY	791
B00008PVZ6	792
B00008PVZ7	793
B00008PVZA	794
B00008PVZB	795
B00008PVZG	796
B00008PVZI	797
B00008PW02	798
B00008PW04	799
B00008PW0H	800
B00008PW0J	801
B00008QJ15	802
B00008QJ25	803
B00008URUN	804
B00008URUO	805
B00008URUQ	806
B00008URUS	807
B00008URUT	808
B00008W72D	809
B00008W73Z	810
B00008W75U	811
B00008WFWR	812
B00008X340	813
B00008X351	814
B00008X353	815
B00008X35E	816
B00008X35U	817
B00008XL18	818
B00008XL31	819
B00008YSQ9	820
B00008ZCDO	821
B00008ZCEE	822
B00008ZCEF	823
B000090W81	824
B0000936KZ	825
B0000945KN	826
B000096M5G	827
B000096NYJ	828
B000096P2Z	829
B000096P3A	830
B000096PNA	831
B000096Q6Y	832
B000096Q85	833
B000096QCF	834
B000096QJP	835
B000096QJQ	836
B000096QL3	837
B000096QMU	838
B000096QN1	839
B000096QN4	840
B000096QNK	841
B000096QQ1	842
B000096R0P	843
B000096R4K	844
B000096R6U	845
B000096RBO	846
B000096RFF	847
B000099337	848
B000099Z3R	849
B000099Z4L	850
B000099Z7R	851
B000099Z8H	852
B000099Z8M	853
B000099Z95	854
B000099ZDL	855
B00009AA6G	856
B00009AVLV	857
B00009AVLZ	858
B00009AWM4	859
B00009B1UI	860
B00009END7	861
B00009ENDM	862
B00009ENDT	863
B00009ENED	864
B00009ILYC	865
B00009ILZF	866
B00009ILZH	867
B00009IM50	868
B00009IM5V	869
B00009IM5W	870
B00009IM74	871
B00009IM78	872
B00009IM7V	873
B00009IMAN	874
B00009IMDI	875
B00009KWSR	876
B00009KWTB	877
B00009KWU4	878
B00009KWV5	879
B00009KWV6	880
B00009KWYS	881
B00009KWZ4	882
B00009KWZM	883
B00009KWZR	884
B00009KX0J	885
B00009KX0N	886
B00009KX2L	887
B00009KX6X	888
B00009MOO6	889
B00009QMQT	890
B00009VDXX	891
B00009VE0D	892
B00009VPJN	893
B00009W9JA	894
B00009WBWK	895
B00009XNRU	896
B00009XNSS	897
B00009XNST	898
B00009XNSU	899
B00009XNSY	900
B00009XNTI	901
B00009XO8U	902
B00009YEGL	903
B00009YEHQ	904
B00009YOQK	905
B00009YOQW	906
B00009YOTF	907
B00009ZKRO	908
B0000A1R4S	909
B0000A1Z3X	910
B0000A1Z5K	911
B0000A1ZF7	912
B0000A30RN	913
B0000A9XZ2	914
B0000A9XZF	915
B0000AP6EP	916
B0000AP6LD	917
B0000AQODM	918
B0000AVBPM	919
B0000AW5SU	920
B0000AZAL6	921
B0000AZTBE	922
B0000B36QU	923
B0000BUSP9	924
B0000BW58E	925
B0000BX8MA	926
B0000BYRUI	927
B0000C4E3M	928
B0000C4E3N	929
B0000C5GDL	930
B0000C9W8Z	931
B0000C9WI1	932
B0000C9WI2	933
B0000CED9A	934
B0000D12WT	935
B0000D12WU	936
B0000D12XT	937
B0000D1BLS	938
B0000DEW8P	939
B0000DG5TB	940
B0000DH5T9	941
B0000DH5TR	942
B0000DJ3DW	943
B0000DJ3DY	944
B0000DJ3E1	945
B0000DJ3E2	946
B0000DJ3FL	947
B0000DJAYT	948
B0000DZCRT	949
B0000E2DJD	950
B0000E39PG	951
B0000E6I1F	952
B0000E6ZCI	953
B0000U11LW	954
B0000VSGU0	955
B0000WXGL8	956
B0000Y8I0K	957
B0000Z17MK	958
B0000Z4WZ4	959
B0000ZRHZG	960
B0001206C4	961
B00012O42W	962
B00012TGK2	963
B00012TGL6	964
B00012TISM	965
B00014BWQ6	966
B000161RFA	967
B00017ILJ4	968
B00017K2C8	969
B00018WKPO	970
B000197NXM	971
B00019GLOO	972
B00019RB7K	973
B0001AEZTG	974
B0001CJANU	975
B0001CU0Q6	976
B0001CU1QA	977
B0001DKIKI	978
B0001DS4TA	979
B0001DUB8W	980
B0001FPRC0	981
B0001GBROQ	982
B0001GDOZG	983
B0001GDP00	984
B0001H09F8	985
B0001IA7N6	986
B0001ITVZQ	987
B0001J2NH8	988
B0001J2NKK	989
B0001LATN6	990
B0001LUG2K	991
B0001MB7UO	992
B0001MIPXQ	993
B0001NE2AK	994
B0001NE4TO	995
B0001NE4VC	996
B0001NE4WQ	997
B0001NE6W4	998
B0001NE76O	999
B0001NE7C8	1000
B0001NE85Y	1001
B0001NE93K	1002
B0001NEAB6	1003
B0001OM1B6	1004
B0001OM1CA	1005
B0001OM1D4	1006
B0001U1VKC	1007
B0001U2CFU	1008
B0001VJWFW	1009
B0001VJWY8	1010
B0001VUF9E	1011
B0001VUNS2	1012
B0001VUNUA	1013
B0001VUNUK	1014
B0001VUNVE	1015
B0001VUNXC	1016
B0001VUSMI	1017
B0001VUX1Y	1018
B0001VUX2I	1019
B0001VUX3C	1020
B0001VUYUE	1021
B0001VV1E2	1022
B0001VV1F6	1023
B0001VV1GK	1024
B0001VV1GU	1025
B0001VV534	1026
B0001VV8PY	1027
B0001VV8QI	1028
B0001VVB9C	1029
B0001VVBBA	1030
B0001W8KCW	1031
B0001W94FY	1032
B0001WCX3E	1033
B0001WWKU0	1034
B0001X0DQW	1035
B0001X0DR6	1036
B0001X0DRQ	1037
B0001X0DS0	1038
B0001X2XE2	1039
B0001XNTJA	1040
B0001Y6IIS	1041
B0001Y7H2Y	1042
B0001YH03U	1043
B0001YM1ES	1044
B0001YNKW0	1045
B0001YNKWA	1046
B0001YNLIS	1047
B0001YNLJW	1048
B0001YNLLK	1049
B0001Z5TGE	1050
B0001ZJ7NK	1051
B0001ZJHW6	1052
B0001ZVBZM	1053
B00020LXKY	1054
B00020LYBC	1055
B00020QJ6M	1056
B00020V4Y4	1057
B00020V50M	1058
B00020V58O	1059
B00020V598	1060
B00020V59S	1061
B000212VH2	1062
B000219X6E	1063
B00021H91U	1064
B00021H924	1065
B00021H92Y	1066
B00021HB90	1067
B00021HB9K	1068
B00021HB9U	1069
B00021HBAO	1070
B00021HBN6	1071
B00021Z1XS	1072
B00021Z2FK	1073
B00021Z2FU	1074
B000227NAQ	1075
B00022F0JW	1076
B00022F0WE	1077
B00022F0WO	1078
B00022H9B4	1079
B00022IBP2	1080
B00022W6DA	1081
B000231E8C	1082
B000231EKA	1083
B000231EX2	1084
B000231FAE	1085
B000231FNQ	1086
B000231FSQ	1087
B000231G58	1088
B000232ZK8	1089
B00023DENA	1090
B00023HUYE	1091
B00023HVKC	1092
B000246L8E	1093
B000246MS8	1094
B00024ALZS	1095
B00024GS9Q	1096
B00024GSAA	1097
B00024GSAK	1098
B00024JRM6	1099
B00024QOUO	1100
B00024QU8K	1101
B00024R0KW	1102
B00025EIZG	1103
B00026ZEDK	1104
B0002717BW	1105
B0002717C6	1106
B0002717EE	1107
B000277ATA	1108
B0002791J2	1109
B00027P7SQ	1110
B000283X2M	1111
B000283X3G	1112
B000284X58	1113
B000284X6M	1114
B000284X6W	1115
B000284XUS	1116
B000284ZNI	1117
B00028A0Z0	1118
B00028SAU2	1119
B00028SBLU	1120
B00028X3ZO	1121
B000296DSC	1122
B000296LJI	1123
B000296LJS	1124
B000296LPC	1125
B000296LSO	1126
B000297POI	1127
B00029R660	1128
B00029R6GA	1129
B00029R6H4	1130
B0002A5IBY	1131
B0002A5J04	1132
B0002A5J0Y	1133
B0002AHQWS	1134
B0002AHVAA	1135
B0002AUWKG	1136
B0002BSTY6	1137
B0002CK9SE	1138
B0002CYPO8	1139
B0002CYSQ8	1140
B0002CYTXK	1141
B0002D0F8W	1142
B0002D0FDM	1143
B0002D0FDW	1144
B0002DF65Y	1145
B0002E3B82	1146
B0002EB5SA	1147
B0002EH3IQ	1148
B0002F6IVS	1149
B0002F704W	1150
B0002F7KTW	1151
B0002F7KUG	1152
B0002FQUHK	1153
B0002GFPXO	1154
B0002GFSOA	1155
B0002GZ60Q	1156
B0002HABZU	1157
B0002HL0BO	1158
B0002HNNL4	1159
B0002HR3L0	1160
B0002HR6KI	1161
B0002HRVJO	1162
B0002HRXBK	1163
B0002HWFBS	1164
B0002HWFV8	1165
B0002HY7KU	1166
B0002HYBXS	1167
B0002HYC00	1168
B0002HYCCI	1169
B0002HYCZA	1170
B0002HYD1S	1171
B0002HYD2W	1172
B0002HYD5E	1173
B0002HYD72	1174
B0002HYD9A	1175
B0002HYDB8	1176
B0002HYDL8	1177
B0002HYFF2	1178
B0002HYFL6	1179
B0002HYH50	1180
B0002HYHSW	1181
B0002HYHT6	1182
B0002HYPG6	1183
B0002HZHQI	1184
B0002HZHUY	1185
B0002HZHXG	1186
B0002HZLWI	1187
B0002HZPVK	1188
B0002HZS8U	1189
B0002HZSQW	1190
B0002HZSRQ	1191
B0002HZSVW	1192
B0002HZSX0	1193
B0002I6NII	1194
B0002IBTVY	1195
B0002IBTXW	1196
B0002IK9CO	1197
B0002ISF5W	1198
B0002JJU3C	1199
B0002JZOL4	1200
B0002KPGCU	1201
B0002KPGG6	1202
B0002KQ7JQ	1203
B0002KVKFM	1204
B0002L515G	1205
B0002L9HQU	1206
B0002L9J2C	1207
B0002MHMFM	1208
B0002MOJ62	1209
B0002OH0YS	1210
B0002P5GD4	1211
B0002PUCFG	1212
B0002Q0O4E	1213
B0002Q1XM6	1214
B0002Q1XNA	1215
B0002Q2O9C	1216
B0002SC7CE	1217
B0002TG4BS	1218
B0002TV2NS	1219
B0002TV2O2	1220
B0002U6IEA	1221
B0002UP01M	1222
B0002UP0IA	1223
B0002V82O8	1224
B0002V84TQ	1225
B0002V84X2	1226
B0002VIVJO	1227
B0002VJYSQ	1228
B0002VNPL8	1229
B0002VZ0ZC	1230
B0002WSKA8	1231
B0002XO5Z6	1232
B0002YDPRO	1233
B0002YDPT2	1234
B0002YDPTW	1235
B0002YDPX8	1236
B0002YDPY2	1237
B0002YDQ6O	1238
B0002YDQBY	1239
B0002ZQFIY	1240
B000301PG0	1241
B0003069ZC	1242
B000308FS6	1243
B00030DEZA	1244
B00030EOIG	1245
B00030EP12	1246
B00030EP4E	1247
B00030EPJE	1248
B00030EPJO	1249
B00030LPWY	1250
B00030LQK0	1251
B00031XXAU	1252
B0003MA0PK	1253
B00061I3YS	1254
B00061I4U6	1255
B00061MJZ2	1256
B0006216GO	1257
B0006216Q4	1258
B00062J99K	1259
B00062X6KS	1260
B00062X6L2	1261
B00062X6LC	1262
B00063FDNA	1263
B00063FE66	1264
B000641DPQ	1265
B000643A4S	1266
B000643A52	1267
B00064MUJE	1268
B00064NZS4	1269
B00064SAP2	1270
B00064Z10Y	1271
B00065AQ12	1272
B00065AQ2Q	1273
B00065VYHW	1274
B00066LFT8	1275
B00067AE44	1276
B00067TAWG	1277
B00067U1OM	1278
B00067Y4AO	1279
B00068Q7LC	1280
B00068S7OW	1281
B00068S82I	1282
B00068S8IC	1283
B0006FHAXO	1284
B0006FSEOI	1285
B0006FUFL8	1286
B0006FUG26	1287
B0006FUH4S	1288
B0006GK2K6	1289
B0006GK5GW	1290
B0006GK6W0	1291
B0006GK9RC	1292
B0006GK9ZY	1293
B0006GKATO	1294
B0006GKBT8	1295
B0006GKFHQ	1296
B0006GKKJE	1297
B0006GUY18	1298
B0006GVA16	1299
B0006H4AXU	1300
B0006H5WWS	1301
B0006H5WX2	1302
B0006H5WXC	1303
B0006H5WXW	1304
B0006H5X9K	1305
B0006HB9FW	1306
B0006HB9G6	1307
B0006HCA82	1308
B0006HCW3A	1309
B0006HCWH6	1310
B0006HUH0U	1311
B0006IGX66	1312
B0006IRTU0	1313
B0006IYLMO	1314
B0006JGFNQ	1315
B0006JKE56	1316
B0006KQIX2	1317
B0006KSNSA	1318
B0006LCK9W	1319
B0006M1ANI	1320
B0006M6VV4	1321
B0006M9LSO	1322
B0006MY74C	1323
B0006MY7HE	1324
B0006MZL88	1325
B0006N5F7O	1326
B0006N6PRI	1327
B0006N6UPU	1328
B0006N6USM	1329
B0006N6ZBO	1330
B0006N8NUU	1331
B0006N8T7C	1332
B0006N8X3M	1333
B0006N8YU4	1334
B0006NAQ64	1335
B0006NAQ6O	1336
B0006NAR7C	1337
B0006NAR90	1338
B0006NARAE	1339
B0006NDB6Q	1340
B0006NDBXY	1341
B0006NDBYI	1342
B0006NDC42	1343
B0006NDCMY	1344
B0006NDDEQ	1345
B0006NE3EK	1346
B0006NGVAY	1347
B0006NGVM2	1348
B0006NGVOU	1349
B0006NM1K8	1350
B0006NM22K	1351
B0006NMQGM	1352
B0006NUI76	1353
B0006NVX2A	1354
B0006O0BJ0	1355
B0006O0C2G	1356
B0006O4AK6	1357
B0006O5D66	1358
B0006O7RR4	1359
B0006O8Q7Y	1360
B0006OCF8K	1361
B0006OFXSE	1362
B0006OHMU6	1363
B0006OHN7I	1364
B0006OHNCI	1365
B0006OIG3S	1366
B0006OIG42	1367
B0006OIG4C	1368
B0006OJ2M2	1369
B0006PJ0JG	1370
B0006PJOW4	1371
B0006PKZ1I	1372
B0006PKZ22	1373
B0006PKZ7W	1374
B0006PKZBI	1375
B0006Q0DFA	1376
B0006SHLRQ	1377
B0006ST0XE	1378
B0006TPCS0	1379
B0006TPCSU	1380
B0006TZD1Q	1381
B0006UHE8U	1382
B0006YXVKQ	1383
B0006Z8YB6	1384
B0006Z8YBQ	1385
B0006ZVZ94	1386
B00073JTQQ	1387
B00073JTR0	1388
B000747O6W	1389
B00074FYAA	1390
B00074FYAU	1391
B00076DIX8	1392
B00076OC88	1393
B00076OC8S	1394
B00077FCT0	1395
B00078ANHA	1396
B00078ZHIU	1397
B00079407S	1398
B000795MPM	1399
B00079RC5K	1400
B0007CKADI	1401
B0007CSEYA	1402
B0007CUU9W	1403
B0007D0UYQ	1404
B0007DI63S	1405
B0007DI65G	1406
B0007IS6XS	1407
B0007KK0V2	1408
B0007KLHA0	1409
B0007LD3OM	1410
B0007LD3PG	1411
B0007LDHWK	1412
B0007LQ1DC	1413
B0007LXVOO	1414
B0007LYKX0	1415
B0007M3ZH6	1416
B0007N697S	1417
B0007OAPHC	1418
B0007ODGIC	1419
B0007ODGTQ	1420
B0007ODH9K	1421
B0007OF1QC	1422
B0007OF234	1423
B0007ORYBC	1424
B0007OSM4A	1425
B0007OU6D0	1426
B0007P954U	1427
B0007P95JA	1428
B0007PAQCA	1429
B0007PC9CK	1430
B0007PHOYI	1431
B0007PHP2O	1432
B0007POHAW	1433
B0007Q1IO4	1434
B0007Q1J7K	1435
B0007QJ7ZG	1436
B0007QO4FY	1437
B0007R4J30	1438
B0007RKD9E	1439
B0007TZFB8	1440
B0007TZX6A	1441
B0007UB5VG	1442
B0007UB5YI	1443
B0007UO42S	1444
B0007UPXM8	1445
B0007UPXMI	1446
B0007V1J7U	1447
B0007V1LTG	1448
B0007V63BM	1449
B0007V63C6	1450
B0007V63K8	1451
B0007VVGX2	1452
B0007W05SS	1453
B0007WFEMK	1454
B0007WFGO6	1455
B0007WFI5I	1456
B0007WIZF8	1457
B0007WJ27S	1458
B0007WJ2B4	1459
B0007WJ2FU	1460
B0007WWZIG	1461
B0007WWZIQ	1462
B0007WWZJA	1463
B0007WWZK4	1464
B0007WWZKE	1465
B0007WWZL8	1466
B0007WWZLI	1467
B0007WWZLS	1468
B0007WX0IK	1469
B0007WX0NU	1470
B0007WX0QC	1471
B0007WX120	1472
B0007WX1HA	1473
B0007WX1HK	1474
B0007WX1IO	1475
B0007WXPHQ	1476
B0007XIDO0	1477
B0007XIDVS	1478
B0007XIZ0C	1479
B0007XIZ0M	1480
B0007XIZ1G	1481
B0007XIZ1Q	1482
B0007XIZ20	1483
B0007XIZ48	1484
B0007XIZ4I	1485
B0007XIZ6Q	1486
B0007Y149K	1487
B0007Y4DLG	1488
B0007YDBDC	1489
B0007YDBLE	1490
B0007YDC0E	1491
B0007YDCKE	1492
B0007YDD4E	1493
B0007YDDTE	1494
B0007YDEFW	1495
B0007YDEG6	1496
B0007YDEGQ	1497
B0007YDES4	1498
B0007YFJI2	1499
B0007ZCJ2A	1500
B0007ZCJRK	1501
B0007ZKN6E	1502
B0007ZKSEG	1503
B0007ZULSY	1504
B0007ZYY14	1505
B000809NJ6	1506
B000809NNC	1507
B000809NZK	1508
B000809O68	1509
B000809OAO	1510
B000809PAS	1511
B000809PYE	1512
B00080AQTC	1513
B00080VM8G	1514
B00080VMF4	1515
B00080VMKY	1516
B00080VMLS	1517
B000816IUC	1518
B00081RYNC	1519
B00083DD4O	1520
B00083HIJK	1521
B00083HIL8	1522
B00083HJ26	1523
B00083HKHK	1524
B00083HKL6	1525
B00083HOXA	1526
B00083IQSC	1527
B00085EWXS	1528
B0008ELWYG	1529
B0008ELX2C	1530
B0008FUBM4	1531
B0008FUCY6	1532
B0008FUD04	1533
B0008FUD18	1534
B0008FUDAE	1535
B0008FUDBI	1536
B0008G223O	1537
B0008GMGZ8	1538
B0008JIL72	1539
B0008JIL90	1540
B0008JILAE	1541
B00092A7FC	1542
B00092A7HK	1543
B000930C6A	1544
B000930CLA	1545
B000930CSS	1546
B0009314KS	1547
B000935KMG	1548
B000935KN0	1549
B00094DMMU	1550
B00095LHU8	1551
B00099EBFW	1552
B00099EBH0	1553
B00099EBUC	1554
B0009AD6NY	1555
B0009AG8OI	1556
B0009B0M4E	1557
B0009DPQUM	1558
B0009EJYZ4	1559
B0009EN6EY	1560
B0009EP45S	1561
B0009F4YR6	1562
B0009F4YRG	1563
B0009HCNX6	1564
B0009HLSP0	1565
B0009HLSZK	1566
B0009I8NR0	1567
B0009IBD2C	1568
B0009IBY58	1569
B0009ICKBU	1570
B0009ICKCO	1571
B0009ITLLC	1572
B0009JCTTW	1573
B0009JJPEY	1574
B0009JRPBY	1575
B0009JW3Q6	1576
B0009K30YY	1577
B0009K3116	1578
B0009K31D4	1579
B0009K4ECQ	1580
B0009K4ED0	1581
B0009K6JYW	1582
B0009K6K0A	1583
B0009K6K50	1584
B0009K6KEG	1585
B0009KJ1LA	1586
B0009KS04Y	1587
B0009NWZT2	1588
B0009OJEIQ	1589
B0009P3OTA	1590
B0009P5GUA	1591
B0009P5YXO	1592
B0009PAMWM	1593
B0009PAMWW	1594
B0009PAMXQ	1595
B0009PAMY0	1596
B0009PAMYK	1597
B0009PAN1C	1598
B0009PAN1M	1599
B0009QXXB8	1600
B0009QYT5W	1601
B0009S5AWQ	1602
B0009S5TYA	1603
B0009S5U08	1604
B0009S5U26	1605
B0009S5U2Q	1606
B0009U7JNW	1607
B0009UBS2K	1608
B0009V89IK	1609
B0009WLRNI	1610
B0009XBWMS	1611
B0009XBXHM	1612
B0009XBY26	1613
B0009XBY2G	1614
B0009XBY30	1615
B0009XBY3A	1616
B0009XBYHQ	1617
B0009XBZ6G	1618
B0009XFTPO	1619
B0009Z3J6S	1620
B0009Z3KDU	1621
B0009Z3KKS	1622
B0009Z3M8S	1623
B0009Z3MQU	1624
B000A0F5MS	1625
B000A0IBV0	1626
B000A10Z4U	1627
B000A12YBW	1628
B000A12YNU	1629
B000A16RL0	1630
B000A3E3WI	1631
B000A3U9ZI	1632
B000A3YI4Q	1633
B000A3YI5U	1634
B000A40W2W	1635
B000A42YB4	1636
B000A42YLY	1637
B000A42YM8	1638
B000A6L6WK	1639
B000A7BV92	1640
B000A7G4TY	1641
B000A7S596	1642
B000A7S5AK	1643
B000A88KOA	1644
B000A88KOK	1645
B000ACYTZK	1646
B000ACYW7K	1647
B000AD0ZCU	1648
B000AD5AXY	1649
B000AD5BDS	1650
B000AK9E66	1651
B000AKB4IM	1652
B000ALCK8E	1653
B000AM03TQ	1654
B000AM2K56	1655
B000AM2L1O	1656
B000AMMYCA	1657
B000ANIVRG	1658
B000AQJPQE	1659
B000AQT8R0	1660
B000AR84B0	1661
B000ARTT7S	1662
B000ARW60U	1663
B000AS2AL4	1664
B000AS94JA	1665
B000ASBJ0C	1666
B000ASC37K	1667
B000AV5LJO	1668
B000AX24HE	1669
B000AXMJP6	1670
B000AXMK32	1671
B000AXTNNC	1672
B000AYER0U	1673
B000B4SPX4	1674
B000B511L6	1675
B000B5MUFC	1676
B000B5MULG	1677
B000B652ZQ	1678
B000B65314	1679
B000B6531O	1680
B000B6531Y	1681
B000B6AH7O	1682
B000B6MKMO	1683
B000B6MLWI	1684
B000B6R36C	1685
B000B6UVJ8	1686
B000B74DWS	1687
B000B74E7C	1688
B000B74E9A	1689
B000B74E9K	1690
B000B74EIQ	1691
B000B74ELS	1692
B000B86MTY	1693
B000B8J74Q	1694
B000B8L48S	1695
B000BB56AC	1696
B000BB56B6	1697
B000BB56HA	1698
B000BB56KM	1699
B000BBGWVY	1700
B000BBSA0U	1701
B000BC7T9W	1702
B000BCEJ86	1703
B000BCEJ9A	1704
B000BDGANC	1705
B000BGT5YK	1706
B000BGT6CG	1707
B000BGT6LW	1708
B000BH3KOK	1709
B000BHIS5G	1710
B000BI8EMC	1711
B000BITRU0	1712
B000BIX382	1713
B000BK7JTO	1714
B000BKGM1K	1715
B000BKHY3K	1716
B000BKHYNU	1717
B000BKHYQC	1718
B000BLJ84C	1719
B000BN8XLY	1720
B000BN8XP0	1721
B000BN8Y4K	1722
B000BN8Y8G	1723
B000BN8YKE	1724
B000BN8YNG	1725
B000BN8YWW	1726
B000BN8Z44	1727
B000BNB0VY	1728
B000BNB0XC	1729
B000BNB122	1730
B000BNC90A	1731
B000BNC9DM	1732
B000BNC9LE	1733
B000BNC9P0	1734
B000BNCA4K	1735
B000BNEN90	1736
B000BNENIG	1737
B000BNEO9O	1738
B000BNEODU	1739
B000BNEOS0	1740
B000BNFHBI	1741
B000BNJIT0	1742
B000BNJITU	1743
B000BNJIVI	1744
B000BNLVA4	1745
B000BNY99E	1746
B000BPAIT2	1747
B000BPN3IU	1748
B000BPN3JO	1749
B000BPP2HA	1750
B000BR0FUW	1751
B000BR0FWU	1752
B000BR34ZA	1753
B000BR4JQI	1754
B000BR4JUY	1755
B000BR824I	1756
B000BR9DNC	1757
B000BR9DPK	1758
B000BSZ04W	1759
B000BTBDRE	1760
B000BTEC8Q	1761
B000BTNQUQ	1762
B000BTNQVA	1763
B000BTP30M	1764
B000BURAP2	1765
B000BUU5KO	1766
B000BUVZBM	1767
B000BUW7E6	1768
B000BUW7EG	1769
B000BUXZG0	1770
B000BVCKKG	1771
B000BVLBD8	1772
B000BVMAJ2	1773
B000BVMFLK	1774
B000BVNWJY	1775
B000BVPW4C	1776
B000BX1ZSM	1777
B000BX4TTO	1778
B000BXHOYQ	1779
B000BXJT9Y	1780
B000BXKMR2	1781
B000BXKN30	1782
B000BXKRLI	1783
B000BY3TKS	1784
B000BY5XB6	1785
B000BYAKEG	1786
B000BYE0A6	1787
B000BYNTYY	1788
B000BYPZIM	1789
B000BYRJVS	1790
B000BZ6TZE	1791
B000BZ6U0I	1792
B000BZB56W	1793
B000C24PTI	1794
B000C26AH8	1795
B000C8IMQ4	1796
B000C9DYPW	1797
B000CBSN0Q	1798
B000CBSNBU	1799
B000CBSNKQ	1800
B000CBSNRY	1801
B000CBURPU	1802
B000CBWVE0	1803
B000CBWVW2	1804
B000CBWWO4	1805
B000CDC87I	1806
B000CEV6FC	1807
B000CGX7SE	1808
B000CIQ4E6	1809
B000CP8BFO	1810
B000CPGYQC	1811
B000DH333G	1812
B000DIMXUE	1813
B000E0DYOU	1814
B000E1PY6U	1815
B000E3BNUE	1816
B000E3USRS	1817
B000E40RW8	1818
B000E5VEBA	1819
B000E6NQAQ	1820
B000E7RH46	1821
B000E7S48E	1822
B000E8B7XC	1823
B000E8S9WO	1824
B000E99Y6S	1825
B000E9BW18	1826
B000E9BZ42	1827
B000E9DPCW	1828
B000E9DPVI	1829
B000E9T8G4	1830
B000E9T8GE	1831
B000E9TDY6	1832
B000E9TDZA	1833
B000EAT33G	1834
B000EBFPSC	1835
B000EBXRZA	1836
B000ECU7FM	1837
B000EDQGLK	1838
B000EEL8A8	1839
B000EF5JDO	1840
B000EF81CU	1841
B000EG6F2C	1842
B000EGELPU	1843
B000EGI4OO	1844
B000EGIHK0	1845
B000EHREQ2	1846
B000EHSE0M	1847
B000EI3REY	1848
B000EID8S4	1849
B000EIFWNS	1850
B000EIV1OM	1851
B000EK59H0	1852
B000EK5AEC	1853
B000ELIXA4	1854
B000ELIXBS	1855
B000ELIXGI	1856
B000ELIXRW	1857
B000ELJ3Y4	1858
B000ELORPY	1859
B000ELORS6	1860
B000ELORV8	1861
B000ELOS0I	1862
B000ELQUZO	1863
B000ELQVAI	1864
B000ELSZT8	1865
B000ELSZW0	1866
B000ELV3ZG	1867
B000ELWHUQ	1868
B000ELYJFC	1869
B000EM98KM	1870
B000EMFAWM	1871
B000EMJAGE	1872
B000EMJALE	1873
B000EMRVB0	1874
B000EMRVOW	1875
B000EMRVP6	1876
B000EMSKYC	1877
B000EMSVKK	1878
B000ENRW4U	1879
B000ENW5Q0	1880
B000ENW5ZG	1881
B000ENW6FA	1882
B000ENW6IM	1883
B000ENW6LO	1884
B000ENW6LY	1885
B000ENW6PA	1886
B000EOEAFI	1887
B000EOEAW6	1888
B000EOGAUQ	1889
B000EOIFKY	1890
B000EOIFLI	1891
B000EPFEPM	1892
B000EPFESY	1893
B000EPFFJC	1894
B000EPJHO6	1895
B000EQGSXS	1896
B000EQGSZ6	1897
B000EQGSZQ	1898
B000EQGT00	1899
B000EQHIY6	1900
B000EQHK30	1901
B000EQHK3A	1902
B000ERAIW4	1903
B000EREGRM	1904
B000ERVLQQ	1905
B000ERVLVQ	1906
B000ESWFA6	1907
B000ESZQSE	1908
B000ETQR3Q	1909
B000ETRD9I	1910
B000ETRDMA	1911
B000ETRE0Q	1912
B000ETRE4W	1913
B000ETRE6K	1914
B000ETREBK	1915
B000ETREHE	1916
B000ETREI8	1917
B000ETREN8	1918
B000ETRENI	1919
B000ETRENS	1920
B000ETREQA	1921
B000ETRF3W	1922
B000ETRFHS	1923
B000ETRFJQ	1924
B000ETRFRS	1925
B000ETTFTE	1926
B000EUD9KE	1927
B000EUDAWG	1928
B000EUHKUE	1929
B000EUKRY0	1930
B000EULX8E	1931
B000EULX9I	1932
B000EULXA2	1933
B000EULXAM	1934
B000EULXBG	1935
B000EULXG6	1936
B000EULZDM	1937
B000EULZPU	1938
B000EULZRS	1939
B000EUMP72	1940
B000EUMP9K	1941
B000EVLZ9U	1942
B000EWHL5G	1943
B000EWWYM6	1944
B000EX0GW0	1945
B000EX2OQG	1946
B000EXRSI0	1947
B000EYF5IO	1948
B000EYF6TM	1949
B000EYF7RS	1950
B000F1MBRE	1951
B000F1QK9O	1952
B000F1ST1Q	1953
B000F2JZKO	1954
B000F3GNW6	1955
B000F3J8RI	1956
B000F3O1IY	1957
B000F3S09K	1958
B000F3S0B8	1959
B000F3SYY6	1960
B000F3V2MW	1961
B000F3V2R2	1962
B000F44PGQ	1963
B000F487F6	1964
B000F487GA	1965
B000F487KQ	1966
B000F49UY8	1967
B000F49VBA	1968
B000F4ABNC	1969
B000F4C4W8	1970
B000F4ELZ6	1971
B000F4G5KK	1972
B000F4GHOE	1973
B000F4GHP8	1974
B000F4K3C6	1975
B000F5FJVA	1976
B000F5OWSG	1977
B000F5SF52	1978
B000F5YYD4	1979
B000F5Z2SU	1980
B000F5Z2V2	1981
B000F676D8	1982
B000F6E50K	1983
B000F6F8CY	1984
B000F6RWW8	1985
B000F75FQM	1986
B000F7M8IA	1987
B000F8I5AE	1988
B000F8T026	1989
B000F8TANU	1990
B000F8TC8S	1991
B000F8VBBO	1992
B000F8XC9S	1993
B000F8XF8Q	1994
B000F9ISX2	1995
B000F9IV8Y	1996
B000F9IZFS	1997
B000F9J3M2	1998
B000F9O85E	1999
B000F9X792	2000
B000F9YDKY	2001
B000F9ZG3M	2002
B000FA6APE	2003
B000FA6B2Q	2004
B000FA6DXS	2005
B000FAB7I4	2006
B000FAMG3O	2007
B000FBUZ86	2008
B000FBUZUE	2009
B000FBX088	2010
B000FBX55Q	2011
B000FCDLCW	2012
B000FCI1Z4	2013
B000FCUS14	2014
B000FDAIHW	2015
B000FDALPQ	2016
B000FDFZ5W	2017
B000FEBVEK	2018
B000FEIWQA	2019
B000FEP8JY	2020
B000FFET52	2021
B000FFRZYE	2022
B000FGCY8K	2023
B000FGECAI	2024
B000FGEZ1E	2025
B000FGGG52	2026
B000FGIWHM	2027
B000FGKD2E	2028
B000FGKI2O	2029
B000FH18FY	2030
B000FHQJLW	2031
B000FIFIZY	2032
B000FIN2E8	2033
B000FIOB2A	2034
B000FIZ8YA	2035
B000FJ2HDE	2036
B000FJ4A84	2037
B000FJ4AD4	2038
B000FJTP1G	2039
B000FJTZLQ	2040
B000FK3QAG	2041
B000FK3WDC	2042
B000FKCYAO	2043
B000FL3HJ0	2044
B000FMLVMO	2045
B000FMNZBY	2046
B000FMQ3AY	2047
B000FMQS90	2048
B000FN2FI2	2049
B000FN69PC	2050
B000FNJU62	2051
B000FNPMZK	2052
B000FNTGZC	2053
B000FOHM2U	2054
B000FOQEH4	2055
B000FOTAS4	2056
B000FPCWXI	2057
B000FPCWXS	2058
B000FPDYOO	2059
B000FPE038	2060
B000FPFD8O	2061
B000FPHGW0	2062
B000FQ2DTA	2063
B000FQ9IG6	2064
B000FQBCGK	2065
B000FQBG7U	2066
B000FS70QE	2067
B000FSIJ0K	2068
B000FULOBE	2069
B000FVE938	2070
B000FY03E4	2071
B000FZDIB8	2072
B000FZND4K	2073
B000FZND9U	2074
B000FZNEJE	2075
B000FZP2XA	2076
B000FZQL6W	2077
B000FZVNM4	2078
B000FZZ0M8	2079
B000G2FOLC	2080
B000G2HSMA	2081
B000G2JQB6	2082
B000G3185M	2083
B000G32Z18	2084
B000G334Z4	2085
B000G3LR9Y	2086
B000G625JC	2087
B000G6F08A	2088
B000G6Y6R6	2089
B000G8S436	2090
B000G99IJY	2091
B000GA75R0	2092
B000GA90XC	2093
B000GAYMDA	2094
B000GBA60W	2095
B000GBMHAY	2096
B000GBNXA2	2097
B000GBPCNS	2098
B000GCNDOM	2099
B000GD3S4G	2100
B000GDDKLC	2101
B000GDGWWQ	2102
B000GDGWX0	2103
B000GE40SS	2104
B000GEA848	2105
B000GEALZO	2106
B000GECCHY	2107
B000GEDUMA	2108
B000GFCLZQ	2109
B000GFZMYS	2110
B000GG7XXK	2111
B000GGU9FY	2112
B000GHDR1G	2113
B000GHDR4S	2114
B000GHUSJK	2115
B000GHVHRW	2116
B000GHVJPM	2117
B000GHVLLO	2118
B000GHWTYM	2119
B000GHY3PK	2120
B000GI0S4E	2121
B000GI0TLQ	2122
B000GI0VLE	2123
B000GIJ4Y4	2124
B000GIL2DU	2125
B000GIPOJS	2126
B000GJ5GMW	2127
B000GKA5QI	2128
B000GKATU0	2129
B000GKATXM	2130
B000GKAU0O	2131
B000GKAU1I	2132
B000GKAXVK	2133
B000GKD006	2134
B000GKD01K	2135
B000GKD09C	2136
B000GKD470	2137
B000GKE2N0	2138
B000GKES4S	2139
B000GKI89O	2140
B000GKU0TA	2141
B000GKU2Z2	2142
B000GKU388	2143
B000GKU3GU	2144
B000GKU7KW	2145
B000GKW4GM	2146
B000GKW4I0	2147
B000GKW5MA	2148
B000GKW6CY	2149
B000GKW6FQ	2150
B000GKW6IS	2151
B000GKW6RE	2152
B000GKW73C	2153
B000GKXWZO	2154
B000GKXY66	2155
B000GKXY7U	2156
B000GKXYD4	2157
B000GKY2BM	2158
B000GKY2CQ	2159
B000GL1BAQ	2160
B000GL1BHO	2161
B000GL1BVA	2162
B000GL1DD6	2163
B000GL1DI6	2164
B000GL1DJ0	2165
B000GL1DTA	2166
B000GL1DUE	2167
B000GL1EEE	2168
B000GL1GC4	2169
B000GL1HV4	2170
B000GL1OL2	2171
B000GOF5S2	2172
B000GPSUEW	2173
B000GPWNWM	2174
B000GPYRG2	2175
B000GR75SC	2176
B000GR9O9U	2177
B000GT3RO6	2178
B000GT5ZQY	2179
B000GTLDIS	2180
B000GUBIS2	2181
B000GUEXBG	2182
B000GVSO4C	2183
B000GWN8ME	2184
B000GX40PW	2185
B000GYSYSU	2186
B000GYSYTE	2187
B000GYSZES	2188
B000GYSZOI	2189
B000GYUXQQ	2190
B000GYUYC4	2191
B000GYUZ1O	2192
B000GYUZ2S	2193
B000GYWX96	2194
B000GYWXOQ	2195
B000GYWXQY	2196
B000GYWXR8	2197
B000GYWXRS	2198
B000GYWXSC	2199
B000GYWXT6	2200
B000GYWXW8	2201
B000GYWYFE	2202
B000GYWYRW	2203
B000GYZ334	2204
B000GYZ3Q6	2205
B000GYZ3QG	2206
B000GZADU6	2207
B000GZCBFG	2208
B000GZGE3Q	2209
B000H0ZFY4	2210
B000H11O7U	2211
B000H124DI	2212
B000H236VQ	2213
B000H250GU	2214
B000H28FKS	2215
B000H35MW6	2216
B000H44MD0	2217
B000H66204	2218
B000H67EAQ	2219
B000H6DY5U	2220
B000H6E5WG	2221
B000H6FAUC	2222
B000H6FMAA	2223
B000H6H4II	2224
B000H6HA96	2225
B000H6O3O6	2226
B000H6QQE6	2227
B000H6X9S2	2228
B000H6YECW	2229
B000H6YRCO	2230
B000H70LYG	2231
B000H744IA	2232
B000H7RWZM	2233
B000H8WGB6	2234
B000H8Y2NQ	2235
B000HASC1W	2236
B000HAVGMY	2237
B000HAY766	2238
B000HAY7JI	2239
B000HB03RW	2240
B000HB33YM	2241
B000HBXWMA	2242
B000HCL94W	2243
B000HDC3QE	2244
B000HDH57G	2245
B000HGFF3O	2246
B000HGJJ7W	2247
B000HGJJGI	2248
B000HGTV5W	2249
B000HGTV66	2250
B000HH6KFA	2251
B000HIIR2I	2252
B000HIV072	2253
B000HKEW8E	2254
B000HKH0T2	2255
B000HP0ERC	2256
B000HP0ERW	2257
B000HPZVTI	2258
B000HREOGM	2259
B000HSVAQ8	2260
B000HSVB0I	2261
B000HSXAJ8	2262
B000HV0EJ4	2263
B000HV0XLS	2264
B000HV2TY2	2265
B000HVTIJQ	2266
B000HVVIGC	2267
B000HX1NBA	2268
B000HYOVPO	2269
B000HYX5W4	2270
B000HZAYU4	2271
B000HZC8A8	2272
B000HZE76Q	2273
B000HZYIFG	2274
B000I00BJC	2275
B000I05GOW	2276
B000I0RPTG	2277
B000I0ZMOQ	2278
B000I19D90	2279
B000I1CH5M	2280
B000I3JAAU	2281
B000I41ANE	2282
B000I5HOPG	2283
B000I5SJF0	2284
B000I649J4	2285
B000I668LQ	2286
B000I7CTY0	2287
B000I8SMZE	2288
B000I8SNNA	2289
B000I8T2CQ	2290
B000I8UJJG	2291
B000I8UK04	2292
B000I9RZOW	2293
B000IBDMBK	2294
B000IBESLS	2295
B000IBPD76	2296
B000IBRD74	2297
B000ICK046	2298
B000ICKV86	2299
B000ICNZR0	2300
B000ICXHQ4	2301
B000ICXLTW	2302
B000ICXLYC	2303
B000ICXMIC	2304
B000ICXOEO	2305
B000ICZ5IW	2306
B000ICZ8F2	2307
B000ICZ8IY	2308
B000ICZ8RK	2309
B000ID1E0O	2310
B000ID1EXG	2311
B000ID2YBW	2312
B000ID311Y	2313
B000ID32VI	2314
B000ID32X6	2315
B000ID335I	2316
B000IDOM5I	2317
B000IDOPDC	2318
B000IDQQSE	2319
B000IE4B44	2320
B000IEBY3A	2321
B000IG9PFC	2322
B000IGAC8G	2323
B000IGCCTI	2324
B000IGEEC6	2325
B000II0T5K	2326
B000II0TBY	2327
B000II2JYO	2328
B000II4JJ2	2329
B000IJBHOQ	2330
B000IJGULG	2331
B000IK9HP6	2332
B000IMYZHE	2333
B000INSP6U	2334
B000IOGVM4	2335
B000IOK5I0	2336
B000IQC4N2	2337
B000IUYPZI	2338
B000IV77M0	2339
B000IX5A9K	2340
B000IXMP6Q	2341
B000IXS4SY	2342
B000IZ9N78	2343
B000IZB8EY	2344
B000IZYWF6	2345
B000J01U2I	2346
B000J03ATO	2347
B000J1CQ98	2348
B000J1GU0O	2349
B000J2GZNU	2350
B000J3ZVMK	2351
B000J41CLS	2352
B000J423EI	2353
B000J423MA	2354
B000J4Z200	2355
B000J4Z20K	2356
B000J52AGI	2357
B000J52AHW	2358
B000J53Z12	2359
B000J59SD6	2360
B000J5B49C	2361
B000JCMJCQ	2362
B000JCV6KC	2363
B000JFN120	2364
B000JKA1MI	2365
B000JKMQOE	2366
B000JKRU5Y	2367
B000JL54II	2368
B000JLDJBW	2369
B000JLPAK0	2370
B000JLU2HG	2371
B000JM27QE	2372
B000JMGJXQ	2373
B000JNE658	2374
B000JPMJSW	2375
B000JQY8BW	2376
B000JSGLBK	2377
B000JSI63G	2378
B000JT3M0C	2379
B000JVJ8KS	2380
B000JYI8VA	2381
B000K0SY8A	2382
B000K25JPE	2383
B000K2623M	2384
B000K27MPO	2385
B000K3A1JW	2386
B000K3BZNS	2387
B000K3C2QC	2388
B000K65NU6	2389
B000K6MT08	2390
B000K6O910	2391
B000K6QLZW	2392
B000K7EPLS	2393
B000K7F8RI	2394
B000K8FYAS	2395
B000KE168Q	2396
B000KFWQKW	2397
B000KGAFTU	2398
B000KHZ044	2399
B000KI111Y	2400
B000KI9BRK	2401
B000KIBA8S	2402
B000KIC9K6	2403
B000KICMWQ	2404
B000KIJCYC	2405
B000KIR7P8	2406
B000KJZA1K	2407
B000KK22LU	2408
B000KK22SI	2409
B000KK3WDM	2410
B000KL34XE	2411
B000KL8UVK	2412
B000KMHBFA	2413
B000KO7QK8	2414
B000KRW1KA	2415
B000KS52D2	2416
B000KWJSKG	2417
B000KWMWS6	2418
B000L3LW0I	2419
B000L5PKVI	2420
B000L6ME0M	2421
B000L70MQO	2422
B000L7EGMA	2423
B000L7IEVE	2424
B000L87DRY	2425
B000L8EEPS	2426
B000L9NA5M	2427
B000LBW38K	2428
B000LCD2GQ	2429
B000LCELC0	2430
B000LDVU28	2431
B000LE2BAW	2432
B000LFSQBO	2433
B000LFSQLE	2434
B000LFSQSC	2435
B000LFUKCM	2436
B000LFUKV8	2437
B000LGAQFM	2438
B000LGXP64	2439
B000LGZHCO	2440
B000LGZHDS	2441
B000LH1CLI	2442
B000LK3600	2443
B000LLJSDS	2444
B000LLL6QA	2445
B000LMI0L8	2446
B000LNU6TG	2447
B000LNY5IE	2448
B000LPF00Y	2449
B000LPF018	2450
B000LPF022	2451
B000LPJTXS	2452
B000LPJU2I	2453
B000LQECQQ	2454
B000LQO5YK	2455
B000LQOIX8	2456
B000LRLA1U	2457
B000LSZVI2	2458
B000LSZVJG	2459
B000LSZVJQ	2460
B000LSZVKA	2461
B000LT1CMK	2462
B000LT1COI	2463
B000LT1D56	2464
B000LT2IGE	2465
B000LT2IHI	2466
B000LT2ILE	2467
B000LT2IZU	2468
B000LT4KLA	2469
B000LT4KMO	2470
B000LT4KMY	2471
B000LTLTI2	2472
B000LTV7WA	2473
B000LY5SES	2474
B000LYJQ0K	2475
B000LZ8LJ6	2476
B000M02M0Y	2477
B000M02M2M	2478
B000M0P2RE	2479
B000M1EHZQ	2480
B000M1ERM4	2481
B000M1Y4PY	2482
B000M3QJPU	2483
B000M51YJY	2484
B000M52W2W	2485
B000M5J7W0	2486
B000M69MCO	2487
B000M6B61E	2488
B000M6D0Y0	2489
B000M6F3U4	2490
B000M8G2FW	2491
B000M8H8Y6	2492
B000MAD7FS	2493
B000MAKA44	2494
B000MC4GM4	2495
B000MDOYZW	2496
B000MEB5LM	2497
B000MEYJR4	2498
B000MF20MO	2499
B000MGCMUI	2500
B000MIOVJQ	2501
B000MLAKGQ	2502
B000MLHFCS	2503
B000MMVKT6	2504
B000MOL2GU	2505
B000MP20BU	2506
B000MPMGNM	2507
B000MPS136	2508
B000MQYZ5S	2509
B000MRGWQW	2510
B000MRGWRQ	2511
B000MRM8RY	2512
B000MSYYGQ	2513
B000MT7W4G	2514
B000MTA04U	2515
B000MU6GPG	2516
B000MUQ2FU	2517
B000MUT7TI	2518
B000MVE52Q	2519
B000MVLNSK	2520
B000MWB730	2521
B000MWTPZ2	2522
B000MWWWVG	2523
B000MWWXGK	2524
B000MWX9MW	2525
B000MWXFF8	2526
B000MWY9IK	2527
B000MX5E56	2528
B000MX7WBU	2529
B000MXYR72	2530
B000N15OV6	2531
B000N178E2	2532
B000N1NDHI	2533
B000N1RVJ4	2534
B000N1RVJO	2535
B000N3VJ8Q	2536
B000N40SDC	2537
B000N53C1Q	2538
B000N56UBK	2539
B000N5H38Y	2540
B000N5QNSK	2541
B000N5T8KA	2542
B000N6K5QU	2543
B000N8LVJ8	2544
B000N9FBZW	2545
B000NA0HP0	2546
B000NADFOU	2547
B000NB875G	2548
B000NBM3KG	2549
B000ND3KGU	2550
B000ND6IHS	2551
B000ND9FB4	2552
B000NDGQK2	2553
B000NDMDHC	2554
B000NDOP7I	2555
B000NDZ0QS	2556
B000NE3EYW	2557
B000NG8ZXA	2558
B000NGCUWM	2559
B000NGM090	2560
B000NHNZQ6	2561
B000NIEC9E	2562
B000NIQ0S0	2563
B000NJBRPA	2564
B000NJH6HI	2565
B000NJHG5U	2566
B000NKDQOO	2567
B000NKH0E6	2568
B000NL8QX4	2569
B000NMPMTO	2570
B000NN9DUC	2571
B000NNBFRQ	2572
B000NNNLQO	2573
B000NNNM2M	2574
B000NNPOF0	2575
B000NO9GT4	2576
B000NOC49I	2577
B000NOU54O	2578
B000NOZ3XC	2579
B000NP4832	2580
B000NP7PD2	2581
B000NPGMHM	2582
B000NPGMOU	2583
B000NQMAFO	2584
B000NR4BLY	2585
B000NRRXS2	2586
B000NRTGRS	2587
B000NRVFTA	2588
B000NRVFU4	2589
B000NRVFUE	2590
B000NRVFV8	2591
B000NRVFW2	2592
B000NRX5X4	2593
B000NRX5XE	2594
B000NRX60G	2595
B000NSFO3W	2596
B000NSW0AW	2597
B000NSW0LQ	2598
B000NTMGDM	2599
B000NTZL7U	2600
B000NU4JPY	2601
B000NUN4Q4	2602
B000NUN5YU	2603
B000NV6BZE	2604
B000NV6BZY	2605
B000NV6D16	2606
B000NV6DRU	2607
B000NV7L4E	2608
B000NV7M8Y	2609
B000NV7N2Y	2610
B000NV9FR0	2611
B000NV9G88	2612
B000NVBDZC	2613
B000NVBE10	2614
B000NVBE1A	2615
B000NVBEA6	2616
B000NVBEH4	2617
B000NVBF0A	2618
B000NVI0BM	2619
B000NVVZYQ	2620
B000NVW022	2621
B000NVW07M	2622
B000NVW0AO	2623
B000NW0QZY	2624
B000NW13D8	2625
B000NW13G0	2626
B000NW13RO	2627
B000NW2AMG	2628
B000NW2D4Q	2629
B000NW3LP6	2630
B000NW3LXI	2631
B000NW3LZ6	2632
B000NW5RTO	2633
B000NW5RTY	2634
B000NW5RWQ	2635
B000NW77HO	2636
B000NW77J2	2637
B000NW77N8	2638
B000NW77U6	2639
B000NW77VK	2640
B000NWTHUY	2641
B000NWU9NI	2642
B000NWX2W8	2643
B000NWZZ0K	2644
B000NWZZCI	2645
B000NX0IQK	2646
B000NYPDIC	2647
B000NYT1M6	2648
B000NYT1SU	2649
B000NZN608	2650
B000NZN874	2651
B000NZPPFM	2652
B000NZYYI6	2653
B000O12DKA	2654
B000O12DLE	2655
B000O1T52O	2656
B000O5HGI0	2657
B000O7ISY4	2658
B000O7ITZM	2659
B000O7KR0W	2660
B000O7PN06	2661
B000O80JOA	2662
B000O82D8K	2663
B000O8MY52	2664
B000O910E2	2665
B000O94QTI	2666
B000O94Y0Y	2667
B000O9K8IG	2668
B000OA83UU	2669
B000OC2W0K	2670
B000OC2W50	2671
B000OCEWGW	2672
B000OCP19Y	2673
B000ODAIOG	2674
B000ODXLFE	2675
B000OEUUG6	2676
B000OF0EY8	2677
B000OF1E2E	2678
B000OF3SUU	2679
B000OF5UZQ	2680
B000OGYDZS	2681
B000OHD1VO	2682
B000OHG2HO	2683
B000OKS774	2684
B000OKT3KY	2685
B000OKW1DU	2686
B000OLE86C	2687
B000ON50GM	2688
B000ONXC6C	2689
B000OO4B8O	2690
B000OOI5CC	2691
B000OOJOXQ	2692
B000OOLNTY	2693
B000OQK3KW	2694
B000OQW4GS	2695
B000OR5LKS	2696
B000OSHG6E	2697
B000OSQ6QK	2698
B000OT2816	2699
B000OUR0FY	2700
B000OV0X34	2701
B000OV0X4S	2702
B000OV79QS	2703
B000OV79VI	2704
B000OV7A3U	2705
B000OV7A62	2706
B000OV7AAI	2707
B000OV8BDS	2708
B000OV8C6E	2709
B000OVAHDK	2710
B000OVAHLM	2711
B000OVBYIC	2712
B000OVI6RE	2713
B000OVT6EG	2714
B000OWAPI6	2715
B000OWAZYU	2716
B000OZV550	2717
B000P0R9J0	2718
B000P0TP8I	2719
B000P0TP92	2720
B000P0WVN4	2721
B000P0YOQ6	2722
B000P13OSO	2723
B000P13PH4	2724
B000P3908A	2725
B000P4XR56	2726
B000P51LDK	2727
B000P66D3W	2728
B000P69H62	2729
B000P6DVLO	2730
B000P6Q7ME	2731
B000P6Q7MY	2732
B000P7MALK	2733
B000P7PVYI	2734
B000PBPPMC	2735
B000PC51LQ	2736
B000PC62EQ	2737
B000PCWKBA	2738
B000PD2AZA	2739
B000PD68HG	2740
B000PD6AQU	2741
B000PD7SZC	2742
B000PD91N4	2743
B000PEN8U0	2744
B000PEOMC8	2745
B000PFAS48	2746
B000PGA5KY	2747
B000PGCI6S	2748
B000PGKHWK	2749
B000PGRBGA	2750
B000PGRXG8	2751
B000PIBS30	2752
B000PKFJKG	2753
B000PM1KC0	2754
B000PNF0MA	2755
B000PNIOBE	2756
B000PQJJ42	2757
B000PTRUEK	2758
B000PTZMKO	2759
B000PU3GYM	2760
B000PV0ALI	2761
B000PVVQMU	2762
B000PWNGV8	2763
B000PX0DNG	2764
B000PXP3DQ	2765
B000PXVO7A	2766
B000PXVQI2	2767
B000PXWB9U	2768
B000PXZRTQ	2769
B000PY8NKA	2770
B000Q0JRBC	2771
B000Q2SXY2	2772
B000Q41VLM	2773
B000Q47CCE	2774
B000Q4DTB2	2775
B000Q6NH5I	2776
B000Q7I68U	2777
B000Q7I6VW	2778
B000Q7JWCO	2779
B000QDTVFG	2780
B000QDY5HA	2781
B000QDZYCK	2782
B000QE02RG	2783
B000QE24HM	2784
B000QF3VIW	2785
B000QF7HLE	2786
B000QF7KMK	2787
B000QF97XK	2788
B000QFCNDQ	2789
B000QFCUQG	2790
B000QGHPQA	2791
B000QGRCJA	2792
B000QH12OK	2793
B000QSI0CG	2794
B000QTA2KS	2795
B000QUII58	2796
B000QUJKFU	2797
B000QULFQC	2798
B000QUXP3S	2799
B000QUZE50	2800
B000QWOAA8	2801
B000QX3NYG	2802
B000QX50JC	2803
B000QY696E	2804
B000R34UIS	2805
B000R91012	2806
B000R9O30W	2807
B000R9THD0	2808
B000R9V4XQ	2809
B000RA76S2	2810
B000RA96RG	2811
B000RAC7TU	2812
B000RAEBL2	2813
B000RC2VI0	2814
B000RC2XB0	2815
B000RE6S1E	2816
B000REI1FU	2817
B000REOEBK	2818
B000REP3CO	2819
B000REP3E2	2820
B000RGRN7K	2821
B000RGV4XO	2822
B000RGXEB4	2823
B000RH51VE	2824
B000RHJPNE	2825
B000RHM8T2	2826
B000RK43FG	2827
B000RLO3D2	2828
B000RMPQKU	2829
B000RMZSYE	2830
B000RNJ9C0	2831
B000RO8K4W	2832
B000RQ59VM	2833
B000RQ5A9I	2834
B000RQES28	2835
B000RW92BY	2836
B000RWEGCO	2837
B000RXPU0U	2838
B000RY58XS	2839
B000RZHGL4	2840
B000RZLRW8	2841
B000S0L0K6	2842
B000S0TNF0	2843
B000S0TOS6	2844
B000S0VQD2	2845
B000S17LA8	2846
B000S1C8XI	2847
B000S1CF5E	2848
B000S1KGGY	2849
B000S4BF4I	2850
B000S4M7P4	2851
B000S5URGO	2852
B000S5WMCG	2853
B000S5ZOVM	2854
B000S6I530	2855
B000S6MYJ6	2856
B000S8CX7M	2857
B000SA2QHM	2858
B000SBZYXY	2859
B000SDPYMS	2860
B000SDQWAQ	2861
B000SI6JEA	2862
B000SI9Y6A	2863
B000SKLREA	2864
B000SKP4VC	2865
B000SN61UC	2866
B000SONEQA	2867
B000SOQH14	2868
B000SOUKH6	2869
B000SOYRUW	2870
B000SOZ5SA	2871
B000SPHPWI	2872
B000SQKDSA	2873
B000SQNAQC	2874
B000SQTJJO	2875
B000SVRSRY	2876
B000T0EM4Q	2877
B000T2YKIM	2878
B000T6XNLI	2879
B000T735SS	2880
B000T9S2BG	2881
B000T9WGWW	2882
B000TCWWPA	2883
B000TFKX5S	2884
B000TFKYFC	2885
B000TFLD8E	2886
B000TGBZI6	2887
B000TH5LL2	2888
B000THH76Y	2889
B000THI32Q	2890
B000TK8440	2891
B000TKDMYM	2892
B000TKPDJY	2893
B000TLR7LU	2894
B000TLW3NC	2895
B000TQ4UU6	2896
B000TQXNKE	2897
B000TTNW98	2898
B000TTOCH4	2899
B000TTPEXU	2900
B000TXPAAS	2901
B000U0K9V0	2902
B000U0O8LM	2903
B000U0O8N0	2904
B000U1VFMG	2905
B000U46NXO	2906
B000U4CUHC	2907
B000U66YBI	2908
B000U8SZ4A	2909
B000UAV2X4	2910
B000UB81ZU	2911
B000UC57ZQ	2912
B000UCZ3LE	2913
B000UE41BU	2914
B000UE9JRQ	2915
B000UEDTWC	2916
B000UEL05U	2917
B000UEL172	2918
B000UEQHYO	2919
B000UHCZXI	2920
B000UI8CQG	2921
B000UIGVLY	2922
B000ULIYLQ	2923
B000ULOATQ	2924
B000UOCVDK	2925
B000UOGDVQ	2926
B000UOJZ6Q	2927
B000UPUPA0	2928
B000UQ2BLA	2929
B000URL296	2930
B000URWZKQ	2931
B000US3SVA	2932
B000UV0SBA	2933
B000UW1ODA	2934
B000UW1ODK	2935
B000UY8XM8	2936
B000UZI26E	2937
B000V0H908	2938
B000V1U5ZI	2939
B000V20CHS	2940
B000V26AO2	2941
B000V5CXTK	2942
B000V5DHT0	2943
B000V7DSTC	2944
B000V7Y0GW	2945
B000V825HM	2946
B000V97TM2	2947
B000VA364Q	2948
B000VAUAKO	2949
B000VBB8SG	2950
B000VCE3Z0	2951
B000VDRRES	2952
B000VERFWQ	2953
B000VFJOL0	2954
B000VK4FNM	2955
B000VMAZBQ	2956
B000VN5ZLA	2957
B000VNPWMW	2958
B000VNVVK4	2959
B000VNXSOQ	2960
B000VNXSPA	2961
B000VNXSPK	2962
B000VNXSS2	2963
B000VNZTQQ	2964
B000VO1CFM	2965
B000VO1CIE	2966
B000VO3GME	2967
B000VO3GPG	2968
B000VO3GQU	2969
B000VO3HC8	2970
B000VO3HCS	2971
B000VO3HFK	2972
B000VOC706	2973
B000VRE5G2	2974
B000VS827Y	2975
B000VSAEYI	2976
B000VSAF2O	2977
B000VSOK1G	2978
B000VWQ6C8	2979
B000VXBSNO	2980
B000VXOUNY	2981
B000VXXHUQ	2982
B000VYYOF2	2983
B000VZR156	2984
B000W3JIX0	2985
B000W3RYPE	2986
B000W3RYQS	2987
B000W3TD44	2988
B000W3TD4E	2989
B000W3TD4Y	2990
B000W3VCAC	2991
B000W3VCAW	2992
B000W3XEQ2	2993
B000W3XEQM	2994
B000W3XEQW	2995
B000W3ZFJG	2996
B000W7G78A	2997
B000W7I7EW	2998
B000W7JWYG	2999
B000W7JX9U	3000
B000W7JXIQ	3001
B000W7NP8U	3002
B000W9KAQI	3003
B000W9MG2O	3004
B000W9OYKQ	3005
B000W9RX22	3006
B000W9S19Q	3007
B000W9ZFJU	3008
B000WA4IRO	3009
B000WB8PNQ	3010
B000WBGBDM	3011
B000WCOJZ8	3012
B000WCQ7NA	3013
B000WD3XBI	3014
B000WE0KPY	3015
B000WE4JKQ	3016
B000WFAF1C	3017
B000WGD8F6	3018
B000WH47LE	3019
B000WIT8BM	3020
B000WKYJ7I	3021
B000WLVGZA	3022
B000WNIXZ4	3023
B000WNUU6Y	3024
B000WNYPII	3025
B000WO0E4G	3026
B000WO7Y12	3027
B000WOBBAC	3028
B000WOOGX6	3029
B000WPJAI6	3030
B000WQRTE2	3031
B000WQZD9U	3032
B000WTPUUO	3033
B000WTSZ1K	3034
B000WTWZC0	3035
B000WWJ5SO	3036
B000WWM6QM	3037
B000WYXPP6	3038
B000WZNMQM	3039
B000X1E4VW	3040
B000X1EVEC	3041
B000X2F9VU	3042
B000X5FCCI	3043
B000X6OMA0	3044
B000X6OMDC	3045
B000X6QP3C	3046
B000XA80XG	3047
B000XAUKZM	3048
B000XDSWRC	3049
B000XE1ZAC	3050
B000XEAGMA	3051
B000XFPIUE	3052
B000XH71A2	3053
B000XLU8H6	3054
B000XOM3ZS	3055
B000XP0CMS	3056
B000XP0EZS	3057
B000XQ51B4	3058
B000XQAWXG	3059
B000XQAZJC	3060
B000XQQHA8	3061
B000XTPNTQ	3062
B000XU4LPC	3063
B000XU4M4C	3064
B000XU86GW	3065
B000XUA5HA	3066
B000XUA6CY	3067
B000XUA6KG	3068
B000XZV3IA	3069
B000Y0EG3S	3070
B000Y0GODI	3071
B000Y0GOTW	3072
B000Y0K6RI	3073
B000Y0M7I4	3074
B000Y887XK	3075
B000Y8EPHW	3076
B000Y8EQ8K	3077
B000Y922NA	3078
B000Y92XT8	3079
B000Y9MJ60	3080
B000YA7FS6	3081
B000YAM0JA	3082
B000YBL7LQ	3083
B000YC3PE2	3084
B000YENR4S	3085
B000YEPPF2	3086
B000YEPPFM	3087
B000YETBHU	3088
B000YFSZU8	3089
B000YIEEVO	3090
B000YJKGHE	3091
B000YLAOEW	3092
B000YMXAAQ	3093
B000YUTVRE	3094
B000YY55I4	3095
B000Z408YY	3096
B000Z4PX7Q	3097
B000Z4RKSQ	3098
B000Z4UZHO	3099
B000Z7NOXI	3100
B000Z8FIHW	3101
B000Z9FT0M	3102
B000Z9QR94	3103
B000ZDME7Y	3104
B000ZFI1EW	3105
B000ZIMBMC	3106
B000ZIVJR0	3107
B000ZKOTDE	3108
B000ZKRDY6	3109
B000ZL7EIU	3110
B000ZLSOOS	3111
B000ZLZ1NU	3112
B000ZPF8PC	3113
B000ZPF8RA	3114
B000ZPHMNS	3115
B000ZPM5GC	3116
B000ZPRPGM	3117
B000ZUNQQK	3118
B000ZZV22U	3119
B000ZZZ7RQ	3120
B00101X7BW	3121
B001037L8K	3122
B00104MFRG	3123
B00106CGP0	3124
B0010AYFPU	3125
B0010E6JLO	3126
B0010EJGSC	3127
B0010ODNUY	3128
B0010SGZEG	3129
B0010VCTJ8	3130
B0010VS078	3131
B0010XAJI4	3132
B0010YAEI8	3133
B0010ZVATE	3134
B0010ZZ0P4	3135
B0010ZZVHG	3136
B001113U1I	3137
B001115D5E	3138
B00112ASYO	3139
B00112CHCK	3140
B00112CHD4	3141
B00112IBAW	3142
B00114Q4KO	3143
B00114TE7O	3144
B00114UCYS	3145
B00115PGUC	3146
B00115Q8MC	3147
B00115S4FQ	3148
B00115YMWA	3149
B00115YOG4	3150
B00117CH3Y	3151
B00117QRJ4	3152
B0011G9L2K	3153
B0011MTFUM	3154
B0011TN7QI	3155
B0011VECH4	3156
B0011WJAW0	3157
B00122TLGO	3158
B00123AUPO	3159
B00123CO44	3160
B00124X5YQ	3161
B0012512U4	3162
B0012512W2	3163
B001251326	3164
B0012534TG	3165
B0012534X2	3166
B00125NZWC	3167
B00125V952	3168
B00125V99I	3169
B00125V99S	3170
B001285L7Q	3171
B0012BQ60O	3172
B0012BQ622	3173
B0012BQIYI	3174
B0012BSNJG	3175
B0012BW0WW	3176
B0012C5F1O	3177
B0012GV1HM	3178
B0012IZ900	3179
B0012J2376	3180
B0012J237G	3181
B0012J35XM	3182
B0012J7WKE	3183
B0012K3H52	3184
B0012M7TLS	3185
B0012MJLXM	3186
B0012N1JVI	3187
B0012N9OHY	3188
B0012NSI8A	3189
B0012NSMEK	3190
B0012NY4EC	3191
B0012QVOVA	3192
B0012SCMJG	3193
B0012SDXUI	3194
B0012SFM6G	3195
B0012TTHPM	3196
B0012UGE2A	3197
B0012XRVVU	3198
B0012ZI4HS	3199
B00131SXBI	3200
B00132K32O	3201
B00132NWIQ	3202
B00133XW5I	3203
B00134MJWE	3204
B00134O7QU	3205
B00134O7R4	3206
B00134O7RE	3207
B00134O9HC	3208
B00134O9MC	3209
B00134O9N6	3210
B00134OA0I	3211
B00134OA12	3212
B00134PLN8	3213
B00134PLT2	3214
B00134PM5U	3215
B00134PM7I	3216
B00134RN70	3217
B00134RPIC	3218
B00134TC4M	3219
B00134TC60	3220
B00134V4I4	3221
B00134V4L6	3222
B00134V53I	3223
B00134V53S	3224
B001356Q0O	3225
B00135C75W	3226
B00138PO1I	3227
B00138RVKK	3228
B00138UY6I	3229
B00138UYOA	3230
B00138UYOU	3231
B00139OH4C	3232
B0013A4T1W	3233
B0013A5UCE	3234
B0013AAMLI	3235
B0013B0I0C	3236
B0013B2EI6	3237
B0013BA028	3238
B0013BL3LK	3239
B0013D53CS	3240
B0013E3P9K	3241
B0013E5HW8	3242
B0013EIY4Q	3243
B0013EP1CO	3244
B0013EYI1O	3245
B0013FHIA6	3246
B0013FL21M	3247
B0013FS9KY	3248
B0013GEETS	3249
B0013GRW1K	3250
B0013H1QNY	3251
B0013H3ZPQ	3252
B0013HD9AC	3253
B0013IHSG2	3254
B0013J2JW4	3255
B0013J5QQ0	3256
B0013JEAO4	3257
B0013JPVN8	3258
B0013KVPPU	3259
B0013LE696	3260
B0013LRBH0	3261
B0013M2KH0	3262
B0013N2182	3263
B0013NG3OK	3264
B0013OBXG2	3265
B0013PP448	3266
B0013PP4FC	3267
B0013RLNCI	3268
B0013TO94U	3269
B0013UZHS6	3270
B0013WG2CY	3271
B0013WKAG8	3272
B0013WLX3M	3273
B0013WLX6O	3274
B0013ZANQW	3275
B00140VZ90	3276
B001414D4I	3277
B001418JJS	3278
B00141D6BE	3279
B00143YK12	3280
B0014411SG	3281
B0014412JY	3282
B0014412KI	3283
B001442WHA	3284
B001446E4W	3285
B001447IX8	3286
B0014484FO	3287
B00144J9ZI	3288
B001454DQM	3289
B00146E6LI	3290
B00146G6R0	3291
B00146G706	3292
B00146G71K	3293
B00146G71U	3294
B00146G72O	3295
B00146G72Y	3296
B00146I2WM	3297
B00146I32G	3298
B00146K0I6	3299
B00146K0JK	3300
B00146K0K4	3301
B00146K0KE	3302
B00146LUX0	3303
B00146LV52	3304
B00146LV5C	3305
B00146LV6Q	3306
B00146LV70	3307
B0014BDYDE	3308
B0014BN3BW	3309
B0014DET2C	3310
B0014E15WI	3311
B0014E7DIS	3312
B0014FO5BU	3313
B0014GTZ0U	3314
B0014GVMGK	3315
B0014I4TYA	3316
B0014J183Y	3317
B0014JPJES	3318
B0014N0BSS	3319
B0014P2ZXU	3320
B0014QBZ12	3321
B0014QDYIY	3322
B0014QFLX0	3323
B0014QOMRQ	3324
B0014T74MS	3325
B0014T74SC	3326
B0014US7BO	3327
B0014VQGX4	3328
B0014WDELU	3329
B0014WO96Y	3330
B0014X25F0	3331
B0014X98FK	3332
B0014XCS6Q	3333
B0014XUR8C	3334
B0014YPEI4	3335
B0014Z432G	3336
B00152VYXY	3337
B0015344GM	3338
B001535JG6	3339
B0015399MG	3340
B001539JEO	3341
B00153BFA0	3342
B00153C5KY	3343
B00153CVYE	3344
B00153F5QA	3345
B00153TYIU	3346
B001543YEY	3347
B0015466LM	3348
B00154QBPI	3349
B001584CUA	3350
B00159H724	3351
B0015AM26E	3352
B0015D2522	3353
B0015DEDEK	3354
B0015EPR2Q	3355
B0015FPLUI	3356
B0015FRC2I	3357
B0015FRC32	3358
B0015GMFLK	3359
B0015GMFNS	3360
B0015GMIJO	3361
B0015GSGCC	3362
B0015H1A3S	3363
B0015H1FAG	3364
B0015INKYO	3365
B0015IPGB4	3366
B0015IPGD2	3367
B0015IQO0Q	3368
B0015IQO2O	3369
B0015IUAAG	3370
B0015IUACO	3371
B0015KEB2M	3372
B0015KGFQM	3373
B0015KOFZK	3374
B0015KOH3K	3375
B0015KONHK	3376
B0015KOOHO	3377
B0015KOORO	3378
B0015KSP9W	3379
B0015KSRAY	3380
B0015KSSTY	3381
B0015KSU9W	3382
B0015KTLZY	3383
B0015KTUKK	3384
B0015KTV2C	3385
B0015KTXQG	3386
B0015KU14O	3387
B0015KU1DU	3388
B0015KU1GC	3389
B0015KVAEE	3390
B0015KVW56	3391
B0015KVXW8	3392
B0015KVZ62	3393
B0015KVZVC	3394
B0015KXANS	3395
B0015KXFB0	3396
B0015MMVA4	3397
B0015MN6JE	3398
B0015MT27Y	3399
B0015PFPYA	3400
B0015PVA94	3401
B0015R6UXI	3402
B0015RYW92	3403
B0015SDZNU	3404
B0015SVOGK	3405
B0015SXN9Q	3406
B0015U440G	3407
B0015U64YU	3408
B0015USUQK	3409
B0015UUW0M	3410
B0015UXJOI	3411
B0015VGRQO	3412
B0015VM60U	3413
B0015XJ8KY	3414
B0015Y8GME	3415
B0015YHTOU	3416
B0015YLP1S	3417
B0015YT88A	3418
B0015YV6GW	3419
B0015YV6HQ	3420
B0015YW238	3421
B0015Z6B34	3422
B0015ZITNY	3423
B0015ZV8R8	3424
B00160240M	3425
B001604R1G	3426
B00160D1XQ	3427
B00160EYMS	3428
B00160GKX4	3429
B00160GL42	3430
B00160HTUW	3431
B00160HTYI	3432
B00160JPMC	3433
B00160JSNI	3434
B00160LHJG	3435
B001613Q7Q	3436
B001613Q8A	3437
B001617RW6	3438
B00161MNWK	3439
B0016288MI	3440
B001628AP8	3441
B001628LSE	3442
B001639Q50	3443
B00163U4LK	3444
B00164CKIO	3445
B00164THOY	3446
B00164WY30	3447
B00166T9TA	3448
B00168328W	3449
B001689F5G	3450
B00168CPQM	3451
B00168PI9S	3452
B00168QWCK	3453
B00169PN1K	3454
B00169ZGD0	3455
B0016A3VAO	3456
B0016A56EI	3457
B0016A5788	3458
B0016A7O3E	3459
B0016A7PGU	3460
B0016ARXFS	3461
B0016BMZTQ	3462
B0016BN9DM	3463
B0016BRD16	3464
B0016C1WQC	3465
B0016CC284	3466
B0016CDUIK	3467
B0016CSBS4	3468
B0016DE80I	3469
B0016H1OPQ	3470
B0016H5JY8	3471
B0016H7N42	3472
B0016H7N5G	3473
B0016H9ROQ	3474
B0016HN3GO	3475
B0016ISNW2	3476
B0016J9ON8	3477
B0016JG39Q	3478
B0016JHYGC	3479
B0016KKS1Y	3480
B0016KM78G	3481
B0016L2GOK	3482
B0016LKFXE	3483
B0016MWWRU	3484
B0016N2E1I	3485
B0016NAA32	3486
B0016NZZ5A	3487
B0016P2U6A	3488
B001706BRI	3489
B00170EPXU	3490
B00170LRIG	3491
B001721YIW	3492
B00172R9O0	3493
B00172TZT2	3494
B00172VQV2	3495
B00172XS72	3496
B00175XCCU	3497
B00176B488	3498
B00176GOMO	3499
B00176N1UW	3500
B00177X32C	3501
B0017867QK	3502
B00178I916	3503
B00178IQBY	3504
B00178LYI6	3505
B00178O1H2	3506
B0017GM4WI	3507
B0017GNOXG	3508
B0017H86GA	3509
B0017HGGDU	3510
B0017I21XI	3511
B0017JBR6O	3512
B0017KOE5O	3513
B0017KOE6S	3514
B0017KSMCK	3515
B0017L0KQA	3516
B0017L3SPU	3517
B0017ODENI	3518
B0017OFRCY	3519
B0017OKZV2	3520
B0017Q2FTU	3521
B0017QDVTI	3522
B0017RFA82	3523
B0017RFZNC	3524
B0017RINKY	3525
B0017RQYDC	3526
B0017RSYCG	3527
B0017RSYDU	3528
B0017RUGWW	3529
B0017RXZNY	3530
B0017RXZO8	3531
B0017SOR6M	3532
B0017T4RIE	3533
B0017U4MMO	3534
B0017U6RXQ	3535
B0017UBQ64	3536
B0017UXNCY	3537
B0017V856W	3538
B0017VKR7M	3539
B0017VO5AW	3540
B0017VRTCI	3541
B0017W2ZRQ	3542
B0017WDWTG	3543
B0017XC9NU	3544
B0017XEMW6	3545
B001820194	3546
B001859AOS	3547
B00186DECG	3548
B00186FCX0	3549
B00186T0L0	3550
B00187MWH8	3551
B00188IK0K	3552
B00188RJ34	3553
B0018A8TOK	3554
B0018ATW8C	3555
B0018BO4PW	3556
B0018LD6HY	3557
B0018MGLXE	3558
B0018MQGFC	3559
B0018MQGYI	3560
B0018N5V3Y	3561
B0018OMNA2	3562
B0018OXZF4	3563
B0018QQQEO	3564
B0018WRNVS	3565
B0018Z2RZC	3566
B0018Z4HY6	3567
B0018Z7XO2	3568
B00191FRIE	3569
B00192MRTA	3570
B001941ZWS	3571
B0019665DK	3572
B00196B8O6	3573
B00196D4NY	3574
B00196TXMA	3575
B00196VBGG	3576
B00196YXW0	3577
B00196Z05Y	3578
B00197DRZI	3579
B00198Q254	3580
B00199FV0U	3581
B00199LDRA	3582
B0019F3DN6	3583
B0019FATKG	3584
B0019FTNZ8	3585
B0019GEU5K	3586
B0019I3A54	3587
B0019I8KEA	3588
B0019I8OOQ	3589
B0019ICG22	3590
B0019ICIWA	3591
B0019ICP4Q	3592
B0019IF8ZO	3593
B0019IVBFK	3594
B0019L9FFU	3595
B0019LKR8E	3596
B0019LNESE	3597
B0019LSGLY	3598
B0019MOHAM	3599
B0019MQD72	3600
B0019O198I	3601
B0019O19BU	3602
B0019O4TPI	3603
B0019PU8XE	3604
B0019RH5P6	3605
B0019SEI1E	3606
B0019SISHE	3607
B0019VP81A	3608
B0019WXAPU	3609
B0019ZM7UQ	3610
B001A5SNXA	3611
B001AEZIY8	3612
B001AGZXE6	3613
B001AHFP52	3614
B001AHIZ5E	3615
B001AHOLL6	3616
B001AITZXY	3617
B001AJTS6W	3618
B001AJTTLQ	3619
B001AMGNYO	3620
B001AMHCWG	3621
B001AMXZMM	3622
B001ANOHNC	3623
B001ANX4SG	3624
B001AO13TM	3625
B001AOKAR8	3626
B001AQ71HS	3627
B001AQ9AY0	3628
B001AQDA50	3629
B001AQRXYO	3630
B001AQS1RC	3631
B001AQS212	3632
B001AQVRKK	3633
B001ARYDFA	3634
B001ASK2GI	3635
B001AYOCWW	3636
B001AYYA7E	3637
B001AZ0CGG	3638
B001AZ2FMU	3639
B001AZ4W5I	3640
B001B04N4C	3641
B001B2TZV6	3642
B001B5YZFE	3643
B001B65JMG	3644
B001B6G2QS	3645
B001BAO8NS	3646
B001BC73Y2	3647
B001BDVT8C	3648
B001BJHCTQ	3649
B001BJKX6U	3650
B001BKLINQ	3651
B001BKX0V4	3652
B001BMQK7S	3653
B001BO2Y44	3654
B001BO30XI	3655
B001BO30Y2	3656
B001BPFCOC	3657
B001BPYBTE	3658
B001BQYLNY	3659
B001BQYS1Y	3660
B001BR6ATG	3661
B001BRFFAQ	3662
B001BS1U8Q	3663
B001BS1U90	3664
B001BSBYAU	3665
B001BW6V0Y	3666
B001BWY5AW	3667
B001BWY5C0	3668
B001BX0BF4	3669
B001BX39MQ	3670
B001C2MXWS	3671
B001C7617Q	3672
B001C8CO26	3673
B001CBVOQK	3674
B001CBWCFC	3675
B001CBZXE4	3676
B001CBZXEE	3677
B001CE0N5U	3678
B001CEJHRA	3679
B001CI36XM	3680
B001CI69Z4	3681
B001CJI6TU	3682
B001CJVTLC	3683
B001CK0FKW	3684
B001CMBE64	3685
B001CMC41I	3686
B001CMPMEO	3687
B001CMX3MM	3688
B001CNS2L8	3689
B001COFDEQ	3690
B001COH3MQ	3691
B001COHSPS	3692
B001CSM07U	3693
B001CT83XY	3694
B001CWMVC0	3695
B001D0C70C	3696
B001D1FP46	3697
B001D1IXR2	3698
B001D478XY	3699
B001D4KIUY	3700
B001D4WL72	3701
B001D7O6JK	3702
B001D99IUA	3703
B001DAWY1Y	3704
B001DB6V4Y	3705
B001DCEPWI	3706
B001DDI8L6	3707
B001DI4VN0	3708
B001DIN2EO	3709
B001DN4QF8	3710
B001DN8I0M	3711
B001DNHYC0	3712
B001DNMHKE	3713
B001DO3FSQ	3714
B001DOBMC2	3715
B001DQY9WA	3716
B001DRKEBO	3717
B001DXL2YQ	3718
B001DY2EJM	3719
B001DZLLDG	3720
B001DZMITW	3721
B001DZOG1U	3722
B001DZPRL8	3723
B001E01RY8	3724
B001E09Y4I	3725
B001E1664I	3726
B001E1IVBE	3727
B001E1MU16	3728
B001E21V9M	3729
B001E3B9J8	3730
B001E3CEBA	3731
B001E5QF7C	3732
B001E6DIYY	3733
B001E6EXHA	3734
B001E6IQP0	3735
B001E87D1Q	3736
B001E8F912	3737
B001E95SQ2	3738
B001E9641K	3739
B001EA206M	3740
B001EAPZG4	3741
B001EB9F3C	3742
B001EBBJQI	3743
B001ECBSVS	3744
B001ECI8UW	3745
B001ECI9EM	3746
B001ECKJJ0	3747
B001ECPJZO	3748
B001EEV9QU	3749
B001EGRNWM	3750
B001EGYWT4	3751
B001EHEH9S	3752
B001EHJ7GG	3753
B001EHZQGG	3754
B001ELJ212	3755
B001ELK4K0	3756
B001ENBBGO	3757
B001ENBCWC	3758
B001ENDANQ	3759
B001ENDC02	3760
B001ENFGN8	3761
B001ENH3WU	3762
B001ENH50U	3763
B001ENH60O	3764
B001ENISX8	3765
B001ENISXS	3766
B001ENIVJY	3767
B001ENZA7U	3768
B001EO1T74	3769
B001ESQTUM	3770
B001EWC5M4	3771
B001F0YFQO	3772
B001F5YD52	3773
B001F6CHJ0	3774
B001F7S4UU	3775
B001F8CF68	3776
B001F8I8OG	3777
B001F8R6K8	3778
B001FA0DNS	3779
B001FA22DC	3780
B001FAA1VM	3781
B001FALTXG	3782
B001FB3Y6U	3783
B001FCI464	3784
B001FCOYEK	3785
B001FD646A	3786
B001FP3WZO	3787
B001FPK1OY	3788
B001FPQ21U	3789
B001FPQ5Y4	3790
B001FQLY9O	3791
B001FS9T8A	3792
B001FVPS0K	3793
B001FVSZAK	3794
B001FXLT1U	3795
B001FXM0F4	3796
B001FY2VDO	3797
B001FYH1UC	3798
B001FYHQ5C	3799
B001FYLT28	3800
B001G0FCGA	3801
B001G3XF9I	3802
B001G4BRE2	3803
B001G52E2K	3804
B001G5ZCCE	3805
B001G60J1M	3806
B001G8J78Q	3807
B001GFITE2	3808
B001GGRBU4	3809
B001GHPHY0	3810
B001GI8FNY	3811
B001GIFGUE	3812
B001GIK6EU	3813
B001GIYA2Y	3814
B001GIYA42	3815
B001GL4HOC	3816
B001GMZQX2	3817
B001GMZQY6	3818
B001GMZR18	3819
B001GN3FXY	3820
B001GPDWXU	3821
B001GQ4PX0	3822
B001GQA7A0	3823
B001GQHS3Y	3824
B001GQJVF2	3825
B001GQLHSG	3826
B001GRL4MO	3827
B001GSKCAI	3828
B001GUFOVS	3829
B001GW9NEK	3830
B001GWIB52	3831
B001GWQAGO	3832
B001GXMGGG	3833
B001GZXYFG	3834
B001H00156	3835
B001H07J0Q	3836
B001H0SOI2	3837
B001H0SOT6	3838
B001H0U86S	3839
B001H1O2PK	3840
B001H31UNA	3841
B001H31UOY	3842
B001H3JXFM	3843
B001H54JE0	3844
B001HA9JOA	3845
B001HBCXLU	3846
B001HBXULC	3847
B001HDC15G	3848
B001HKAFVQ	3849
B001HN6EF4	3850
B001HO266O	3851
B001HV9SLS	3852
B001HW9Y5M	3853
B001HWNTZ8	3854
B001HWWOMM	3855
B001HZBRO0	3856
B001I3NZFK	3857
B001I8BZZC	3858
B001IABZKU	3859
B001IDM7VI	3860
B001IEWX2A	3861
B001IEYXAA	3862
B001IEZ1BK	3863
B001IEZ1EW	3864
B001IF10V4	3865
B001IGM2QU	3866
B001IIMZ60	3867
B001IM4CSU	3868
B001IMG5WG	3869
B001IWGZ8A	3870
B001IWLEMM	3871
B001IZZ1CI	3872
B001IZZ1DC	3873
B001J77UUQ	3874
B001J8HMPS	3875
B001JD8H2A	3876
B001JD9Y86	3877
B001JDE6YI	3878
B001JK4MRM	3879
B001JPDC1Y	3880
B001JQKJVO	3881
B001JQLJGS	3882
B001JQLJIQ	3883
B001JQLJJ0	3884
B001JQLJJA	3885
B001JQLJMC	3886
B001JQLJN6	3887
B001JQLJNQ	3888
B001JQY6K4	3889
B001JTDL1Q	3890
B001JTE2KU	3891
B001JTOGQ0	3892
B001JYEWH8	3893
B001K35Y1G	3894
B001KALXR8	3895
B001KAZPXG	3896
B001KBYUWM	3897
B001KCUC5U	3898
B001KF1M38	3899
B001KMRN0M	3900
B001KNLTTC	3901
B001KOTPHY	3902
B001KPKMKW	3903
B001KPOKDC	3904
B001KPQ7K6	3905
B001KW05ZW	3906
B001KW0606	3907
B001KW063I	3908
B001KW063S	3909
B001KW084K	3910
B001KY8836	3911
B001KZ8AH4	3912
B001L0QXZY	3913
B001L123JS	3914
B001L1G94S	3915
B001L6FZI4	3916
B001L7VY1U	3917
B001LBTTCM	3918
B001LF3SYS	3919
B001LF3SZ2	3920
B001LNTVKA	3921
B001LO9TS8	3922
B001LPAMHO	3923
B001LRPNBW	3924
B001LU6RL4	3925
B001M04T0E	3926
B001M2FNH0	3927
B001M4N9BK	3928
B001M9GRLE	3929
B001MJU7LK	3930
B001MJY32O	3931
B001MK9HO2	3932
B001MKG5SI	3933
B001MKQ7P4	3934
B001MTFMGU	3935
B001MY20X8	3936
B001N0H2JS	3937
B001N11OI2	3938
B001N4RAJG	3939
B001NFTQFG	3940
B001NH0626	3941
B001NJ8E4G	3942
B001NLISDG	3943
B001NLOPCO	3944
B001NQHN7S	3945
B001NQTDNK	3946
B001NVAEM4	3947
B001NW0F5O	3948
B001NZOV4W	3949
B001O271YG	3950
B001O2QW9G	3951
B001O2S6MM	3952
B001O2S7X0	3953
B001O2S7XA	3954
B001O5OH8Q	3955
B001O8F0W0	3956
B001OBO6V8	3957
B001OC1OF8	3958
B001OC5YL8	3959
B001ODA2KK	3960
B001ODA2Q4	3961
B001OH9EDW	3962
B001ORUL5C	3963
B001OXRTX8	3964
B001OXT1MA	3965
B001OXUIIG	3966
B001OXUM78	3967
B001P06GX4	3968
B001P06GZM	3969
B001P3PSGW	3970
B001P4F1H2	3971
B001P4J01U	3972
B001P4L1ZS	3973
B001P5GRF6	3974
B001P7W88Y	3975
B001P91FHC	3976
B001P9OGRS	3977
B001PAFMTI	3978
B001PAHGJM	3979
B001PAKU0O	3980
B001PGP33C	3981
B001PGP34G	3982
B001PGTNK6	3983
B001PIJEBM	3984
B001PIJEBW	3985
B001PJVET6	3986
B001PJXGJ2	3987
B001PL7R7M	3988
B001PMV5H4	3989
B001PNG8SY	3990
B001PO1OFU	3991
B001POAECY	3992
B001PPBC92	3993
B001PQLNY0	3994
B001Q0XB6S	3995
B001Q1A2P0	3996
B001Q1CHAI	3997
B001Q1E7TM	3998
B001Q1PE44	3999
B001Q3KU9Q	4000
B001Q3KUA0	4001
B001Q3KUAA	4002
B001Q3LEHS	4003
B001Q4A8VK	4004
B001Q4FGXK	4005
B001Q5EXTM	4006
B001Q6RUXM	4007
B001Q6U0T8	4008
B001Q8U39I	4009
B001Q8VPS6	4010
B001Q8WA2Q	4011
B001QBTAOY	4012
B001QEIVI2	4013
B001QGENHI	4014
B001QGGNPS	4015
B001QGUFDO	4016
B001QHHZ72	4017
B001QIH6S4	4018
B001QIL5ZY	4019
B001QJRH5A	4020
B001QKYG8K	4021
B001QKYLDU	4022
B001QMPWB8	4023
B001QOGXPK	4024
B001QT44GK	4025
B001QT44HO	4026
B001QVI94G	4027
B001QVI9CI	4028
B001QXDIUO	4029
B001QXDIVS	4030
B001QXDIW2	4031
B001QXDIX6	4032
B001QYM5WA	4033
B001R0HOII	4034
B001R0LBLO	4035
B001R1PTKW	4036
B001R1RRC0	4037
B001R57O88	4038
B001R674GE	4039
B001R691M4	4040
B001R6AFLK	4041
B001R6AS1M	4042
B001R6ATXO	4043
B001R6ATZW	4044
B001R6AUGA	4045
B001R6W4KA	4046
B001RAOJC2	4047
B001RB231U	4048
B001RB23EC	4049
B001RBWY14	4050
B001RBZ16E	4051
B001RCAE0Q	4052
B001RDA9RI	4053
B001RDVKO4	4054
B001RDYQ8G	4055
B001RE30A0	4056
B001RE8LMW	4057
B001RED0EG	4058
B001RLJTW6	4059
B001RLZ3PI	4060
B001RM7YYU	4061
B001RN53QU	4062
B001RN88DK	4063
B001RNC002	4064
B001RNC0VG	4065
B001RNC1EM	4066
B001RNFQNK	4067
B001RNHE6W	4068
B001RNIDDK	4069
B001RNII58	4070
B001RNJ8WK	4071
B001RPWM7Q	4072
B001RPYP0S	4073
B001RQ45JS	4074
B001RQEM28	4075
B001RTSA28	4076
B001RU7UNW	4077
B001RV58QW	4078
B001RZMVR2	4079
B001S07LX0	4080
B001S1DUVG	4081
B001S3URA6	4082
B001S4E7IS	4083
B001SCC462	4084
B001SEQQB4	4085
B001SH1GGG	4086
B001SH1RM4	4087
B001SIUV70	4088
B001SN89EW	4089
B001SN8G8Q	4090
B001SN8GD6	4091
B001SN8GF4	4092
B001SN8ISO	4093
B001SOIWM0	4094
B001SOZDFO	4095
B001SU5G5A	4096
B001SV2ISC	4097
B001SXBJOY	4098
B001T0HGDE	4099
B001T1CBZQ	4100
B001T1ICWC	4101
B001T2ZWLU	4102
B001T3F0J8	4103
B001T3YG3Y	4104
B001T4XTYA	4105
B001T58TKS	4106
B001T77HF4	4107
B001T8OFQM	4108
B001T8YCPQ	4109
B001T9OVHE	4110
B001T9OVLK	4111
B001T9OVM4	4112
B001TAGANG	4113
B001TC0UGC	4114
B001TD04XK	4115
B001TD45XA	4116
B001TE5C1S	4117
B001TEUM2W	4118
B001TH8F1E	4119
B001TH8KIW	4120
B001TH8LCW	4121
B001THDE1A	4122
B001THK41I	4123
B001THPVA2	4124
B001THZ2HE	4125
B001TJ2PV8	4126
B001TJ8ITQ	4127
B001TJES2M	4128
B001TK3LO2	4129
B001TK3LOC	4130
B001TK3LOM	4131
B001TK3LOW	4132
B001TK3LP6	4133
B001TK3LPQ	4134
B001TK3LS8	4135
B001TK3LSI	4136
B001TK3LT2	4137
B001TK3LTW	4138
B001TK3LUG	4139
B001TL0CCK	4140
B001TLXZRY	4141
B001TM0SYG	4142
B001TM26XW	4143
B001TM5WNS	4144
B001TM5X1E	4145
B001TM5X28	4146
B001TM7OC0	4147
B001TMA03U	4148
B001TME3ME	4149
B001TMZ6WU	4150
B001TNVYVQ	4151
B001TOKJCK	4152
B001TPWZBM	4153
B001TR0742	4154
B001TYKE66	4155
B001U0LJGS	4156
B001U0OWTO	4157
B001U2BBAU	4158
B001U3Y5XE	4159
B001U3ZMH2	4160
B001U4ZEZQ	4161
B001U5JD9I	4162
B001U5LFV2	4163
B001U5N5W4	4164
B001U5N61O	4165
B001U5N70Y	4166
B001U5N786	4167
B001U5P978	4168
B001U5R1Y2	4169
B001U5R200	4170
B001U5R2AU	4171
B001U5SMOU	4172
B001U7YBU2	4173
B001UBG07K	4174
B001UCIM8E	4175
B001UE85CU	4176
B001UE8DJ0	4177
B001UESIC2	4178
B001UEWH9W	4179
B001UEWHG0	4180
B001UEWHK6	4181
B001UGQ7G4	4182
B001UGZ58A	4183
B001UH50MU	4184
B001UH5VHO	4185
B001UHBDE4	4186
B001UHEKH6	4187
B001UHET9U	4188
B001UHF584	4189
B001UHG6M8	4190
B001UICGUI	4191
B001UIKQ8W	4192
B001UIMB0I	4193
B001UIVZNC	4194
B001UK4YOC	4195
B001UK509U	4196
B001UL00IK	4197
B001UO0EPQ	4198
B001URW7ZI	4199
B001URY5JY	4200
B001URY6LQ	4201
B001URY7YM	4202
B001US29GE	4203
B001US2C1G	4204
B001US4DOK	4205
B001US4G9M	4206
B001US699M	4207
B001US6BYA	4208
B001USFOOS	4209
B001USHRCK	4210
B001UUO3S4	4211
B001UZHASY	4212
B001UZRPJI	4213
B001V2KBIC	4214
B001V7RF9U	4215
B001V7RL30	4216
B001V9ACMK	4217
B001V9K94Q	4218
B001VDR42M	4219
B001VDRGO8	4220
B001VDRGQG	4221
B001VE30PQ	4222
B001VFWPSS	4223
B001VFYUHW	4224
B001VG7USC	4225
B001VGBH04	4226
B001VM0Q6O	4227
B001VNUYKG	4228
B001VO7FPC	4229
B001VS4MTA	4230
B001W03MFW	4231
B001W03MH0	4232
B001W03UXQ	4233
B001W09LO8	4234
B001W0B7N6	4235
B001W0D00O	4236
B001W0F4SK	4237
B001W0J17K	4238
B001W0MZMI	4239
B001W1PRAY	4240
B001W1PSMQ	4241
B001W1PSN0	4242
B001W1R0KE	4243
B001W1R0MW	4244
B001W1SM1U	4245
B001W1UEK2	4246
B001W1UEMA	4247
B001W1UGEQ	4248
B001W1WGBM	4249
B001W1WGEY	4250
B001W1YG56	4251
B001W1YHZ0	4252
B001W2QYBE	4253
B001W2WKRQ	4254
B001W2WKS0	4255
B001W2WLIE	4256
B001W2WLZM	4257
B001W2WM06	4258
B001W2YCYU	4259
B001W30D2O	4260
B001W30E14	4261
B001W30E2S	4262
B001W30EFU	4263
B001W32DOU	4264
B001W32F02	4265
B001W32FHU	4266
B001W34FWS	4267
B001W3HY8K	4268
B001W3J8FC	4269
B001W3L0XK	4270
B001W3MMH8	4271
B001W3MMHI	4272
B001W3SWEU	4273
B001W49VR6	4274
B001W4FKDU	4275
B001W72R6A	4276
B001W7YXYO	4277
B001W9AM1K	4278
B001WOL09I	4279
B001WRSER6	4280
B001X7EQJU	4281
B001XCXARE	4282
B001XHF0KE	4283
B001XIMGP0	4284
B001XOZPEI	4285
B001XOZQJC	4286
B001XSTZDQ	4287
B001XUKGL4	4288
B001XUS9GI	4289
B001XUS9PO	4290
B001XVX5AC	4291
B001XY5CBO	4292
B001XZJ732	4293
B001Y30IHC	4294
B001Y66JU4	4295
B001YHX45G	4296
B001YIT1YI	4297
B001Z54H3K	4298
B001Z7V6PU	4299
B001ZG9FZE	4300
B00200JWQQ	4301
B00200JX3I	4302
B00200JX3S	4303
B00204W5L6	4304
B00206PR1E	4305
B002088XLI	4306
B0020B8BOO	4307
B0020BC5XW	4308
B0020K23IK	4309
B0020LZO80	4310
B0020MTNGS	4311
B0020ZY3W4	4312
B0021EWY4S	4313
B0021GBBFE	4314
B0021OH77C	4315
B0021OKIKA	4316
B0021OMLJQ	4317
B0021T9YE6	4318
B0021WGKIG	4319
B0022SMAEW	4320
B0022SPVO8	4321
B0023ASUTI	4322
B0023NVPZG	4323
B0023NVQ0K	4324
B0023RQHNC	4325
B0023RVQJM	4326
B0023TCKEK	4327
B0023TEEU8	4328
B00241NQA4	4329
B00241NQT0	4330
B002441FGS	4331
B002445NOS	4332
B00244K13Q	4333
B00244ODG2	4334
B00244Q55Y	4335
B00245PGYO	4336
B0024FAM2U	4337
B0024FONW0	4338
B0024FQD8C	4339
B0024FSHD6	4340
B0024FW7LO	4341
B0024FW868	4342
B0024FW8D6	4343
B0024FY8BG	4344
B0024H7OF6	4345
B0024HJQGG	4346
B0024HUG2O	4347
B0024I25JK	4348
B0024J6B7Q	4349
B0024UJIJ8	4350
B0024UXJ3E	4351
B0024VBFUW	4352
B00253T7R2	4353
B0025W1KP0	4354
B0025W1PMS	4355
B0025WYXIG	4356
B0025X444S	4357
B0025XR2RY	4358
B00260GLBO	4359
B00261HR34	4360
B00261HR84	4361
B00261JT7Q	4362
B00261JT8U	4363
B00261JT94	4364
B00261L7Q2	4365
B00261N28I	4366
B00261N29C	4367
B00261P632	4368
B00264GJL2	4369
B00264XVTA	4370
B0026523XE	4371
B00265RA82	4372
B002664KKM	4373
B0026G8SCI	4374
B0026HN0CK	4375
B0026J7EEI	4376
B0026J7EIO	4377
B0026MSB1A	4378
B0026MSNUO	4379
B0026NDRWW	4380
B0026O98NI	4381
B0026RIGIS	4382
B0026RWS7S	4383
B0026T3FQ4	4384
B0026TJYY6	4385
B0026YYCYS	4386
B002709GII	4387
B00270BCIK	4388
B00270D4HW	4389
B00270DWOW	4390
B00270FD6C	4391
B00270T04I	4392
B00270VYV0	4393
B00270WHQG	4394
B00270WLAI	4395
B00270YD22	4396
B002712I5A	4397
B00272XT0C	4398
B0027427IU	4399
B002743856	4400
B00275PRT0	4401
B00278Z7QK	4402
B00279IZP4	4403
B00279MP3M	4404
B0027ACIII	4405
B0027CS7AE	4406
B0027CS7B8	4407
B0027CS7BI	4408
B0027CS7BS	4409
B0027CS7D6	4410
B0027CS7DG	4411
B0027CS7OK	4412
B0027CTC5S	4413
B0027CTU1E	4414
B0027DNOIS	4415
B0027DTH3Y	4416
B0027DX2IA	4417
B0027E3N4M	4418
B0027FFMBS	4419
B0027FFPI8	4420
B0027IVMWI	4421
B0027TIPAE	4422
B0027UTT1M	4423
B0027UWG8A	4424
B0027VROWC	4425
B0027YN5H2	4426
B0027YRSFC	4427
B00280MB48	4428
B00280NFTS	4429
B00283XBGW	4430
B002840FHE	4431
B002843YIG	4432
B00284615E	4433
B0028483BE	4434
B00284C4FA	4435
B00284C4FK	4436
B00284C4FU	4437
B00286H22S	4438
B00286IXBC	4439
B00286KT1Y	4440
B0028AECQS	4441
B0028AECR2	4442
B0028AED26	4443
B0028BEUF0	4444
B0028CY8M4	4445
B0028K2AX0	4446
B0028K2AY4	4447
B0028K2Q8O	4448
B0028K2WBA	4449
B0028P5R26	4450
B0028SU0GG	4451
B0028SZ9X0	4452
B0028WQYVW	4453
B0028WR0WO	4454
B0028Y5S12	4455
B0028YVCBW	4456
B0028Z2O72	4457
B00292BX8U	4458
B00292T6HA	4459
B00293AC4A	4460
B00294J43Y	4461
B00295WCJQ	4462
B00296N9G0	4463
B00296PCBU	4464
B00296QV1K	4465
B00297OCWO	4466
B00297OCZ6	4467
B0029JOOXE	4468
B0029LDRYO	4469
B0029N0QW8	4470
B0029NDZYO	4471
B0029NFRPO	4472
B0029NFSMQ	4473
B0029NGA2I	4474
B0029WGLOQ	4475
B0029WLJ8O	4476
B0029XDCT2	4477
B0029ZAP40	4478
B002A2U8OO	4479
B002A5FGL6	4480
B002AC0P4W	4481
B002ACOPPW	4482
B002ACOPQ6	4483
B002ACOQY2	4484
B002ACUC0O	4485
B002AH6WOY	4486
B002AHJBV0	4487
B002AHOY94	4488
B002AIYCHW	4489
B002AJ2IWM	4490
B002AJ2IZE	4491
B002AJ5IXS	4492
B002AJ8S9O	4493
B002AK5EUY	4494
B002AK8KTG	4495
B002ALOUBM	4496
B002AMVYQ0	4497
B002APDYV0	4498
B002APFT8G	4499
B002APG82M	4500
B002APM86M	4501
B002ARM4I2	4502
B002AS9NNU	4503
B002ATIP92	4504
B002AVU3SG	4505
B002AWAPNS	4506
B002AX449S	4507
B002B0GUUQ	4508
B002B555QQ	4509
B002B555RU	4510
B002B7JY66	4511
B002B8VL3E	4512
B002BAY99K	4513
B002BE6F5W	4514
B002BFDMW0	4515
B002BH3K8E	4516
B002BH4U56	4517
B002BHBVUI	4518
B002BHC41S	4519
B002BHC7O2	4520
B002BHDXY0	4521
B002BRSCJ6	4522
B002BRU5E6	4523
B002BRW84G	4524
B002BS4JDS	4525
B002BTQVLU	4526
B002BTZUBM	4527
B002BW4QVO	4528
B002BY2BVE	4529
B002BY2C4U	4530
B002BZX5EK	4531
B002C0KS12	4532
B002C11IIS	4533
B002C3R182	4534
B002C3R5XI	4535
B002C3R6B4	4536
B002C4BAHO	4537
B002C4KY9E	4538
B002C4L47A	4539
B002C4L4BG	4540
B002CG87Z0	4541
B002CGS2F0	4542
B002CICG3M	4543
B002CJMBF4	4544
B002CP8VPW	4545
B002CSQDZY	4546
B002CSRZKQ	4547
B002CU1DCA	4548
B002DCS3R0	4549
B002DG50FY	4550
B002DHC6FA	4551
B002DVNN1M	4552
B002DWAVP2	4553
B002DWAVQ6	4554
B002DWAVQG	4555
B002DWAX28	4556
B002E06D46	4557
B002E864TC	4558
B002EEP3NO	4559
B002EODQBA	4560
B002EQ9V1M	4561
B002EQYI2Y	4562
B002ERB4O8	4563
B002EWWW9O	4564
B002EWYKDU	4565
B002EXKF4C	4566
B002EZZ6N0	4567
B002EZZ6NU	4568
B002EZZ6TO	4569
B002F4LHA6	4570
B002F4OMNU	4571
B002F6C636	4572
B002F7OV9M	4573
B002F9NH4A	4574
B002F9NH7W	4575
B002FAKYC2	4576
B002FCK5O2	4577
B002FKJKDG	4578
B002FU5NQ4	4579
B002G01EPC	4580
B002G21EYG	4581
B002G3ERMQ	4582
B002GEJYHI	4583
B002GH2D8W	4584
B002GJMOUC	4585
B002GO860O	4586
B002GP5XL8	4587
B002GP5XLI	4588
B002GPBAPG	4589
B002GPH20I	4590
B002GPYHB0	4591
B002H5IIKK	4592
B002H6DTEO	4593
B002HJ61DC	4594
B002HSWKFG	4595
B002HU4YXA	4596
B002HWRQ9W	4597
B002I0EG32	4598
B002I0K3CK	4599
B002I44FDE	4600
B002I4OTA8	4601
B002ILMAK2	4602
B002IMFN3C	4603
B002IMMDN0	4604
B002INEELS	4605
B002IPGW4S	4606
B002IPGXTC	4607
B002IPGXTM	4608
B002IPGXVA	4609
B002IUFSPM	4610
B002IUNLLK	4611
B002IVBVIO	4612
B002IVFOC8	4613
B002IXYSGO	4614
B002IY3616	4615
B002J0NINU	4616
B002J0TIKM	4617
B002J9R9IQ	4618
B002JAOJJ2	4619
B002JCAFH0	4620
B002JCE026	4621
B002JE8U0M	4622
B002JSM3KQ	4623
B002JWOKF8	4624
B002JX2BBC	4625
B002K51IQI	4626
B002KA9HUC	4627
B002KCNV3Y	4628
B002KCNV70	4629
B002KCNVES	4630
B002KCNVM0	4631
B002KDXNHW	4632
B002KE1CBA	4633
B002KE5GPS	4634
B002KE5OZ0	4635
B002KEC4A8	4636
B002KHN23S	4637
B002KHVWOE	4638
B002KIOPEC	4639
B002KO23MW	4640
B002KSKTG0	4641
B002KYKFHC	4642
B002KYOI4S	4643
B002KYRXNG	4644
B002L0VNVW	4645
B002L16L68	4646
B002L3TRZS	4647
B002L3TS0C	4648
B002L3TS52	4649
B002L3TS5M	4650
B002L6I9ZY	4651
B002L762F2	4652
B002L8V5UI	4653
B002LDKKIQ	4654
B002LDXZLU	4655
B002LE176O	4656
B002LE32EE	4657
B002LE8YYW	4658
B002LE8YZQ	4659
B002LE8Z00	4660
B002LE8Z0K	4661
B002LE8Z14	4662
B002LFCQX6	4663
B002LFITPK	4664
B002LHA064	4665
B002LHO1MI	4666
B002LJ3K6Y	4667
B002LK0MFK	4668
B002LK8GSU	4669
B002LNEIES	4670
B002LNHJIU	4671
B002LNKVI0	4672
B002LRKB36	4673
B002M09F8Y	4674
B002M28AOW	4675
B002M78DQW	4676
B002M78DR6	4677
B002M78DRG	4678
B002M78DRQ	4679
B002M78DSK	4680
B002M78DSU	4681
B002M8RK2O	4682
B002M8V06Q	4683
B002MCZ5TU	4684
B002MCZ87Y	4685
B002MFIXFU	4686
B002MKP4AW	4687
B002MLALOK	4688
B002MNWESY	4689
B002MQ7MK6	4690
B002MQDR8C	4691
B002MUALIC	4692
B002MUALIM	4693
B002MUANJE	4694
B002MUANJO	4695
B002MUANJY	4696
B002MUM9DC	4697
B002MUR1JY	4698
B002MZAPCE	4699
B002N4KK7O	4700
B002NDBZJM	4701
B002NECEVE	4702
B002NGDR0O	4703
B002NGKQEY	4704
B002NGOH1W	4705
B002NH38V6	4706
B002NPBT50	4707
B002NREGU8	4708
B002NXU0BG	4709
B002NXU0BQ	4710
B002O064J0	4711
B002O71LDM	4712
B002O9JLEG	4713
B002ODY1CY	4714
B002OE01XG	4715
B002OE05L4	4716
B002OE2V1G	4717
B002OED6GU	4718
B002OED6I8	4719
B002OED6II	4720
B002OFCW5A	4721
B002OFLL7A	4722
B002OFN9TS	4723
B002OI00TM	4724
B002OPRDHW	4725
B002OQQAWA	4726
B002OSWLKI	4727
B002OSWLR6	4728
B002OSY2SC	4729
B002OSY2T6	4730
B002OUA1L2	4731
B002P30IYS	4732
B002P39UCY	4733
B002P53N3O	4734
B002P584A6	4735
B002PA0NZ0	4736
B002PAQLWO	4737
B002PEGT9U	4738
B002PHYHWI	4739
B002PIAUYG	4740
B002PLNSRY	4741
B002PUD6RC	4742
B002PXP8XO	4743
B002PZWJNE	4744
B002Q4M3FS	4745
B002Q4M5PQ	4746
B002Q4U71K	4747
B002Q7283W	4748
B002Q7BSK6	4749
B002Q7CKGC	4750
B002Q7IE9O	4751
B002QB31AC	4752
B002QB47GY	4753
B002QB48QS	4754
B002QB601Y	4755
B002QB9UIE	4756
B002QBDOJA	4757
B002QBDPTY	4758
B002QCVY8W	4759
B002QFN6T4	4760
B002QJXV86	4761
B002QN8CP4	4762
B002QNM8NQ	4763
B002QSA3TC	4764
B002QYNIHU	4765
B002QZ5E12	4766
B002R1ZYEM	4767
B002R6A4KQ	4768
B002R7IK74	4769
B002RBRCQ0	4770
B002RBWKOO	4771
B002RCCC4Q	4772
B002RCDVW8	4773
B002RG3HEG	4774
B002RL7VN4	4775
B002RL7VNO	4776
B002RL7VNY	4777
B002RL7VOI	4778
B002RL7VOS	4779
B002RL7VPC	4780
B002RL7VPM	4781
B002RL7VPW	4782
B002RL7VQG	4783
B002RL7VR0	4784
B002RL7VRK	4785
B002RL7VS4	4786
B002RL7VSY	4787
B002RL7VTS	4788
B002RL7VUM	4789
B002RL7VX4	4790
B002RL7W0G	4791
B002RL7W60	4792
B002RL7W8I	4793
B002RL7W9C	4794
B002RL7WB0	4795
B002RL7WCE	4796
B002RLE2TK	4797
B002RMO88Y	4798
B002RNQUSY	4799
B002RNR48Y	4800
B002RNU4OU	4801
B002RQU3VQ	4802
B002RR1MVK	4803
B002RTIOFA	4804
B002RWT87U	4805
B002RXWLBE	4806
B002RYVRH2	4807
B002S3VP1U	4808
B002S4U8M6	4809
B002S52VPC	4810
B002S52VQ6	4811
B002S52VU2	4812
B002S52VWU	4813
B002S52VY8	4814
B002S52VZ2	4815
B002S52W4C	4816
B002S52W7Y	4817
B002S52W8I	4818
B002S52W8S	4819
B002S52W92	4820
B002S52W9M	4821
B002SAS26E	4822
B002SCUK1W	4823
B002SDX5R2	4824
B002SG6JWM	4825
B002SI6M5Y	4826
B002SJMR20	4827
B002SJZRJ0	4828
B002SNA5HU	4829
B002SNIK4U	4830
B002SPU2YY	4831
B002SQBB3O	4832
B002SQTXIY	4833
B002SQW38Q	4834
B002STQLK4	4835
B002SVE03W	4836
B002SXMH3A	4837
B002SXMH3K	4838
B002SXMH58	4839
B002T13KT6	4840
B002T1HG82	4841
B002T3NQA2	4842
B002T5FPE0	4843
B002THXRWK	4844
B002TI6XAM	4845
B002TIU1ZU	4846
B002TK193G	4847
B002TNHK2W	4848
B002TVLYEO	4849
B002TWNCPC	4850
B002TZU536	4851
B002U2YG7E	4852
B002U4N19G	4853
B002U4PH2K	4854
B002U6QQ9G	4855
B002UAMBW8	4856
B002UD1G6C	4857
B002UD1G9Y	4858
B002UD3Q1K	4859
B002UD8P4S	4860
B002UHJT9O	4861
B002UHJUXY	4862
B002UHNWCE	4863
B002UJFAO0	4864
B002UKICWG	4865
B002UKK4TU	4866
B002UOE1YA	4867
B002UQ39EQ	4868
B002UQ74TC	4869
B002UQM0PA	4870
B002USOJ66	4871
B002UTL4Q8	4872
B002UU3TV0	4873
B002V1B2J4	4874
B002V1BME4	4875
B002V1H0Y0	4876
B002V3RCE6	4877
B002V5PUSY	4878
B002V5TOPE	4879
B002V7XA84	4880
B002V7YBNC	4881
B002V8UYRI	4882
B002VARMBW	4883
B002VBXPO4	4884
B002VBXPPI	4885
B002VBXPRQ	4886
B002VBXPSK	4887
B002VC2T5O	4888
B002VC8S0O	4889
B002VEC862	4890
B002VEC86M	4891
B002VEC8TO	4892
B002VECEJI	4893
B002VECGT6	4894
B002VECGTG	4895
B002VL7WLQ	4896
B002VLP67S	4897
B002VUC1DQ	4898
B002VUCA00	4899
B002VUCA14	4900
B002VUCA1O	4901
B002VZCW3U	4902
B002W5U03S	4903
B002WB0FK0	4904
B002WB0FOG	4905
B002WB16ZS	4906
B002WB1770	4907
B002WB183S	4908
B002WB186K	4909
B002WB18DS	4910
B002WB1GGW	4911
B002WB490C	4912
B002WB62NO	4913
B002WB62Y8	4914
B002WB7WOW	4915
B002WB7WQ0	4916
B002WBA1YA	4917
B002WBA1Z4	4918
B002WBA1ZY	4919
B002WBBZRW	4920
B002WBBZVS	4921
B002WBBZYK	4922
B002WCLQXE	4923
B002WCNKUQ	4924
B002WCNKYM	4925
B002WDERU2	4926
B002WDKA6W	4927
B002WGI656	4928
B002WGMEY0	4929
B002WJI608	4930
B002WJI60S	4931
B002WJI626	4932
B002WJI63A	4933
B002WJI64E	4934
B002WJI658	4935
B002WJI65S	4936
B002WJI66C	4937
B002WQP27G	4938
B002WRGYJA	4939
B002X10B1C	4940
B002X3VIDU	4941
B002X7D8SO	4942
B002X7UZSU	4943
B002X7WU88	4944
B002X8ROD8	4945
B002X8SZ36	4946
B002X98IR8	4947
B002XAE9UC	4948
B002XB04XW	4949
B002XDQISK	4950
B002XDQISU	4951
B002XEWO2S	4952
B002XFE09C	4953
B002XKJ5PQ	4954
B002XNMWZI	4955
B002XNS7V6	4956
B002XQ7QJW	4957
B002XROSJC	4958
B002XULJDW	4959
B002XULJE6	4960
B002XXCOWO	4961
B002XY4PQQ	4962
B002Y29UIK	4963
B002Y2MEYC	4964
B002Y32D92	4965
B002Y5WKYS	4966
B002Y5WKZM	4967
B002Y7YL9I	4968
B002YDNN8W	4969
B002YGSRIA	4970
B002YHPC1O	4971
B002YI6FC8	4972
B002YIRKBS	4973
B002YIRKKY	4974
B002YITFB6	4975
B002YITFKM	4976
B002YITFWK	4977
B002YIV0ZU	4978
B002YIV1AE	4979
B002YIX0XA	4980
B002YK2WU0	4981
B002YL4856	4982
B002YNS0EE	4983
B002YNS0EY	4984
B002YP48CU	4985
B002YQGQ2E	4986
B002YQU0GW	4987
B002YQU0QC	4988
B002YQU0RQ	4989
B002YQU0SK	4990
B002YQU0T4	4991
B002YQZ8RI	4992
B002YSO86I	4993
B002YTCKSU	4994
B002YX011E	4995
B002Z1VH9K	4996
B002Z2K48Y	4997
B002Z3PIZC	4998
B002Z46H2E	4999
B002ZAZK30	5000
B002ZCXNQE	5001
B002ZCYC6E	5002
B002ZCZ0F6	5003
B002ZKGVJW	5004
B002ZQ4OTU	5005
B002ZQG3I0	5006
B002ZUD49M	5007
B002ZZGSRM	5008
B002ZZRO34	5009
B002ZZTUCW	5010
B00303EEFG	5011
B00309LG24	5012
B0030CHCQ0	5013
B0030E7N12	5014
B0030F67N6	5015
B0030FMS4I	5016
B0030G7J9G	5017
B0030G9DOU	5018
B0030GBOOM	5019
B0030GTZEI	5020
B0030HBVG2	5021
B0030IG0C6	5022
B0030IW9WQ	5023
B0030MTH0O	5024
B0030NL9H2	5025
B0030T13RM	5026
B0030XML88	5027
B0030ZF1TC	5028
B00312NELG	5029
B00314SEZU	5030
B00314VYNE	5031
B00314WFYQ	5032
B003153SCI	5033
B00318BY4O	5034
B0031ES8P6	5035
B0031ES9LE	5036
B0031F6K82	5037
B0031FKXI0	5038
B0031KVY1K	5039
B0031MUO6O	5040
B0031P85VC	5041
B0031P91LK	5042
B0031QDJKS	5043
B0031RG846	5044
B003216EY0	5045
B00322TY5K	5046
B00322XV8Q	5047
B00322XVEU	5048
B00322ZYZY	5049
B00322ZZOE	5050
B003231HUE	5051
B00324REN2	5052
B00327TL94	5053
B00328322A	5054
B003286BNW	5055
B00328INAG	5056
B00328LR7W	5057
B003297I1U	5058
B00329K1V4	5059
B0032BEF1Y	5060
B0032EKAJ2	5061
B0032EXVLG	5062
B0032HF60M	5063
B0032JTK7A	5064
B0032JWUCW	5065
B0032MYYBE	5066
B0032N11CS	5067
B0032O1XSO	5068
B0032O3I9Q	5069
B0032O3P80	5070
B0032O3PDA	5071
B0032O6TTW	5072
B0032O8OIQ	5073
B0032OAQKU	5074
B0032OBE2E	5075
B0032UKQFO	5076
B0032UKTXI	5077
B0032UP5R8	5078
B0032VUUXG	5079
B0032VUUXQ	5080
B0032VUUZE	5081
B0032VX04C	5082
B0032VY2YY	5083
B0032W05OO	5084
B0032W05PI	5085
B0032W1LW4	5086
B0032W1M8M	5087
B0032Z8890	5088
B00332G6F0	5089
B00332G6FA	5090
B00336EKP4	5091
B00336EPTU	5092
B00336EPZ4	5093
B00337FPGQ	5094
B00339P9ME	5095
B00339QX6A	5096
B00339STR6	5097
B0033BM3K8	5098
B0033C13KS	5099
B0033CG2RM	5100
B0033J7RE2	5101
B0033M22LM	5102
B0033PRGJM	5103
B0033PRKVQ	5104
B0033PRTX0	5105
B0033PSLUK	5106
B0033RVDVC	5107
B0033UDEVQ	5108
B0033V2LQE	5109
B0033VHDK8	5110
B0033VTVXA	5111
B0033Z0QO4	5112
B0033ZU4YG	5113
B00342H7ZW	5114
B00344IHW2	5115
B00345XX5W	5116
B0034776O4	5117
B00349MPQQ	5118
B0034CXR6K	5119
B0034E81U0	5120
B0034G4FG2	5121
B0034G4FH6	5122
B0034G4FPS	5123
B0034IQB76	5124
B0034IX82M	5125
B0034N7OZO	5126
B0034PUPYY	5127
B0034Y4AF0	5128
B0034YX6JQ	5129
B00350N2H0	5130
B00350OWII	5131
B003526C8O	5132
B003543KXM	5133
B003551WHC	5134
B003552MKS	5135
B0035563XA	5136
B003559ZTE	5137
B00355LOZM	5138
B00358EOI8	5139
B0035A2PKU	5140
B0035A4DF0	5141
B0035BT11U	5142
B0035CCDPU	5143
B0035E196C	5144
B0035EQDT0	5145
B0035EQDTU	5146
B0035EQDUY	5147
B0035EQDW2	5148
B0035EQGWE	5149
B0035EQIAO	5150
B0035FWBG8	5151
B0035FZWYG	5152
B0035G0BUA	5153
B0035GS63E	5154
B0035LJCVE	5155
B0035LLZ3W	5156
B0035LYMG4	5157
B0035RRPU8	5158
B0035V1JUQ	5159
B0035XNZ5G	5160
B0035Y44SC	5161
B0035YAG3Y	5162
B0035Z06G0	5163
B0035Z07O6	5164
B00361FUG4	5165
B003621UT4	5166
B00362829U	5167
B00362AQPI	5168
B00362MLOM	5169
B00362OJ06	5170
B00362OMXU	5171
B00362RX5E	5172
B00362TR2Q	5173
B00363B5FC	5174
B00365HTO6	5175
B00365OLU6	5176
B00366YWFY	5177
B00367JYEW	5178
B0036AWTDM	5179
B0036B560Y	5180
B0036BDQTC	5181
B0036BV0OK	5182
B0036C67NS	5183
B0036DDEWY	5184
B0036E8K1S	5185
B0036EIJDC	5186
B0036F99GM	5187
B0036FD7I8	5188
B0036FDKZS	5189
B0036FFPCY	5190
B0036IGW82	5191
B0036IGZMU	5192
B0036IMS7Q	5193
B0036IMSB2	5194
B0036INP7I	5195
B0036MDNMQ	5196
B0036MDNN0	5197
B0036MDNNU	5198
B0036MDNV2	5199
B0036MDNW6	5200
B0036MDNXA	5201
B0036QB072	5202
B0036QXU48	5203
B0036RIMNQ	5204
B0036RIOPC	5205
B0036RKJUK	5206
B0036RKKM2	5207
B0036RMAQQ	5208
B0036RMD5Y	5209
B0036RMDC2	5210
B0036RNWGI	5211
B0036RNWTA	5212
B0036RRSU4	5213
B0036RRSXG	5214
B0036RRTVW	5215
B0036UXHK6	5216
B0036V0JYC	5217
B0036WF4MI	5218
B0036WSVPU	5219
B0036WSVQ4	5220
B0036YJLJS	5221
B0036ZBEFG	5222
B0036ZBEG0	5223
B0036ZDT18	5224
B0036ZHGZI	5225
B0036ZKWDG	5226
B00374BIRK	5227
B00376VW7Y	5228
B003770ZMG	5229
B003774VXK	5230
B003774W6Q	5231
B003774Y0A	5232
B0037BMCFK	5233
B0037BMCFU	5234
B0037BO8GQ	5235
B0037EVR3A	5236
B0037KL7R0	5237
B0037KL7SE	5238
B0037LAXUG	5239
B0037LL0U8	5240
B0037NMWC6	5241
B0037OOK5M	5242
B0037OQDYS	5243
B0037U4Q8M	5244
B0037UP960	5245
B0037UP9GU	5246
B0037UP9MY	5247
B0037UP9N8	5248
B0037UP9OM	5249
B0037UR1XY	5250
B0037UR206	5251
B0037UR28I	5252
B0037USWC8	5253
B0037UT1GO	5254
B0037UT1LY	5255
B0037UT1RI	5256
B0037UT20E	5257
B0037UT2CC	5258
B0037UT2MC	5259
B0037UT3E4	5260
B0037UUZAK	5261
B0037UUZJQ	5262
B0037UUZQY	5263
B0037UV02W	5264
B0037UV06S	5265
B0037UV0RM	5266
B0037UWGWK	5267
B0037UWNR8	5268
B0037UWNZU	5269
B0037UWO5Y	5270
B0037UWOH2	5271
B0037UWPM6	5272
B0037UZNY8	5273
B0037UZNYI	5274
B0037V0PDG	5275
B0037V0Q62	5276
B0037W57DS	5277
B0037W5Y2W	5278
B0037X58XG	5279
B0037X596M	5280
B0037XA2KK	5281
B0037Z8DEK	5282
B003800UNQ	5283
B00380GUGM	5284
B00381A1IY	5285
B00381A1J8	5286
B00381A1JI	5287
B00381A1KC	5288
B00381A1KW	5289
B00381A1L6	5290
B00381A1MU	5291
B00381A1NE	5292
B00381A1OI	5293
B00381A1PM	5294
B00381A1Q6	5295
B00381A1R0	5296
B00382GVOQ	5297
B00383AEZW	5298
B00383GDXE	5299
B00383JM3C	5300
B00383LP8M	5301
B00383NQ7A	5302
B00383PNKS	5303
B00383PNPS	5304
B00383PO48	5305
B00385L0BM	5306
B00385L0FI	5307
B00385MZVG	5308
B00385MZW0	5309
B00385MZYS	5310
B00385OY42	5311
B00385QUTO	5312
B00385QVFW	5313
B00385QVHA	5314
B00385QVRU	5315
B00385QVSE	5316
B00385SQEQ	5317
B00385SRBS	5318
B00385SRE0	5319
B00385UQZI	5320
B00385X51U	5321
B00386099K	5322
B00386QEG2	5323
B00386UK4E	5324
B00386WHKY	5325
B00386Y63A	5326
B0038880AI	5327
B003889Z7K	5328
B003889ZDO	5329
B00388A4UW	5330
B00388C2YS	5331
B00388C3C4	5332
B00388C3TW	5333
B00388C3Z6	5334
B00388C6L2	5335
B00388CAS6	5336
B00388DKXA	5337
B00388DLIO	5338
B00388DSNC	5339
B00388DUTY	5340
B00388EJE4	5341
B00388EQT2	5342
B00388ERGY	5343
B00388ES6S	5344
B00388F4IE	5345
B00388GPNC	5346
B00388H3G0	5347
B00388H46O	5348
B00388IRCE	5349
B00388IRPG	5350
B00388IS1E	5351
B00388J1UQ	5352
B00388J386	5353
B00388KWJA	5354
B00388L7VC	5355
B00388L8NY	5356
B0038AEWGW	5357
B0038AI0PQ	5358
B0038AJIGG	5359
B0038AJIMK	5360
B0038AJKG4	5361
B0038AJKPK	5362
B0038AJKPU	5363
B0038AJYSS	5364
B0038AJZ00	5365
B0038ALXKU	5366
B0038ALXZ0	5367
B0038ANO3O	5368
B0038ANOC0	5369
B0038ANQ0U	5370
B0038ANQ2I	5371
B0038APBDA	5372
B0038APD2E	5373
B0038APD3S	5374
B0038APD60	5375
B0038APDAG	5376
B0038APDC4	5377
B0038APDDS	5378
B0038AR4VM	5379
B0038AR53E	5380
B0038AR584	5381
B0038AR700	5382
B0038AR75K	5383
B0038AT564	5384
B0038AYM80	5385
B0038B2DTO	5386
B0038B7CXG	5387
B0038B8IDO	5388
B0038B9GG2	5389
B0038BAHGK	5390
B0038BAHI8	5391
B0038BBHMS	5392
B0038BBILI	5393
B0038BE94Q	5394
B0038BK67A	5395
B0038ETIBW	5396
B0038FPXGU	5397
B0038I6R2Q	5398
B0038JCUB2	5399
B0038LYVVM	5400
B0038M5ILI	5401
B0038M8EQO	5402
B0038NX5RG	5403
B0038OMF2Q	5404
B0038OMF30	5405
B0038OMF5S	5406
B0038OMF62	5407
B0038OMF7G	5408
B0038OMF8K	5409
B0038OMQ3E	5410
B0038OMQ48	5411
B0038OMQPC	5412
B0038QB2K0	5413
B0038WXKYA	5414
B0038YT2NG	5415
B0038Z0DZQ	5416
B0038Z5LPS	5417
B0038ZL5MQ	5418
B0038ZN4KC	5419
B0038ZOVMC	5420
B0038ZPM70	5421
B0038ZUMC0	5422
B0038ZVPFI	5423
B00392NSI2	5424
B00392NSQ4	5425
B00393ECKO	5426
B00393I2DM	5427
B00393I3IG	5428
B00393JTQG	5429
B0039FXH0I	5430
B0039H7Y1Y	5431
B0039KIW9E	5432
B0039KT680	5433
B0039L0RXM	5434
B0039MIPQC	5435
B0039PUTZY	5436
B0039PUU08	5437
B0039QM1MC	5438
B0039R8XF0	5439
B0039S7NO6	5440
B0039SVES2	5441
B0039SXYWQ	5442
B0039U7WE0	5443
B0039UTUXQ	5444
B0039VYHG0	5445
B0039WN9FE	5446
B0039X06OU	5447
B0039X06RM	5448
B0039X13CY	5449
B0039X2THM	5450
B0039X2Y1I	5451
B0039X51NG	5452
B0039X6W6Q	5453
B0039X6XZG	5454
B0039YNFEW	5455
B0039YOK8W	5456
B0039ZTNRE	5457
B003A09ZKS	5458
B003A0C5C8	5459
B003A0GTL6	5460
B003A0GTN4	5461
B003A0GTRA	5462
B003A0UDRC	5463
B003A2JCOA	5464
B003A2JCQ8	5465
B003A2JCR2	5466
B003A4R0YM	5467
B003A5RTHO	5468
B003A6AL8C	5469
B003A6AOOS	5470
B003A6CJB4	5471
B003A6EKX4	5472
B003A6EMB4	5473
B003A6EMF0	5474
B003A6GFRI	5475
B003A6GI70	5476
B003A6GIKW	5477
B003A6IC6U	5478
B003A6IF76	5479
B003A6IGLG	5480
B003A7W02Q	5481
B003A9GYXK	5482
B003AA1VKK	5483
B003ACHZJ4	5484
B003ADVR3S	5485
B003AFSKTA	5486
B003AH6MP2	5487
B003AH6MSO	5488
B003AH6MXY	5489
B003AH6NII	5490
B003AH6NJ2	5491
B003AH8JIK	5492
B003AH8JOE	5493
B003AHAH7Q	5494
B003AHAHC6	5495
B003AHAHLM	5496
B003AHBX1U	5497
B003AHBXTM	5498
B003AHG2YS	5499
B003AHG32E	5500
B003AHG3BU	5501
B003AHG3HE	5502
B003AHG3IS	5503
B003AHG3JC	5504
B003AIM52A	5505
B003AIM54I	5506
B003AJ7PGA	5507
B003AJ9LZS	5508
B003AJ9M1Q	5509
B003AJBS86	5510
B003AJD4V0	5511
B003AJEXD8	5512
B003AJGXC2	5513
B003AN0KFY	5514
B003AN0OK0	5515
B003AN0OOQ	5516
B003AN6H42	5517
B003AOLO30	5518
B003AP4JPE	5519
B003AQBBV8	5520
B003AQBBW2	5521
B003AQBW9E	5522
B003AQBWCG	5523
B003AQBWOO	5524
B003AQBWP8	5525
B003AQFVEG	5526
B003ASHZUC	5527
B003ASHZX4	5528
B003ASK7J8	5529
B003ASOUBY	5530
B003ATT68A	5531
B003AU5YN0	5532
B003AU5YNU	5533
B003AU5YOE	5534
B003AU5YOY	5535
B003AU5YPS	5536
B003AUD9BE	5537
B003AUDFHW	5538
B003AUF1XI	5539
B003AULWEU	5540
B003AVCT1E	5541
B003AVKIRG	5542
B003AVMUTU	5543
B003AVMUVS	5544
B003AVNKVW	5545
B003AVNKWQ	5546
B003AVNKX0	5547
B003AVNKXA	5548
B003AVWOMS	5549
B003AWYJRA	5550
B003AY5TMC	5551
B003AY64JE	5552
B003AZZSMW	5553
B003AZZSPE	5554
B003AZZSQ8	5555
B003B111MQ	5556
B003B1TI58	5557
B003B1UAT6	5558
B003B1WE72	5559
B003B1WF7Q	5560
B003B6LCIY	5561
B003B7FBQW	5562
B003B7HY9E	5563
B003B7HYBC	5564
B003B7HZ1Q	5565
B003B7Q5YY	5566
B003B96AOW	5567
B003B9EJM2	5568
B003BAN3AU	5569
B003BCGW4W	5570
B003BCTJ6U	5571
B003BDKGPW	5572
B003BEDE5A	5573
B003BF7SME	5574
B003BJP9C6	5575
B003BK4TIA	5576
B003BKR8N8	5577
B003BLQEFA	5578
B003BLQG4O	5579
B003BLQG6M	5580
B003BLQIQK	5581
B003BMGU2G	5582
B003BMGU4Y	5583
B003BMJKI2	5584
B003BNZNNW	5585
B003BV0WLW	5586
B003BWCR0K	5587
B003BXRU4W	5588
B003BYKI40	5589
B003C0BPHW	5590
B003C1FO5U	5591
B003C1MW4Q	5592
B003C5UR9E	5593
B003C6ELEU	5594
B003CF9ZXI	5595
B003CFA00A	5596
B003CFA01E	5597
B003CGWHRS	5598
B003CI1DAS	5599
B003CJJE4Y	5600
B003COZJUM	5601
B003COZJXO	5602
B003COZK3I	5603
B003COZK56	5604
B003COZK7E	5605
B003COZKHY	5606
B003CRCDMQ	5607
B003CRCQLO	5608
B003CRE4XM	5609
B003CRJU0Y	5610
B003CRJU36	5611
B003CRJU4U	5612
B003CRK5KI	5613
B003CRM902	5614
B003CSAGJC	5615
B003CT4X3Q	5616
B003CWKSI2	5617
B003CWURQU	5618
B003CYOG2O	5619
B003CZ4L5A	5620
B003CZA7US	5621
B003D3OD4K	5622
B003D5MUIE	5623
B003D6BLW4	5624
B003D7F4YY	5625
B003D7RWOY	5626
B003D9619E	5627
B003DHIPC2	5628
B003DJ3A5W	5629
B003DKEEUG	5630
B003DKJG7C	5631
B003DKJG7M	5632
B003DKKKS6	5633
B003DKKKTK	5634
B003DM3MN4	5635
B003DMQEI4	5636
B003DQ1AWK	5637
B003DS19B0	5638
B003DSIBVQ	5639
B003DTMQAC	5640
B003DTMQAM	5641
B003DTMQAW	5642
B003DV78JO	5643
B003DV9V8A	5644
B003DVB8NG	5645
B003DVDA9G	5646
B003DVKHTC	5647
B003DVWM22	5648
B003DW92G0	5649
B003DWAD86	5650
B003DWI5FO	5651
B003DZ1TAO	5652
B003DZ35GK	5653
B003E0MJCA	5654
B003E1DVJY	5655
B003E464W2	5656
B003E6KHLE	5657
B003E6NHSE	5658
B003E6P9DK	5659
B003E7403Y	5660
B003ED7N6E	5661
B003EE29RG	5662
B003EGQ5JC	5663
B003EHUKF6	5664
B003EHYOO4	5665
B003EIK136	5666
B003EKBX2W	5667
B003EMF1DM	5668
B003EMXFV2	5669
B003EMY8F4	5670
B003ERS13O	5671
B003ESKIJI	5672
B003ESKIKC	5673
B003ESOHSQ	5674
B003ESTRDQ	5675
B003ESZDY8	5676
B003ET17HY	5677
B003ET17JC	5678
B003ET2GOC	5679
B003ET4GMW	5680
B003ET6R88	5681
B003EU6HZU	5682
B003EV6ID0	5683
B003EVOIWS	5684
B003EXPDAC	5685
B003F1E7K0	5686
B003F1FWBS	5687
B003F1KETI	5688
B003F256QI	5689
B003F2636A	5690
B003F2VNGK	5691
B003F2YXBW	5692
B003F62X24	5693
B003F757W6	5694
B003F7TODY	5695
B003F7V7XE	5696
B003F7WK30	5697
B003F7WLAM	5698
B003F7WP58	5699
B003F7YHXQ	5700
B003F7YMG8	5701
B003F7YNGW	5702
B003F80FHM	5703
B003F80KFO	5704
B003F82FB6	5705
B003F82G24	5706
B003F82I2W	5707
B003F82NTK	5708
B003F8HSAE	5709
B003FBVCAS	5710
B003FD80IS	5711
B003FHM27O	5712
B003FHXMDC	5713
B003FKSZYA	5714
B003FLMWL6	5715
B003FLMZM2	5716
B003FLMZMC	5717
B003FLMZMW	5718
B003FLMZN6	5719
B003FN9NIO	5720
B003FN9NMK	5721
B003FNWR6Y	5722
B003FOC7U4	5723
B003FPODGO	5724
B003FPSGTO	5725
B003FPSKP4	5726
B003FPW492	5727
B003FQ24YQ	5728
B003FQCZ6S	5729
B003FQCZ9A	5730
B003FV6RYO	5731
B003FVXBGG	5732
B003FW0YZG	5733
B003FXTGBS	5734
B003FYGH7S	5735
B003FZAADY	5736
B003FZAAFM	5737
B003FZAAMU	5738
B003FZAPWK	5739
B003G55KVA	5740
B003G9QEGG	5741
B003GD0IAK	5742
B003GDKOMW	5743
B003GF1DVQ	5744
B003GF920U	5745
B003GIS8T8	5746
B003GIS8TI	5747
B003GRJ3RK	5748
B003GSMJCK	5749
B003GTB6IW	5750
B003GXE6RQ	5751
B003GXF6FW	5752
B003GXF6K2	5753
B003GY5HA0	5754
B003H0MLOI	5755
B003H3B4BG	5756
B003H4R2M0	5757
B003H4ZVH8	5758
B003H6J19K	5759
B003H72KG0	5760
B003H7B78M	5761
B003H7HUHO	5762
B003H7IB1I	5763
B003H7J7KM	5764
B003H7KFBW	5765
B003H7SIXO	5766
B003H7T7BG	5767
B003H821N6	5768
B003H9MSO2	5769
B003H9MSOC	5770
B003H9MSOM	5771
B003H9MSP6	5772
B003H9MSPG	5773
B003H9MSQ0	5774
B003H9MTCI	5775
B003H9MTJ6	5776
B003H9MYXC	5777
B003H9NBQG	5778
B003H9NBTI	5779
B003H9ZEWA	5780
B003HC8ZSW	5781
B003HC92N4	5782
B003HC9734	5783
B003HD2IPM	5784
B003HGYMI0	5785
B003HH3WFI	5786
B003HM22IQ	5787
B003HS5JOE	5788
B003HS5JYE	5789
B003HS5JYO	5790
B003HUY3JY	5791
B003HVFTQE	5792
B003I4DS22	5793
B003I4L9PK	5794
B003I64OT6	5795
B003I85UYM	5796
B003I85UYW	5797
B003I85V00	5798
B003I85V28	5799
B003I85V2I	5800
B003I86BNG	5801
B003I86C94	5802
B003I86CNK	5803
B003I86COY	5804
B003I86CQ2	5805
B003I86CR6	5806
B003I86CT4	5807
B003ICWTLU	5808
B003ICWTME	5809
B003IHUHK0	5810
B003IHUXBS	5811
B003IHV0NI	5812
B003IKMR0U	5813
B003IKN5RE	5814
B003IRH9LU	5815
B003IT5NHK	5816
B003IT62L6	5817
B003IT7AK8	5818
B003IX8GDE	5819
B003IXQCFI	5820
B003J0KBPC	5821
B003J85ZJ6	5822
B003JBORWY	5823
B003JC9GPG	5824
B003JDCZJE	5825
B003JDNZCU	5826
B003JIXZPC	5827
B003JJUPD6	5828
B003JM97ZK	5829
B003JNYXNK	5830
B003JQT4Y0	5831
B003JUTR4S	5832
B003K16ZQE	5833
B003K16ZQO	5834
B003K2ZKNW	5835
B003K953UK	5836
B003KO1Q56	5837
B003KO7IAI	5838
B003KRRDF0	5839
B003KTKXAU	5840
B003KYTT7S	5841
B003KYTW1Q	5842
B003KYTW34	5843
B003KYTW4I	5844
B003KYTWA2	5845
B003KYTWBQ	5846
B003KYTXXI	5847
B003KYTXZQ	5848
B003KYXAQO	5849
B003L4JRCE	5850
B003L4VH7M	5851
B003L5CXW4	5852
B003LAB9PG	5853
B003LH16ZW	5854
B003LL8XMM	5855
B003LMRLHE	5856
B003LPUCE0	5857
B003LPUCEK	5858
B003LPUCG8	5859
B003LPUCM2	5860
B003LPUCNG	5861
B003LPUCYK	5862
B003LPV8CU	5863
B003LPV8OS	5864
B003LQMSKK	5865
B003LQMTC2	5866
B003LQQGGM	5867
B003LQVSWY	5868
B003LQVTUK	5869
B003LRIDYE	5870
B003M0PABE	5871
B003M0ZX5C	5872
B003M2G0SY	5873
B003M2KPE4	5874
B003M2XTHO	5875
B003M2XTHY	5876
B003M2XTJ2	5877
B003M2XTJC	5878
B003M2XTJM	5879
B003M2XTME	5880
B003M5IN86	5881
B003M5IYIU	5882
B003M69Y6K	5883
B003M7DPHI	5884
B003MA1EWS	5885
B003MAJXJE	5886
B003MB6224	5887
B003MGJTDI	5888
B003MGJTEM	5889
B003MGJTJC	5890
B003ML36HI	5891
B003MPDJ62	5892
B003MQMZ20	5893
B003MRYROI	5894
B003MS6150	5895
B003MU0636	5896
B003MU32NW	5897
B003MUFVJK	5898
B003N2O9K4	5899
B003N2Q5JC	5900
B003N37J2I	5901
B003N3RJDW	5902
B003N8GELA	5903
B003NCBE0C	5904
B003NE50NW	5905
B003NSBMUI	5906
B003NSBMV2	5907
B003NSIJ40	5908
B003NSK72C	5909
B003NSK73Q	5910
B003NTELC8	5911
B003NUSGS2	5912
B003NVJ7WK	5913
B003NVJ9JG	5914
B003NVJ9KA	5915
B003NVLNRM	5916
B003NVLNT0	5917
B003NVLNU4	5918
B003NW9O7M	5919
B003NX72CU	5920
B003NZM9MQ	5921
B003NZQKQC	5922
B003O1XJ2S	5923
B003O3FYP6	5924
B003O6EB70	5925
B003O85582	5926
B003O85IF2	5927
B003O85IG6	5928
B003O85K14	5929
B003O85K2S	5930
B003OA4O1Y	5931
B003OCCSGA	5932
B003OPTVSA	5933
B003OUVU98	5934
B003P0ZBI8	5935
B003P4TW70	5936
B003P5GPBK	5937
B003P8BQKC	5938
B003P8FL1C	5939
B003P8IXTY	5940
B003P8KZ3Q	5941
B003P8QI8M	5942
B003P8QIBE	5943
B003PAZDXQ	5944
B003PE1OLM	5945
B003PGQLZO	5946
B003PGR8HE	5947
B003PGRGGW	5948
B003Q0CB26	5949
B003Q24GT0	5950
B003Q5SS5K	5951
B003Q5SW2Y	5952
B003Q6BQOY	5953
B003Q6BQPS	5954
B003QBGEXC	5955
B003QHU9O6	5956
B003QIGU48	5957
B003QP4D90	5958
B003QR887Q	5959
B003QTKOUI	5960
B003R1V90Y	5961
B003R68WF4	5962
B003R6H59I	5963
B003R8BTGQ	5964
B003RBEHU8	5965
B003RDJYMM	5966
B003RM8P1Y	5967
B003S2HSFM	5968
B003S3RGJ4	5969
B003S3RGJO	5970
B003S7AY8U	5971
B003S7EYZY	5972
B003S7HXO8	5973
B003S7J26U	5974
B003S9VKCW	5975
B003S9W4AO	5976
B003S9W4AY	5977
B003S9W4BI	5978
B003S9W4E0	5979
B003S9W4FO	5980
B003SAM6BU	5981
B003SE56EK	5982
B003SQFAQM	5983
B003SRGOXY	5984
B003SZXR5O	5985
B003T9VHH4	5986
B003T9W7QY	5987
B003T9W7RI	5988
B003TGYD64	5989
B003TJALF8	5990
B003TL0ZQG	5991
B003TLATIU	5992
B003TLATUS	5993
B003TLOFL2	5994
B003TLXM8Y	5995
B003TO4YXS	5996
B003TO4YYC	5997
B003TOADOW	5998
B003TP4QWG	5999
B003TPPXAU	6000
B003TREDXG	6001
B003TRHCZC	6002
B003TRJQ56	6003
B003TTM11K	6004
B003TTMD54	6005
B003TUC6RS	6006
B003TUKEM2	6007
B003TV3PCW	6008
B003TXT1RS	6009
B003U0O3B4	6010
B003U0TEJA	6011
B003U2NEKS	6012
B003U2SAZC	6013
B003U4A12U	6014
B003U6QLVS	6015
B003U6QN6Q	6016
B003U7CVCU	6017
B003U8HZFM	6018
B003U8XYYS	6019
B003U8XYZM	6020
B003U8XZ06	6021
B003U9E8QU	6022
B003U9VPXY	6023
B003UC0OKG	6024
B003UER48Y	6025
B003UHCV4S	6026
B003UHGCR0	6027
B003UHYU9C	6028
B003UM5JZQ	6029
B003UM79EU	6030
B003UNWV60	6031
B003UO4UBI	6032
B003UOOZJ0	6033
B003UT0KLW	6034
B003UV8POO	6035
B003UV9MGE	6036
B003UV9MGO	6037
B003UYTMNE	6038
B003V02BOO	6039
B003V0JAG6	6040
B003V1JBVO	6041
B003V1MN3C	6042
B003V5XV3Y	6043
B003VIWHW2	6044
B003VPBO6A	6045
B003VRDIIU	6046
B003VRIBWS	6047
B003VRIDHG	6048
B003VRPCDY	6049
B003VW4AQY	6050
B003VW56TO	6051
B003VW59SM	6052
B003VYBDEY	6053
B003VZF1PK	6054
B003WE34HC	6055
B003WE8TRC	6056
B003WF6UWM	6057
B003WFFFRI	6058
B003WFIMJG	6059
B003WFKOSS	6060
B003WFOECA	6061
B003WFOOE8	6062
B003WFOOPC	6063
B003WFQD56	6064
B003WGPATU	6065
B003WJT21O	6066
B003WKTGD2	6067
B003WMC6U0	6068
B003WOJL92	6069
B003WQRIR2	6070
B003WRXF28	6071
B003WYOTH6	6072
B003X3S4QS	6073
B003X3VGM2	6074
B003X3Z52E	6075
B003X8AIV2	6076
B003XGB80E	6077
B003XGEWW0	6078
B003XHYDQE	6079
B003XIHU40	6080
B003XIHU4A	6081
B003XJJTB6	6082
B003XKMFG6	6083
B003XNTS8G	6084
B003XQ4JP0	6085
B003XRDYSM	6086
B003XRDYSW	6087
B003XRECHY	6088
B003XTK3LQ	6089
B003XWZZJI	6090
B003XX9KMA	6091
B003XYE8DU	6092
B003XZOJO2	6093
B003Y2U1AU	6094
B003Y55562	6095
B003Y5MKMO	6096
B003Y6E6IE	6097
B003Y737CO	6098
B003Y76MTE	6099
B003Y7DQT8	6100
B003Y7IZPS	6101
B003Y9ZUHM	6102
B003YA33Q6	6103
B003YALJJE	6104
B003YBIEHS	6105
B003YC9570	6106
B003YCGBS6	6107
B003YD8S7W	6108
B003YDO65K	6109
B003YDZR6C	6110
B003YI45GA	6111
B003YJER8U	6112
B003YMRV3U	6113
B003YND2GY	6114
B003YP8F2S	6115
B003YQ0K2K	6116
B003YXZB22	6117
B003Z4FHW4	6118
B003ZBQ5FA	6119
B003ZE7F6U	6120
B003ZFSOZU	6121
B003ZHY0KG	6122
B003ZJQMDM	6123
B003ZKP4RG	6124
B003ZQ41Z6	6125
B003ZWAS02	6126
B003ZWDHXC	6127
B003ZX7H0A	6128
B00404GH7W	6129
B00404ZUMU	6130
B00405SXQE	6131
B00405T5P2	6132
B00407EHAS	6133
B00407FTP0	6134
B00407KIPG	6135
B00407L0KS	6136
B00407S11Y	6137
B004081EKS	6138
B004083ELK	6139
B004084P22	6140
B004087O7K	6141
B004088O4C	6142
B00408K8P0	6143
B0040BO8RQ	6144
B0040F0QR8	6145
B0040F0RMC	6146
B0040F233S	6147
B0040GJ4IE	6148
B0040GJZ88	6149
B0040GJZ92	6150
B0040GJZAG	6151
B0040GK7I0	6152
B0040GK7IU	6153
B0040GK7JY	6154
B0040GK7MG	6155
B0040GK7NK	6156
B0040GK7PS	6157
B0040HRVN8	6158
B0040HY98S	6159
B0040I1MNC	6160
B0040I9IS8	6161
B0040KV6T0	6162
B0040MERJY	6163
B0040MGYTA	6164
B0040MK48W	6165
B0040MLW9W	6166
B0040QE5YC	6167
B0040RH656	6168
B0040YUD5O	6169
B0040Z1ERO	6170
B0040ZVL8G	6171
B004100TKQ	6172
B00413Q59C	6173
B00416LP4E	6174
B00416QW88	6175
B00416QW92	6176
B00416QWAQ	6177
B00416T0BY	6178
B00417ZMB0	6179
B00418KK98	6180
B004196Y06	6181
B00419T56Q	6182
B0041BWVBA	6183
B0041BWYWG	6184
B0041C26KU	6185
B0041CJM6G	6186
B0041CJM70	6187
B0041D7WEO	6188
B0041EPJUW	6189
B0041EXNN2	6190
B0041G2YN0	6191
B0041GUCDO	6192
B0041GYNQG	6193
B0041HNSAW	6194
B0041IAGTW	6195
B0041LM6QU	6196
B0041LNSGC	6197
B0041OULLY	6198
B0041OY106	6199
B0041Q3UME	6200
B0041Q3UW4	6201
B0041VF6RG	6202
B0041X6SEO	6203
B00421AGFW	6204
B00421AGGG	6205
B00421AGHA	6206
B00421AGJI	6207
B00421AGOI	6208
B00421AGOS	6209
B00421AGP2	6210
B00424GCPM	6211
B00424RA4E	6212
B00426VF1Q	6213
B004288UKS	6214
B004289584	6215
B00428B7PI	6216
B00428LIX4	6217
B00428LIYI	6218
B00428LIZ2	6219
B00428LIZM	6220
B00428LJ06	6221
B00428LJ0G	6222
B00428LJ0Q	6223
B00428WD1K	6224
B00428ZTQG	6225
B0042AYKAU	6226
B0042D8E3Q	6227
B0042ES4D0	6228
B0042ES4OY	6229
B0042ES4SU	6230
B0042ES50M	6231
B0042ES5BG	6232
B0042ESF4I	6233
B0042ESFFM	6234
B0042ESFGQ	6235
B0042ESFMK	6236
B0042ESFQQ	6237
B0042ESFU2	6238
B0042ESFWU	6239
B0042ESG38	6240
B0042ESGJW	6241
B0042ESGME	6242
B0042ESGP6	6243
B0042ESGRO	6244
B0042ESGS8	6245
B0042ESGVA	6246
B0042ESH7I	6247
B0042ESHPK	6248
B0042ESIUY	6249
B0042ESIYA	6250
B0042ET8OO	6251
B0042F99PG	6252
B0042FZOE6	6253
B0042H32JS	6254
B0042HOTYA	6255
B0042HOU1M	6256
B0042HOU2G	6257
B0042L64IU	6258
B0042MAKAW	6259
B0042QNP2S	6260
B0042QS7G2	6261
B0042RTM7O	6262
B0042RTZRG	6263
B0042RTZSU	6264
B0042RU06G	6265
B0042RU070	6266
B0042RU07U	6267
B0042RU0BQ	6268
B0042RU0DE	6269
B0042SYSIG	6270
B0042SYZDE	6271
B0042T2KV2	6272
B0042T4FA6	6273
B0042T4FF6	6274
B0042T8GR4	6275
B0042TBGC6	6276
B0042TEWZO	6277
B0042TYMPO	6278
B0042U3J9I	6279
B0042VJG6C	6280
B0042VJPZO	6281
B0042Y450Q	6282
B0042ZBIRI	6283
B004305IVE	6284
B004322XB0	6285
B00433LR7A	6286
B00435NYYW	6287
B00439BG98	6288
B00439HF0M	6289
B00439HF0W	6290
B00439HF2A	6291
B00439HF2K	6292
B0043AGA4S	6293
B0043AIBVS	6294
B0043ANEEW	6295
B0043BYOO0	6296
B0043E0XJM	6297
B0043E2X4A	6298
B0043E8JKW	6299
B0043E8N6M	6300
B0043F2L46	6301
B0043FEE0A	6302
B0043FM556	6303
B0043G4JOA	6304
B0043GKM7S	6305
B0043IEDG2	6306
B0043KJW5M	6307
B0043QV0XS	6308
B0043RF43Y	6309
B0043RS8CS	6310
B0043RS8D2	6311
B0043RSSHS	6312
B0043SE83A	6313
B0043T4C5S	6314
B0043T4C6C	6315
B0043VRE5Q	6316
B0043WAP60	6317
B0043WAPJM	6318
B0043WCAPY	6319
B0043WCGZ8	6320
B0043WCH0C	6321
B0043WCH3Y	6322
B0043WG6NG	6323
B0043WG6UY	6324
B0043WHUBS	6325
B0043WI65C	6326
B0043WI70Q	6327
B0043XQ82Y	6328
B004444AFO	6329
B004444AFY	6330
B004478GBK	6331
B004478GBU	6332
B004478GC4	6333
B004478GCE	6334
B004478GDI	6335
B004478GDS	6336
B004478GFG	6337
B004478GG0	6338
B004478GGA	6339
B004478GGK	6340
B004478GHO	6341
B004478GI8	6342
B004478GII	6343
B004478GIS	6344
B004478GJM	6345
B004478GK6	6346
B004478GKQ	6347
B004478GL0	6348
B004478GM4	6349
B004478GME	6350
B004478GMY	6351
B004478GNS	6352
B004478GPG	6353
B004478GQ0	6354
B004478GQA	6355
B004478GQK	6356
B004478GWE	6357
B00447MER2	6358
B00449TGQ2	6359
B0044D4SD4	6360
B0044D8PBK	6361
B0044DARSY	6362
B0044DJVLS	6363
B0044DLMII	6364
B0044FLOVG	6365
B0044IAMU2	6366
B0044JUKS0	6367
B0044JUL6Q	6368
B0044KN81K	6369
B0044KN82O	6370
B0044KN838	6371
B0044KN84W	6372
B0044KN85Q	6373
B0044KN86A	6374
B0044KN87E	6375
B0044N2EJO	6376
B0044QMNKQ	6377
B0044SBG2U	6378
B0044SXCMC	6379
B0044T2ATW	6380
B0044T2KBU	6381
B0044TGS1I	6382
B0044TNM0S	6383
B0044UFUW0	6384
B0044UHKCI	6385
B0044ULMFY	6386
B0044W4KWO	6387
B0044WVH5M	6388
B0044XKJVY	6389
B0044XRP5M	6390
B00455MEFA	6391
B00455YOZ8	6392
B004560BPY	6393
B00457VY0O	6394
B00459UI4K	6395
B0045F9HI2	6396
B0045H0L1W	6397
B0045H0OWS	6398
B0045H1K4Y	6399
B0045H4EPG	6400
B0045H4GNG	6401
B0045K0QZ0	6402
B0045M0R66	6403
B0045O4Q4S	6404
B0045O75AU	6405
B0045OV8NU	6406
B0045OV8YE	6407
B0045OV9HU	6408
B0045OV9IO	6409
B0045OV9N4	6410
B0045RNXS0	6411
B0045UBG6I	6412
B0045UBHTE	6413
B0045VUXD4	6414
B0045VW602	6415
B0045WCG8I	6416
B0045WKBHQ	6417
B0045WMWP0	6418
B0045WRNMC	6419
B0045WRNXG	6420
B0045WTDAC	6421
B0045WV4G8	6422
B0045X56N4	6423
B0045X6WBE	6424
B00460NC2I	6425
B004617DEU	6426
B00462PTZ4	6427
B00465Q3QK	6428
B00466L0BW	6429
B00468HMDA	6430
B00468JE3Q	6431
B00468N270	6432
B00468OC0Q	6433
B00468Y0W6	6434
B0046A9OOS	6435
B0046EAWBI	6436
B0046EEGF6	6437
B0046EEGOC	6438
B0046HQG2Y	6439
B0046JBFIW	6440
B0046JEXWM	6441
B0046LD4XE	6442
B0046LDO02	6443
B0046LVS2S	6444
B0046O1DTI	6445
B0046QU5EK	6446
B0046UWHZQ	6447
B0046W28Z8	6448
B0046ZNIL8	6449
B004717NNU	6450
B00471FMO2	6451
B00472O26K	6452
B00474EZCY	6453
B00474UX66	6454
B004774X5U	6455
B004774X6O	6456
B004774X78	6457
B004781SW0	6458
B0047E5EMY	6459
B0047O3912	6460
B0047PPF72	6461
B0047U0XLK	6462
B0047UCYJY	6463
B0047UVXVY	6464
B0047UYZR8	6465
B0047UYZUA	6466
B0047V0XH8	6467
B0047WZH0U	6468
B0047X1LOK	6469
B0047ZZJTQ	6470
B004813L0S	6471
B00486T17U	6472
B00486TI3M	6473
B00486Y8Z0	6474
B00486ZVC4	6475
B00486ZVXS	6476
B00487TU20	6477
B00487UTVG	6478
B00487YJS0	6479
B004880BKO	6480
B0048EKMMK	6481
B0048EKSLA	6482
B0048EKSM4	6483
B0048EKSME	6484
B0048G9LDE	6485
B0048L34L4	6486
B0048L34P0	6487
B0048WAO4I	6488
B0048WQHGW	6489
B0048WY6RO	6490
B00491ORGO	6491
B00494HV5A	6492
B00497ZWVC	6493
B00498EK5U	6494
B00499CJXO	6495
B00499CV2I	6496
B00499CVB4	6497
B00499CVBE	6498
B00499CVD2	6499
B0049ACJVA	6500
B0049B3D9G	6501
B0049B4DNQ	6502
B0049BM1L2	6503
B0049BMQ30	6504
B0049H9NVW	6505
B0049L4AHU	6506
B0049MP8P2	6507
B0049MPGF4	6508
B0049RD2YG	6509
B0049UVKM4	6510
B004A1QUFY	6511
B004A2QTRC	6512
B004A8ZRBA	6513
B004ADM9PC	6514
B004ALKLR2	6515
B004ALMPA8	6516
B004AM61SE	6517
B004ANNNFC	6518
B004ASC5QK	6519
B004ASNPN2	6520
B004B3BVW8	6521
B004B56DGA	6522
B004B5AVKE	6523
B004B5E542	6524
B004B8FIZO	6525
B004B9J5BQ	6526
B004BAXBVK	6527
B004BFVKSQ	6528
B004BHB4ZS	6529
B004BN1R90	6530
B004BNACEG	6531
B004BNQY5C	6532
B004BQGTEU	6533
B004BTA4PM	6534
B004BVY57S	6535
B004BW8TYC	6536
B004BW8Z14	6537
B004C03O2A	6538
B004C03O48	6539
B004C03S12	6540
B004C03S44	6541
B004C3LNWK	6542
B004C4YVGO	6543
B004C7IVXK	6544
B004C7KUTI	6545
B004C7LS7Q	6546
B004C7NTBY	6547
B004C7OIGY	6548
B004C7QNCQ	6549
B004C7QNMG	6550
B004C7S70W	6551
B004C7S7AC	6552
B004CC9HJ2	6553
B004CF2VC4	6554
B004CFBYFO	6555
B004CFBYHW	6556
B004CFBYIG	6557
B004CI0I8K	6558
B004CJ8CFA	6559
B004CLZAIU	6560
B004CLZRVU	6561
B004CLZUSA	6562
B004CM68Y4	6563
B004CM7Y6U	6564
B004CN0QBO	6565
B004CRYE2C	6566
B004CSD3PU	6567
B004CT6QUI	6568
B004CVJQJY	6569
B004CVSVW2	6570
B004CZA4IM	6571
B004D0D5F0	6572
B004D28JP4	6573
B004D3A9AG	6574
B004D5EMD4	6575
B004D7RQ30	6576
B004D93QKA	6577
B004DEULGC	6578
B004DIZ7NA	6579
B004DJ1EFO	6580
B004DJ1EH2	6581
B004DJ367S	6582
B004DJ374K	6583
B004DJ50JA	6584
B004DJ51HQ	6585
B004DJ51WQ	6586
B004DJ52SO	6587
B004DJ65XK	6588
B004DJ6774	6589
B004DJJ76M	6590
B004DK6BRE	6591
B004DK9JLO	6592
B004DL0KPM	6593
B004DL0KPW	6594
B004DL0KS4	6595
B004DL0KSE	6596
B004DL164G	6597
B004DMMZ2W	6598
B004DMZ43Y	6599
B004DNX6LA	6600
B004DTSWKE	6601
B004DZ8WYE	6602
B004DZP7R4	6603
B004E6F0NI	6604
B004E6FSEE	6605
B004E9TU22	6606
B004E9TU5O	6607
B004E9TU8G	6608
B004EBLX5W	6609
B004EBPT1G	6610
B004ECWTW2	6611
B004EEGQN8	6612
B004EEM71S	6613
B004EEMAI8	6614
B004EFZ8B8	6615
B004EHYAY2	6616
B004EHYGT6	6617
B004EIOLFO	6618
B004EIZRZ2	6619
B004EJYAO0	6620
B004EK2LM2	6621
B004EK5A4I	6622
B004EMPRGC	6623
B004EMQF4U	6624
B004ETB4TY	6625
B004EVSA12	6626
B004FEEQOS	6627
B004FEHKMS	6628
B004FEHLWC	6629
B004FEHLYK	6630
B004FEJ3VY	6631
B004FEJ43Q	6632
B004FEL5RO	6633
B004FEL5SI	6634
B004FEMYW4	6635
B004FEMZQE	6636
B004FEP0YI	6637
B004FEP0Z2	6638
B004FEXUP4	6639
B004FG0ZWI	6640
B004FH9FF0	6641
B004FJL5WE	6642
B004FKTRPA	6643
B004FKZOV6	6644
B004FN8YYC	6645
B004FNNQ7C	6646
B004FPBBSG	6647
B004FPHIDI	6648
B004FPYL2O	6649
B004FPZ9PM	6650
B004FRWWGO	6651
B004FRZRZ2	6652
B004FSE52C	6653
B004FTKABQ	6654
B004FTLAII	6655
B004FVGQJE	6656
B004FWRAI4	6657
B004G4AP06	6658
B004G5YY02	6659
B004G7B3NQ	6660
B004G7NAT6	6661
B004G8QNO4	6662
B004GBD4UM	6663
B004GBJTG0	6664
B004GBJTN8	6665
B004GBJU4Q	6666
B004GBX8G2	6667
B004GEBSK2	6668
B004GHNFKK	6669
B004GJ2GA8	6670
B004GJXJLS	6671
B004GKKO56	6672
B004GL64LI	6673
B004GPJM90	6674
B004GT9OW6	6675
B004GTMB0I	6676
B004GTMB2G	6677
B004GTMOIW	6678
B004GUSDAO	6679
B004GW3CAI	6680
B004GX2MSK	6681
B004GX7EEW	6682
B004GXAZGG	6683
B004GXIDYM	6684
B004GXIFLS	6685
B004GY45CK	6686
B004H0MC32	6687
B004H0MC4Q	6688
B004H0MC5A	6689
B004H0MC64	6690
B004H1V5RU	6691
B004H1V5S4	6692
B004H2QO2U	6693
B004H4XLOM	6694
B004H4XLR4	6695
B004H4XLRE	6696
B004H4XLRO	6697
B004HAW1EM	6698
B004HBOT5U	6699
B004HFGVCK	6700
B004HFIQVY	6701
B004HFIR04	6702
B004HFK6T4	6703
B004HFNHQI	6704
B004HFPKSQ	6705
B004HHIXXS	6706
B004HHKFIY	6707
B004HI4YGC	6708
B004HITPKC	6709
B004HIVH1W	6710
B004HIVX3Y	6711
B004HIY71O	6712
B004HK39WU	6713
B004HKQI9G	6714
B004HL0A12	6715
B004HM36PS	6716
B004HN7RLG	6717
B004HPFGRQ	6718
B004HPIYKM	6719
B004HVKA9Y	6720
B004HXCX3I	6721
B004I0FVHA	6722
B004I0PB0W	6723
B004I28CYC	6724
B004I28EAY	6725
B004I2CICO	6726
B004I2DNO6	6727
B004I2DO5E	6728
B004I2FPYM	6729
B004I65430	6730
B004I7232Y	6731
B004I8V6Z8	6732
B004I8V6ZI	6733
B004I8V6ZS	6734
B004I8V70C	6735
B004I8V716	6736
B004I8V720	6737
B004I8VLH6	6738
B004IA5YZO	6739
B004IAOU8Q	6740
B004IAVGNS	6741
B004IB03UO	6742
B004ID9K56	6743
B004IFA1H0	6744
B004IG8B94	6745
B004IGAWNW	6746
B004IGF1GK	6747
B004IGSBRG	6748
B004ILWB3Q	6749
B004IM8OMM	6750
B004INDQWY	6751
B004INGVH6	6752
B004INGVHG	6753
B004INGVHQ	6754
B004INGVIA	6755
B004INGVIK	6756
B004INGVIU	6757
B004INGVJ4	6758
B004IU3DD4	6759
B004IWRFUO	6760
B004IYJ3EI	6761
B004IZ3ZYG	6762
B004J110XM	6763
B004J2HY2M	6764
B004J30ZDQ	6765
B004J3121A	6766
B004J3OFYQ	6767
B004J4NO10	6768
B004J6KVXM	6769
B004J6MVOE	6770
B004J7D9MQ	6771
B004J7GKRM	6772
B004JA7M4E	6773
B004JBCENC	6774
B004JEGKGQ	6775
B004JGHLDK	6776
B004JGUUME	6777
B004JIL6G6	6778
B004JJ8IKW	6779
B004JLNUZI	6780
B004JMF00K	6781
B004JMJKR4	6782
B004JMNI9U	6783
B004JMNKWA	6784
B004JO50Q2	6785
B004JQKXF8	6786
B004JQN364	6787
B004JQN4WM	6788
B004JRMIDM	6789
B004JRR5BM	6790
B004JW1B8A	6791
B004JWDMDC	6792
B004JXWTIU	6793
B004JXWTJE	6794
B004JXX75O	6795
B004JZYGPW	6796
B004JZYGQG	6797
B004K03JWW	6798
B004K0DSDC	6799
B004K1EZ2O	6800
B004K1EZ2Y	6801
B004K1EZ38	6802
B004K1EZ4C	6803
B004K1EZ5G	6804
B004K1EZ6U	6805
B004K1EZ88	6806
B004K1EZD8	6807
B004K1GE78	6808
B004K3AHGU	6809
B004K4O38W	6810
B004K4V74K	6811
B004K9CHR6	6812
B004K9E5SA	6813
B004K9T8SM	6814
B004KA3HI8	6815
B004KAASWG	6816
B004KAASXA	6817
B004KCGC9C	6818
B004KCGCAQ	6819
B004KGTM90	6820
B004KJ7TGA	6821
B004KKX80A	6822
B004KKX80K	6823
B004KKX814	6824
B004KKX82I	6825
B004KL80ZW	6826
B004KPKWLI	6827
B004KR7HTQ	6828
B004KRX96G	6829
B004KS2T84	6830
B004KU7PFY	6831
B004KU834G	6832
B004KU9S9K	6833
B004KUCMXY	6834
B004KYMYRY	6835
B004KZ597A	6836
B004KZ75JK	6837
B004KZ8P2Q	6838
B004KZCF0O	6839
B004KZCFKE	6840
B004KZQNJI	6841
B004KZQNJS	6842
B004L0VB9O	6843
B004L13EXE	6844
B004L28TCO	6845
B004L28TEW	6846
B004L2LB92	6847
B004L62WS2	6848
B004LBGUVW	6849
B004LC1QE2	6850
B004LDALLA	6851
B004LE7ESW	6852
B004LH2ATC	6853
B004LKRRBU	6854
B004LKWOL8	6855
B004LKWP8K	6856
B004LKYQ1Y	6857
B004LL0VTE	6858
B004LL0VV2	6859
B004LL2G92	6860
B004LLVHAG	6861
B004LM72ZY	6862
B004LOKRDG	6863
B004LOLDE8	6864
B004LPJDJY	6865
B004LT55DS	6866
B004LT9P6Q	6867
B004LU5ZT6	6868
B004LV9HNK	6869
B004LVCW5K	6870
B004LWYXQA	6871
B004LWZZ5S	6872
B004LYP0HY	6873
B004LZ9XJO	6874
B004M05IK6	6875
B004M06UBW	6876
B004M0WOL2	6877
B004M13YI8	6878
B004M13Z7S	6879
B004M17DBM	6880
B004M17H68	6881
B004M17H6I	6882
B004M26JHA	6883
B004M2BINA	6884
B004M2HNO8	6885
B004M8R9F0	6886
B004M8ROHS	6887
B004MGMIRQ	6888
B004MGOX56	6889
B004MOWBV6	6890
B004MRZGC4	6891
B004MTGOQE	6892
B004MTOO0C	6893
B004MU5G9Y	6894
B004MU723M	6895
B004MU920I	6896
B004MU9V8Q	6897
B004MUGWKG	6898
B004MWBGOG	6899
B004MWD5P4	6900
B004MWGZBK	6901
B004MWHZX2	6902
B004MWI2FM	6903
B004MWJLDY	6904
B004MWJLFC	6905
B004MWJLHK	6906
B004MWJLN4	6907
B004MWJM0G	6908
B004MWJO0Y	6909
B004MWJWW4	6910
B004MWK25U	6911
B004MWK2C8	6912
B004MWL03S	6913
B004MWL07O	6914
B004MWL0H4	6915
B004MWL2IG	6916
B004MWLGQE	6917
B004MWN0G8	6918
B004MWN0P4	6919
B004MWN0Y0	6920
B004MWN1AS	6921
B004MWN3ME	6922
B004MWN3SS	6923
B004MWP390	6924
B004MWP3FO	6925
B004MWPGJC	6926
B004MYH0BM	6927
B004MYH0CG	6928
B004MYH0D0	6929
B004MYH0DA	6930
B004MYYXEE	6931
B004MZJ9YC	6932
B004MZJCSA	6933
B004MZKYK0	6934
B004N0YB8K	6935
B004N1DCFM	6936
B004N37Y8Q	6937
B004N3CRQA	6938
B004N4XV1Y	6939
B004N4XZY2	6940
B004N53IC0	6941
B004N5YW2K	6942
B004N6XANQ	6943
B004N7MOUU	6944
B004N7NFSK	6945
B004N8MYP4	6946
B004NAN67M	6947
B004NBZBEM	6948
B004NCEL4M	6949
B004ND3CIC	6950
B004ND7FOY	6951
B004NDSZUC	6952
B004NEP7NE	6953
B004NFNXG6	6954
B004NHQS84	6955
B004NHSKL2	6956
B004NIF4JC	6957
B004NIF5OQ	6958
B004NM55BU	6959
B004NMLLQ8	6960
B004NO00SG	6961
B004NP0ZRQ	6962
B004NP7HG8	6963
B004NSUIJ8	6964
B004NSUIK2	6965
B004NUFD64	6966
B004NWHG9O	6967
B004NWOHLE	6968
B004NXG9IC	6969
B004NXY4U2	6970
B004O0HGOA	6971
B004O0TOJ0	6972
B004O0TOJA	6973
B004O0TOJK	6974
B004O0TOK4	6975
B004O0TOX6	6976
B004O0TP3K	6977
B004O0TP3U	6978
B004O4K4I6	6979
B004OA7ZH8	6980
B004OA7ZHS	6981
B004OBY90I	6982
B004OCK9KG	6983
B004OF92GK	6984
B004OFBJX4	6985
B004OFBY0M	6986
B004OFBY5M	6987
B004OFBY7K	6988
B004OFBYVG	6989
B004OFHQVI	6990
B004OFHQZY	6991
B004OFJ7PG	6992
B004OGBNJ8	6993
B004OGIXO6	6994
B004OH3USY	6995
B004OHJ2IG	6996
B004OJK5XA	6997
B004OM7BZM	6998
B004ORQ4JG	6999
B004ORRUG2	7000
B004ORRUO4	7001
B004ORS0JI	7002
B004ORT3OY	7003
B004ORT3Y4	7004
B004ORV2D4	7005
B004ORV2O8	7006
B004ORV2WK	7007
B004ORV33S	7008
B004ORV3Z6	7009
B004ORWVQG	7010
B004ORWWP6	7011
B004ORWXFA	7012
B004ORWXK0	7013
B004ORYUUQ	7014
B004ORYVAU	7015
B004ORYVJG	7016
B004ORYWDQ	7017
B004ORYX6M	7018
B004OS4HF8	7019
B004OS8J98	7020
B004OSAKZE	7021
B004OSHXYK	7022
B004OSMBHE	7023
B004OSOLWW	7024
B004OSQOHW	7025
B004OSQSTQ	7026
B004OSRHV4	7027
B004OSSSIK	7028
B004OT0VN4	7029
B004OT8HQC	7030
B004OTE8V0	7031
B004OTENWO	7032
B004OV9UHA	7033
B004OWPOQU	7034
B004OWSREQ	7035
B004OWSTYE	7036
B004OY9EGO	7037
B004OYOFZE	7038
B004OYYAUE	7039
B004P13H5U	7040
B004P1IPU2	7041
B004P1IPUC	7042
B004P1IQ60	7043
B004P2HMNM	7044
B004P48XQ0	7045
B004P4KTBC	7046
B004P4KTEO	7047
B004P4MA3C	7048
B004P4O87I	7049
B004P4OEOU	7050
B004P4TG2A	7051
B004P5E660	7052
B004P5O3UE	7053
B004P5O3UO	7054
B004P5O3VS	7055
B004P5O3X6	7056
B004P5O8HW	7057
B004P5O8I6	7058
B004P5O8IQ	7059
B004P5O8MM	7060
B004P5OGIS	7061
B004P5PD9O	7062
B004P90PC0	7063
B004P90PIO	7064
B004P90PJ8	7065
B004P90PK2	7066
B004P93XZ6	7067
B004P940RG	7068
B004P940TY	7069
B004P940US	7070
B004P958CM	7071
B004P958EU	7072
B004P9591C	7073
B004P9591M	7074
B004P9594O	7075
B004P9599O	7076
B004P95A0C	7077
B004P95A3O	7078
B004P95ABG	7079
B004P971KE	7080
B004P971L8	7081
B004P971VI	7082
B004P972UI	7083
B004P9738Y	7084
B004P9739S	7085
B004P98O6Y	7086
B004P98PUO	7087
B004P98QCQ	7088
B004P98QGC	7089
B004P98QLW	7090
B004P98QM6	7091
B004P98QN0	7092
B004P98R66	7093
B004P98R6Q	7094
B004P98RN4	7095
B004P98RQ6	7096
B004P9AH1O	7097
B004P9AH7I	7098
B004PAHKJA	7099
B004PAHZMC	7100
B004PBER7C	7101
B004PBEV96	7102
B004PBF0BY	7103
B004PBF1WW	7104
B004PBHCAG	7105
B004PBJBTG	7106
B004PBJEX4	7107
B004PBJFO2	7108
B004PBJOD4	7109
B004PBJPN8	7110
B004PBJPNI	7111
B004PBJPQA	7112
B004PBJPTW	7113
B004PBJWJK	7114
B004PBLETG	7115
B004PBLJCS	7116
B004PBLOPU	7117
B004PBLP5O	7118
B004PBLRUC	7119
B004PBLSQ0	7120
B004PBLXP6	7121
B004PBN8RC	7122
B004PBN9BC	7123
B004PBNGJM	7124
B004PBNKMA	7125
B004PBO72M	7126
B004PBO97K	7127
B004PBOAQA	7128
B004PBOGRS	7129
B004PBOGZK	7130
B004PBOLVO	7131
B004PBSIAO	7132
B004PBSUMU	7133
B004PBWQTS	7134
B004PHRXEU	7135
B004PHRY4E	7136
B004PHTXW0	7137
B004PHU8XI	7138
B004PQUA6O	7139
B004PQY8YY	7140
B004PQZM3A	7141
B004PR49EM	7142
B004PR49F6	7143
B004PRURRK	7144
B004PS1IKY	7145
B004PS8LEA	7146
B004PS8M6W	7147
B004PVWB5M	7148
B004PXR524	7149
B004PXRV5K	7150
B004PZPZQU	7151
B004PZXN8C	7152
B004PZZCSG	7153
B004Q0R7FG	7154
B004Q0SQ24	7155
B004Q2Q0RU	7156
B004Q3JJEK	7157
B004Q5W77O	7158
B004Q64MPI	7159
B004Q6IDP8	7160
B004Q7IAQE	7161
B004Q7NP8M	7162
B004QCFUYY	7163
B004QF0L4U	7164
B004QGUGRG	7165
B004QGUGY4	7166
B004QGY0LE	7167
B004QH21HI	7168
B004QIY0HG	7169
B004QIY6NE	7170
B004QJ2JLO	7171
B004QJ5ATM	7172
B004QJLA9Q	7173
B004QJQJZG	7174
B004QM8B3Q	7175
B004QM8B4K	7176
B004QM91JE	7177
B004QNIXLA	7178
B004QNRYF6	7179
B004QOK01A	7180
B004QPDGTC	7181
B004QPRG5C	7182
B004QSX4RI	7183
B004QWZ5M6	7184
B004QXLXAI	7185
B004QXY4ZE	7186
B004QZU244	7187
B004QZZGNQ	7188
B004R1ZUNA	7189
B004R26KPG	7190
B004R2DS9C	7191
B004R48UB6	7192
B004R4IQ7E	7193
B004R6VB2E	7194
B004R7S8WY	7195
B004RAHBCY	7196
B004RAHBTW	7197
B004RE7DP0	7198
B004RGQVT2	7199
B004RHN9EQ	7200
B004RI8XQO	7201
B004RIJ0I4	7202
B004RILCR6	7203
B004RJ263E	7204
B004RJ5A00	7205
B004RJ5A3M	7206
B004RKP35Q	7207
B004RKT8U2	7208
B004RKTA9Q	7209
B004RQ64Q2	7210
B004RQAANK	7211
B004RRI89C	7212
B004RSGBOA	7213
B004RSGBSQ	7214
B004RSGCFI	7215
B004RUF1R6	7216
B004RUFBU8	7217
B004RUH8HC	7218
B004RZA6RG	7219
B004S2M414	7220
B004S4FFI6	7221
B004S5AEYK	7222
B004S5Y8AG	7223
B004S642NI	7224
B004S65XDG	7225
B004S65XRW	7226
B004S65YGM	7227
B004S664CA	7228
B004S69Z30	7229
B004S6A1QK	7230
B004S6BRAY	7231
B004S6BULK	7232
B004S6BXH6	7233
B004S6BXNA	7234
B004S6DV2G	7235
B004S6DVMQ	7236
B004S6DW0C	7237
B004S6DWDY	7238
B004S6DXKG	7239
B004S6DYQE	7240
B004S6E4TU	7241
B004S6EAYY	7242
B004S6EBE8	7243
B004S6EBIO	7244
B004S6ECEC	7245
B004S6ECLU	7246
B004S6EHFQ	7247
B004S6RC5S	7248
B004S8F7QM	7249
B004SCELN8	7250
B004SGHLXQ	7251
B004SGHOBK	7252
B004SGHQ68	7253
B004SGLDM6	7254
B004SGLQQY	7255
B004SGORBK	7256
B004SGORU6	7257
B004SGOSI2	7258
B004SGRW6C	7259
B004SGRWWG	7260
B004SGS3B0	7261
B004SGS3OM	7262
B004SGS9X2	7263
B004SGVFBU	7264
B004SKLU4I	7265
B004SKLU5C	7266
B004SKQNDQ	7267
B004SKUUTY	7268
B004SKX884	7269
B004SKX8M0	7270
B004SKXNL6	7271
B004SKYULI	7272
B004SL1HU4	7273
B004SL1HVI	7274
B004SMX7YC	7275
B004SMXA5I	7276
B004SN4NRQ	7277
B004SN4OAW	7278
B004SN4OY8	7279
B004SN4SQ2	7280
B004SN4T16	7281
B004SN4YHK	7282
B004SN67T8	7283
B004SPZQA2	7284
B004SPZXVE	7285
B004SQ9C38	7286
B004SUCPJW	7287
B004T02OBU	7288
B004T0CQ0Y	7289
B004T0CTCY	7290
B004T19AYS	7291
B004T19AZC	7292
B004T1R75W	7293
B004T1VAT6	7294
B004T1VB8G	7295
B004T32W2S	7296
B004T32X18	7297
B004T33JVG	7298
B004T5ZV6U	7299
B004T6U006	7300
B004TAYRQ0	7301
B004TBN4AE	7302
B004TD78SG	7303
B004TDWVA6	7304
B004TGPPOC	7305
B004TGPQDW	7306
B004TGVIWU	7307
B004TGVNHA	7308
B004TGVOGU	7309
B004TGVOOC	7310
B004TGVP3C	7311
B004TGVP64	7312
B004TGVPPU	7313
B004THPA8W	7314
B004TLICNS	7315
B004TMBU54	7316
B004TOHNOY	7317
B004TT6RD2	7318
B004TTGXCM	7319
B004TTH4CK	7320
B004TVGBVI	7321
B004TVGBVS	7322
B004TVGBX6	7323
B004TVGC08	7324
B004TVYW0A	7325
B004TWN46M	7326
B004TXZXU6	7327
B004U0IRGU	7328
B004U52VPS	7329
B004U53A7Q	7330
B004U53AA8	7331
B004U53AHG	7332
B004U5C392	7333
B004U5FRQI	7334
B004U5FTBG	7335
B004U5FUWY	7336
B004U5FV0K	7337
B004U5FW3Q	7338
B004U5R5BI	7339
B004U5R9J6	7340
B004U5RD1A	7341
B004U6NS5Y	7342
B004U7JJWE	7343
B004U8SENI	7344
B004UC4LRW	7345
B004UC4MMQ	7346
B004UC4N1G	7347
B004UC4Q8Q	7348
B004UC4RVM	7349
B004UCBU6M	7350
B004UCGV2A	7351
B004UF9R46	7352
B004UFHBRQ	7353
B004UFHD8I	7354
B004UFHHCK	7355
B004UHFRTI	7356
B004UIATJA	7357
B004UJF0DE	7358
B004UJI81U	7359
B004UK4IQS	7360
B004UKNJCM	7361
B004UL51J0	7362
B004UL553W	7363
B004ULKF3W	7364
B004ULMF94	7365
B004UPKKX8	7366
B004UQ16AI	7367
B004USI3G6	7368
B004USI7E4	7369
B004USJXZG	7370
B004USLP48	7371
B004USRAWO	7372
B004USWECA	7373
B004UTVVEG	7374
B004UU7AEK	7375
B004UU7AFE	7376
B004UU83IC	7377
B004UU9W6E	7378
B004UU9W78	7379
B004UU9WHI	7380
B004UU9WI2	7381
B004UU9WIM	7382
B004UU9WU0	7383
B004UU9X5O	7384
B004UU9XG8	7385
B004UU9Z4I	7386
B004UU9Z52	7387
B004UU9ZAW	7388
B004UUKMUE	7389
B004UUKN4E	7390
B004UUKNA8	7391
B004V0YL1E	7392
B004V3CZAU	7393
B004V3GVP0	7394
B004V3PS72	7395
B004V503YI	7396
B004V98ZMG	7397
B004VACFJO	7398
B004VCT14Y	7399
B004VEO8P4	7400
B004VEPODO	7401
B004VFR4U4	7402
B004VGD0ZG	7403
B004VJNRKG	7404
B004VMTI1A	7405
B004VPQEAU	7406
B004VUKHX0	7407
B004VUKHXA	7408
B004VUSA4S	7409
B004VUSAFC	7410
B004VUX5XO	7411
B004VYVEPQ	7412
B004VYVJ0G	7413
B004VYVR1M	7414
B004VYYA2K	7415
B004W1T8YW	7416
B004W281XA	7417
B004W6KGUW	7418
B004W6KHM4	7419
B004W8EUHU	7420
B004WBAN8M	7421
B004WBBE4E	7422
B004WDCZHC	7423
B004WH8RFW	7424
B004WLHZH4	7425
B004WLI4S8	7426
B004WLZEYK	7427
B004WMGJKC	7428
B004WMSHTI	7429
B004WMSHVG	7430
B004WNIQQ6	7431
B004WNIR2Y	7432
B004WNIR38	7433
B004WNIRDS	7434
B004WNIRRE	7435
B004WNIT3G	7436
B004WQB3SQ	7437
B004X0I8DY	7438
B004X7N9KE	7439
B004X7ZZNS	7440
B004X82QJS	7441
B004XA4A54	7442
B004XAF9G8	7443
B004XATGIA	7444
B004XDBSEW	7445
B004XE0JJQ	7446
B004XF44NC	7447
B004XHWGCQ	7448
B004XHWNMY	7449
B004XJBW5G	7450
B004XJBW6U	7451
B004XJCSX6	7452
B004XJD1YG	7453
B004XJY834	7454
B004XJYADM	7455
B004XMU66E	7456
B004XMU6JQ	7457
B004XMVZVY	7458
B004XODIIA	7459
B004XODIOE	7460
B004XOILTG	7461
B004XONSLC	7462
B004XPAEH2	7463
B004XPAFGW	7464
B004XPIPRS	7465
B004XPIPS2	7466
B004XPIPSC	7467
B004XPIPT6	7468
B004XPIQ5E	7469
B004XPIQ7C	7470
B004XPIQIQ	7471
B004XPIQJ0	7472
B004XPLOZS	7473
B004XUJCR0	7474
B004XV2U2I	7475
B004XWZTRK	7476
B004Y3U90K	7477
B004Y46R4G	7478
B004Y7Q806	7479
B004Y8LO9A	7480
B004Y8LP2G	7481
B004Y8TF96	7482
B004YA73A2	7483
B004YCH5BM	7484
B004YCH5D0	7485
B004YDFG12	7486
B004YEFPVW	7487
B004YN188W	7488
B004YNRHVO	7489
B004YPVMHM	7490
B004YTNDAC	7491
B004Z0VVEK	7492
B004Z0X8M8	7493
B004Z1JRO0	7494
B004Z1JSN0	7495
B004Z1JTSO	7496
B004Z1JUJ2	7497
B004Z1JW68	7498
B004Z20WSE	7499
B004Z20X60	7500
B004Z24R8K	7501
B004Z297VW	7502
B004Z3HV3W	7503
B004Z3MLLY	7504
B004Z4BZV0	7505
B004Z4C0IM	7506
B004Z4C0WI	7507
B004Z6HD6E	7508
B004Z6HD7S	7509
B004Z6HD82	7510
B004Z6HDNM	7511
B004Z6OJVQ	7512
B004Z7H07K	7513
B004Z7H14M	7514
B004Z7H15Q	7515
B004Z7H1OW	7516
B004Z7H2EG	7517
B004Z7H2EQ	7518
B004Z8OTAK	7519
B004Z8Z1UW	7520
B004ZAKI1M	7521
B004ZAKTZC	7522
B004ZAKXIU	7523
B004ZFF3CQ	7524
B004ZK6LAY	7525
B004ZK6LCC	7526
B004ZK6LD6	7527
B004ZK6LXG	7528
B004ZKT4KI	7529
B004ZPENP4	7530
B004ZPGMV2	7531
B004ZWKWQQ	7532
B004ZWVYHM	7533
B004ZX141C	7534
B00501LMGU	7535
B00503KMIM	7536
B005066EYA	7537
B005067606	7538
B00508OI28	7539
B00508OLNY	7540
B00508OOM2	7541
B00508OOSG	7542
B0050COGZI	7543
B0050D1QXW	7544
B0050D1R3Q	7545
B0050D1V2I	7546
B0050D1V6E	7547
B0050DRML2	7548
B0050DWYT2	7549
B0050DWZBO	7550
B0050E78L0	7551
B0050JCS7Y	7552
B0050JD79W	7553
B0050K074E	7554
B0050K0AAK	7555
B0050K0AQE	7556
B0050O3W1K	7557
B0050OTMAA	7558
B0050OTNMC	7559
B0050P1MIO	7560
B0050PJIPS	7561
B0050PJJPM	7562
B0050PRGYS	7563
B0050Q3MT0	7564
B0050Q3P74	7565
B0050Q3QVO	7566
B0050QJPUK	7567
B0050QJTBA	7568
B0050QJTMO	7569
B0050QJTRY	7570
B0050QOV40	7571
B0050QQQ2K	7572
B0050QQUS0	7573
B0050R0XEG	7574
B0050R0XPA	7575
B0050RQOQM	7576
B0050SVTUM	7577
B0050SX00Y	7578
B00514NCLE	7579
B00515GYJ0	7580
B00516GB92	7581
B0051938EA	7582
B0051938IG	7583
B0051938OK	7584
B0051938VI	7585
B005193908	7586
B00519393K	7587
B0051939K8	7588
B005193TPS	7589
B005193TZ8	7590
B00519PJTW	7591
B0051C0HGY	7592
B0051DT5FW	7593
B0051DT66A	7594
B0051EZAI2	7595
B0051GG6P6	7596
B0051GQVSI	7597
B0051GTQVW	7598
B0051HBBUK	7599
B0051MMFRS	7600
B0051T3GYM	7601
B0051TLAZ4	7602
B0051U86Z0	7603
B0051XJ9YE	7604
B00522WWFW	7605
B00522WX7E	7606
B00522XOYU	7607
B00526X5VS	7608
B0052AWM2C	7609
B0052D3098	7610
B0052D30RA	7611
B0052D31FQ	7612
B0052D31GU	7613
B0052FVKFC	7614
B0052GOJ1S	7615
B0052PXPU0	7616
B0052QOR1U	7617
B0052VCI5C	7618
B00530KAY8	7619
B00531DHX8	7620
B00538F8YW	7621
B0053B62S0	7622
B0053B65CI	7623
B0053FJK8K	7624
B0053FJKGM	7625
B0053FJKNK	7626
B0053FJKXU	7627
B0053FJL8E	7628
B0053FKER6	7629
B0053FXG6C	7630
B0053FXGE4	7631
B0053FXGUI	7632
B0053T15HK	7633
B0053WMSTG	7634
B0053X5ZUE	7635
B0053XZDGK	7636
B0053YL3HC	7637
B00540H270	7638
B00540V0HS	7639
B00545ML1W	7640
B005469J2U	7641
B00548SZWI	7642
B0054EXG6M	7643
B0054HLF44	7644
B0054KBV4U	7645
B0054KJMT6	7646
B0054KKEL6	7647
B0054RNYOI	7648
B0054XOJQY	7649
B0054XOMX4	7650
B00550LX1U	7651
B00554IAOY	7652
B00555TFC4	7653
B00555TWHW	7654
B00555TX76	7655
B00555TXMG	7656
B0055B7Y8K	7657
B0055B7Y8U	7658
B0055B7YLM	7659
B0055BEAKK	7660
B0055CAF6M	7661
B0055D1GNW	7662
B0055DXP40	7663
B0055OI8QO	7664
B0055PL9VE	7665
B0055PLOS2	7666
B0055T3DJQ	7667
B0055WPZDU	7668
B00561VF1Q	7669
B005688T5E	7670
B00569DOTO	7671
B00569ZNNY	7672
B0056BWFE2	7673
B0056C8ATK	7674
B0056DWBT4	7675
B0056LAK0I	7676
B0056Z3QZK	7677
B0057067SC	7678
B005717VUY	7679
B0057576XC	7680
B00577Y4R6	7681
B00578MPGC	7682
B0057CP1L4	7683
B0057FOUIQ	7684
B0057GU07K	7685
B0057L9T0O	7686
B0057MGKO6	7687
B0057PEB2G	7688
B0057QU1WY	7689
B0057QVRL8	7690
B0057QY0U8	7691
B0057QY0Z8	7692
B0057UCWQI	7693
B0057UDE0G	7694
B0057UDE0Q	7695
B0057VQVL4	7696
B0057VQXN0	7697
B00584SLMC	7698
B00584SLTK	7699
B0058J1T12	7700
B0058KTUC6	7701
B0058NTJSI	7702
B0058NUAJA	7703
B0058NUAKY	7704
B0058NUAMW	7705
B00590A6VY	7706
B00591FOQK	7707
B00592BOAO	7708
B0059L4S3U	7709
B005A10C0W	7710
B005A124U8	7711
B005A29Z5Y	7712
B005A54XF8	7713
B005AHICA8	7714
B005ANEPPI	7715
B005AW0RNS	7716
B005AW85YG	7717
B005BOGI6U	7718
B005BP5UVI	7719
B005BTWQUM	7720
B005C3F3SY	7721
B005C670L4	7722
B005CADZ82	7723
B005CK8T3S	7724
B005CKXVF4	7725
B005CMHNUQ	7726
B005CMR6XU	7727
B005CS6AK4	7728
B005CWGJ6K	7729
B005CWS7P6	7730
B005D2SWF0	7731
B005D7EUL0	7732
B005D7PGYU	7733
B005DLZ2AO	7734
B005DMFHDU	7735
B005DNOQUY	7736
B005DOK62U	7737
B005DOQVQA	7738
B005DT522Y	7739
B005DVVQHC	7740
B005DX7TEE	7741
B005DX7TFI	7742
B005DX7UHK	7743
B005DZFY4E	7744
B005E6UTP6	7745
B005E7A202	7746
B005E7A20W	7747
B005E7A216	7748
B005E7A21Q	7749
B005E7A220	7750
B005E7A28E	7751
B005E7A3OM	7752
B005E7BDXW	7753
B005E9ZZGG	7754
B005EDB6UG	7755
B005EIT73Y	7756
B005ENPS3M	7757
B005EVC1B6	7758
B005EVC1GQ	7759
B005F22DJE	7760
B005F22F7O	7761
B005F22MCC	7762
B005F57148	7763
B005F72GGO	7764
B005FDYCBK	7765
B005FG34QQ	7766
B005FIFJW6	7767
B005FLUH3E	7768
B005FMFQUC	7769
B005FYCBR6	7770
B005FYEAJ8	7771
B005G0FYEG	7772
B005G2FKYI	7773
B005G2R3K2	7774
B005G3VDIO	7775
B005G3WD8S	7776
B005GAPCSO	7777
B005GGLG6A	7778
B005GHX0EU	7779
B005GJDG24	7780
B005GJSRAK	7781
B005GLPKUI	7782
B005GLTVXA	7783
B005GME508	7784
B005GOPU2S	7785
B005GQUWH4	7786
B005GSFU4M	7787
B005GTJ0AG	7788
B005GTJ0L0	7789
B005GVBAUM	7790
B005GWWYBA	7791
B005GXVW62	7792
B005H29GSI	7793
B005H9Z19O	7794
B005HAZEOU	7795
B005HB02WS	7796
B005HBWWEE	7797
B005HIOVOG	7798
B005HIQDU6	7799
B005HIX89U	7800
B005HJBHDI	7801
B005HK7DOO	7802
B005HM8E54	7803
B005HN70GM	7804
B005HRMYAU	7805
B005HROJVM	7806
B005HRPTW0	7807
B005HTH78W	7808
B005HZWY52	7809
B005I0K4IA	7810
B005I2BQTO	7811
B005I2CRT2	7812
B005I63E9U	7813
B005I6N1EI	7814
B005IBVLHW	7815
B005IDBWLK	7816
B005IFVXT4	7817
B005IFVY3Y	7818
B005IFVYDO	7819
B005IFVYNO	7820
B005IFW384	7821
B005IFW3JS	7822
B005IFW3P2	7823
B005IGU9IE	7824
B005II65US	7825
B005IWL0KY	7826
B005IZNM0W	7827
B005J146MI	7828
B005J5ML2Q	7829
B005JAE052	7830
B005JAH2CU	7831
B005JAH3TC	7832
B005JDFUOE	7833
B005JFNE8G	7834
B005JG1F90	7835
B005JQX6RE	7836
B005JR5PNQ	7837
B005JR5QFI	7838
B005JR5RCA	7839
B005JR5SYM	7840
B005JR5V8A	7841
B005JSP9ZO	7842
B005JSUMZ6	7843
B005JTEZGM	7844
B005JTML9U	7845
B005JTMLB8	7846
B005JUV0ZU	7847
B005JUZ8X0	7848
B005JXB81S	7849
B005JZHUAE	7850
B005JZIBUC	7851
B005K0ADSE	7852
B005K0B8WO	7853
B005K7L796	7854
B005KBMCL4	7855
B005KBU83S	7856
B005KBXSLW	7857
B005KBXVUU	7858
B005KBY2P8	7859
B005KBY3FC	7860
B005KCDWAS	7861
B005KGNJS4	7862
B005KIQDYE	7863
B005KIQE16	7864
B005KIQERA	7865
B005KISGI0	7866
B005KISGXA	7867
B005KISKB8	7868
B005KITK6C	7869
B005KJE9L2	7870
B005KLT5AU	7871
B005KM4VUI	7872
B005KNC76M	7873
B005KOWHES	7874
B005KSZ4MQ	7875
B005KSZO0I	7876
B005L3KW9U	7877
B005LAZDMY	7878
B005LB9EUA	7879
B005LDBCC6	7880
B005LH5K1G	7881
B005LH6GM8	7882
B005LI9WZA	7883
B005LJ06FO	7884
B005LLMCU4	7885
B005LMVUWO	7886
B005LMVV14	7887
B005LORAZS	7888
B005LPF0RM	7889
B005LQVZZW	7890
B005LRRWOO	7891
B005LRTKMG	7892
B005LRTTY0	7893
B005LSO2AA	7894
B005LTPQCC	7895
B005LUJRGM	7896
B005LXBL54	7897
B005M2629E	7898
B005M2C4TG	7899
B005M2V2K8	7900
B005M2YM0K	7901
B005MEDJ2K	7902
B005MEI4VG	7903
B005MKYHQG	7904
B005MQYCY2	7905
B005MZ60RK	7906
B005N28TNU	7907
B005N548KK	7908
B005N57CNU	7909
B005N6Z1OQ	7910
B005N6Z1SC	7911
B005N6Z1SM	7912
B005N9N4MO	7913
B005NB0JNE	7914
B005NC5IFM	7915
B005NCELUA	7916
B005NHTPWO	7917
B005NID08I	7918
B005NJT4S2	7919
B005NJWIF8	7920
B005NM4ECA	7921
B005NXFI7E	7922
B005O1BLV2	7923
B005OC00XG	7924
B005OCNUL0	7925
B005OEDZI6	7926
B005OHLAG2	7927
B005OMUTI2	7928
B005OPR1SK	7929
B005OQ2ZXK	7930
B005OQ2ZY4	7931
B005OS745W	7932
B005OS91V2	7933
B005OSRJZC	7934
B005OSX5GO	7935
B005OSYKKO	7936
B005OT55D4	7937
B005OZYUIO	7938
B005OZZEI4	7939
B005P01U1S	7940
B005P02BE8	7941
B005P02K6W	7942
B005P04FVK	7943
B005P0CWZ6	7944
B005P10L7Q	7945
B005PFEPZQ	7946
B005PIHMZ8	7947
B005PNO5SU	7948
B005PNOLZ2	7949
B005PO316G	7950
B005PO3Y2W	7951
B005PO5AME	7952
B005PO8SX2	7953
B005PPD1GA	7954
B005PPH94K	7955
B005PPOZ7Y	7956
B005PXGTV6	7957
B005PXJKSU	7958
B005PXVP88	7959
B005PYJY8K	7960
B005PYLZ8M	7961
B005PYOTR6	7962
B005PZ9YPC	7963
B005Q3VSZC	7964
B005QBQBXS	7965
B005QCE8SC	7966
B005QCFH6O	7967
B005QCFI9A	7968
B005QOW2GK	7969
B005QUQ99U	7970
B005QUQ9A4	7971
B005QUQ9BS	7972
B005QUQ9C2	7973
B005QZLBXO	7974
B005QZOYEM	7975
B005QZP31U	7976
B005QZP6Y4	7977
B005QZP6YE	7978
B005QZP964	7979
B005R10GPG	7980
B005R1RZUK	7981
B005R1RZXM	7982
B005R2HRZ2	7983
B005RJI67I	7984
B005RNM9WM	7985
B005RQ4WXI	7986
B005S21LMG	7987
B005S8KR6Q	7988
B005SDG6HU	7989
B005SFWP7I	7990
B005SHM9ZY	7991
B005SILG34	7992
B005SSA798	7993
B005STDPXM	7994
B005SZYFGC	7995
B005T3AHBU	7996
B005T3NWOY	7997
B005T3R9FM	7998
B005TC8HWC	7999
B005TJ58BS	8000
B005TKMCMU	8001
B005TNBRR8	8002
B005TPN148	8003
B005TYDKDG	8004
B005TYDODM	8005
B005TYDSKQ	8006
B005UKGZ22	8007
B005UNN9LY	8008
B005UO0F5G	8009
B005UO0F9M	8010
B005UPTA9M	8011
B005US5R28	8012
B005UWYK22	8013
B005UWYUHW	8014
B005UZR26A	8015
B005V2LJS4	8016
B005V69PJ0	8017
B005V9BQ1W	8018
B005V9BQ44	8019
B005V9BQ7G	8020
B005VDU23Q	8021
B005VEMYVI	8022
B005VGSX3E	8023
B005VH2NG6	8024
B005VLG2J6	8025
B005VLG4HQ	8026
B005VOXQ5G	8027
B005VPFOK0	8028
B005VPFOLE	8029
B005VPFOMI	8030
B005VPFQ7Q	8031
B005VPFQ8U	8032
B005VPH336	8033
B005VPH35E	8034
B005VPH3P4	8035
B005VPRCOQ	8036
B005VPRCP0	8037
B005VPRCPK	8038
B005VPRCPU	8039
B005VPRCQ4	8040
B005VPRD2C	8041
B005VPRD2M	8042
B005VPRD3Q	8043
B005VPRDAY	8044
B005VPRDBS	8045
B005VPRDC2	8046
B005VPRDD6	8047
B005VPRDJA	8048
B005VPRDJK	8049
B005VPRDKE	8050
B005VPRDLS	8051
B005VPRDUO	8052
B005VPRDUY	8053
B005VPRDV8	8054
B005VPRDW2	8055
B005VPRDWC	8056
B005VPRE3K	8057
B005VPRE3U	8058
B005VPRE5I	8059
B005VPREAS	8060
B005VPREB2	8061
B005VPREBM	8062
B005VPREI0	8063
B005VPREIA	8064
B005VPREJ4	8065
B005VPREJE	8066
B005VPREJO	8067
B005VPRETO	8068
B005VPRETY	8069
B005VPREUI	8070
B005VPRF02	8071
B005VPRF16	8072
B005VPRF1G	8073
B005VPRF2K	8074
B005VPRF8O	8075
B005VPRF8Y	8076
B005VPRF98	8077
B005VPRFIO	8078
B005VPRFPM	8079
B005VPRFRU	8080
B005VPRG3S	8081
B005VPRG9C	8082
B005VPRGBK	8083
B005VQ77AE	8084
B005VQ77PY	8085
B005VQ78US	8086
B005VQGB7O	8087
B005VSN27E	8088
B005VSZQYG	8089
B005WEDDSA	8090
B005WGIJNC	8091
B005WKWLEQ	8092
B005WRZZBA	8093
B005WS0SHA	8094
B005WYFLNU	8095
B005X7OFDS	8096
B005XHKWUI	8097
B005XHPNTS	8098
B005XLN73S	8099
B005XLN74M	8100
B005XLN756	8101
B005XLN76A	8102
B005XLN7AQ	8103
B005XLN7EW	8104
B005XLN8SM	8105
B005XLN97M	8106
B005XLN97W	8107
B005XTLAQQ	8108
B005XTLD18	8109
B005XTLD3Q	8110
B005XTLD40	8111
B005XTLG5G	8112
B005XTLG8S	8113
B005XTLIEU	8114
B005XTLMAA	8115
B005XTLP84	8116
B005XTLP8E	8117
B005XTLPAC	8118
B005XUI4QY	8119
B005XUI5AE	8120
B005XUI5QI	8121
B005XUI63K	8122
B005XUI71G	8123
B005XUI7RK	8124
B005XVCPJ0	8125
B005XVCR48	8126
B005XVCR4I	8127
B005XVCR4S	8128
B005XVCRXY	8129
B005XVCRYS	8130
B005XVCS3S	8131
B005XVCT8M	8132
B005XVCT8W	8133
B005XVCTAU	8134
B005XVCUMM	8135
B005XZRRU8	8136
B005Y08A3A	8137
B005YGWR4W	8138
B005YOQE8O	8139
B005YXFW2O	8140
B005Z2KQZW	8141
B005Z71QJ2	8142
B005ZCQOWG	8143
B005ZCTKR2	8144
B005ZCY36K	8145
B005ZF7ZYY	8146
B005ZFMLRA	8147
B005ZFNZUC	8148
B005ZUG3GA	8149
B005ZWJDBA	8150
B006058LM8	8151
B00606FVTS	8152
B0060FN7B8	8153
B0060FSV7I	8154
B0060GDQXG	8155
B0060GDQZE	8156
B0060GDQZY	8157
B0060GDR4E	8158
B0060GDR62	8159
B0060GDS7U	8160
B0060GDS8E	8161
B0060GDSGQ	8162
B0060GDW2Q	8163
B0060GDYJC	8164
B0060JVSNS	8165
B0060JVSTW	8166
B0060JVU72	8167
B0060L6EE4	8168
B0060LCZH4	8169
B0060LLICC	8170
B0060QX5FA	8171
B0060RZ4GM	8172
B0060RZ4IU	8173
B0060RZ4JO	8174
B0060RZ54I	8175
B0060RZ7E6	8176
B0060RZ7EQ	8177
B0060RZ8E0	8178
B0060RZ96W	8179
B0060RZGT2	8180
B0060S30PI	8181
B0060S30PS	8182
B0060S30QC	8183
B0060S315C	8184
B0060S315W	8185
B0060S318E	8186
B0060S31QG	8187
B0060TD8JA	8188
B0060Y240O	8189
B0060Y271K	8190
B0060Y27O2	8191
B0060Y282I	8192
B00612AXSK	8193
B0061HPYV6	8194
B0061J30VU	8195
B0061ZPI9G	8196
B00627IS5Y	8197
B006297880	8198
B0062DMB4M	8199
B0062GJ5QQ	8200
B0062GJ7AU	8201
B0062GJ7JG	8202
B0062GJ9GC	8203
B0062JUHMY	8204
B0062JXHVM	8205
B0062NLZO4	8206
B0062NRVWO	8207
B0062RKIIY	8208
B0062SPRQG	8209
B00633HCFE	8210
B00636H2BU	8211
B00637YI6G	8212
B0063C35T2	8213
B0063D7W6I	8214
B0063D7YSO	8215
B0063D80E6	8216
B0063D848I	8217
B0063I6Y2G	8218
B0063NC3N0	8219
B0063NLQJW	8220
B0063NLRR8	8221
B0063NLRSC	8222
B0063NLRYQ	8223
B0063NLSAY	8224
B0063NPLTS	8225
B0063OASAO	8226
B0063UMPQS	8227
B0063VMEJ0	8228
B00641HM7I	8229
B00649MLC6	8230
B0064CTIC4	8231
B0064LIM7M	8232
B0064NA7Z0	8233
B0064P6KUO	8234
B0064PJILM	8235
B0064RFJI6	8236
B0064Z54Z6	8237
B00650F5K4	8238
B00650F5SG	8239
B00651A7WE	8240
B00659T3F8	8241
B0065LUOL8	8242
B0065O9QZK	8243
B0065YG1LW	8244
B006691LZW	8245
B0066Y6JJA	8246
B00670VHW2	8247
B0067F7RLM	8248
B0067LDU7G	8249
B0067MCZLW	8250
B00684522S	8251
B00684OWN8	8252
B0068D0F26	8253
B0068E7HXA	8254
B0068GWX8M	8255
B0068V0CGW	8256
B00696367S	8257
B0069RNEFG	8258
B006A4DJNK	8259
B006AIQR4E	8260
B006BIO0BA	8261
B006BLGBXC	8262
B006BLGXEY	8263
B006BLH4XI	8264
B006BLH7U8	8265
B006BLHAMS	8266
B006BLJKEY	8267
B006BLK9L2	8268
B006BM9RIW	8269
B006BM9ZBG	8270
B006BMA0LK	8271
B006BMA1QE	8272
B006BMM2WU	8273
B006BMM75W	8274
B006C5WBT0	8275
B006C8MJZI	8276
B006CBZNBC	8277
B006CBZW90	8278
B006CC0154	8279
B006CC09UG	8280
B006CC0BT0	8281
B006CC0HR6	8282
B006CC0PEQ	8283
B006CC0TQ0	8284
B006CC0UPA	8285
B006CC0WH6	8286
B006CC12YI	8287
B006CC13V0	8288
B006CC16X0	8289
B006CC1A7M	8290
B006CD076Q	8291
B006CD0ADQ	8292
B006CD0C98	8293
B006CD0D8S	8294
B006CD0EK0	8295
B006CD0G0I	8296
B006CD202A	8297
B006CD27NC	8298
B006CD29MG	8299
B006CD2X40	8300
B006CD2ZNY	8301
B006CD30GA	8302
B006CD313M	8303
B006CD31RI	8304
B006CD32IG	8305
B006CD33AI	8306
B006CD33VW	8307
B006CD34IE	8308
B006CD360A	8309
B006CD36OG	8310
B006CD3844	8311
B006CD39A2	8312
B006CD39XE	8313
B006CD3AG0	8314
B006CD3BRI	8315
B006CD3CEK	8316
B006CD4118	8317
B006CD43ZW	8318
B006CD44H4	8319
B006CDBK30	8320
B006CDDW4A	8321
B006CDGHSS	8322
B006CEYM3Y	8323
B006D0GO6U	8324
B006D53Q2U	8325
B006DR6J4K	8326
B006DR6LXY	8327
B006DR6P9O	8328
B006E1B7ME	8329
B006EEVDA2	8330
B006EFMSSM	8331
B006EOWPY0	8332
B006EP74CC	8333
B006EPCLPC	8334
B006FK8S9O	8335
B006FKWH6O	8336
B006FSWY46	8337
B006FT2FVC	8338
B006G682UW	8339
B006G682Y8	8340
B006G683C4	8341
B006G683CO	8342
B006G98CGS	8343
B006G990W8	8344
B006GCRJ9Q	8345
B006GDTO1G	8346
B006GGCNZC	8347
B006GGCO1K	8348
B006GHA0B0	8349
B006H3DK7Y	8350
B006H3DKXS	8351
B006HBXIQ4	8352
B006HCVT5A	8353
B006HCVT5U	8354
B006HDF32Y	8355
B006HDF338	8356
B006HDF36A	8357
B006HDF3B0	8358
B006HEIGM2	8359
B006HEIIUM	8360
B006HEIK6Y	8361
B006HT3ASW	8362
B006HVMK8Q	8363
B006HZLQ2I	8364
B006IAMH4S	8365
B006IGJ1MS	8366
B006IHSMY0	8367
B006ILW9WC	8368
B006ILWBAC	8369
B006IMX18W	8370
B006IMX3V2	8371
B006J285CI	8372
B006JHZX1Y	8373
B006JOOGD8	8374
B006JUR6XY	8375
B006JUYYWA	8376
B006JV44C4	8377
B006JV77J6	8378
B006K11RSW	8379
B006K20IU4	8380
B006K3L8CA	8381
B006KYYOSO	8382
B006L7KIWG	8383
B006L7UICQ	8384
B006LEZ9EQ	8385
B006LMZY4S	8386
B006LPSMYY	8387
B006M9BV42	8388
B006MCVAJA	8389
B006N6S93U	8390
B006NCVC6A	8391
B006NJZ0SY	8392
B006NJZ1H4	8393
B006NJZ2PU	8394
B006NPVG72	8395
B006NTLBVO	8396
B006NTMV8G	8397
B006NTN6TE	8398
B006O6ECQ2	8399
B006O6ECZS	8400
B006O6EDB6	8401
B006O6EH0I	8402
B006O6EH4Y	8403
B006O6EIC0	8404
B006O6EIEI	8405
B006O6EIWK	8406
B006O6EJ2O	8407
B006O6EL6I	8408
B006O6EMGC	8409
B006O6ENAM	8410
B006O6EO5Q	8411
B006O6EO92	8412
B006O6EOE2	8413
B006O6EOII	8414
B006O6EOTW	8415
B006O6EOX8	8416
B006O6EP14	8417
B006O6EP5K	8418
B006O6EPH8	8419
B006O6EPKK	8420
B006O6EPP0	8421
B006O6ES02	8422
B006O6ETHY	8423
B006O6ETJM	8424
B006O6ETNS	8425
B006O6ETTW	8426
B006O6ETYC	8427
B006O6F1NK	8428
B006O6F202	8429
B006O6F25W	8430
B006O6F2CU	8431
B006O6F4O6	8432
B006O6F8VA	8433
B006O6F8X8	8434
B006O6F932	8435
B006O6FGJO	8436
B006O6FI5Q	8437
B006O6FI8I	8438
B006O6FIE2	8439
B006O6FIH4	8440
B006O6FIT2	8441
B006O6FJ0A	8442
B006O6FKDG	8443
B006O6FKG8	8444
B006O6FL5I	8445
B006O6FMOI	8446
B006O7XOOW	8447
B006O7XP6O	8448
B006OA8UIY	8449
B006OA8WTQ	8450
B006OBH98U	8451
B006OBIUVU	8452
B006OBK5BS	8453
B006OG74QW	8454
B006OG74YO	8455
B006OG755M	8456
B006OG75ES	8457
B006OG7642	8458
B006OG76AG	8459
B006OG76Q0	8460
B006OG76VA	8461
B006OJM52C	8462
B006OJM5OU	8463
B006OJM5P4	8464
B006OJM6XU	8465
B006OMM8RG	8466
B006OZJWY0	8467
B006P135E6	8468
B006P135EQ	8469
B006PGLVCY	8470
B006PHU4F8	8471
B006PZ0QW6	8472
B006QW9HK0	8473
B006QW9HQ4	8474
B006QZ7T2K	8475
B006R6ERLE	8476
B006R7B504	8477
B006RC645U	8478
B006ROJI06	8479
B006ROJI10	8480
B006ROJI38	8481
B006ROJI9W	8482
B006ROJIAG	8483
B006ROJIBA	8484
B006ROJIQU	8485
B006ROJIR4	8486
B006ROJIUG	8487
B006ROJJ2I	8488
B006ROJJCS	8489
B006ROJJE6	8490
B006ROJJV4	8491
B006ROJLFI	8492
B006ROJLSU	8493
B006ROJLT4	8494
B006ROJM2K	8495
B006ROJM2U	8496
B006ROJMMA	8497
B006ROJNP6	8498
B006ROJO1O	8499
B006ROJP5O	8500
B006ROJP7M	8501
B006ROJPD6	8502
B006ROJQR6	8503
B006ROJQRG	8504
B006ROJQRQ	8505
B006ROJQTE	8506
B006ROJQZS	8507
B006ROUF8K	8508
B006ROUFC6	8509
B006RQ8TD6	8510
B006RQ8TFO	8511
B006RQ8TVI	8512
B006RQ8TVS	8513
B006RQ8TW2	8514
B006RQ8TY0	8515
B006RQ8U76	8516
B006RQ8U7Q	8517
B006RQ8ULC	8518
B006RQ8UNA	8519
B006RTFP9E	8520
B006S8EWA2	8521
B006S9L0OC	8522
B006S9MUPU	8523
B006SDC9VG	8524
B006SLYAUQ	8525
B006SMKBBW	8526
B006T0BNWE	8527
B006TESANU	8528
B006TTK7VI	8529
B006U9IR3W	8530
B006UBLXQ8	8531
B006UBLXWM	8532
B006UBLZLQ	8533
B006UBLZMA	8534
B006UBLZNY	8535
B006UBM1LE	8536
B006UBM1M8	8537
B006UBM1X2	8538
B006UBM36W	8539
B006UD2RB6	8540
B006UF6KOY	8541
B006ULXHL2	8542
B006UPHXZE	8543
B006UXO8NQ	8544
B006V13Z54	8545
B006VVTRNI	8546
B006W3TLY0	8547
B006WAIIM4	8548
B006WAJM1A	8549
B006WAL3YO	8550
B006WAVEP2	8551
B006WCN6KQ	8552
B006WCN6S8	8553
B006WCN6XI	8554
B006WCN8PY	8555
B006WFGM0O	8556
B006WIQMRE	8557
B006WREUQU	8558
B006WVMI9M	8559
B006WVMKD6	8560
B006WYKZX0	8561
B006WYL002	8562
B006WZJEKO	8563
B006WZLB2I	8564
B006WZLCZ4	8565
B006WZLGXW	8566
B006WZM44W	8567
B006WZM79O	8568
B006WZNSOC	8569
B006WZNTA0	8570
B006WZNXBA	8571
B006WZO63Y	8572
B006WZOA30	8573
B006WZOAWG	8574
B006X2ABQW	8575
B006X2AF0E	8576
B006X2AHUM	8577
B006X415GK	8578
B006X73DGC	8579
B006X7A8KG	8580
B006X8TYQ4	8581
B006X97A8C	8582
B006X9KTQC	8583
B006X9KUL6	8584
B006X9KV6U	8585
B006XD8NBG	8586
B006XG3NRC	8587
B006XK808A	8588
B006XKQHD0	8589
B006XLDJD0	8590
B006XXHO3O	8591
B006Y3RF64	8592
B006Y3ROEW	8593
B006Y3RP14	8594
B006Y3RQ6I	8595
B006YD1ZTM	8596
B006YKE6D2	8597
B006YMO5JK	8598
B006YWI5QY	8599
B006YWPPTO	8600
B006YZIEZ8	8601
B006Z0L5OO	8602
B006Z78LBW	8603
B006ZGXA3W	8604
B006ZJHKA8	8605
B006ZKQ2K6	8606
B006ZM2PXC	8607
B006ZMGR5E	8608
B006ZMO044	8609
B006ZMTFQW	8610
B006ZP2MK0	8611
B006ZS4FE8	8612
B006ZUUU86	8613
B006ZUUUA4	8614
B006ZUUVQC	8615
B006ZUUVRQ	8616
B006ZUUVS0	8617
B006ZVOIX8	8618
B006ZVOJ1Y	8619
B006ZZ8JO8	8620
B00700XIKC	8621
B00700ZC9C	8622
B00704INQM	8623
B00705JI38	8624
B00705XT3S	8625
B00705Y3TM	8626
B00707CQN0	8627
B0070A9OUA	8628
B0070QMUFA	8629
B00710LHPY	8630
B00712NSTA	8631
B00712NTWQ	8632
B00712O1J6	8633
B00712O2D6	8634
B00712O2LS	8635
B00712O3XU	8636
B00712O4H0	8637
B00712O4MU	8638
B00712O4XE	8639
B00712O56A	8640
B00712Y28Q	8641
B00713L1FC	8642
B00713LF0I	8643
B00713LJC2	8644
B00713LRDS	8645
B00713LX78	8646
B00713P9SC	8647
B00719LBEW	8648
B0071BFM36	8649
B0071BFNHG	8650
B0071BYCAA	8651
B0071GMBAS	8652
B0071LXX32	8653
B0071SXIGW	8654
B0071V3B3E	8655
B00720I7TC	8656
B00720LXHU	8657
B007225J4G	8658
B00727WRQ4	8659
B00729W01Y	8660
B0072BKZOQ	8661
B0072URE3M	8662
B0072URECI	8663
B0072URED2	8664
B0072UREDW	8665
B0072URPZ4	8666
B0072V8CC8	8667
B0072VAJ7Y	8668
B0072VYAO2	8669
B00737FX6E	8670
B00739W6VM	8671
B00739W8W4	8672
B0073A4X58	8673
B0073I1VRS	8674
B0073QQ3X2	8675
B0073QUJ78	8676
B0073R7HG8	8677
B0073RBQY2	8678
B0073RFP6C	8679
B0073RJRZM	8680
B0073RN4PG	8681
B0073ROFWM	8682
B0073RQMBY	8683
B0073RSVMC	8684
B0073U4056	8685
B0073WSED8	8686
B0073XY7ME	8687
B007455MW0	8688
B007455ONM	8689
B007455XDS	8690
B00749JBO6	8691
B00749K72Q	8692
B00749M5MG	8693
B00749RTCC	8694
B0074A0Z6I	8695
B0074AFX5Q	8696
B0074ER1N4	8697
B0074FN740	8698
B0074H49NG	8699
B0074NVDMK	8700
B0074NVDNE	8701
B0074NVGKE	8702
B0074NVGKO	8703
B0074NVHUS	8704
B0074SPXVC	8705
B0074T643C	8706
B007515EVC	8707
B00756JZQ2	8708
B00757D4V8	8709
B0075CMYTQ	8710
B0075CYD3Q	8711
B0075EBQPC	8712
B0075GYRLU	8713
B0075ILWG6	8714
B0075MNRLU	8715
B0075VPUDE	8716
B0075VUBVU	8717
B0075XNGGK	8718
B0075XQLXK	8719
B0075ZBF5W	8720
B007616HBM	8721
B00762BMOI	8722
B00764ROYI	8723
B00767PSIO	8724
B00767PTWO	8725
B0076DCHA0	8726
B0076IN0U6	8727
B0076N1ZXK	8728
B0076O6G60	8729
B0076OJOF0	8730
B0076TRVCS	8731
B0076TRVGO	8732
B0076TRVK0	8733
B0076TRWWC	8734
B0076TRX62	8735
B0076TVUUC	8736
B0076VIZBW	8737
B0076YJACM	8738
B0076YQHEQ	8739
B0076ZX6BC	8740
B00770KEXY	8741
B00770KPTW	8742
B00770KR7W	8743
B00770NADU	8744
B00773ENH4	8745
B00777QXC8	8746
B00777UEL4	8747
B0077AZ3OO	8748
B0077DOFA4	8749
B0077LGDDI	8750
B0077NCEVG	8751
B0077NCEWA	8752
B0077NCEX4	8753
B0077NCEXE	8754
B0077NCFD8	8755
B0077NGTDU	8756
B0077QLOH8	8757
B0077QSLB0	8758
B0077RKXWE	8759
B0077SWMZO	8760
B00780XZ8Y	8761
B0078HVLSI	8762
B0078P4JHU	8763
B0078XJVR0	8764
B007927AGY	8765
B0079283RO	8766
B00795ZE3M	8767
B0079L0EKY	8768
B0079PC0EI	8769
B0079RSDMO	8770
B007ADIBXS	8771
B007ADIC82	8772
B007ADICI2	8773
B007ADICS2	8774
B007ADIGRE	8775
B007ADIGVU	8776
B007ADINLI	8777
B007ADIOO4	8778
B007ADIRDM	8779
B007AIL1A8	8780
B007AKAQ66	8781
B007APP1NO	8782
B007AQ22PS	8783
B007AR24GE	8784
B007AR266M	8785
B007AR4ZA2	8786
B007AR5268	8787
B007ATOMNK	8788
B007AW55MO	8789
B007B40UXU	8790
B007B4HGFA	8791
B007B4TEXM	8792
B007B5O6G6	8793
B007B7LT2S	8794
B007B7LTE6	8795
B007B7LTPU	8796
B007B7LTVY	8797
B007BDDK5Q	8798
B007BEJQG2	8799
B007BFPTGC	8800
B007BFTUNA	8801
B007BFVATW	8802
B007BM3K34	8803
B007BM414G	8804
B007BQBQIQ	8805
B007BSYAVY	8806
B007C87O0M	8807
B007CB7X1E	8808
B007CB931W	8809
B007CDENF6	8810
B007CDENFG	8811
B007CEK5MK	8812
B007CEK818	8813
B007CF7JI2	8814
B007CF7JN2	8815
B007CF7L9O	8816
B007CFCXRO	8817
B007CFCXTC	8818
B007CJJR6K	8819
B007CJJRVA	8820
B007CJJVEI	8821
B007CJJVH0	8822
B007CJJZWQ	8823
B007CMETBU	8824
B007CMEWJY	8825
B007CS1908	8826
B007CS1LCE	8827
B007D1O4CO	8828
B007D84IPA	8829
B007D850ES	8830
B007DB2VZQ	8831
B007DU3G0G	8832
B007DW6DDQ	8833
B007DW6DYU	8834
B007DWDL72	8835
B007DYMA8G	8836
B007DZ18YW	8837
B007EA4MB2	8838
B007EA4UBY	8839
B007EA52Y8	8840
B007EA5WGQ	8841
B007EA5XAQ	8842
B007EA6PKS	8843
B007EA6RLU	8844
B007ECJ6ZM	8845
B007EE72BU	8846
B007ETCF4Y	8847
B007EWHBLI	8848
B007EZLPDU	8849
B007EZM85O	8850
B007F7QQWW	8851
B007FDBD92	8852
B007FDBELY	8853
B007FLQ394	8854
B007FRHZ4A	8855
B007FSEZRO	8856
B007FSJ0G0	8857
B007FT7GX8	8858
B007FUNLRM	8859
B007G3V92M	8860
B007G3V9VI	8861
B007G3VAVC	8862
B007G3VBOI	8863
B007G5PA7A	8864
B007G5PB9C	8865
B007G84MLM	8866
B007G84MNK	8867
B007GAXMJI	8868
B007GC0IO8	8869
B007GE5X78	8870
B007GE5X7S	8871
B007GE6UBG	8872
B007GE6VMO	8873
B007GE75G0	8874
B007GE7PBA	8875
B007GFFGFQ	8876
B007GFI8QU	8877
B007GGDSC8	8878
B007GGDSNM	8879
B007GQ0YKC	8880
B007HAMGWQ	8881
B007HD9MIY	8882
B007HDYTGE	8883
B007HE310I	8884
B007HE6QJQ	8885
B007HHQ4VI	8886
B007HHQ4ZE	8887
B007HHQ5RG	8888
B007HLVB7G	8889
B007HON9QY	8890
B007HVG2DE	8891
B007HVG66M	8892
B007HVGD6K	8893
B007HVGNVU	8894
B007HVGW4I	8895
B007HVHDCI	8896
B007HVHOAO	8897
B007HZ9PZ2	8898
B007HZ9RKA	8899
B007HZ9S7C	8900
B007I6TJLU	8901
B007IG0TDM	8902
B007IG0TDW	8903
B007IG0TF0	8904
B007IG0TUK	8905
B007IG0TVO	8906
B007IG0TWS	8907
B007IG0TY6	8908
B007IG0UAY	8909
B007IG0UB8	8910
B007IG0UCC	8911
B007IG0UCW	8912
B007IG0UNG	8913
B007IW0HME	8914
B007IW6RHS	8915
B007IW840G	8916
B007IW8FPA	8917
B007IXD0M2	8918
B007IYD4S6	8919
B007J3F98E	8920
B007J3F98O	8921
B007J3F99S	8922
B007J3F9A2	8923
B007J3F9IE	8924
B007J3F9IY	8925
B007J3F9U2	8926
B007J3F9UC	8927
B007J3F9V6	8928
B007J3F9VG	8929
B007J3F9W0	8930
B007J3FA7E	8931
B007J3FA7O	8932
B007J3FA7Y	8933
B007J3FA8I	8934
B007J3FAJ2	8935
B007J3FAT2	8936
B007J3FB3M	8937
B007J3FBKA	8938
B007J3FBKU	8939
B007J3FBL4	8940
B007J3FBLO	8941
B007J3ZYV6	8942
B007J4G0XQ	8943
B007J4G0YK	8944
B007J4G18K	8945
B007JCK5GG	8946
B007JPS3YY	8947
B007JWWTEM	8948
B007K9OCYO	8949
B007KJECSU	8950
B007KMY75A	8951
B007KUQD5Y	8952
B007KV17O0	8953
B007KV67AE	8954
B007KZ70L0	8955
B007KZ73EE	8956
B007KZPVPW	8957
B007L21MA2	8958
B007L4LIFY	8959
B007L7SXJU	8960
B007LEB25A	8961
B007LEB26O	8962
B007LHXPWU	8963
B007LL7MGQ	8964
B007LL7N4C	8965
B007LX889E	8966
B007LYX1JK	8967
B007M42U32	8968
B007MCNI1W	8969
B007MCNI30	8970
B007MCPCZM	8971
B007MHE9JM	8972
B007MKLX84	8973
B007MRWZL6	8974
B007N0KZ64	8975
B007N438SW	8976
B007N6M4VM	8977
B007N6UWL6	8978
B007NJ57R2	8979
B007NJ7KQS	8980
B007NLO6B8	8981
B007NLO6CW	8982
B007NLO6IG	8983
B007NLO6JA	8984
B007NLPHUC	8985
B007NLPI9W	8986
B007NYTCC8	8987
B007NYTJ94	8988
B007O2TTNG	8989
B007O6M5MO	8990
B007OLRG28	8991
B007OO5XCU	8992
B007OOJJ1G	8993
B007P6HZVO	8994
B007PJFIU6	8995
B007PRRZ3G	8996
B007PVHMCG	8997
B007Q0O9UY	8998
B007Q0OA8A	8999
B007Q0OAJ4	9000
B007Q0ODLY	9001
B007Q0ODSC	9002
B007Q0ODW8	9003
B007Q0OE9K	9004
B007Q0OEI6	9005
B007Q0OEN6	9006
B007Q0OEUE	9007
B007Q0OF1W	9008
B007Q0OF9E	9009
B007Q0OGE8	9010
B007Q0OGXE	9011
B007Q0OHCO	9012
B007Q0OIG4	9013
B007Q0OJ04	9014
B007Q0OJJA	9015
B007Q0OKKS	9016
B007Q0OKRQ	9017
B007Q0OMF6	9018
B007Q0OMJW	9019
B007Q0OMU6	9020
B007Q0ON32	9021
B007Q0ON7S	9022
B007Q0ONCS	9023
B007Q0ONNW	9024
B007Q0OO90	9025
B007Q0OOFY	9026
B007Q0OQ70	9027
B007Q0OQCK	9028
B007Q0OQF2	9029
B007Q0OUFS	9030
B007Q0OUKS	9031
B007Q0OUP8	9032
B007Q0OUSK	9033
B007Q0OUTY	9034
B007Q0OUW6	9035
B007Q0OUZ8	9036
B007Q0OV2A	9037
B007Q0OV4I	9038
B007Q0OVCK	9039
B007Q0OYO0	9040
B007Q0OYRW	9041
B007Q0OYUO	9042
B007Q19CCI	9043
B007Q2KZU0	9044
B007Q4Y4KK	9045
B007Q72ZA8	9046
B007Q7HWF6	9047
B007QGINDC	9048
B007QLSUUI	9049
B007QNDWB8	9050
B007QR95QU	9051
B007QS9FJQ	9052
B007R1Z80W	9053
B007R3NTME	9054
B007R66TV4	9055
B007RDFM56	9056
B007RDFMTC	9057
B007RDFMU6	9058
B007RDFNEG	9059
B007RDFNFU	9060
B007RDFO0Y	9061
B007RDFO1I	9062
B007RDGGB0	9063
B007RDGGBK	9064
B007RDGH5U	9065
B007RDGHP0	9066
B007RDGHPU	9067
B007RDGJJO	9068
B007RDGK1G	9069
B007RDGKK2	9070
B007RDGL4M	9071
B007RE0RR8	9072
B007RE0SCW	9073
B007RE0SE0	9074
B007RFI44K	9075
B007RFI468	9076
B007RHWCGY	9077
B007RKZIZS	9078
B007RKZJ1G	9079
B007RKZJBQ	9080
B007RM5AJK	9081
B007RM5CMK	9082
B007RM5CN4	9083
B007RM5CO8	9084
B007RM5DS8	9085
B007RM5DTC	9086
B007RQ304I	9087
B007RTAR64	9088
B007RTFZJ8	9089
B007RTFZKM	9090
B007RTFZLQ	9091
B007RTFZX4	9092
B007RTG01A	9093
B007RTG04W	9094
B007RTG0DI	9095
B007RW20SE	9096
B007RYE2V0	9097
B007S3S60I	9098
B007S3S81U	9099
B007S3S8HO	9100
B007SA1QYO	9101
B007SA2QCA	9102
B007SG9FFU	9103
B007SI2YEC	9104
B007SJ6C1M	9105
B007SM3582	9106
B007SRM5U6	9107
B007SYH2GQ	9108
B007T2UNGS	9109
B007T4G90K	9110
B007TFT4L0	9111
B007TFT64A	9112
B007TFT64K	9113
B007TG2POM	9114
B007TLFLMA	9115
B007TMWRRG	9116
B007TMXXVA	9117
B007TNU1XM	9118
B007TUAHVQ	9119
B007TUAKB8	9120
B007U7LZOG	9121
B007U7LZOQ	9122
B007U7LZQ4	9123
B007U7LZQO	9124
B007U7M00E	9125
B007U7M022	9126
B007U7M02C	9127
B007U7M0K4	9128
B007U7M0KE	9129
B007U7M0KY	9130
B007U7M0L8	9131
B007U7M0LI	9132
B007U7M0VS	9133
B007U7M0WC	9134
B007U7M0WM	9135
B007U7M144	9136
B007UE08BK	9137
B007UE75PW	9138
B007UFW13M	9139
B007UPFS4G	9140
B007VEOI0Q	9141
B007VP8YS2	9142
B007WDPXFK	9143
B007WFYIX6	9144
B007WK8RYC	9145
B007WW28K4	9146
B007WW29SA	9147
B007WW2ATS	9148
B007WW42E4	9149
B007WW434I	9150
B007WW43PM	9151
B007WYU7R8	9152
B007X03IKO	9153
B007X1835I	9154
B007X19OUQ	9155
B007X5ZQCC	9156
B007X8ZYTO	9157
B007X8ZZRU	9158
B007X9034O	9159
B007X9040C	9160
B007X904J8	9161
B007X909NY	9162
B007X90B46	9163
B007X910NM	9164
B007X93IZ0	9165
B007X93L34	9166
B007X9DGF2	9167
B007X9DRWO	9168
B007XC9BSK	9169
B007XJE0DO	9170
B007XJE0W0	9171
B007XJE1AQ	9172
B007XOMXMO	9173
B007XPLI38	9174
B007XPLI4M	9175
B007XPLI56	9176
B007XQXCK4	9177
B007XQXFII	9178
B007XVYN4S	9179
B007XVYN7U	9180
B007XVYO1K	9181
B007XVYO2E	9182
B007XVYO38	9183
B007XVYO3I	9184
B007XVYO5Q	9185
B007XVYOKG	9186
B007XVYOKQ	9187
B007XVYOM4	9188
B007XVYP82	9189
B007XVYP8W	9190
B007XVYP9Q	9191
B007XVYPR8	9192
B007XVYPS2	9193
B007XVYQBI	9194
B007XVYQCM	9195
B007XVYQRM	9196
B007XVYQRW	9197
B007XVYRBC	9198
B007XVYSBG	9199
B007XVYSCA	9200
B007XVYSDE	9201
B007XVYSYI	9202
B007XVYSZ2	9203
B007XVYSZW	9204
B007XVYT1A	9205
B007XVYT2O	9206
B007XVYTME	9207
B007XVYTNS	9208
B007Y74YXQ	9209
B007Y75C2I	9210
B007Y7WY24	9211
B007Y9N46W	9212
B007Y9N5P2	9213
B007Y9NW8C	9214
B007YBEHIO	9215
B007YCJDJQ	9216
B007YCLXTY	9217
B007YCTGG6	9218
B007YCWTQU	9219
B007YCYD14	9220
B007YD77MK	9221
B007YDM00O	9222
B007Z0LBII	9223
B007Z1D6A8	9224
B007Z5XOD8	9225
B007Z8U7CG	9226
B007ZM9HV4	9227
B00804BCK0	9228
B00804BCLY	9229
B00804BCO6	9230
B00804BDBI	9231
B00804BDCM	9232
B00804BDE0	9233
B00804BDEA	9234
B00804BDEU	9235
B00804BE8A	9236
B00804BE9E	9237
B00804BEB2	9238
B00804BF3Y	9239
B00804H7OK	9240
B00805TJGS	9241
B0080AHH5S	9242
B0080BEKRK	9243
B0080HZH5I	9244
B0080IX4NO	9245
B0080IXFWO	9246
B0080ZBSO4	9247
B008132JES	9248
B0081D76VE	9249
B0081F8DZK	9250
B0081J2LRC	9251
B0081MR4SK	9252
B0081MWEYE	9253
B0081MYU1E	9254
B0081N08X2	9255
B0081WUUAY	9256
B0081Y6QC8	9257
B00821URN4	9258
B0082D51H4	9259
B0082HP6IY	9260
B0082K8RK0	9261
B0082LMF4I	9262
B0083BXI0C	9263
B0083F2XEK	9264
B0083F2XFE	9265
B0083F31K0	9266
B0083ILTG0	9267
B0083J768O	9268
B0083SSLRU	9269
B0083SSLWK	9270
B0083SSMEM	9271
B0083TXUZM	9272
B0083TXV38	9273
B0083TXVLA	9274
B0083TXVW4	9275
B0083TXW6E	9276
B0083TXWMI	9277
B0083TXWXC	9278
B0083TXX0E	9279
B0083TXX9U	9280
B0083TXXCC	9281
B0083TXXE0	9282
B0083TXXIQ	9283
B0083TXXO0	9284
B0083TXXTA	9285
B0083TXXZ4	9286
B0083TXY08	9287
B0083TXYTE	9288
B0083TXZ6G	9289
B0083TXZCA	9290
B0083TXZHU	9291
B0083TXZVQ	9292
B0083UHC32	9293
B0083V1IWM	9294
B0083V1J08	9295
B0083VJ8EW	9296
B0083WKU7A	9297
B0083WQQ82	9298
B0083WTSJQ	9299
B0083ZHL60	9300
B00840L9EY	9301
B00840L9NA	9302
B00840L9NU	9303
B00840L9O4	9304
B00840L9WQ	9305
B00840L9X0	9306
B00840L9XK	9307
B00840LA9S	9308
B00840LAB6	9309
B00840LABG	9310
B00840LABQ	9311
B00840LAK2	9312
B00840LAKM	9313
B00840LAL6	9314
B00840LASY	9315
B00840LAT8	9316
B00840LATI	9317
B00840LAUM	9318
B00840LB4C	9319
B00840LB4M	9320
B00840LB56	9321
B00840LB6U	9322
B00840LB74	9323
B00840LBJM	9324
B00840LBME	9325
B00840LBWO	9326
B00840LBXS	9327
B00840LCB4	9328
B008410BOW	9329
B00846UOI0	9330
B00847GS48	9331
B0084AYQJE	9332
B0084BPZES	9333
B0084FFPLM	9334
B0084JUNVU	9335
B0084JUNXS	9336
B0084L8URC	9337
B0084M88DC	9338
B0084M8UE4	9339
B0084M8UEE	9340
B0084X9HL8	9341
B0084XZE7E	9342
B0084ZGC00	9343
B0084ZJ9RS	9344
B00850I4DM	9345
B00850NO8M	9346
B00851EHAA	9347
B00852TUJC	9348
B00855FMXM	9349
B00857GG5I	9350
B00857SR5K	9351
B00857SREQ	9352
B00857SRIW	9353
B00857SRSC	9354
B00857SRSW	9355
B00857SRU0	9356
B00857SRVO	9357
B008592HH2	9358
B008592HHC	9359
B00859GIQ8	9360
B00859GIR2	9361
B00859GJL2	9362
B00859GJWQ	9363
B00859GJXA	9364
B00859GJZS	9365
B0085BFPE2	9366
B0085CV2RU	9367
B0085HJQRI	9368
B0085HLG9E	9369
B0085JTIQA	9370
B0085K1OH0	9371
B0085K1OYS	9372
B0085K1P0G	9373
B0085MOPM4	9374
B0085MRBEI	9375
B0085SCSL8	9376
B0085TUAUI	9377
B0085TY1AI	9378
B0085TY1C6	9379
B0085TZRKQ	9380
B0085TZRME	9381
B0085TZRMY	9382
B0085TZRNI	9383
B0085UA6YM	9384
B0085UA7UA	9385
B0085UA7V4	9386
B0085UA8YK	9387
B0085UA8ZE	9388
B0085UA8ZO	9389
B0085UA9SK	9390
B0085UA9VC	9391
B0085UA9WQ	9392
B0085ULMLS	9393
B0085ULMOA	9394
B0085UN69E	9395
B0085WX13I	9396
B0085WX3HW	9397
B0085WX3IQ	9398
B0085WX408	9399
B0085WX40I	9400
B0085WX42G	9401
B0085WX4BC	9402
B0085WX4O4	9403
B0085WX4OO	9404
B0085Y3GCW	9405
B0085Y3JNS	9406
B0085Y3MTO	9407
B0085Y3X3Y	9408
B0085Y3YV0	9409
B0085Y831Q	9410
B008617TTA	9411
B00862JXZW	9412
B00862JY06	9413
B00867PS8S	9414
B008697B54	9415
B0086URM5M	9416
B0086URMVQ	9417
B0086USOLS	9418
B0086W8Z42	9419
B0086YSYSC	9420
B00873C31G	9421
B00873ESI2	9422
B00875JE0C	9423
B0087GD8GW	9424
B0087HU37S	9425
B0087JD10C	9426
B0087JGGX6	9427
B0087RV2KK	9428
B0087SUH4Q	9429
B0088260TC	9430
B00885KB4O	9431
B0088ALY0E	9432
B0088ALY0O	9433
B0088FMIG8	9434
B0088GMXTY	9435
B0088I2ABI	9436
B0088I2ACW	9437
B0088I7L76	9438
B0088ICA6I	9439
B0088LNF0K	9440
B0088LNF2I	9441
B0088LQZOI	9442
B0088LQZYS	9443
B0088PO3MK	9444
B008953Z8C	9445
B008967FL4	9446
B00897DX6O	9447
B0089CH2YI	9448
B0089F7DPI	9449
B0089F9EFK	9450
B0089FJD1U	9451
B0089KVYLW	9452
B0089MQW94	9453
B0089O4V18	9454
B0089OJ168	9455
B0089P42GQ	9456
B0089QJCRO	9457
B0089QJIBY	9458
B0089QJIO6	9459
B0089RPUH4	9460
B0089RPUHE	9461
B0089RPUHO	9462
B0089TVY0O	9463
B0089U3VDQ	9464
B0089VP95S	9465
B0089XNUES	9466
B008A078Z2	9467
B008A0GXHQ	9468
B008A20GRM	9469
B008A224EA	9470
B008A22FR6	9471
B008A2BA8G	9472
B008A2BA90	9473
B008ACRPR6	9474
B008ACTIPI	9475
B008AG5VLE	9476
B008AG5VOQ	9477
B008AG5VS2	9478
B008AG5WHW	9479
B008AGAXV2	9480
B008AQUJM0	9481
B008AWFWA8	9482
B008AWFWXK	9483
B008AWFXD4	9484
B008B66SBU	9485
B008B66SDS	9486
B008B68HIW	9487
B008B68HKA	9488
B008B68HKK	9489
B008B68HLY	9490
B008B68HPU	9491
B008B68HQ4	9492
B008B68HQO	9493
B008B68HQY	9494
B008B68HVE	9495
B008B68HWI	9496
B008B68I2C	9497
B008B68I36	9498
B008B68I3Q	9499
B008B68I4K	9500
B008B68IBI	9501
B008B68IC2	9502
B008B68IE0	9503
B008B68IEA	9504
B008B68IK4	9505
B008B68IMM	9506
B008B68IN6	9507
B008B68ING	9508
B008B68ITK	9509
B008B68IUO	9510
B008B68IUY	9511
B008B68IV8	9512
B008B68J1C	9513
B008B68J2G	9514
B008B68J2Q	9515
B008B68J30	9516
B008B68JAS	9517
B008BABU1Y	9518
B008BEWV2W	9519
B008BFH6B2	9520
B008BFO5L6	9521
B008BGP9KQ	9522
B008BHRXRC	9523
B008BM2LJ2	9524
B008BON7NY	9525
B008BONPZE	9526
B008BP7360	9527
B008BP739C	9528
B008BRLV20	9529
B008BRLZ44	9530
B008BV5G9K	9531
B008BWZJ32	9532
B008C0KXYS	9533
B008C0NIN6	9534
B008C0O4Q6	9535
B008C0O55G	9536
B008C5FQOK	9537
B008CG22B4	9538
B008CL5Y6O	9539
B008CNPHRS	9540
B008CNPHVY	9541
B008CNPHWI	9542
B008CNPIAE	9543
B008CNRIWA	9544
B008CNRJQK	9545
B008CO80SA	9546
B008CO812U	9547
B008CO91JC	9548
B008CP6KG8	9549
B008CPHXRI	9550
B008CQE35M	9551
B008CR4252	9552
B008CXE5OO	9553
B008CYH19O	9554
B008D19K1S	9555
B008D3KFE2	9556
B008D8EGUQ	9557
B008D9MT68	9558
B008D9MT7W	9559
B008DBZBS4	9560
B008DBZBUC	9561
B008DBZBV6	9562
B008DBZC88	9563
B008DBZC8I	9564
B008DBZC8S	9565
B008DBZC92	9566
B008DBZC9W	9567
B008DE0FU0	9568
B008DFT6OA	9569
B008DJ5VAY	9570
B008DK94VU	9571
B008DKA3XI	9572
B008DLS2SU	9573
B008DRLVJG	9574
B008DS1M44	9575
B008DVR2F4	9576
B008DW04UI	9577
B008E190RG	9578
B008E1912A	9579
B008E6G15U	9580
B008ECE1B0	9581
B008EG7KS2	9582
B008EG7KSM	9583
B008EG7KTQ	9584
B008EIV9VO	9585
B008EKYK0Y	9586
B008EMLG2M	9587
B008ENFIIE	9588
B008EQAQPQ	9589
B008F0SMUC	9590
B008FB7PGS	9591
B008FD1RL0	9592
B008FD8ETS	9593
B008FDDIN0	9594
B008FKBU42	9595
B008FL8WTM	9596
B008FLGODI	9597
B008FREULU	9598
B008FSCGFQ	9599
B008FTF9PO	9600
B008FTFADU	9601
B008FTFB0W	9602
B008FVQ1B8	9603
B008FXR1W4	9604
B008FY979I	9605
B008G0YIL8	9606
B008G29PDW	9607
B008G3JZIG	9608
B008G6OOHA	9609
B008G6OOUW	9610
B008GE3JTG	9611
B008GG12BG	9612
B008GOC3RA	9613
B008GOC9KQ	9614
B008GOCE4M	9615
B008GOMC6M	9616
B008GPMF9A	9617
B008GPMF9U	9618
B008GRI010	9619
B008GS6VR4	9620
B008GS8NSO	9621
B008GSWKJM	9622
B008H4L3M0	9623
B008H54GVE	9624
B008H5716Q	9625
B008H6TA28	9626
B008HA08QQ	9627
B008HCSDW0	9628
B008HCSE7Y	9629
B008HCSEBA	9630
B008HCZMCY	9631
B008HCZME2	9632
B008HNJ81Y	9633
B008HNJP8K	9634
B008HUHPA8	9635
B008HY2022	9636
B008HYGFEG	9637
B008HYGFGE	9638
B008HYGFIC	9639
B008HYGFJG	9640
B008I3BL2C	9641
B008I5QKP8	9642
B008I6OX4M	9643
B008IC29Z6	9644
B008IC2AEQ	9645
B008ID8P7G	9646
B008INWXE2	9647
B008IT5DAM	9648
B008IXLKQO	9649
B008IZH2M8	9650
B008IZH2QY	9651
B008IZH41W	9652
B008IZH4EO	9653
B008IZH4JE	9654
B008J28LIE	9655
B008J4IR9U	9656
B008J87PVC	9657
B008J8EPQU	9658
B008JE5KZY	9659
B008JNPBYK	9660
B008JSEG8W	9661
B008K19HUA	9662
B008K5B43Y	9663
B008K5S5N6	9664
B008K7RM8I	9665
B008K953CI	9666
B008K9JDR4	9667
B008KCQRPW	9668
B008KDZO8M	9669
B008KGR1XK	9670
B008KGR1YO	9671
B008KGR2OI	9672
B008KGR356	9673
B008KHG21Q	9674
B008KHG2K2	9675
B008KHPJ56	9676
B008KLC9L4	9677
B008KOHF4W	9678
B008KQ1X3O	9679
B008KRBTU0	9680
B008KUXKAE	9681
B008L0HMIY	9682
B008L264Q8	9683
B008L4ZQWY	9684
B008LDDXT8	9685
B008LG63HE	9686
B008LGSAX4	9687
B008LQMESQ	9688
B008LQXR82	9689
B008LQXR8W	9690
B008M1UV7Q	9691
B008M9I1D4	9692
B008M9KK56	9693
B008MA2EOU	9694
B008MH5H4M	9695
B008MJ62PI	9696
B008ML1S9G	9697
B008MTYSW2	9698
B008MTYT9E	9699
B008MTYTHQ	9700
B008MTYU84	9701
B008MTYW2I	9702
B008MTYWGE	9703
B008MTYWNC	9704
B008MW6NW2	9705
B008MW6WKK	9706
B008MWWEJI	9707
B008N46CKW	9708
B008N5FT50	9709
B008N6INE8	9710
B008N6KJMC	9711
B008N6US3W	9712
B008N6US5A	9713
B008N6USL4	9714
B008N841KQ	9715
B008NRWT8I	9716
B008NRXIXS	9717
B008O4TOKQ	9718
B008O6Q7D6	9719
B008O6Q7TK	9720
B008O6Q8H6	9721
B008OAOL94	9722
B008OF4MN4	9723
B008OFIHBC	9724
B008OFIHC6	9725
B008OFIHDA	9726
B008OTPLSK	9727
B008OW9SLI	9728
B008OZJRHU	9729
B008PIN24U	9730
B008POZKBM	9731
B008POZKJO	9732
B008PPV3YE	9733
B008PQ4JPI	9734
B008PUQJ3E	9735
B008PURHW6	9736
B008QOFOQW	9737
B008QPBTME	9738
B008R3RPDW	9739
B008R4XGUM	9740
B008R7BVTM	9741
B008R9JTOY	9742
B008RBEH9Y	9743
B008RBH156	9744
B008RBIH7W	9745
B008RLFBQ2	9746
B008RNZNJA	9747
B008RNZP5M	9748
B008RNZQZQ	9749
B008RNZSHC	9750
B008RO02JA	9751
B008RO0434	9752
B008RO04WK	9753
B008RT6FX2	9754
B008RT6G7C	9755
B008RU8GC4	9756
B008RU8GCO	9757
B008RU8GFG	9758
B008RWOQ6C	9759
B008RWVE76	9760
B008RWVE8A	9761
B008RZANIY	9762
B008S1KIQ4	9763
B008S47E40	9764
B008S8IKWQ	9765
B008S8YSW2	9766
B008S9QAAO	9767
B008S9QACW	9768
B008SD5ZDS	9769
B008SJF6FO	9770
B008SP3H0O	9771
B008TBYUUI	9772
B008TCH6XK	9773
B008TN6B7Q	9774
B008TU7LNW	9775
B008TVGL00	9776
B008U54QW0	9777
B008UFL3FI	9778
B008UGD3HS	9779
B008ULAMSG	9780
B008UPESK0	9781
B008UY3MA8	9782
B008V2B5AS	9783
B008V9K0MK	9784
B008VD9BQM	9785
B008VDM47K	9786
B008VGN1XI	9787
B008VIK4IG	9788
B008VTLRC2	9789
B008VTLRH2	9790
B008VTLRYA	9791
B008VUHPG8	9792
B008VVJ614	9793
B008VVJ6RS	9794
B008W1BPWQ	9795
B008W1BQMU	9796
B008W1BUDU	9797
B008W9IGP2	9798
B008WCDZ3C	9799
B008WTWBAI	9800
B008WTY8RM	9801
B008WUKIHU	9802
B008X6VFAW	9803
B008X6W9HA	9804
B008X8W3HY	9805
B008XL3R58	9806
B008XP6RRE	9807
B008XTVTGO	9808
B008XTWJ4K	9809
B008Y2UKF6	9810
B008YATHQG	9811
B008YD3QJM	9812
B008YD3V8S	9813
B008YKBDJK	9814
B008YPL8R2	9815
B008YT490Q	9816
B008YT4924	9817
B008YTQUYY	9818
B008YTQV0C	9819
B008Z14DJA	9820
B008ZUGOAW	9821
B00906PKQ4	9822
B0090BZBSQ	9823
B0090FV7EY	9824
B0090FV7QW	9825
B0090GWSWS	9826
B0090GWT1I	9827
B0090GWU08	9828
B0090GWU7Q	9829
B0090GWVAC	9830
B0090GWVI4	9831
B0090H0RK2	9832
B0090H0RKW	9833
B0090H0RRU	9834
B0090HDMP4	9835
B0090HDMW2	9836
B0090HDOP2	9837
B0090HR2L4	9838
B0090I53LY	9839
B0090RM2WS	9840
B0090TDJUA	9841
B0091390IA	9842
B00913UPEI	9843
B00913V6BY	9844
B009183PUE	9845
B0091JQ6N6	9846
B0091KL9SW	9847
B0091M0XHS	9848
B0091P8K70	9849
B0091P8LCY	9850
B0091STZPS	9851
B0091SUJD0	9852
B0091SVHTU	9853
B0091SWDFC	9854
B0091UOB78	9855
B00920SDLM	9856
B0092BWWG8	9857
B0092GHPSI	9858
B0092ZAYLO	9859
B00934IV9G	9860
B00936K09S	9861
B009398YIO	9862
B0093HPI9E	9863
B0093N52IK	9864
B0094582AW	9865
B00946ZOT8	9866
B0094J2DB2	9867
B0094J4NLA	9868
B0094J5G48	9869
B0094PLO2K	9870
B0094PP0P2	9871
B0094PP0SE	9872
B0094Q0TL6	9873
B0094Q0TP2	9874
B0094RGB9Y	9875
B0094RGCOS	9876
B0094THAPQ	9877
B0094U5B0G	9878
B0094WKR4E	9879
B0094YFXD2	9880
B00955MRXO	9881
B0095XOPF4	9882
B0095XQWUA	9883
B0095ZFA5Q	9884
B0095ZFXBM	9885
B0095ZMTE6	9886
B0096D928S	9887
B0096EGFGO	9888
B0096NCVAE	9889
B0096PINJA	9890
B0096QUFIG	9891
B0096SJU3U	9892
B0096T8YBI	9893
B0096T8YD6	9894
B0096T8YH2	9895
B0096TKR04	9896
B0096TU7OA	9897
B0096TVMSK	9898
B00971HQ6Y	9899
B00974C5LM	9900
B0097CRK9Q	9901
B0097GKTO0	9902
B0097R9PEO	9903
B0097RASGI	9904
B0098MEV10	9905
B0098OUQXU	9906
B0098Q0Y9E	9907
B0098REK9S	9908
B0098TFB44	9909
B00997DCLE	9910
B009ACCQ6K	9911
B009ACHXPY	9912
B009ACK5JA	9913
B009ACMLS8	9914
B009ACQ0WQ	9915
B009ACT5X2	9916
B009ACVUDU	9917
B009ACY8SE	9918
B009AD4ZJA	9919
B009AERWEE	9920
B009AEUXQS	9921
B009AFNTCC	9922
B009AGBDU6	9923
B009AW94T2	9924
B009AWICNQ	9925
B009B0YWDG	9926
B009B1H2QE	9927
B009B73M0S	9928
B009B7F6CA	9929
B009B7F6DO	9930
B009B7F6E8	9931
B009B7F6EI	9932
B009B7M4GG	9933
B009BA52L2	9934
B009C02OIU	9935
B009CE6NLU	9936
B009CIJ17E	9937
B009CZW6K6	9938
B009D647ZQ	9939
B009D8CVHK	9940
B009D8ZQ9U	9941
B009D958FG	9942
B009DOYVB8	9943
B009DP6OGC	9944
B009DPJ6U8	9945
B009DQGLFA	9946
B009EUUYYY	9947
B009F00PYC	9948
B009F0HGY4	9949
B009F7L4TA	9950
B009F7OQ54	9951
B009F7OQY0	9952
B009F7OR0S	9953
B009F7OREO	9954
B009F7ORF8	9955
B009F7ORG2	9956
B009F7ORQW	9957
B009F7ORR6	9958
B009F7OS52	9959
B009F7OSKC	9960
B009F7OT38	9961
B009F7OTHY	9962
B009F7OTJM	9963
B009F7OUD2	9964
B009F7OUE6	9965
B009F7OUPK	9966
B009F7OUQY	9967
B009F7OUR8	9968
B009F7OV5E	9969
B009F7OVOK	9970
B009F7OW0S	9971
B009F7OW12	9972
B009F7OWF8	9973
B009F7OWGW	9974
B009F7OWYY	9975
B009F7OXCA	9976
B009F7OXE8	9977
B009F7OXEI	9978
B009F7OXPC	9979
B009F7S3A8	9980
B009FRSH6S	9981
B009FRT0T6	9982
B009FU8RT2	9983
B009H0EFGE	9984
B009HIM6H6	9985
B009I5X1FY	9986
B009I8AOX8	9987
B009JAY21A	9988
B009JBCF5Y	9989
B009JGR4JQ	9990
B009JYYXSI	9991
B009JYYXV0	9992
B009K4E4ZE	9993
B009K4E59O	9994
B009K4E5LM	9995
B009K4E6KW	9996
B009K54T5S	9997
B009K7JZKU	9998
B009KA0X30	9999
B009KBFXWK	10000
B009L8159C	10001
B009L9QZUA	10002
B009LY72LQ	10003
B009M2RUWI	10004
B009M2RUX2	10005
B009M2T7K6	10006
B009M6G1YC	10007
B009MDU3CG	10008
B009NFCZVU	10009
B009NFFY90	10010
B009NFFYJK	10011
B009NFFYWM	10012
B009NFFZH6	10013
B009NFFZTO	10014
B009NFG39K	10015
B009NHVMZ8	10016
B009NHVN16	10017
B009NHVN6G	10018
B009NIMG1Q	10019
B009NIRREM	10020
B009NUTBSK	10021
B009OLANMG	10022
B009P4I5FO	10023
B009PAXP4O	10024
B009PLLF9K	10025
B009PLLFAE	10026
B009PLLG9O	10027
B009PMV8IC	10028
B009PP7IYM	10029
B009Q02D5K	10030
B009Q3J99A	10031
B009Q3JBCK	10032
B009Q3JECW	10033
B009Q3YW1A	10034
B009QRD6GS	10035
B009QUGMOS	10036
B009QZ30EI	10037
B009QZ30FM	10038
B009R4UNBQ	10039
B009R5SE2A	10040
B009R65QIO	10041
B009RHOARG	10042
B009RROA26	10043
B009RTGBIA	10044
B009RWMCY4	10045
B009SAAV0C	10046
B009SE5DRO	10047
B009SEOV40	10048
B009SH8PQ2	10049
B009SH8RRO	10050
B009SKDQ36	10051
B009SL3V7Q	10052
B009T1O7VY	10053
B009T45X78	10054
B009T45X82	10055
B009T45XDW	10056
B009T45XN2	10057
B009T45XNM	10058
B009T45XVE	10059
B009T45XY6	10060
B009T88RJK	10061
B009TBEF8Y	10062
B009TCTENE	10063
B009TCYJP2	10064
B009TCYJT8	10065
B009TCYK2E	10066
B009TCYK74	10067
B009TMYBZU	10068
B009TN0EFK	10069
B009TN0EGE	10070
B009TN9OW4	10071
B009TNOF9G	10072
B009TQA8NK	10073
B009TQA8O4	10074
B009TQA8OY	10075
B009UCEGCM	10076
B009USOCR0	10077
B009VE38CI	10078
B009VE38D2	10079
B009VKM5BC	10080
B009VR1IV8	10081
B009VSNN74	10082
B009WC1RQS	10083
B009WICGWQ	10084
B009WLPEJA	10085
B009WVWTEI	10086
B009X9GM10	10087
B009X9GM7E	10088
B009XB9AOO	10089
B009XBA390	10090
B009XIHP9O	10091
B009XNAW8U	10092
B009Y5SD42	10093
B009Y943F6	10094
B009Y94H1G	10095
B009Y95BB6	10096
B009Y96PDO	10097
B009Y983Q6	10098
B009YZRJ0G	10099
B009YZXM9I	10100
B009Z1K5TG	10101
B009Z1K67W	10102
B009Z7E8HK	10103
B009Z7E8I4	10104
B009ZCT8R0	10105
B009ZH229Q	10106
B009ZNJZV8	10107
B009ZOQVE6	10108
B009ZTUFP2	10109
B009ZTUG2Y	10110
B009ZXLU0C	10111
B00A0E16IQ	10112
B00A0GNOVQ	10113
B00A0TLM94	10114
B00A1419ZA	10115
B00A152LXI	10116
B00A15IT7K	10117
B00A1ATPOG	10118
B00A1T6R8Y	10119
B00A1T6RD4	10120
B00A29T6F4	10121
B00A29U2TS	10122
B00A2HD40E	10123
B00A2N867E	10124
B00A39GJ7G	10125
B00A39GJ9O	10126
B00A3VZF5Q	10127
B00A4KHEK0	10128
B00A4U2NIS	10129
B00A671NOE	10130
B00A671P3I	10131
B00A671QP0	10132
B00A6SMN8I	10133
B00A6SOCEQ	10134
B00A6SOEN0	10135
B00A6SP0QU	10136
B00A6SPZ7Y	10137
B00A6SQHCQ	10138
B00A6TDFGQ	10139
B00A6TEG0U	10140
B00A73O9RU	10141
B00A7MSE0Y	10142
B00A7MSHHO	10143
B00A7QEIAK	10144
B00A7QEIBO	10145
B00A7QKI9U	10146
B00A83PY3C	10147
B00A850R3W	10148
B00A850RIW	10149
B00A850RMS	10150
B00A850RVO	10151
B00A850S5E	10152
B00A850SFO	10153
B00A850SGS	10154
B00A850SMM	10155
B00A850UVG	10156
B00A850UZC	10157
B00A850V92	10158
B00A850VEM	10159
B00A850VX8	10160
B00A850W28	10161
B00A852M0I	10162
B00A852MD0	10163
B00A852MNK	10164
B00A852N2U	10165
B00A852P82	10166
B00A852PL4	10167
B00A852PQ4	10168
B00A852PZK	10169
B00A852QE0	10170
B00A852QIG	10171
B00A852QN6	10172
B00A852QVI	10173
B00A86AIAI	10174
B00A88B16Q	10175
B00A88DQWI	10176
B00A88DROU	10177
B00A88DRYU	10178
B00A88DS94	10179
B00A88DSJY	10180
B00A88DSLW	10181
B00A88E8MK	10182
B00A88E8NE	10183
B00A88EIFM	10184
B00A88EIHA	10185
B00A88EP6Y	10186
B00A88EP9Q	10187
B00A88EPCI	10188
B00A88EPKU	10189
B00A88EPQE	10190
B00A88ETP6	10191
B00A88EV5Y	10192
B00A88F3UQ	10193
B00A88F4AA	10194
B00A88F4D2	10195
B00A88F4TG	10196
B00A88FKAO	10197
B00A88FLI0	10198
B00A88FNOW	10199
B00A88FNQA	10200
B00A88G6EI	10201
B00A88G6ES	10202
B00A88G6M0	10203
B00A88G6V6	10204
B00A8D3LTG	10205
B00A8DJ06O	10206
B00A8E5FA8	10207
B00A8E5GGG	10208
B00A8E5GI4	10209
B00A8HOVJG	10210
B00A8HOVKA	10211
B00A8HOVLE	10212
B00A8HOX1C	10213
B00A8HOX3K	10214
B00A8HOX4E	10215
B00A8HOX4Y	10216
B00A8HOYMU	10217
B00A8HOYOI	10218
B00A8HOYPM	10219
B00A8HOYQQ	10220
B00A8NFLWQ	10221
B00A8NL2M4	10222
B00A8NOCZS	10223
B00A8NXC40	10224
B00A8O86H2	10225
B00A8O86VI	10226
B00A8UK5NY	10227
B00A8UT558	10228
B00A8UT55I	10229
B00A8UT562	10230
B00A8UT56W	10231
B00A8UT58K	10232
B00A8UT5TY	10233
B00A8VJBOC	10234
B00A8VJC7S	10235
B00A8VJC8M	10236
B00A8VJCQE	10237
B00A92GJIQ	10238
B00A92GJJA	10239
B00A92GKI0	10240
B00A92GKJE	10241
B00A92GKJY	10242
B00A92GLD4	10243
B00A92GMEC	10244
B00A92K0IG	10245
B00A92K0JA	10246
B00A92K0KY	10247
B00A9JNR8E	10248
B00A9K5JXO	10249
B00A9M26MO	10250
B00A9SQSYU	10251
B00AA0Z6LI	10252
B00AA7V1N8	10253
B00AA9WCUW	10254
B00AA9WCV6	10255
B00AAAT7ZY	10256
B00AAHSKE6	10257
B00AAOJ142	10258
B00AAPHZVW	10259
B00AASUNMC	10260
B00AAVDTBQ	10261
B00AB43L5G	10262
B00ABA0ZNG	10263
B00ABA0ZOA	10264
B00ABD6XIE	10265
B00ABDCVAI	10266
B00ABDZUOW	10267
B00ABDZUPG	10268
B00ABEP654	10269
B00ABF70FM	10270
B00ABSJNGI	10271
B00ABVYGEE	10272
B00ABY7VIE	10273
B00ABY8340	10274
B00ABY8368	10275
B00ABY8372	10276
B00ABY8MNC	10277
B00ABY8WNW	10278
B00ABY8WVO	10279
B00AC5CZTM	10280
B00ACA39NS	10281
B00AD4F5OO	10282
B00ADB7BY4	10283
B00ADKNOJ6	10284
B00ADNLT8G	10285
B00ADOFB16	10286
B00ADVKRRM	10287
B00AE0FYP2	10288
B00AE3WUWY	10289
B00AE5R2NO	10290
B00AE8FGWU	10291
B00AE9RJ6A	10292
B00AEB1R66	10293
B00AEVIG9C	10294
B00AF12K48	10295
B00AF34T4A	10296
B00AF3CJOM	10297
B00AF7PR0Q	10298
B00AF81YYS	10299
B00AFK1ITW	10300
B00AFP3ALQ	10301
B00AFP5UPU	10302
B00AFP6NII	10303
B00AFP86KG	10304
B00AFU6310	10305
B00AFU6GHQ	10306
B00AFYA63C	10307
B00AG2ODIC	10308
B00AG8QY42	10309
B00AGJ4HC2	10310
B00AHAJ8TC	10311
B00AHAJAU4	10312
B00AHAJAV8	10313
B00AHAJBQM	10314
B00AHAJG94	10315
B00AHAJGXK	10316
B00AHAJGXU	10317
B00AHKIPSC	10318
B00AHKMQKK	10319
B00AHVIY46	10320
B00AHVS4X2	10321
B00AI11QPO	10322
B00AITWQUA	10323
B00AITWQXC	10324
B00AITWQXW	10325
B00AITWSZ8	10326
B00AITWTG6	10327
B00AJCNB8M	10328
B00AJCNC90	10329
B00AJCNC9K	10330
B00AJCNIOO	10331
B00AJCNLBY	10332
B00AJCNN8K	10333
B00AJCNO7A	10334
B00AJCNP24	10335
B00AJCNQXC	10336
B00AJE1CY0	10337
B00AKDJUQ2	10338
B00AKU9B1E	10339
B00AKUAI02	10340
B00ALTVLR6	10341
B00AMCTIHM	10342
B00AMEINDA	10343
B00AMI5FN2	10344
B00AMI5FPU	10345
B00AMOK7XY	10346
B00ANKD7V6	10347
B00ANLNU30	10348
B00ANLNU44	10349
B00ANLNU4Y	10350
B00ANY9UMW	10351
B00AO0BQAY	10352
B00AOG41SW	10353
B00AOG4236	10354
B00AOHDBRI	10355
B00AOHDC4A	10356
B00AOHDC5Y	10357
B00AOHDC6I	10358
B00AOVXOQW	10359
B00APPE4HK	10360
B00APPGW1G	10361
B00APT9RD2	10362
B00AQ7UPYI	10363
B00AQ7UPZC	10364
B00AQOVWSY	10365
B00AQURIPY	10366
B00ARH9DPY	10367
B00ARH9DSG	10368
B00ARH9DXG	10369
B00ARPETGE	10370
B00ARQW0LY	10371
B00ARQW0M8	10372
B00ARQW0N2	10373
B00ARQW0NM	10374
B00ARQW0X2	10375
B00ARQW0YG	10376
B00ARQW0Z0	10377
B00ARQW1C2	10378
B00ARQW1DQ	10379
B00ARQW1E0	10380
B00ARQW1MM	10381
B00ARQW1O0	10382
B00ARSDSZY	10383
B00ARSDZIE	10384
B00ARV3B6C	10385
B00ARV3CKM	10386
B00ARWCFFO	10387
B00ASKV6V4	10388
B00ASKV7FE	10389
B00ASXSOZ2	10390
B00ASXSP06	10391
B00ASXSP10	10392
B00ATA2SUQ	10393
B00ATA2T9Q	10394
B00ATA2TB4	10395
B00ATW1JAE	10396
B00ATW9TYW	10397
B00ATWSQQ4	10398
B00ATWSQR8	10399
B00ATWSRDG	10400
B00ATWSRG8	10401
B00ATWUBIU	10402
B00ATWUBJ4	10403
B00ATWUBKS	10404
B00ATWUDGU	10405
B00ATWUE1O	10406
B00ATWUE2S	10407
B00ATX7I9Y	10408
B00ATX7IBM	10409
B00ATX7IDA	10410
B00ATX7JP2	10411
B00ATX7JPM	10412
B00ATX7JS4	10413
B00ATX7JSO	10414
B00ATZ11MC	10415
B00AU6T0XM	10416
B00AUKGCAC	10417
B00AW6XYKK	10418
B00AW6XYLE	10419
B00AW6YB9S	10420
B00AW6YBAM	10421
B00AW6YBBQ	10422
B00AW8W4XQ	10423
B00AWBLS80	10424
B00AWGTNGO	10425
B00AWNJMVI	10426
B00AWNUHA8	10427
B00AWNUHB2	10428
B00AWP7Q5A	10429
B00AWP7Q5U	10430
B00AWP7Q7I	10431
B00AWSCR9C	10432
B00AWTAL3U	10433
B00AWVNRUC	10434
B00AWZB6PQ	10435
B00AXE639A	10436
B00AXI9WNU	10437
B00AXPYSF0	10438
B00AYARHN4	10439
B00AYDA5MG	10440
B00AYDGTMQ	10441
B00AYDLM6Y	10442
B00AYHJKJQ	10443
B00AYP68OI	10444
B00AYP6I1G	10445
B00AYYJNPU	10446
B00AZ9FZZ6	10447
B00AZEALUK	10448
B00AZKV9BY	10449
B00AZL3TLQ	10450
B00AZP3ZGG	10451
B00AZQ2SYU	10452
B00AZR0IPA	10453
B00AZZ0F4Q	10454
B00AZZ0FSW	10455
B00AZZAEEM	10456
B00AZZFT4M	10457
B00AZZFT6A	10458
B00AZZPYEC	10459
B00B003XUS	10460
B00B03VW58	10461
B00B06UCUG	10462
B00B0DW9KU	10463
B00B0DW9N2	10464
B00B0DWB62	10465
B00B0DWCQG	10466
B00B0EKWC6	10467
B00B0FT1CW	10468
B00B0FTXN4	10469
B00B0FV4FE	10470
B00B0IH5WW	10471
B00B0IILHA	10472
B00B0LP0WG	10473
B00B0P8JXY	10474
B00B0Z5JWS	10475
B00B0ZRHLE	10476
B00B100AT4	10477
B00B16DAKY	10478
B00B16U50C	10479
B00B1AQCO6	10480
B00B1BOKF8	10481
B00B1BPR5A	10482
B00B1CAGVY	10483
B00B1D7ANK	10484
B00B1D7CRE	10485
B00B1DC2FQ	10486
B00B1JD7FY	10487
B00B1JLA76	10488
B00B1JP0FE	10489
B00B1L71OK	10490
B00B1MMYPU	10491
B00B1MP30S	10492
B00B1RG0ZA	10493
B00B1RG2OO	10494
B00B1RG2S0	10495
B00B1Z6AQ6	10496
B00B1Z6DRM	10497
B00B1Z6EI0	10498
B00B1Z6EPS	10499
B00B1Z6EXU	10500
B00B1Z6F52	10501
B00B1Z6FCU	10502
B00B1Z6FKW	10503
B00B1Z6FW0	10504
B00B1Z6G1U	10505
B00B27S0PC	10506
B00B28GVLG	10507
B00B28IQ50	10508
B00B29K89Q	10509
B00B2AXDVA	10510
B00B2AY0Q2	10511
B00B2AYLYS	10512
B00B2AZDIG	10513
B00B2B051A	10514
B00B2B0I62	10515
B00B2D5RB6	10516
B00B2FNH8O	10517
B00B2FNH9S	10518
B00B2FO6IE	10519
B00B2HGOEQ	10520
B00B2HH10M	10521
B00B2HH5TY	10522
B00B2LZETI	10523
B00B2SYYIS	10524
B00B3Q6JGE	10525
B00B3U7SMO	10526
B00B3YM0WS	10527
B00B3YT030	10528
B00B4ECHJI	10529
B00B4EJO1C	10530
B00B4F8ZE8	10531
B00B4JWXX8	10532
B00B4WJHXE	10533
B00B5OK1AY	10534
B00B5OL28Y	10535
B00B5OOSL2	10536
B00B5S33QE	10537
B00B5S33SM	10538
B00B5S353K	10539
B00B60I9DI	10540
B00B6BR55U	10541
B00B6WVLRM	10542
B00B7F9IDM	10543
B00B7FKCZ0	10544
B00B7QDQSE	10545
B00B7QGRA8	10546
B00B7QKEWU	10547
B00B7XWF7K	10548
B00B7YJ7NE	10549
B00B7YPJKY	10550
B00B89LZ4C	10551
B00B89R1RM	10552
B00B8DOJLO	10553
B00B8PNOM2	10554
B00B8TTX6O	10555
B00B8XRX1W	10556
B00B8ZRAHC	10557
B00B909ZNS	10558
B00B98HG18	10559
B00B99ET4Y	10560
B00B99ET58	10561
B00B9FV05Y	10562
B00B9HHAGK	10563
B00B9L8RY0	10564
B00B9LGJ40	10565
B00B9U8TP8	10566
B00B9U8VFG	10567
B00B9U8X5Y	10568
B00BBKXBOK	10569
B00BBLCYH4	10570
B00BBLI5CC	10571
B00BBLIZAE	10572
B00BBQGXTE	10573
B00BBQGYT8	10574
B00BBSG996	10575
B00BBVYYXG	10576
B00BC1UBDW	10577
B00BC2BEKU	10578
B00BCDQLAC	10579
B00BCJLWZU	10580
B00BCXU3PQ	10581
B00BD05PEW	10582
B00BD9962U	10583
B00BD9AIUE	10584
B00BD9BXBM	10585
B00BDMN3VC	10586
B00BDMN8JY	10587
B00BDMNBMI	10588
B00BDMNCJK	10589
B00BE04NU8	10590
B00BECOBQC	10591
B00BECOBS0	10592
B00BECOCL6	10593
B00BF657XI	10594
B00BF657YM	10595
B00BFREGZ2	10596
B00BFRNQL2	10597
B00BFRNQLW	10598
B00BFRNQOY	10599
B00BFXN382	10600
B00BG02FVA	10601
B00BG4P2AW	10602
B00BG4P5N6	10603
B00BG5FXU0	10604
B00BG5FXUU	10605
B00BG8F0H8	10606
B00BG8F0IW	10607
B00BG9E140	10608
B00BGA9YZK	10609
B00BGAA3S2	10610
B00BGERDGS	10611
B00BGGFY2Q	10612
B00BGT5KXQ	10613
B00BGT5MPW	10614
B00BGT5TX2	10615
B00BGT5TXM	10616
B00BGT5VYO	10617
B00BGT5VYY	10618
B00BGT5VZI	10619
B00BGYP0IG	10620
B00BGYR0LG	10621
B00BH0G0TC	10622
B00BH0G9NE	10623
B00BH0GBE6	10624
B00BH0GDR6	10625
B00BH0N7K2	10626
B00BH0NV5S	10627
B00BH0SDEW	10628
B00BHMGS0Q	10629
B00BHYVWOG	10630
B00BIAC2RU	10631
B00BIDJP2W	10632
B00BJ0RHO2	10633
B00BJ7K2SI	10634
B00BJ8CSM0	10635
B00BJ90LC8	10636
B00BJEYLOC	10637
B00BJM1U34	10638
B00BJM234O	10639
B00BJM2MF4	10640
B00BJMLC2I	10641
B00BJPEYUM	10642
B00BJRSV4A	10643
B00BJSWATQ	10644
B00BJT0PCY	10645
B00BJT861Q	10646
B00BJTJM50	10647
B00BK3FA8I	10648
B00BK5MXQ8	10649
B00BK8VQ04	10650
B00BKO8566	10651
B00BM2DQYW	10652
B00BM2V504	10653
B00BM2V522	10654
B00BM2V52W	10655
B00BM60B28	10656
B00BM60B4Q	10657
B00BMBJE76	10658
B00BMD7RK0	10659
B00BMD7TFI	10660
B00BMMO1AU	10661
B00BMQEY30	10662
B00BMR5Z5A	10663
B00BN4PAKW	10664
B00BN4PAL6	10665
B00BN4PALQ	10666
B00BN4QVF0	10667
B00BN4QXP8	10668
B00BN5Z8SK	10669
B00BN6QAVI	10670
B00BN6QAWM	10671
B00BN6QAXQ	10672
B00BN7XKJM	10673
B00BNO8QOE	10674
B00BNPZYKW	10675
B00BNQEVXM	10676
B00BNWI4WA	10677
B00BOABIK6	10678
B00BOUITEE	10679
B00BOUS2RS	10680
B00BOZ4C36	10681
B00BOZAD3O	10682
B00BOZBK04	10683
B00BP48U6Q	10684
B00BPBPXSW	10685
B00BPDY38Q	10686
B00BPIDPVC	10687
B00BPJSIFO	10688
B00BPJSIJ0	10689
B00BPRLGSW	10690
B00BQ68RX4	10691
B00BQ68RYS	10692
B00BQD7LU2	10693
B00BQE64XG	10694
B00BQF1IP4	10695
B00BQIVO2S	10696
B00BQYQY8Q	10697
B00BQYQYFY	10698
B00BQYQYHC	10699
B00BQYQYKY	10700
B00BQYQYMW	10701
B00BQYQZOO	10702
B00BQYQZSK	10703
B00BQYQZZS	10704
B00BQYR01G	10705
B00BQYR0J8	10706
B00BQYR0KC	10707
B00BQYR0KW	10708
B00BQYR0MA	10709
B00BQYR0N4	10710
B00BQYR0NE	10711
B00BQYR0P2	10712
B00BQYR0PC	10713
B00BQYR0SO	10714
B00BQYR110	10715
B00BQYR11A	10716
B00BR3A8BK	10717
B00BR3EMSA	10718
B00BRCMQE8	10719
B00BRCMQF2	10720
B00BRCMYLI	10721
B00BRCMYPO	10722
B00BRCN99E	10723
B00BRCN9TO	10724
B00BRCNAE8	10725
B00BRCND4U	10726
B00BRI99SS	10727
B00BS3Z5B2	10728
B00BSN0K1C	10729
B00BSN0K3U	10730
B00BSN0K4E	10731
B00BSN0L2U	10732
B00BSN0L48	10733
B00BSWRCMS	10734
B00BSWRJBM	10735
B00BSWRV9C	10736
B00BSWRWR8	10737
B00BSWRZ1G	10738
B00BSWS25Y	10739
B00BSWS4VG	10740
B00BSWS650	10741
B00BSWS8LM	10742
B00BSWSAXS	10743
B00BSWSB3C	10744
B00BSWSDNA	10745
B00BSWSERU	10746
B00BSWSFEC	10747
B00BT2BFGG	10748
B00BT92SB0	10749
B00BTGQUNK	10750
B00BTH2G3W	10751
B00BTOLUDW	10752
B00BTQX1D2	10753
B00BTTBC0S	10754
B00BU0AYG4	10755
B00BU0AYHS	10756
B00BU3YI1S	10757
B00BU3ZLJQ	10758
B00BU9C22E	10759
B00BUDJRD2	10760
B00BUM29XS	10761
B00BUO0AEQ	10762
B00BUQ6XBS	10763
B00BV1OSZA	10764
B00BV1P8MM	10765
B00BV1P8NG	10766
B00BV2V8A2	10767
B00BVED8KI	10768
B00BWITJM4	10769
B00BWXPGHG	10770
B00BWXPHWU	10771
B00BWXPUAY	10772
B00BWYFTNG	10773
B00BWZRV2M	10774
B00BWZUXF4	10775
B00BWZXDTC	10776
B00BX03CVA	10777
B00BX07OF0	10778
B00BX8J32O	10779
B00BXJQ9QQ	10780
B00BY2ER66	10781
B00BY2ERIE	10782
B00BY7YIPG	10783
B00BY7YJ1O	10784
B00BY8095I	10785
B00BYD5JLW	10786
B00BYD5JMG	10787
B00BYD5JOE	10788
B00BYD5LVA	10789
B00BYPG57W	10790
B00BZ8KN94	10791
B00BZ8KNDK	10792
B00BZQDM7Q	10793
B00C04H2VO	10794
B00C0LQTDY	10795
B00C0QS2PM	10796
B00C0QS2Y8	10797
B00C0QS2YI	10798
B00C0QS32Y	10799
B00C0QS6E4	10800
B00C0ULS3G	10801
B00C16YWXC	10802
B00C16YWYQ	10803
B00C16YYVC	10804
B00C16YYW6	10805
B00C16YZ2U	10806
B00C16YZ4S	10807
B00C18BWYW	10808
B00C18BWZQ	10809
B00C18BXNC	10810
B00C1C2RV0	10811
B00C1C2RVK	10812
B00C1LU0VK	10813
B00C1ZX8G0	10814
B00C2P6VWW	10815
B00C2P6XCU	10816
B00C2P72FM	10817
B00C2P72IE	10818
B00C2P73QK	10819
B00C2P73SS	10820
B00C2P73TC	10821
B00C2P74XM	10822
B00C2P770W	10823
B00C2SJ7WU	10824
B00C2SJA3Q	10825
B00C2SJA68	10826
B00C2SL71O	10827
B00C3VVN0U	10828
B00C3WXKPA	10829
B00C3WXKPU	10830
B00C3WXKQO	10831
B00C3XHSCA	10832
B00C44P19U	10833
B00C4QVG7E	10834
B00C4VFOSQ	10835
B00C4VFXF0	10836
B00C4VTA3G	10837
B00C4XE6CY	10838
B00C4Y4434	10839
B00C57RXB0	10840
B00C58IACU	10841
B00C58IAFC	10842
B00C58ICA0	10843
B00C58ICAA	10844
B00C58ICBO	10845
B00C58ZQFO	10846
B00C58ZQGS	10847
B00C58ZQJA	10848
B00C58ZRPS	10849
B00C58ZRRG	10850
B00C58ZRSK	10851
B00C58ZRWQ	10852
B00C58ZT3S	10853
B00C58ZT4M	10854
B00C598PMO	10855
B00C598PO2	10856
B00C5I130Q	10857
B00C5IN4T4	10858
B00C5XBAMW	10859
B00C5XBAN6	10860
B00C5XBANG	10861
B00C5XBAOA	10862
B00C5XBAOK	10863
B00C67VJN2	10864
B00C69LOL2	10865
B00C6BWA8Q	10866
B00C6E0NE6	10867
B00C6NTFYG	10868
B00C6PRF2S	10869
B00C6PRJ0G	10870
B00C6PRL18	10871
B00C6PRQPO	10872
B00C6PRY24	10873
B00C6PSBE4	10874
B00C6PSJOG	10875
B00C6PSQAS	10876
B00C6PSSLU	10877
B00C6PSYK0	10878
B00C6PT13Y	10879
B00C6PT4PY	10880
B00C6PU548	10881
B00C6PUQF6	10882
B00C6PUTDK	10883
B00C6PV4QQ	10884
B00C6PVN6C	10885
B00C6PVSBM	10886
B00C6PVVNM	10887
B00C6PVXTY	10888
B00C6PWHB2	10889
B00C6PWR6M	10890
B00C6PWX02	10891
B00C6PWXDY	10892
B00C6PXLMQ	10893
B00C6PXVEY	10894
B00C6PY8D2	10895
B00C6PYGJ8	10896
B00C6PYQAM	10897
B00C6Q1UJQ	10898
B00C6Q1Y2O	10899
B00C6Q1Z6E	10900
B00C6Q27P2	10901
B00C6Q2TRI	10902
B00C6Q2YR8	10903
B00C6Q3UNK	10904
B00C6Q3W6K	10905
B00C6Q4FTS	10906
B00C6Q4HEQ	10907
B00C6Q511Y	10908
B00C6Q5S44	10909
B00C6Q62P8	10910
B00C6Q6OAG	10911
B00C6Q7MJI	10912
B00C6Q8EA4	10913
B00C6Q8PFI	10914
B00C6Q9688	10915
B00C6Q9Y2G	10916
B00C6QAEKW	10917
B00C6VPC22	10918
B00C74HOME	10919
B00C74HRB2	10920
B00C74HRSA	10921
B00C74HT10	10922
B00C74HWSU	10923
B00C74HWVC	10924
B00C74HWWQ	10925
B00C74HY88	10926
B00C74HY8I	10927
B00C74I4HS	10928
B00C74I9P0	10929
B00C74I9V4	10930
B00C7HKS2O	10931
B00C7HKS38	10932
B00C7VQ48M	10933
B00C7VQ496	10934
B00C8086TC	10935
B00C81LYH2	10936
B00C8526RU	10937
B00C8526S4	10938
B00C8526SY	10939
B00C8WJ5TU	10940
B00C9E5MGW	10941
B00C9NPKF6	10942
B00C9T4KM4	10943
B00C9X58GM	10944
B00C9X58H6	10945
B00C9X58IU	10946
B00C9X591Q	10947
B00C9X592K	10948
B00C9X595C	10949
B00C9X59RA	10950
B00C9X59RU	10951
B00C9X59S4	10952
B00C9X59UM	10953
B00CAEEDC0	10954
B00CAG5LJ2	10955
B00CAGIUTU	10956
B00CANHS0K	10957
B00CANHVUC	10958
B00CANHVZ2	10959
B00CANHZ4Y	10960
B00CANI9N0	10961
B00CANI9RQ	10962
B00CANI9VM	10963
B00CAVTMHO	10964
B00CB9ACYW	10965
B00CBG7NEW	10966
B00CBG9E1W	10967
B00CBHXUF2	10968
B00CBJZBG6	10969
B00CBK1G64	10970
B00CBKXEMI	10971
B00CBPX98W	10972
B00CBT674G	10973
B00CBT7NIK	10974
B00CBTL3AY	10975
B00CBWPTPG	10976
B00CBWS8LI	10977
B00CBZU3M2	10978
B00CC12670	10979
B00CC1IURK	10980
B00CC6Q5CM	10981
B00CCIKII2	10982
B00CDGA68U	10983
B00CDGA69Y	10984
B00CDGA6A8	10985
B00CDGV5UI	10986
B00CE04GVS	10987
B00CE3JGIS	10988
B00CE3JGJW	10989
B00CE61H64	10990
B00CEFK2N4	10991
B00CEFMP84	10992
B00CEMC30C	10993
B00CEQ15SY	10994
B00CEQ15T8	10995
B00CEQ192Q	10996
B00CEQ1HOQ	10997
B00CEQ1HPK	10998
B00CEQ1HQE	10999
B00CEQ1LYC	11000
B00CEUMARA	11001
B00CEUMJ62	11002
B00CF4G7OW	11003
B00CF6H5TG	11004
B00CF9L71A	11005
B00CFAA6FM	11006
B00CFAA6IY	11007
B00CFELU0I	11008
B00CFELU2G	11009
B00CFELU30	11010
B00CFELU3A	11011
B00CFELUXU	11012
B00CFELUZS	11013
B00CFELV16	11014
B00CFELV48	11015
B00CFELWJ2	11016
B00CFELWPQ	11017
B00CFNSHMS	11018
B00CFOD6OQ	11019
B00CFOD9OS	11020
B00CFWWCAW	11021
B00CFWWD6A	11022
B00CFWWD6U	11023
B00CFWWD7O	11024
B00CFWWDWE	11025
B00CG0CKVE	11026
B00CG0CKXW	11027
B00CG0CL1S	11028
B00CG0CL2M	11029
B00CG0CM3U	11030
B00CG0CMBM	11031
B00CG5WUXM	11032
B00CG5WV2W	11033
B00CG5WVU4	11034
B00CG5WVW2	11035
B00CG5WVWC	11036
B00CG5WX5W	11037
B00CG5WXWK	11038
B00CG5WZL4	11039
B00CG5X1K8	11040
B00CG5X2J8	11041
B00CG6KJBG	11042
B00CH9253W	11043
B00CHFOZMA	11044
B00CHFOZN4	11045
B00CHFP1FK	11046
B00CHFP1HI	11047
B00CHOPCO6	11048
B00CHOPEHG	11049
B00CHP4XN6	11050
B00CHRHVE2	11051
B00CHWZ47S	11052
B00CI6J1XG	11053
B00CI6J1ZO	11054
B00CI6J20S	11055
B00CI6J3HA	11056
B00CI6J3I4	11057
B00CI6J3QG	11058
B00CI6J5JQ	11059
B00CI6J6UY	11060
B00CI6J8KW	11061
B00CI6J8L6	11062
B00CI6J9KG	11063
B00CI6JB7C	11064
B00CI6JDGQ	11065
B00CI6JDIO	11066
B00CI6JDIY	11067
B00CI6JDO8	11068
B00CI6JNXE	11069
B00CI6JPNC	11070
B00CI6JPNM	11071
B00CI6OCC6	11072
B00CI6OCFS	11073
B00CIH1JJ4	11074
B00CIUURJE	11075
B00CIUUSDY	11076
B00CJHZRW8	11077
B00CJO8ZZM	11078
B00CJO8ZZW	11079
B00CJO902E	11080
B00CJO9038	11081
B00CJO90ZG	11082
B00CK9Q66G	11083
B00CKH6AGE	11084
B00CKH9FAC	11085
B00CKH9I1I	11086
B00CKH9IIQ	11087
B00CKH9NS6	11088
B00CKH9NTU	11089
B00CKH9NXQ	11090
B00CKH9OKS	11091
B00CKH9QRE	11092
B00CKH9QTM	11093
B00CKH9QWO	11094
B00CKH9SEK	11095
B00CKH9SQS	11096
B00CKH9UQQ	11097
B00CKH9URK	11098
B00CKH9URU	11099
B00CKH9WOQ	11100
B00CL15P24	11101
B00CLC52NU	11102
B00CLC52OO	11103
B00CLC52R6	11104
B00CM4VC7M	11105
B00CM5D86Y	11106
B00CM5D8QE	11107
B00CM5DA62	11108
B00CM75VXA	11109
B00CM7EXJ8	11110
B00CM97CEY	11111
B00CMATSCC	11112
B00CMC6HZ6	11113
B00CMC8IDU	11114
B00CMHWSKY	11115
B00CMHWSMC	11116
B00CMHWSMW	11117
B00CMHWSN6	11118
B00CMHWTRG	11119
B00CMHWTRQ	11120
B00CMHWTT4	11121
B00CMJLH0E	11122
B00CMJLHQ8	11123
B00CMNX2IA	11124
B00CMNX2J4	11125
B00CMNX3OS	11126
B00CMNX3RK	11127
B00CMNX3YS	11128
B00CMNX5VE	11129
B00CMNX7U8	11130
B00CMNX7VM	11131
B00CMNX7VW	11132
B00CMNX7W6	11133
B00CMNX8WA	11134
B00CMNX8ZW	11135
B00CMNX906	11136
B00CMNX9YC	11137
B00CMNX9YW	11138
B00CMNX9Z6	11139
B00CMNXAY6	11140
B00CMNXAZK	11141
B00CMQTVUA	11142
B00CN3RG5Y	11143
B00CN3U8TA	11144
B00CN44444	11145
B00CN5Y0GK	11146
B00CN5Y0HY	11147
B00CN5Y0JM	11148
B00CN5Y0K6	11149
B00CN8AG9C	11150
B00CN8AGA6	11151
B00CN8AGCO	11152
B00CN8AGE2	11153
B00CN8AHVY	11154
B00CN8AI2M	11155
B00CNBGUHG	11156
B00CNBGUHQ	11157
B00CNBGUI0	11158
B00CNBGUJ4	11159
B00CNBGUJE	11160
B00CNBJKN2	11161
B00CNBJKNW	11162
B00CNBS44I	11163
B00CNBS5WE	11164
B00CNBS5XI	11165
B00CNC3R62	11166
B00CND7Y2E	11167
B00CNNPOHQ	11168
B00CNNPPV6	11169
B00CO5AQ12	11170
B00CO8WP36	11171
B00COA3BT6	11172
B00COAACEI	11173
B00COEIFM0	11174
B00COLHN08	11175
B00COYPGUY	11176
B00CP4J4PG	11177
B00CP4J4RY	11178
B00CP4J4U6	11179
B00CP4J7OY	11180
B00CP5NSGG	11181
B00CPACBQO	11182
B00CPHGFO6	11183
B00CPHX6WA	11184
B00CPHX6YI	11185
B00CPHX75G	11186
B00CPHX9JK	11187
B00CPIYY0W	11188
B00CPNKPG4	11189
B00CPNLECI	11190
B00CPNLXRE	11191
B00CPUNF2S	11192
B00CQ35FX6	11193
B00CQ9T38I	11194
B00CQDGWQU	11195
B00CQDGYKO	11196
B00CQHYWKE	11197
B00CQHYZNS	11198
B00CQHZ2LW	11199
B00CQHZ32U	11200
B00CQKCOC4	11201
B00CR60HLM	11202
B00CRA1PGY	11203
B00CRMM4Y4	11204
B00CRMTEN8	11205
B00CRR6UPI	11206
B00CRSO1VM	11207
B00CRZXS82	11208
B00CRZXSGE	11209
B00CRZXSH8	11210
B00CRZXUZI	11211
B00CRZXV16	11212
B00CRZXV2A	11213
B00CRZXX1Y	11214
B00CS0F0IM	11215
B00CS0F0KA	11216
B00CS0F0L4	11217
B00CS0F21M	11218
B00CS16EKO	11219
B00CS16KSU	11220
B00CS1WD9A	11221
B00CS3TB48	11222
B00CS54ZGU	11223
B00CS825XM	11224
B00CSGYLQI	11225
B00CTJOCJK	11226
B00CTJOCKY	11227
B00CTJOGOG	11228
B00CTJOL32	11229
B00CTJOL3W	11230
B00CTUEPV4	11231
B00CTUEQ68	11232
B00CTUEQWM	11233
B00CTUER1M	11234
B00CTUFWA2	11235
B00CTUGP6W	11236
B00CU26O5G	11237
B00CU65FOI	11238
B00CU6Z03O	11239
B00CU7Q1SQ	11240
B00CUB6OPW	11241
B00CUB6OW0	11242
B00CUB6UCE	11243
B00CUDE2EK	11244
B00CUDE2G8	11245
B00CUDE2LS	11246
B00CUK2OE8	11247
B00CUK5TZ4	11248
B00CV5PN18	11249
B00CV5PN1I	11250
B00CV5PN2W	11251
B00CW3E9NM	11252
B00CW5M6EE	11253
B00CW9FE30	11254
B00CWER3Z2	11255
B00CWR5ZR2	11256
B00CWXWFBK	11257
B00CX3AHOQ	11258
B00CX5X96M	11259
B00CX5XB3S	11260
B00CX5XCPU	11261
B00CX5XCSC	11262
B00CX5XCUK	11263
B00CX5XCW8	11264
B00CX5XETO	11265
B00CX5XEUI	11266
B00CXEXNL4	11267
B00CXEXSUU	11268
B00CXLQFYE	11269
B00CXLQG0M	11270
B00CXLQI3W	11271
B00CXLQIAU	11272
B00CXVNXEO	11273
B00CYDTE62	11274
B00CYFEUVE	11275
B00CYFEVRW	11276
B00CYFEXDY	11277
B00CYFEXMK	11278
B00CYFFPHM	11279
B00CYFFQEE	11280
B00CYFFQLC	11281
B00CYFFQTE	11282
B00CYFGCOW	11283
B00CYFGD14	11284
B00CYFUWGG	11285
B00CYHZN8G	11286
B00CYHZTDK	11287
B00CYQ24QG	11288
B00CYQ9Q76	11289
B00CYR7Z3W	11290
B00CZ3F22G	11291
B00CZ3F276	11292
B00CZ3F29Y	11293
B00CZ3F2DA	11294
B00CZ3F3J8	11295
B00CZ3F6OK	11296
B00CZ3F6OU	11297
B00CZG79HE	11298
B00D07A5M8	11299
B00D0GYMTG	11300
B00D10ELFG	11301
B00D10ELHO	11302
B00D1LQQ80	11303
B00D203XH2	11304
B00D30ENY8	11305
B00D38UBJ6	11306
B00D3DOL8I	11307
B00D3Y18WO	11308
B00D43F730	11309
B00D4DGQ1C	11310
B00D4NJSA8	11311
B00D5TI47O	11312
B00D5VHLC6	11313
B00D5WUC58	11314
B00D6FD30K	11315
B00D6IXW76	11316
B00D6N8T9M	11317
B00D6N8YF6	11318
B00D6N8YGA	11319
B00D6N909A	11320
B00D6N90AY	11321
B00D6N90BS	11322
B00D6N9162	11323
B00D7OAOYI	11324
B00D7WLXGI	11325
B00D8SS3D2	11326
B00D8STBHY	11327
B00D8VHIKI	11328
B00D8VHIMG	11329
B00D8VHIOE	11330
B00D8VHIOO	11331
B00D8VHJDE	11332
B00D8VHJH0	11333
B00D95E30G	11334
B00D97QN6Q	11335
B00D97SNG4	11336
B00D9JGX0U	11337
B00D9LWJHE	11338
B00D9LWJIS	11339
B00D9LWJTC	11340
B00D9LWJXI	11341
B00DA1JU1Q	11342
B00DA1P93E	11343
B00DAIZGTE	11344
B00DC6YE4M	11345
B00DD1OQIK	11346
B00DEBB3N0	11347
B00DECTHUU	11348
B00DECZ5AQ	11349
B00DECZ5D8	11350
B00DEJ39OI	11351
B00DEJ3FJM	11352
B00DEJ3SQW	11353
B00DELN680	11354
B00DELN6F8	11355
B00DERIV8Y	11356
B00DEXDVCE	11357
B00DFDV13E	11358
B00DGCDT7A	11359
B00DGCGZCG	11360
B00DGHZR20	11361
B00DGQP3WU	11362
B00DGQP40Q	11363
B00DGQP44C	11364
B00DGQP460	11365
B00DGQP6MW	11366
B00DGQPPJQ	11367
B00DGQQUEA	11368
B00DGQQVPS	11369
B00DGXC0A6	11370
B00DH2LKCU	11371
B00DH2QY3U	11372
B00DH7P6WU	11373
B00DH7P73S	11374
B00DH8D0HC	11375
B00DH9UU6A	11376
B00DH9UUFG	11377
B00DH9UYDO	11378
B00DHFOQHI	11379
B00DHUV1US	11380
B00DI2CNKC	11381
B00DI4703A	11382
B00DI470A8	11383
B00DI472RE	11384
B00DJ4PI9W	11385
B00DJ4PIBK	11386
B00DJ4PJ64	11387
B00DJD93J4	11388
B00DJLQE3Y	11389
B00DJLUPH0	11390
B00DJQZMTG	11391
B00DK0DKMC	11392
B00DK23Q4C	11393
B00DK25JMO	11394
B00DK3P856	11395
B00DKCHS6Y	11396
B00DKCHV7K	11397
B00DKCHV7U	11398
B00DKCHZA8	11399
B00DKCI1P6	11400
B00DL13OV2	11401
B00DLIOXCE	11402
B00DLUE890	11403
B00DLUE8DQ	11404
B00DMC6KAC	11405
B00DMV4CRG	11406
B00DNJS11K	11407
B00DNTRKDA	11408
B00DONF9SS	11409
B00DOOBWD8	11410
B00DOPEGAS	11411
B00DOQCTVK	11412
B00DOQCTWE	11413
B00DOQCTWY	11414
B00DOQCXWA	11415
B00DOWXXM8	11416
B00DOX32UK	11417
B00DP444CI	11418
B00DPGV320	11419
B00DPGV4A6	11420
B00DPJ07GU	11421
B00DPK10O2	11422
B00DPK10OM	11423
B00DPK11XM	11424
B00DPK11Y6	11425
B00DPK11ZA	11426
B00DPK120O	11427
B00DPX8C4A	11428
B00DQ9RM2Q	11429
B00DQ9WQWM	11430
B00DQADS3C	11431
B00DQC2FPM	11432
B00DQRPZPE	11433
B00DQRV698	11434
B00DQY97EM	11435
B00DR2VOJO	11436
B00DR6RUSY	11437
B00DR75QJ8	11438
B00DRBMQ0Q	11439
B00DRTJDEA	11440
B00DS05H6G	11441
B00DS5FBM6	11442
B00DS5FBP8	11443
B00DSDYE3A	11444
B00DSNQ35W	11445
B00DSR4AHQ	11446
B00DSSA54C	11447
B00DTCHODM	11448
B00DUARBTA	11449
B00DUARDFC	11450
B00DUB6RVW	11451
B00DUEB0XE	11452
B00DUEV1OM	11453
B00DUF0VE2	11454
B00DUPVA4M	11455
B00DV1Q02M	11456
B00DV1Q13A	11457
B00DV254L4	11458
B00DV5ZY16	11459
B00DV60RLM	11460
B00DV6ZCGC	11461
B00DVSZUXK	11462
B00DW1JT38	11463
B00DW4FJYS	11464
B00DW58ENU	11465
B00DWR7ABK	11466
B00DWXUYN0	11467
B00DY09BE4	11468
B00E0HEKKU	11469
B00E0I493W	11470
B00E0NNV8G	11471
B00E18S0J0	11472
B00E1AEERK	11473
B00E1B7LV0	11474
B00E1B7LY2	11475
B00E1B7MBY	11476
B00E1EFHBI	11477
B00E1TBEZG	11478
B00E1XSSQK	11479
B00E2K3498	11480
B00E2K95FK	11481
B00E2KBE7C	11482
B00E2KCY8K	11483
B00E2KIR1S	11484
B00E3ECKGG	11485
B00E3FHVQE	11486
B00E3S8IZ4	11487
B00E3S8M8W	11488
B00E4H1518	11489
B00E571HKG	11490
B00E571HLK	11491
B00E5MJOQA	11492
B00E5P24DW	11493
B00E5UKNCQ	11494
B00E5UP64Q	11495
B00E6K8CUA	11496
B00E6KEA0Q	11497
B00E748GJW	11498
B00E7TKSWK	11499
B00E8HYIFE	11500
B00E94LNKY	11501
B00E97DWKA	11502
B00E9Y7JMA	11503
B00E9Y8HDA	11504
B00EAHXN6M	11505
B00EAHXOWA	11506
B00EAHXP1U	11507
B00EAHXPAG	11508
B00EAHXRP4	11509
B00EAHXWQI	11510
B00EAHXYDO	11511
B00EAHXYPC	11512
B00EAHY1QS	11513
B00EALTQY6	11514
B00EAYEMJ2	11515
B00EB4C5FO	11516
B00EB8G5PQ	11517
B00EB8GBGO	11518
B00EBCBCRI	11519
B00EBYIYI6	11520
B00EC901O0	11521
B00ECDRBHQ	11522
B00ECOAX34	11523
B00ECOBFA4	11524
B00ECV4DBA	11525
B00ECV4DCO	11526
B00ECV4DD8	11527
B00ECV4DNS	11528
B00ECV4UP4	11529
B00ECV4YRS	11530
B00ECV5KSU	11531
B00ECV5TW2	11532
B00ECV5U26	11533
B00ECWSL0I	11534
B00ED2O7ZA	11535
B00EDBY8BO	11536
B00EDBYB4S	11537
B00EDBYHPQ	11538
B00EDBYHQK	11539
B00EDBYHRE	11540
B00EDBYHRO	11541
B00EDBYKOO	11542
B00EDBZ0L6	11543
B00EDBZ3JU	11544
B00EDBZ58E	11545
B00EDBZ9IA	11546
B00EDBZ9KI	11547
B00EDOD5CY	11548
B00EEWAFSM	11549
B00EH486CY	11550
B00EIFS8AC	11551
B00EIQRE9W	11552
B00EJAEWW4	11553
B00EJOCAYW	11554
B00EJOCB4G	11555
B00EJSQ86E	11556
B00EKHE1JA	11557
B00EM4QB1C	11558
B00EM4QB3A	11559
B00ENVS2KM	11560
B00EO3TZ1O	11561
B00EPC9D9I	11562
B00EPDBZ48	11563
B00EPDJY78	11564
B00EPDJYKU	11565
B00EPE5U52	11566
B00EPKNTUO	11567
B00EQ0UQCM	11568
B00EQ7QLSI	11569
B00EQD8ZGI	11570
B00EQWF2AQ	11571
B00ERARM82	11572
B00ERARM9Q	11573
B00ERARO94	11574
B00ERK27SC	11575
B00ERK40NW	11576
B00ERZ765Q	11577
B00ERZGLT8	11578
B00ERZNRO0	11579
B00ERZVZZS	11580
B00ETFTX9Q	11581
B00EUY4HQ0	11582
B00EVEMMI4	11583
B00EVEMMRU	11584
B00EVIJBSO	11585
B00EVQI9HK	11586
B00EVQJ4W4	11587
B00EVTF3OO	11588
B00EVX1GZA	11589
B00EW3GLLS	11590
B00EWOLZHC	11591
B00EWS9F7A	11592
B00EX5K0DA	11593
B00EX5K1GG	11594
B00EX5K2CY	11595
B00EXAULIE	11596
B00EXD9UXS	11597
B00EXJM3HM	11598
B00EXR9J0S	11599
B00EY26WA2	11600
B00EY2706C	11601
B00EYH7SPA	11602
B00EYV62H6	11603
B00EZ14JLG	11604
B00EZ5LK14	11605
B00EZ9RES8	11606
B00EZ9V9XY	11607
B00EZIXA78	11608
B00F0IYSPA	11609
B00F0XRTT2	11610
B00F14IHM8	11611
B00F14IHO6	11612
B00F14IJ6W	11613
B00F14IJ7Q	11614
B00F14IKQQ	11615
B00F14IKVG	11616
B00F14IKWK	11617
B00F14IL06	11618
B00F14IM5K	11619
B00F14IM7S	11620
B00F14IMF0	11621
B00F14IMIM	11622
B00F14INUO	11623
B00F1BWZBA	11624
B00F1K4N4S	11625
B00F2K9M4I	11626
B00F3GNNNC	11627
B00F3LV89S	11628
B00F3TKLRA	11629
B00F4CFEYG	11630
B00F4FF8TE	11631
B00F4JRZNM	11632
B00F4MB1OI	11633
B00F4WMA4I	11634
B00F4WMA6Q	11635
B00F4WMAAW	11636
B00F4WMAI4	11637
B00F58N6KI	11638
B00F5N5MYG	11639
B00F5Y4AH0	11640
B00F5Y4AKC	11641
B00F5Y4C7I	11642
B00F657TXA	11643
B00F65I83A	11644
B00F66HD1W	11645
B00F6718PS	11646
B00F67YN14	11647
B00F68FJHA	11648
B00F6AK2RK	11649
B00F6CIUM2	11650
B00F6N06CS	11651
B00F6N0CY0	11652
B00F6N0D2G	11653
B00F6N0G50	11654
B00F6N0MB8	11655
B00F6N0MGI	11656
B00F6T8NW2	11657
B00F6T8NX6	11658
B00F6T8NYU	11659
B00F6T8O0I	11660
B00F6UBD3W	11661
B00F6UWJXA	11662
B00F6WHXES	11663
B00F9F6OVK	11664
B00FA8XIS8	11665
B00FADI4X2	11666
B00FAQVVUC	11667
B00FAQVVVQ	11668
B00FAQVVWA	11669
B00FAQVY40	11670
B00FAQVY4U	11671
B00FAQVY5E	11672
B00FAQVY5O	11673
B00FAQW0MK	11674
B00FAQW0N4	11675
B00FAQW0NO	11676
B00FAQW0PC	11677
B00FAT3YZE	11678
B00FB7XPWM	11679
B00FBMP7XW	11680
B00FBR8130	11681
B00FBW4QTI	11682
B00FBW5E7G	11683
B00FBW8EQ4	11684
B00FBW8NMO	11685
B00FBW8ZIQ	11686
B00FBWAZHK	11687
B00FBWDW3E	11688
B00FBWFVK6	11689
B00FDJY6N0	11690
B00FDOP7Y2	11691
B00FDTJQYY	11692
B00FEN566G	11693
B00FEN58KA	11694
B00FEN5N5A	11695
B00FEN6OBM	11696
B00FEN6PD4	11697
B00FF5I5MU	11698
B00FFQOP28	11699
B00FFXBCV8	11700
B00FG1U7FQ	11701
B00FGQWK2O	11702
B00FHB2XB6	11703
B00FHFBQIS	11704
B00FJ2AYXM	11705
B00FJ5UQI2	11706
B00FJ7M35Y	11707
B00FJ7M368	11708
B00FJ7M386	11709
B00FJQD88Q	11710
B00FJWNSU8	11711
B00FK7QBJC	11712
B00FLKKC3O	11713
B00FLKKCBQ	11714
B00FLPKMYS	11715
B00FM5IY38	11716
B00FM5IY4W	11717
B00FM77JZ0	11718
B00FM88L4W	11719
B00FM8WGK2	11720
B00FMA36BS	11721
B00FMHXRHE	11722
B00FNIDBS2	11723
B00FNIDH4U	11724
B00FNM35A2	11725
B00FO0QDIY	11726
B00FOEHUTQ	11727
B00FP9C2YS	11728
B00FQVIKRS	11729
B00FQVVNT0	11730
B00FRQ5Q92	11731
B00FU2YNYM	11732
B00FV2UCGE	11733
B00FV6A45E	11734
B00FW1282A	11735
B00FWXMSDW	11736
B00FX0MA5K	11737
B00FXB4Z4I	11738
B00FY2P7IY	11739
B00FY8BXLS	11740
B00FYX69US	11741
B00FZ1P3LK	11742
B00FZD6HHM	11743
B00FZM412Q	11744
B00FZMDAL4	11745
B00G0MLD94	11746
B00G13H8GY	11747
B00G2B8MZQ	11748
B00G3HT1TA	11749
B00G3JQ04M	11750
B00G3OZKBG	11751
B00G4T7LC6	11752
B00G4TDG6G	11753
B00G4VN3EY	11754
B00G69PTHS	11755
B00G69PTKK	11756
B00G69PU2W	11757
B00G69QAWG	11758
B00G69QBA2	11759
B00G69QG66	11760
B00G69QGPW	11761
B00G6MWM1Q	11762
B00G8AURWW	11763
B00G8FGRCG	11764
B00G8IVXZE	11765
B00G8JECSI	11766
B00G8ZBCSA	11767
B00G924W98	11768
B00G9GNUFQ	11769
B00GA65XN2	11770
B00GA675FQ	11771
B00GBBRW76	11772
B00GBM5YQ6	11773
B00GBM73WE	11774
B00GBMBOJ2	11775
B00GDP58AS	11776
B00GEEVM9E	11777
B00GF5V6P2	11778
B00GFU9M6W	11779
B00GFWJGS4	11780
B00GFZVCQU	11781
B00GG0RLSM	11782
B00GGALYF8	11783
B00GGM1L9K	11784
B00GHPHRI0	11785
B00GHPHU14	11786
B00GJSWDG6	11787
B00GJXICV6	11788
B00GL2TVDS	11789
B00GN36K34	11790
B00GNBDZXE	11791
B00GNJWPJG	11792
B00GQ4PBR6	11793
B00GRV5JMU	11794
B00GSI56IO	11795
B00GSN5BWA	11796
B00GSN5BXO	11797
B00GSN5C3S	11798
B00GSN5C9C	11799
B00GSN5DC8	11800
B00GSN5F7G	11801
B00GSN5FBW	11802
B00GSN5H2O	11803
B00GSPF9QG	11804
B00GSPFAV0	11805
B00GSPFAZG	11806
B00GSPFB0A	11807
B00GSPFC2M	11808
B00GSPFC36	11809
B00GSPFCX6	11810
B00GSPFCYU	11811
B00GSPFD08	11812
B00GSPFD1W	11813
B00GSPFDTE	11814
B00GSPFDV2	11815
B00GSPFDX0	11816
B00GSPFDXA	11817
B00GSXJIMO	11818
B00GT5CGRK	11819
B00GTCKNYQ	11820
B00GU2QEFM	11821
B00GUABRNI	11822
B00GUABROM	11823
B00GUUQM8I	11824
B00GV2FQ8C	11825
B00GXM6HVK	11826
B00GXTO5B2	11827
B00GZ1GUSY	11828
B00H2RQ4MW	11829
B00H4E6QI0	11830
B00H4OKN84	11831
B00H5HFERA	11832
B00H64U77Y	11833
B00H64YYWS	11834
B00H655PM0	11835
B00H7LJLG4	11836
B00H7LKW8U	11837
B00HAKYULS	11838
B00HAM7S10	11839
B00HB7GRTS	11840
B00HC1XK5W	11841
B00HC224SU	11842
B00HC231WI	11843
B00HC25RZW	11844
B00HD3TFEE	11845
B00HD3TIGY	11846
B00HESBQOK	11847
B00HESEG8S	11848
B00HEZ08LU	11849
B00HGLLRV2	11850
B00HJZVAO4	11851
B00HLQUETS	11852
B00HN2BXUY	11853
B00HR8JMZM	11854
B00HROBJXY	11855
B00HUDYV8W	11856
B00HUJHIBI	11857
B00HUJNUSS	11858
B00HUJX6VY	11859
B00HUMLFXM	11860
B00HVFBT1G	11861
B00HWH3LPU	11862
B00HWV6LZS	11863
B00I0CEGOG	11864
B00I19QRAE	11865
B00I2EK28G	11866
B00I2KGE00	11867
B00I2KGEH8	11868
B00I2V01HQ	11869
B00I3OULQ8	11870
B00I6EUBS8	11871
B00I8CROTC	11872
B00I8Z6GAM	11873
B00IANTUPU	11874
B00IANTUX2	11875
B00IANTWSA	11876
B00IANU9HS	11877
B00IANUDPQ	11878
B00IANUDRE	11879
B00IANUDTM	11880
B00IAO618S	11881
B00IAS1ADK	11882
B00IDD87RE	11883
B00IGNWYH0	11884
B00IGNWYIO	11885
B00IGNWYLG	11886
B00IGNWZC4	11887
B00IGNWZCY	11888
B00IJZPZLC	11889
B00IJZPZM6	11890
B00IM8W12M	11891
B00IPDLXSM	11892
B00IQ8MVH8	11893
B00IQ8MYFM	11894
B00IRKA8YI	11895
B00IVDVX68	11896
B00IVFC6QC	11897
B00IVFCCMA	11898
B00IVFCGIA	11899
B00IVFCGKS	11900
B00IVFCIFG	11901
B00IVFCK6I	11902
B00IVFCKEA	11903
B00IVFCKF4	11904
B00IVLIC46	11905
B00IVLIE8K	11906
B00IVP13NO	11907
B00IZEUFIA	11908
B00J0RZKE0	11909
B00J2NHV0I	11910
B00J49UTO0	11911
B00J49UTOK	11912
B00J49UTP4	11913
B00J49UTW2	11914
B00J49UTWC	11915
B00J5KVSWK	11916
B00J7PI4MU	11917
B00JRCB3HQ	11918
B00JV9D9M2	11919
B00JV9HDP6	11920
B00K18YIOU	11921
B00KYMCJF8	11922
B00KZAROWC	11923
B00LBI9BKA	11924
